{"type":"FeatureCollection","features":[{"type":"Feature","properties":{"name":"Pennsylvania","postal":"PA"},"geometry":{"type":"Polygon","coordinates":[[[-77.2779,41.9985],[-77.1419,41.9984],[-77.0058,41.9984],[-76.8698,41.9983],[-76.7338,41.9982],[-76.5977,41.9981],[-76.4617,41.9981],[-76.3257,41.998],[-76.1896,41.9979],[-76.0536,41.9978],[-75.9175,41.9978],[-75.7815,41.9976],[-75.6455,41.9976],[-75.5095,41.9975],[-75.3735,41.9975],[-75.3513,41.9974],[-75.339,41.9974],[-75.3394,41.984],[-75.3155,41.9702],[-75.2842,41.9591],[-75.2631,41.948],[-75.2571,41.9296],[-75.2549,41.9046],[-75.2491,41.8824],[-75.2326,41.8729],[-75.1774,41.8797],[-75.1647,41.8766],[-75.1428,41.8624],[-75.1156,41.855],[-75.1012,41.8362],[-75.0917,41.8319],[-75.0789,41.8281],[-75.0831,41.8188],[-75.106,41.7972],[-75.0854,41.7887],[-75.0679,41.784],[-75.0559,41.7749],[-75.0514,41.7531],[-75.0545,41.7437],[-75.0681,41.7352],[-75.0713,41.7258],[-75.0576,41.6879],[-75.0577,41.6673],[-75.0639,41.6157],[-75.061,41.6054],[-75.0484,41.596],[-74.9979,41.5138],[-74.9843,41.4983],[-74.9672,41.4869],[-74.9226,41.4786],[-74.9102,41.4692],[-74.9004,41.458],[-74.8863,41.4483],[-74.8621,41.4445],[-74.8132,41.4469],[-74.7938,41.4378],[-74.7809,41.4289],[-74.7704,41.4288],[-74.7605,41.4324],[-74.7491,41.4347],[-74.7416,41.4314],[-74.7364,41.4236],[-74.7286,41.4074],[-74.7199,41.3977],[-74.7045,41.3761],[-74.699,41.3563],[-74.6986,41.3545],[-74.7184,41.3447],[-74.7406,41.3437],[-74.7509,41.3408],[-74.7644,41.3317],[-74.7751,41.3307],[-74.7801,41.3279],[-74.7832,41.3238],[-74.7886,41.314],[-74.7907,41.3112],[-74.8447,41.273],[-74.8521,41.2596],[-74.8529,41.2526],[-74.8626,41.2248],[-74.8863,41.1808],[-74.9382,41.1276],[-74.9511,41.1194],[-74.9582,41.1174],[-74.9687,41.1125],[-74.9783,41.1068],[-74.9825,41.102],[-74.9821,41.0897],[-74.9824,41.0872],[-74.9862,41.086],[-75.027,41.0468],[-75.0457,41.0352],[-75.0678,41.0306],[-75.0827,41.0258],[-75.1064,41.0137],[-75.1288,40.9981],[-75.1395,40.9822],[-75.1373,40.9752],[-75.1313,40.9672],[-75.1197,40.9549],[-75.1188,40.9509],[-75.1199,40.9464],[-75.12,40.9428],[-75.1163,40.9412],[-75.1102,40.941],[-75.1045,40.9398],[-75.1002,40.9366],[-75.0986,40.9307],[-75.0913,40.9223],[-75.0757,40.9087],[-75.0612,40.8915],[-75.0576,40.8723],[-75.0677,40.8551],[-75.0814,40.8477],[-75.0934,40.8381],[-75.0986,40.814],[-75.1054,40.7956],[-75.1219,40.7857],[-75.1423,40.784],[-75.1607,40.7904],[-75.1697,40.7736],[-75.1765,40.7658],[-75.1839,40.7625],[-75.1887,40.7585],[-75.1874,40.7503],[-75.1835,40.7432],[-75.1805,40.7426],[-75.1942,40.714],[-75.1982,40.7005],[-75.1948,40.688],[-75.1909,40.6779],[-75.194,40.6705],[-75.1948,40.6607],[-75.1911,40.6291],[-75.1957,40.6191],[-75.1939,40.6087],[-75.1897,40.5982],[-75.1822,40.5704],[-75.1696,40.5663],[-75.1395,40.5707],[-75.0888,40.5583],[-75.0716,40.5319],[-75.0644,40.454],[-75.0543,40.4354],[-75.0359,40.4152],[-75.0137,40.4033],[-74.9745,40.4146],[-74.9615,40.3976],[-74.9477,40.359],[-74.8955,40.3234],[-74.8863,40.314],[-74.8831,40.3081],[-74.8492,40.2713],[-74.818,40.2417],[-74.7647,40.2063],[-74.7394,40.1849],[-74.7286,40.1632],[-74.741,40.1437],[-74.7699,40.1298],[-74.8031,40.1216],[-74.8283,40.1189],[-74.8378,40.1149],[-74.8726,40.0909],[-74.8828,40.0872],[-74.9204,40.0779],[-74.9358,40.0703],[-74.9751,40.0363],[-74.9886,40.0292],[-75.0236,40.0163],[-75.0465,40.0091],[-75.08,39.9864],[-75.1024,39.9816],[-75.1197,39.9742],[-75.1329,39.9561],[-75.1387,39.9336],[-75.1334,39.9127],[-75.1478,39.9026],[-75.2079,39.8854],[-75.2487,39.8673],[-75.2731,39.8641],[-75.2974,39.8717],[-75.3589,39.8483],[-75.3765,39.845],[-75.3917,39.8396],[-75.4245,39.8066],[-75.4252,39.8071],[-75.4315,39.811],[-75.4464,39.8167],[-75.4699,39.8253],[-75.4949,39.8332],[-75.5293,39.8378],[-75.5731,39.8386],[-75.6013,39.8378],[-75.6302,39.8308],[-75.6521,39.8253],[-75.6779,39.8152],[-75.7022,39.8018],[-75.7311,39.7823],[-75.7585,39.7518],[-75.7753,39.7226],[-75.777,39.721],[-75.7847,39.7213],[-75.7886,39.7213],[-75.9001,39.7213],[-76.0154,39.7213],[-76.1309,39.7213],[-76.2463,39.7213],[-76.3617,39.7213],[-76.4771,39.7214],[-76.5924,39.7214],[-76.7079,39.7214],[-76.8233,39.7214],[-76.9386,39.7214],[-77.054,39.7214],[-77.1695,39.7215],[-77.2849,39.7215],[-77.3,39.7215],[-77.3,41.9985],[-77.2779,41.9985]]]}},{"type":"Feature","properties":{"name":"New York","postal":"NY"},"geometry":{"type":"MultiPolygon","coordinates":[[[[-77.0724,43.6263],[-76.8415,43.6255],[-76.836,43.628],[-76.8305,43.6304],[-76.8249,43.6329],[-76.8194,43.6354],[-76.8138,43.6379],[-76.8083,43.6403],[-76.8027,43.6428],[-76.7972,43.6453],[-76.7544,43.7001],[-76.7115,43.755],[-76.6687,43.8099],[-76.6259,43.8648],[-76.583,43.9196],[-76.5402,43.9745],[-76.4974,44.0294],[-76.4546,44.0842],[-76.43,44.1033],[-76.3501,44.1517],[-76.3444,44.1582],[-76.3414,44.1658],[-76.3371,44.1737],[-76.3278,44.1815],[-76.3172,44.1851],[-76.2066,44.2174],[-76.1858,44.2257],[-76.1693,44.2424],[-76.1697,44.2477],[-76.1781,44.2721],[-76.1787,44.2786],[-76.1548,44.3],[-73.3182,44.3],[-73.3171,44.2937],[-73.3174,44.2741],[-73.3208,44.2527],[-73.3246,44.2419],[-73.3298,44.2348],[-73.3405,44.229],[-73.3522,44.224],[-73.3632,44.2179],[-73.3733,44.2107],[-73.3775,44.2061],[-73.3809,44.2011],[-73.3829,44.1955],[-73.3859,44.1743],[-73.3898,44.1608],[-73.4244,44.0804],[-73.4362,44.0658],[-73.4385,44.0597],[-73.4385,44.0528],[-73.4341,44.0439],[-73.4296,44.0383],[-73.4168,44.0258],[-73.4137,44.0215],[-73.4113,44.0149],[-73.41,44.0062],[-73.4111,43.9789],[-73.4101,43.9637],[-73.4008,43.9201],[-73.3964,43.9075],[-73.3921,43.8991],[-73.3846,43.8907],[-73.3816,43.8865],[-73.3796,43.8817],[-73.3786,43.8753],[-73.3784,43.8676],[-73.3807,43.8544],[-73.3866,43.8388],[-73.3876,43.8328],[-73.3864,43.8268],[-73.3681,43.8025],[-73.3654,43.7979],[-73.3639,43.7899],[-73.3634,43.7795],[-73.3654,43.7585],[-73.3683,43.7477],[-73.4207,43.6485],[-73.4236,43.6397],[-73.4254,43.6285],[-73.425,43.6069],[-73.4235,43.5946],[-73.4179,43.5831],[-73.4108,43.5731],[-73.4086,43.5708],[-73.4067,43.5703],[-73.4028,43.5711],[-73.3917,43.5748],[-73.3808,43.5807],[-73.376,43.5846],[-73.3718,43.5891],[-73.3689,43.5946],[-73.3643,43.612],[-73.3613,43.6172],[-73.3572,43.6218],[-73.352,43.6251],[-73.346,43.6273],[-73.3394,43.6286],[-73.3323,43.6291],[-73.3247,43.6289],[-73.3089,43.6263],[-73.3014,43.6238],[-73.2958,43.6195],[-73.2914,43.6139],[-73.2772,43.5779],[-73.2691,43.5692],[-73.264,43.5667],[-73.2545,43.56],[-73.247,43.552],[-73.2476,43.5301],[-73.2479,43.5227],[-73.2484,43.5019],[-73.2493,43.4696],[-73.2505,43.4276],[-73.2519,43.378],[-73.2535,43.3227],[-73.2551,43.2635],[-73.2569,43.2023],[-73.2586,43.1412],[-73.2603,43.082],[-73.2619,43.0266],[-73.2633,42.977],[-73.2644,42.9351],[-73.2653,42.9028],[-73.2659,42.882],[-73.2661,42.8746],[-73.2665,42.8637],[-73.2693,42.8475],[-73.2801,42.8121],[-73.2881,42.7974],[-73.2762,42.7461],[-73.2655,42.7456],[-73.2699,42.7352],[-73.2784,42.7116],[-73.3046,42.6395],[-73.3307,42.5672],[-73.3569,42.495],[-73.3831,42.4228],[-73.4092,42.3506],[-73.4354,42.2783],[-73.4615,42.2061],[-73.4877,42.1339],[-73.501,42.0971],[-73.5072,42.079],[-73.4805,42.0545],[-73.4844,42.0082],[-73.4883,41.962],[-73.4922,41.9157],[-73.4962,41.8694],[-73.5001,41.8231],[-73.504,41.7768],[-73.5079,41.7305],[-73.5118,41.6842],[-73.5157,41.6379],[-73.5195,41.5917],[-73.5235,41.5453],[-73.5274,41.4991],[-73.5313,41.4528],[-73.5352,41.4065],[-73.5391,41.3602],[-73.543,41.3139],[-73.5447,41.2949],[-73.5262,41.2703],[-73.5122,41.2517],[-73.4991,41.2344],[-73.4841,41.2179],[-73.5,41.2088],[-73.5487,41.186],[-73.6093,41.1574],[-73.6648,41.1314],[-73.7089,41.1106],[-73.723,41.1035],[-73.7174,41.0963],[-73.6935,41.0675],[-73.6689,41.038],[-73.6656,41.0351],[-73.661,41.0326],[-73.6587,41.031],[-73.6554,41.0278],[-73.6504,41.0191],[-73.6475,41.0123],[-73.6429,41.0011],[-73.6503,40.9966],[-73.648,40.9921],[-73.6531,40.9821],[-73.6744,40.9588],[-73.677,40.9548],[-73.6987,40.9548],[-73.7108,40.953],[-73.7204,40.947],[-73.7644,40.9101],[-73.7774,40.8941],[-73.7828,40.876],[-73.7882,40.8718],[-73.7999,40.8723],[-73.8117,40.871],[-73.817,40.862],[-73.8199,40.8391],[-73.8051,40.8261],[-73.7977,40.8132],[-73.8297,40.8109],[-73.866,40.8118],[-73.8938,40.8039],[-73.9268,40.8048],[-73.9323,40.8178],[-73.9323,40.8256],[-73.9258,40.836],[-73.9154,40.8568],[-73.9088,40.8686],[-73.9128,40.8816],[-73.9219,40.8868],[-73.898,40.9305],[-73.8895,40.9722],[-73.8754,41.0133],[-73.8722,41.0336],[-73.8716,41.1155],[-73.8753,41.1533],[-73.8859,41.1876],[-73.8957,41.2032],[-73.9076,41.2134],[-73.9405,41.236],[-73.957,41.2578],[-73.9535,41.2747],[-73.9451,41.291],[-73.9473,41.3111],[-73.966,41.3001],[-73.9759,41.2922],[-73.982,41.2838],[-73.985,41.2696],[-73.9822,41.2611],[-73.9776,41.2529],[-73.9702,41.2191],[-73.9631,41.2057],[-73.9523,41.1893],[-73.9323,41.1783],[-73.9179,41.1635],[-73.9167,41.1457],[-73.9206,41.102],[-73.9064,41.0163],[-73.9071,40.9908],[-74.006,41.0365],[-74.105,41.0821],[-74.204,41.1278],[-74.303,41.1735],[-74.402,41.2192],[-74.501,41.2649],[-74.6,41.3106],[-74.699,41.3563],[-74.7045,41.3761],[-74.7199,41.3977],[-74.7286,41.4074],[-74.7364,41.4236],[-74.7416,41.4314],[-74.7491,41.4347],[-74.7605,41.4324],[-74.7704,41.4288],[-74.7809,41.4289],[-74.7938,41.4378],[-74.8132,41.4469],[-74.8621,41.4445],[-74.8863,41.4483],[-74.9004,41.458],[-74.9102,41.4692],[-74.9226,41.4786],[-74.9672,41.4869],[-74.9843,41.4983],[-74.9979,41.5138],[-75.0484,41.596],[-75.061,41.6054],[-75.0639,41.6157],[-75.0577,41.6673],[-75.0576,41.6879],[-75.0713,41.7258],[-75.0681,41.7352],[-75.0545,41.7437],[-75.0514,41.7531],[-75.0559,41.7749],[-75.0679,41.784],[-75.0854,41.7887],[-75.106,41.7972],[-75.0831,41.8188],[-75.0789,41.8281],[-75.0917,41.8319],[-75.1012,41.8362],[-75.1156,41.855],[-75.1428,41.8624],[-75.1647,41.8766],[-75.1774,41.8797],[-75.2326,41.8729],[-75.2491,41.8824],[-75.2549,41.9046],[-75.2571,41.9296],[-75.2631,41.948],[-75.2842,41.9591],[-75.3155,41.9702],[-75.3394,41.984],[-75.339,41.9974],[-75.3513,41.9974],[-75.3735,41.9975],[-75.5095,41.9975],[-75.6455,41.9976],[-75.7815,41.9976],[-75.9175,41.9978],[-76.0536,41.9978],[-76.1896,41.9979],[-76.3257,41.998],[-76.4617,41.9981],[-76.5977,41.9981],[-76.7338,41.9982],[-76.8698,41.9983],[-77.0058,41.9984],[-77.1419,41.9984],[-77.2779,41.9985],[-77.3,41.9985],[-77.3,43.6271],[-77.0724,43.6263]]],[[[-73.9464,40.7772],[-73.9722,40.7407],[-73.9723,40.7272],[-73.9758,40.714],[-74.0022,40.704],[-74.0169,40.6993],[-74.012,40.73],[-74.0032,40.7559],[-73.987,40.7787],[-73.9392,40.8542],[-73.9328,40.8688],[-73.928,40.8775],[-73.918,40.8751],[-73.9167,40.8633],[-73.9297,40.8438],[-73.9388,40.8282],[-73.9401,40.8139],[-73.9334,40.7972],[-73.9464,40.7772]]],[[[-73.3203,40.6351],[-73.3895,40.6168],[-73.5741,40.5751],[-73.5664,40.5903],[-73.4438,40.6189],[-73.4007,40.6296],[-73.3777,40.6346],[-73.3576,40.6403],[-73.3394,40.6446],[-73.3183,40.6467],[-73.2695,40.6493],[-73.2484,40.6477],[-73.2561,40.6391],[-73.3203,40.6351]]],[[[-74.1103,40.6378],[-74.0973,40.6435],[-74.0835,40.6495],[-74.0767,40.6487],[-74.0731,40.6444],[-74.0714,40.638],[-74.0746,40.634],[-74.0719,40.6233],[-74.0615,40.6146],[-74.0536,40.6027],[-74.1021,40.5546],[-74.1339,40.5327],[-74.1397,40.5346],[-74.148,40.5346],[-74.1632,40.5274],[-74.1799,40.5199],[-74.1924,40.5115],[-74.2091,40.5095],[-74.2284,40.5023],[-74.243,40.4994],[-74.2508,40.5014],[-74.2529,40.5074],[-74.2483,40.5129],[-74.2394,40.5169],[-74.2389,40.5273],[-74.2416,40.5392],[-74.2328,40.5479],[-74.2187,40.5531],[-74.2072,40.5603],[-74.2015,40.5699],[-74.1979,40.585],[-74.1944,40.6128],[-74.1918,40.6283],[-74.1824,40.6374],[-74.1709,40.6434],[-74.1536,40.6375],[-74.1261,40.6335],[-74.1103,40.6378]]],[[[-72.8324,40.7477],[-72.7792,40.7668],[-72.7571,40.7688],[-72.7572,40.7601],[-72.8049,40.7508],[-72.8315,40.7416],[-72.9135,40.7129],[-72.9915,40.6882],[-73.041,40.6726],[-73.1475,40.6443],[-73.2458,40.6238],[-73.2975,40.6226],[-73.305,40.6299],[-73.2553,40.6297],[-73.2188,40.6396],[-73.1766,40.651],[-73.1047,40.6672],[-73.0403,40.682],[-73.0139,40.6905],[-72.9489,40.7154],[-72.9143,40.7245],[-72.8815,40.7344],[-72.8324,40.7477]]],[[[-71.9309,41.0788],[-71.9033,41.0847],[-71.8751,41.0757],[-71.8574,41.0717],[-71.8649,41.0621],[-71.885,41.0454],[-71.9295,41.0378],[-72.0089,41.0074],[-72.0871,40.9834],[-72.1598,40.9553],[-72.2199,40.9334],[-72.317,40.8963],[-72.3717,40.8758],[-72.4067,40.8621],[-72.4413,40.855],[-72.4608,40.8526],[-72.4484,40.8682],[-72.4474,40.8791],[-72.4591,40.8854],[-72.4847,40.8874],[-72.4966,40.8841],[-72.5006,40.876],[-72.4984,40.8658],[-72.4915,40.856],[-72.4908,40.8469],[-72.5023,40.8391],[-72.5418,40.8205],[-72.6053,40.8013],[-72.7044,40.7762],[-72.724,40.7704],[-72.732,40.77],[-72.7379,40.7738],[-72.7317,40.7776],[-72.7254,40.7784],[-72.6785,40.791],[-72.6505,40.7975],[-72.6636,40.8008],[-72.6793,40.8009],[-72.7003,40.7996],[-72.727,40.8078],[-72.7439,40.7968],[-72.7652,40.7831],[-72.8019,40.7827],[-72.828,40.7897],[-72.8136,40.7816],[-72.8179,40.7684],[-72.8328,40.7596],[-72.8528,40.7494],[-72.8791,40.7457],[-72.8893,40.7656],[-72.9104,40.7583],[-72.9263,40.7564],[-72.9468,40.7419],[-73.0122,40.7496],[-73.0226,40.7476],[-73.0334,40.7314],[-73.055,40.7292],[-73.0833,40.7247],[-73.0991,40.7204],[-73.1147,40.728],[-73.1294,40.7301],[-73.1404,40.7262],[-73.1424,40.7161],[-73.1454,40.7052],[-73.158,40.6997],[-73.1795,40.7047],[-73.2119,40.7056],[-73.2333,40.7145],[-73.247,40.707],[-73.2618,40.6956],[-73.275,40.6869],[-73.3175,40.6836],[-73.3722,40.6624],[-73.4022,40.6577],[-73.5045,40.6438],[-73.5611,40.638],[-73.6272,40.6144],[-73.6434,40.6049],[-73.6529,40.6014],[-73.6644,40.6038],[-73.656,40.6089],[-73.6554,40.618],[-73.668,40.626],[-73.6958,40.6215],[-73.7109,40.6102],[-73.7104,40.5951],[-73.6063,40.5941],[-73.5755,40.5932],[-73.5818,40.5845],[-73.7073,40.5828],[-73.7523,40.5857],[-73.7681,40.5896],[-73.8126,40.5837],[-73.8971,40.5547],[-73.9395,40.542],[-73.9395,40.5555],[-73.8505,40.5809],[-73.7898,40.6003],[-73.7762,40.6106],[-73.7688,40.6185],[-73.7714,40.6233],[-73.7808,40.6289],[-73.7981,40.6381],[-73.8154,40.6456],[-73.8296,40.6488],[-73.8516,40.6437],[-73.8688,40.6401],[-73.8772,40.6361],[-73.883,40.6318],[-73.8913,40.6236],[-73.8929,40.6143],[-73.8835,40.6004],[-73.8778,40.5821],[-73.8919,40.5769],[-73.8976,40.5833],[-73.9118,40.5837],[-73.9264,40.5837],[-73.9322,40.5777],[-73.9416,40.5746],[-73.9881,40.5694],[-74.0038,40.5706],[-74.0117,40.5793],[-74.0007,40.5833],[-73.9981,40.5896],[-74.0049,40.5972],[-74.03,40.6055],[-74.04,40.6198],[-74.0358,40.6389],[-74.0238,40.6492],[-74.0128,40.6647],[-74.0155,40.6778],[-74.0019,40.6901],[-73.9977,40.6961],[-73.9906,40.6998],[-73.9803,40.7046],[-73.9693,40.7087],[-73.9594,40.7247],[-73.9568,40.7432],[-73.9302,40.7731],[-73.9086,40.7887],[-73.8871,40.7799],[-73.8703,40.7823],[-73.8609,40.7764],[-73.8231,40.7974],[-73.779,40.7922],[-73.7575,40.7711],[-73.7501,40.7913],[-73.7643,40.81],[-73.7555,40.8328],[-73.7398,40.8343],[-73.7294,40.8241],[-73.7218,40.8112],[-73.7146,40.8048],[-73.703,40.8102],[-73.6969,40.8219],[-73.7004,40.8336],[-73.7331,40.8437],[-73.7313,40.8544],[-73.7202,40.8662],[-73.7053,40.8667],[-73.6744,40.8568],[-73.6655,40.8385],[-73.6533,40.8239],[-73.6461,40.8309],[-73.6534,40.8678],[-73.6327,40.8996],[-73.5653,40.9145],[-73.5205,40.9176],[-73.5127,40.9051],[-73.5153,40.9004],[-73.5286,40.8917],[-73.5407,40.8953],[-73.5491,40.891],[-73.535,40.8786],[-73.5113,40.8773],[-73.5097,40.8857],[-73.5076,40.8936],[-73.4934,40.892],[-73.4929,40.8816],[-73.4798,40.8772],[-73.4724,40.8824],[-73.4755,40.8907],[-73.4681,40.8936],[-73.4691,40.9013],[-73.4853,40.9179],[-73.4941,40.9271],[-73.4857,40.9456],[-73.4621,40.9364],[-73.4313,40.9333],[-73.4408,40.9147],[-73.4322,40.9077],[-73.4203,40.9004],[-73.405,40.904],[-73.3887,40.906],[-73.3709,40.9001],[-73.3583,40.9004],[-73.3547,40.9141],[-73.3606,40.9251],[-73.379,40.9245],[-73.3996,40.9254],[-73.41,40.9399],[-73.4078,40.9472],[-73.4019,40.9544],[-73.3952,40.9544],[-73.3798,40.947],[-73.3741,40.9361],[-73.351,40.9309],[-73.3259,40.9293],[-73.2932,40.9247],[-73.2634,40.9136],[-73.2437,40.9103],[-73.2353,40.9078],[-73.2246,40.9083],[-73.1787,40.919],[-73.1595,40.9302],[-73.1481,40.9456],[-73.1528,40.9625],[-73.1354,40.9685],[-73.1131,40.9735],[-73.0987,40.9695],[-73.1044,40.9488],[-73.0913,40.9483],[-73.0821,40.9516],[-73.0792,40.9586],[-73.0846,40.9693],[-73.0762,40.9719],[-73.0484,40.963],[-73.009,40.9671],[-72.9004,40.9633],[-72.8301,40.9692],[-72.7811,40.9651],[-72.6961,40.981],[-72.6283,40.9836],[-72.6061,40.9899],[-72.5413,41.0238],[-72.4717,41.056],[-72.4539,41.0744],[-72.4452,41.0858],[-72.4129,41.0898],[-72.383,41.1089],[-72.3587,41.1311],[-72.3434,41.1407],[-72.2895,41.1612],[-72.2755,41.1626],[-72.26,41.1608],[-72.2472,41.1557],[-72.2417,41.1468],[-72.2469,41.1354],[-72.2602,41.125],[-72.2762,41.1171],[-72.2895,41.1133],[-72.3044,41.1319],[-72.3436,41.1142],[-72.4123,41.0649],[-72.4153,41.0544],[-72.4,41.0513],[-72.3928,41.0472],[-72.3851,41.0445],[-72.3905,41.0315],[-72.4121,41.0341],[-72.4311,41.0304],[-72.4374,41.0257],[-72.4388,41.016],[-72.4357,41.0059],[-72.4335,40.9932],[-72.4377,40.9842],[-72.4467,40.9914],[-72.4549,41.0037],[-72.4665,41.0038],[-72.4725,40.9904],[-72.4949,40.9898],[-72.4996,40.989],[-72.5105,40.9849],[-72.5207,40.9852],[-72.5339,40.9749],[-72.5436,40.9666],[-72.5431,40.9566],[-72.5624,40.9442],[-72.58,40.9329],[-72.5996,40.9307],[-72.6159,40.9277],[-72.6246,40.9078],[-72.6134,40.9089],[-72.6029,40.9084],[-72.593,40.9058],[-72.5843,40.9004],[-72.5636,40.9124],[-72.5439,40.9101],[-72.5238,40.903],[-72.5014,40.8974],[-72.4808,40.8979],[-72.4571,40.9103],[-72.4499,40.9198],[-72.4437,40.9317],[-72.441,40.943],[-72.4293,40.9469],[-72.4082,40.9506],[-72.3861,40.9718],[-72.3672,40.9946],[-72.3421,40.9998],[-72.3265,40.9992],[-72.3211,41.0059],[-72.3321,41.0307],[-72.3215,41.0358],[-72.3067,41.0355],[-72.3013,41.0203],[-72.2985,41.006],[-72.2701,41.0024],[-72.2634,41.0155],[-72.2486,41.0176],[-72.2425,41.0291],[-72.2402,41.0378],[-72.2337,41.0441],[-72.2138,41.0398],[-72.1868,41.0092],[-72.1836,41.0278],[-72.18,41.0471],[-72.1669,41.0566],[-72.1554,41.055],[-72.1229,41.0174],[-72.1182,41.0069],[-72.109,41.0014],[-72.088,41.0048],[-72.0499,41.0177],[-72.0117,41.0421],[-71.9927,41.0496],[-71.9757,41.0434],[-71.9588,41.0463],[-71.9581,41.0697],[-71.9453,41.0735],[-71.9334,41.0649],[-71.9189,41.0587],[-71.9189,41.0649],[-71.9309,41.0788]]],[[[-72.0228,41.2535],[-72.0388,41.2494],[-72.0366,41.2609],[-72.0262,41.2669],[-72.0221,41.2769],[-72.0113,41.2762],[-72.0034,41.267],[-71.9981,41.2741],[-71.994,41.2831],[-71.9768,41.2847],[-71.9539,41.2867],[-71.9398,41.2922],[-71.9207,41.2914],[-71.928,41.282],[-71.9466,41.2766],[-71.9702,41.2736],[-71.9883,41.2601],[-71.9987,41.2517],[-72.0228,41.2535]]],[[[-72.3402,41.1037],[-72.3278,41.1051],[-72.3227,41.0946],[-72.3052,41.0842],[-72.2953,41.0818],[-72.2805,41.0789],[-72.2828,41.069],[-72.2785,41.0585],[-72.2824,41.0479],[-72.2757,41.0393],[-72.2755,41.0318],[-72.2863,41.0342],[-72.2979,41.0415],[-72.3178,41.0488],[-72.3408,41.0485],[-72.3588,41.0458],[-72.3713,41.055],[-72.3724,41.0686],[-72.3619,41.0799],[-72.3416,41.0907],[-72.3402,41.1037]]],[[[-72.1091,41.1069],[-72.0914,41.1019],[-72.0784,41.1],[-72.079,41.0948],[-72.0851,41.0917],[-72.085,41.0835],[-72.0815,41.0749],[-72.0861,41.0682],[-72.0928,41.0615],[-72.1008,41.0542],[-72.101,41.0675],[-72.1026,41.0813],[-72.1081,41.0905],[-72.1224,41.0929],[-72.136,41.0928],[-72.1415,41.0968],[-72.1348,41.102],[-72.1281,41.1092],[-72.131,41.1205],[-72.1091,41.1069]]]]}},{"type":"Feature","properties":{"name":"Vermont","postal":"VT"},"geometry":{"type":"Polygon","coordinates":[[[-72.0423,44.2817],[-72.0497,44.2309],[-72.0492,44.1429],[-72.0548,44.1045],[-72.0695,44.0726],[-72.1119,44.0168],[-72.1179,44.0009],[-72.1136,43.9926],[-72.105,43.9864],[-72.0985,43.9806],[-72.1006,43.9733],[-72.166,43.9056],[-72.1808,43.8848],[-72.1868,43.8638],[-72.1889,43.8418],[-72.1946,43.8202],[-72.203,43.8005],[-72.2135,43.7846],[-72.2663,43.7492],[-72.2793,43.7361],[-72.3063,43.7201],[-72.3125,43.7097],[-72.3159,43.6748],[-72.3248,43.6333],[-72.3329,43.6135],[-72.347,43.5966],[-72.3817,43.572],[-72.3918,43.5577],[-72.3979,43.5314],[-72.4053,43.3607],[-72.4013,43.3229],[-72.4037,43.3002],[-72.4159,43.2812],[-72.4261,43.2722],[-72.4337,43.2631],[-72.4384,43.2529],[-72.4401,43.24],[-72.439,43.2371],[-72.4367,43.2352],[-72.4343,43.2322],[-72.4332,43.2263],[-72.4353,43.2204],[-72.44,43.2154],[-72.4469,43.2099],[-72.4531,43.1689],[-72.4529,43.1566],[-72.4469,43.1307],[-72.4493,43.1079],[-72.4668,43.0516],[-72.471,43.0057],[-72.4805,42.9892],[-72.5047,42.9827],[-72.5219,42.9755],[-72.5287,42.9579],[-72.5357,42.9144],[-72.5433,42.9001],[-72.5505,42.8897],[-72.5555,42.878],[-72.5562,42.8598],[-72.5539,42.8443],[-72.55,42.8329],[-72.5441,42.823],[-72.5357,42.812],[-72.4928,42.7792],[-72.4733,42.7585],[-72.4668,42.7294],[-72.4668,42.7293],[-72.516,42.7306],[-72.5651,42.732],[-72.6143,42.7334],[-72.6634,42.7347],[-72.7126,42.7361],[-72.7617,42.7375],[-72.8109,42.7388],[-72.86,42.7402],[-72.9091,42.7416],[-72.9516,42.7413],[-73.0003,42.7413],[-73.0499,42.7422],[-73.0977,42.7442],[-73.1473,42.7442],[-73.2053,42.7453],[-73.2655,42.7456],[-73.2762,42.7461],[-73.2881,42.7974],[-73.2801,42.8121],[-73.2693,42.8475],[-73.2665,42.8637],[-73.2661,42.8746],[-73.2659,42.882],[-73.2653,42.9028],[-73.2644,42.9351],[-73.2633,42.977],[-73.2619,43.0266],[-73.2603,43.082],[-73.2586,43.1412],[-73.2569,43.2023],[-73.2551,43.2635],[-73.2535,43.3227],[-73.2519,43.378],[-73.2505,43.4276],[-73.2493,43.4696],[-73.2484,43.5019],[-73.2479,43.5227],[-73.2476,43.5301],[-73.247,43.552],[-73.2545,43.56],[-73.264,43.5667],[-73.2691,43.5692],[-73.2772,43.5779],[-73.2914,43.6139],[-73.2958,43.6195],[-73.3014,43.6238],[-73.3089,43.6263],[-73.3247,43.6289],[-73.3323,43.6291],[-73.3394,43.6286],[-73.346,43.6273],[-73.352,43.6251],[-73.3572,43.6218],[-73.3613,43.6172],[-73.3643,43.612],[-73.3689,43.5946],[-73.3718,43.5891],[-73.376,43.5846],[-73.3808,43.5807],[-73.3917,43.5748],[-73.4028,43.5711],[-73.4067,43.5703],[-73.4086,43.5708],[-73.4108,43.5731],[-73.4179,43.5831],[-73.4235,43.5946],[-73.425,43.6069],[-73.4254,43.6285],[-73.4236,43.6397],[-73.4207,43.6485],[-73.3683,43.7477],[-73.3654,43.7585],[-73.3634,43.7795],[-73.3639,43.7899],[-73.3654,43.7979],[-73.3681,43.8025],[-73.3864,43.8268],[-73.3876,43.8328],[-73.3866,43.8388],[-73.3807,43.8544],[-73.3784,43.8676],[-73.3786,43.8753],[-73.3796,43.8817],[-73.3816,43.8865],[-73.3846,43.8907],[-73.3921,43.8991],[-73.3964,43.9075],[-73.4008,43.9201],[-73.4101,43.9637],[-73.4111,43.9789],[-73.41,44.0062],[-73.4113,44.0149],[-73.4137,44.0215],[-73.4168,44.0258],[-73.4296,44.0383],[-73.4341,44.0439],[-73.4385,44.0528],[-73.4385,44.0597],[-73.4362,44.0658],[-73.4244,44.0804],[-73.3898,44.1608],[-73.3859,44.1743],[-73.3829,44.1955],[-73.3809,44.2011],[-73.3775,44.2061],[-73.3733,44.2107],[-73.3632,44.2179],[-73.3522,44.224],[-73.3405,44.229],[-73.3298,44.2348],[-73.3246,44.2419],[-73.3208,44.2527],[-73.3174,44.2741],[-73.3171,44.2937],[-73.3182,44.3],[-72.031,44.3],[-72.0423,44.2817]]]}},{"type":"Feature","properties":{"name":"New Hampshire","postal":"NH"},"geometry":{"type":"Polygon","coordinates":[[[-71.0108,44.2879],[-71.0069,44.2344],[-71.0029,44.1809],[-70.999,44.1273],[-70.9952,44.0739],[-70.9912,44.0203],[-70.9873,43.9668],[-70.9834,43.9133],[-70.9795,43.8598],[-70.9756,43.8063],[-70.9717,43.7528],[-70.9678,43.6993],[-70.9639,43.6458],[-70.96,43.5922],[-70.9578,43.5622],[-70.9624,43.5311],[-70.9622,43.516],[-70.9647,43.5018],[-70.9666,43.4969],[-70.9676,43.4907],[-70.9677,43.4819],[-70.9648,43.4674],[-70.9636,43.4507],[-70.9666,43.4396],[-70.9764,43.415],[-70.9778,43.4091],[-70.9779,43.4022],[-70.9768,43.3945],[-70.9726,43.3831],[-70.9674,43.3748],[-70.9607,43.3666],[-70.9298,43.3402],[-70.8975,43.3048],[-70.8667,43.271],[-70.828,43.2523],[-70.8219,43.2471],[-70.8171,43.2399],[-70.8136,43.2256],[-70.8133,43.2168],[-70.8146,43.2089],[-70.8246,43.1786],[-70.8259,43.1675],[-70.8251,43.1615],[-70.8064,43.1367],[-70.7719,43.1075],[-70.7441,43.0838],[-70.7545,43.059],[-70.7325,43.0633],[-70.7095,43.0652],[-70.7042,43.0589],[-70.7085,43.0452],[-70.7159,43.0322],[-70.7197,43.0276],[-70.7284,43.0113],[-70.7818,42.9491],[-70.8033,42.9139],[-70.8119,42.8931],[-70.8143,42.8773],[-70.85,42.8707],[-70.8709,42.8747],[-70.9045,42.8854],[-70.9164,42.8868],[-70.9256,42.8865],[-71.0225,42.8547],[-71.0335,42.8489],[-71.0386,42.8453],[-71.0534,42.832],[-71.0608,42.8264],[-71.0738,42.8194],[-71.0833,42.8171],[-71.0945,42.8171],[-71.106,42.8187],[-71.123,42.8194],[-71.1329,42.8182],[-71.141,42.8159],[-71.1463,42.8132],[-71.1516,42.8097],[-71.1607,42.8014],[-71.1649,42.7969],[-71.1727,42.7863],[-71.1818,42.7675],[-71.1859,42.7607],[-71.1962,42.7522],[-71.208,42.7481],[-71.2276,42.7438],[-71.2379,42.7405],[-71.2455,42.7367],[-71.2591,42.7239],[-71.2737,42.7132],[-71.2884,42.7049],[-71.2963,42.7021],[-71.3063,42.7009],[-71.3296,42.7014],[-71.4005,42.7032],[-71.4715,42.7049],[-71.5425,42.7066],[-71.6134,42.7084],[-71.6843,42.7101],[-71.7553,42.7118],[-71.8263,42.7136],[-71.8973,42.7153],[-71.9682,42.7171],[-72.0392,42.7189],[-72.1101,42.7205],[-72.1811,42.7223],[-72.252,42.724],[-72.323,42.7257],[-72.394,42.7275],[-72.4649,42.7292],[-72.4651,42.7292],[-72.4652,42.7292],[-72.4653,42.7292],[-72.4654,42.7292],[-72.4655,42.7292],[-72.4656,42.7292],[-72.4658,42.7292],[-72.4659,42.7292],[-72.466,42.7292],[-72.4661,42.7292],[-72.4662,42.7292],[-72.4664,42.7292],[-72.4664,42.7292],[-72.4666,42.7292],[-72.4667,42.7292],[-72.4668,42.7293],[-72.4668,42.7294],[-72.4733,42.7585],[-72.4928,42.7792],[-72.5357,42.812],[-72.5441,42.823],[-72.55,42.8329],[-72.5539,42.8443],[-72.5562,42.8598],[-72.5555,42.878],[-72.5505,42.8897],[-72.5433,42.9001],[-72.5357,42.9144],[-72.5287,42.9579],[-72.5219,42.9755],[-72.5047,42.9827],[-72.4805,42.9892],[-72.471,43.0057],[-72.4668,43.0516],[-72.4493,43.1079],[-72.4469,43.1307],[-72.4529,43.1566],[-72.4531,43.1689],[-72.4469,43.2099],[-72.44,43.2154],[-72.4353,43.2204],[-72.4332,43.2263],[-72.4343,43.2322],[-72.4367,43.2352],[-72.439,43.2371],[-72.4401,43.24],[-72.4384,43.2529],[-72.4337,43.2631],[-72.4261,43.2722],[-72.4159,43.2812],[-72.4037,43.3002],[-72.4013,43.3229],[-72.4053,43.3607],[-72.3979,43.5314],[-72.3918,43.5577],[-72.3817,43.572],[-72.347,43.5966],[-72.3329,43.6135],[-72.3248,43.6333],[-72.3159,43.6748],[-72.3125,43.7097],[-72.3063,43.7201],[-72.2793,43.7361],[-72.2663,43.7492],[-72.2135,43.7846],[-72.203,43.8005],[-72.1946,43.8202],[-72.1889,43.8418],[-72.1868,43.8638],[-72.1808,43.8848],[-72.166,43.9056],[-72.1006,43.9733],[-72.0985,43.9806],[-72.105,43.9864],[-72.1136,43.9926],[-72.1179,44.0009],[-72.1119,44.0168],[-72.0695,44.0726],[-72.0548,44.1045],[-72.0492,44.1429],[-72.0497,44.2309],[-72.0423,44.2817],[-72.031,44.3],[-71.0116,44.3],[-71.0108,44.2879]]]}},{"type":"Feature","properties":{"name":"Maine","postal":"ME"},"geometry":{"type":"MultiPolygon","coordinates":[[[[-68.526,44.2948],[-68.5209,44.28],[-68.5232,44.2696],[-68.532,44.2666],[-68.5465,44.2743],[-68.541,44.2637],[-68.5336,44.2564],[-68.5244,44.2509],[-68.5129,44.2464],[-68.5414,44.2373],[-68.6335,44.2963],[-68.6669,44.2982],[-68.6837,44.2945],[-68.6943,44.3],[-68.5336,44.3],[-68.526,44.2948]]],[[[-68.999,44.2948],[-69.0216,44.2478],[-69.0362,44.2326],[-69.0536,44.1849],[-69.0679,44.159],[-69.0777,44.145],[-69.0883,44.1365],[-69.0883,44.1303],[-69.0829,44.1153],[-69.0895,44.0981],[-69.0869,44.0867],[-69.0536,44.0893],[-69.0652,44.0676],[-69.0758,44.0525],[-69.0915,44.0438],[-69.1188,44.0409],[-69.1262,44.031],[-69.1306,44.0117],[-69.142,43.9987],[-69.1703,44.0074],[-69.1718,43.9972],[-69.1759,43.9914],[-69.1825,43.99],[-69.1914,43.9931],[-69.1996,43.9819],[-69.2036,43.9703],[-69.2017,43.96],[-69.1914,43.9522],[-69.227,43.9352],[-69.2385,43.9317],[-69.258,43.928],[-69.2634,43.9299],[-69.2596,43.9553],[-69.2292,43.991],[-69.2195,44.0085],[-69.2385,44.0074],[-69.2989,43.9504],[-69.3105,43.9416],[-69.3138,43.9543],[-69.3032,43.9812],[-69.314,43.9863],[-69.3283,43.9834],[-69.3533,43.9724],[-69.3695,43.9726],[-69.3533,43.9947],[-69.3472,44.0078],[-69.3518,44.0136],[-69.3694,44.0159],[-69.3701,44.0215],[-69.3518,44.0375],[-69.3473,44.0508],[-69.3542,44.0605],[-69.3643,44.0605],[-69.3695,44.0447],[-69.3766,44.0367],[-69.391,44.0319],[-69.4022,44.0266],[-69.3949,44.0024],[-69.4077,43.9943],[-69.4243,43.9916],[-69.4304,43.9931],[-69.4409,43.9814],[-69.4478,43.9676],[-69.4788,43.8803],[-69.4941,43.8511],[-69.5129,43.8349],[-69.5144,43.8557],[-69.5217,43.8703],[-69.5299,43.883],[-69.534,43.8976],[-69.5402,43.8976],[-69.5454,43.8833],[-69.5476,43.8679],[-69.5476,43.8349],[-69.5613,43.8491],[-69.5538,43.8566],[-69.5691,43.8684],[-69.5705,43.8779],[-69.5654,43.887],[-69.5613,43.8976],[-69.5598,43.9041],[-69.5549,43.9158],[-69.5538,43.9208],[-69.556,43.9277],[-69.5654,43.9343],[-69.5675,43.9416],[-69.5589,43.9646],[-69.529,44.0044],[-69.534,44.021],[-69.5449,44.0119],[-69.5541,43.9986],[-69.5675,43.9726],[-69.5806,43.957],[-69.5858,43.9485],[-69.5846,43.9416],[-69.5818,43.9346],[-69.5842,43.9258],[-69.5893,43.9173],[-69.5948,43.9112],[-69.5893,43.9048],[-69.5875,43.8972],[-69.5893,43.8896],[-69.5948,43.8832],[-69.5848,43.8707],[-69.5779,43.8557],[-69.576,43.839],[-69.5812,43.8218],[-69.5924,43.8077],[-69.5961,43.8159],[-69.5948,43.8491],[-69.6099,43.8396],[-69.6245,43.8384],[-69.6396,43.8445],[-69.6569,43.8566],[-69.6689,43.8671],[-69.6701,43.8736],[-69.6494,43.8976],[-69.6538,43.905],[-69.655,43.9105],[-69.6534,43.9162],[-69.6494,43.9243],[-69.6424,43.9213],[-69.6293,43.9192],[-69.6228,43.9174],[-69.6312,43.9292],[-69.6427,43.9335],[-69.6526,43.939],[-69.6569,43.9553],[-69.6537,43.9678],[-69.6364,44.0037],[-69.6301,44.008],[-69.6192,44.0175],[-69.6151,44.0259],[-69.6296,44.0273],[-69.6432,44.021],[-69.657,44.0092],[-69.7497,43.9007],[-69.7592,43.8864],[-69.7527,43.8791],[-69.7403,43.8749],[-69.732,43.8696],[-69.7297,43.8559],[-69.7327,43.8419],[-69.7463,43.8144],[-69.7359,43.8206],[-69.7224,43.8442],[-69.7121,43.8491],[-69.7047,43.842],[-69.7073,43.8269],[-69.7307,43.7759],[-69.745,43.7588],[-69.758,43.7595],[-69.7668,43.7876],[-69.7662,43.7949],[-69.7636,43.7989],[-69.7607,43.8016],[-69.7593,43.8044],[-69.7615,43.8115],[-69.7663,43.8137],[-69.7712,43.8137],[-69.7735,43.8144],[-69.7804,43.8628],[-69.7836,43.8735],[-69.7907,43.8867],[-69.7941,43.8976],[-69.7953,43.9104],[-69.7949,43.9221],[-69.7957,43.9335],[-69.8009,43.9447],[-69.8034,43.9649],[-69.8073,43.9831],[-69.8047,43.9975],[-69.8021,44.0144],[-69.7904,44.0287],[-69.7812,44.0365],[-69.7708,44.0456],[-69.7682,44.0535],[-69.7682,44.0587],[-69.7747,44.06],[-69.7825,44.0574],[-69.7891,44.0495],[-69.7995,44.0443],[-69.8177,44.0365],[-69.845,44.0105],[-69.8646,43.9975],[-69.875,43.987],[-69.8828,43.9766],[-69.8828,43.9636],[-69.8724,43.9584],[-69.8542,43.9584],[-69.8411,43.9662],[-69.832,43.974],[-69.8255,43.9701],[-69.8216,43.961],[-69.8151,43.9337],[-69.8022,43.8605],[-69.8009,43.8252],[-69.7919,43.791],[-69.7825,43.7729],[-69.7804,43.7635],[-69.7873,43.7375],[-69.7906,43.7331],[-69.8032,43.7297],[-69.8142,43.7212],[-69.8229,43.7099],[-69.8282,43.6983],[-69.8393,43.7093],[-69.8418,43.7403],[-69.8521,43.7467],[-69.8579,43.7543],[-69.8584,43.7708],[-69.8555,43.7939],[-69.8518,43.8008],[-69.847,43.8037],[-69.843,43.8078],[-69.8413,43.8181],[-69.8446,43.8268],[-69.8596,43.8365],[-69.863,43.8457],[-69.8602,43.8562],[-69.8562,43.8621],[-69.8571,43.8657],[-69.8691,43.8696],[-69.8793,43.8706],[-69.8885,43.8684],[-69.8968,43.8636],[-69.9039,43.8566],[-69.8917,43.8513],[-69.8813,43.844],[-69.8754,43.8323],[-69.876,43.8144],[-69.883,43.8006],[-69.8948,43.7893],[-69.9056,43.7873],[-69.9101,43.8013],[-69.9511,43.7604],[-69.9582,43.7563],[-69.9653,43.7546],[-69.9707,43.7515],[-69.9744,43.735],[-69.9785,43.7294],[-69.9849,43.7263],[-69.9927,43.7256],[-69.9263,43.8286],[-69.9307,43.8491],[-69.9421,43.8415],[-69.9584,43.8218],[-69.9728,43.7995],[-69.979,43.784],[-69.9829,43.7674],[-69.9934,43.7518],[-70.0089,43.7412],[-70.0275,43.7399],[-70.0095,43.7669],[-69.9626,43.821],[-69.9511,43.8491],[-69.9731,43.8471],[-70.0064,43.8271],[-70.02,43.8286],[-70.0109,43.8333],[-70.0007,43.8408],[-69.9917,43.8509],[-69.9858,43.8628],[-69.9994,43.8615],[-70.0117,43.8557],[-70.0223,43.8472],[-70.0396,43.8301],[-70.05,43.824],[-70.0747,43.8144],[-70.088,43.8111],[-70.0989,43.8099],[-70.1088,43.8067],[-70.1609,43.7665],[-70.1826,43.7571],[-70.2087,43.7153],[-70.2391,43.7001],[-70.2385,43.687],[-70.2338,43.673],[-70.2323,43.6642],[-70.2429,43.6539],[-70.2567,43.6501],[-70.2869,43.6505],[-70.2869,43.6431],[-70.2578,43.6405],[-70.2316,43.6415],[-70.2109,43.635],[-70.1981,43.6096],[-70.1982,43.5987],[-70.2029,43.5676],[-70.2049,43.5611],[-70.2202,43.5591],[-70.2458,43.5498],[-70.2602,43.5475],[-70.2559,43.5544],[-70.2527,43.5611],[-70.2715,43.5569],[-70.2926,43.5345],[-70.308,43.527],[-70.3105,43.5484],[-70.3254,43.5495],[-70.3437,43.5395],[-70.3564,43.527],[-70.3674,43.5053],[-70.3707,43.4864],[-70.3684,43.4672],[-70.3626,43.4451],[-70.3432,43.4543],[-70.3328,43.4575],[-70.3216,43.4587],[-70.3216,43.4525],[-70.3352,43.4473],[-70.3469,43.4394],[-70.3664,43.4208],[-70.3695,43.4155],[-70.3735,43.4019],[-70.3763,43.3972],[-70.3824,43.3937],[-70.395,43.3926],[-70.4036,43.3898],[-70.4226,43.3769],[-70.4377,43.363],[-70.4545,43.3506],[-70.4787,43.3426],[-70.5087,43.3415],[-70.5195,43.3395],[-70.5305,43.3318],[-70.5619,43.3011],[-70.5705,43.2985],[-70.5817,43.2749],[-70.5831,43.2509],[-70.5689,43.229],[-70.5836,43.2139],[-70.5968,43.1955],[-70.5826,43.1886],[-70.5995,43.1822],[-70.6117,43.173],[-70.631,43.1471],[-70.6601,43.0941],[-70.6719,43.0856],[-70.6871,43.0921],[-70.7003,43.1085],[-70.7147,43.1219],[-70.7334,43.1204],[-70.7313,43.1147],[-70.7423,43.088],[-70.7441,43.0838],[-70.7719,43.1075],[-70.8064,43.1367],[-70.8251,43.1615],[-70.8259,43.1675],[-70.8246,43.1786],[-70.8146,43.2089],[-70.8133,43.2168],[-70.8136,43.2256],[-70.8171,43.2399],[-70.8219,43.2471],[-70.828,43.2523],[-70.8667,43.271],[-70.8975,43.3048],[-70.9298,43.3402],[-70.9607,43.3666],[-70.9674,43.3748],[-70.9726,43.3831],[-70.9768,43.3945],[-70.9779,43.4022],[-70.9778,43.4091],[-70.9764,43.415],[-70.9666,43.4396],[-70.9636,43.4507],[-70.9648,43.4674],[-70.9677,43.4819],[-70.9676,43.4907],[-70.9666,43.4969],[-70.9647,43.5018],[-70.9622,43.516],[-70.9624,43.5311],[-70.9578,43.5622],[-70.96,43.5922],[-70.9639,43.6458],[-70.9678,43.6993],[-70.9717,43.7528],[-70.9756,43.8063],[-70.9795,43.8598],[-70.9834,43.9133],[-70.9873,43.9668],[-70.9912,44.0203],[-70.9952,44.0739],[-70.999,44.1273],[-71.0029,44.1809],[-71.0069,44.2344],[-71.0108,44.2879],[-71.0116,44.3],[-68.9873,44.3],[-68.999,44.2948]]],[[[-69.6849,43.8113],[-69.6888,43.8282],[-69.6732,43.8529],[-69.6471,43.8373],[-69.6484,43.8191],[-69.6523,43.7904],[-69.6641,43.7891],[-69.6849,43.8113]]],[[[-69.6693,43.9428],[-69.681,43.9337],[-69.6901,43.905],[-69.6901,43.9049],[-69.6902,43.9047],[-69.6902,43.9044],[-69.6903,43.9041],[-69.6904,43.9037],[-69.6905,43.9033],[-69.6906,43.9028],[-69.6907,43.9022],[-69.6908,43.9016],[-69.6909,43.901],[-69.6911,43.9003],[-69.6913,43.8995],[-69.6914,43.8987],[-69.6916,43.8979],[-69.6918,43.8971],[-69.692,43.8962],[-69.6922,43.8953],[-69.6924,43.8943],[-69.6926,43.8934],[-69.6929,43.8924],[-69.6931,43.8914],[-69.6933,43.8904],[-69.6936,43.8894],[-69.6938,43.8884],[-69.6941,43.8874],[-69.6944,43.8864],[-69.6946,43.8854],[-69.6949,43.8844],[-69.6952,43.8834],[-69.6954,43.8824],[-69.6957,43.8814],[-69.696,43.8804],[-69.6963,43.8795],[-69.6965,43.8786],[-69.6968,43.8777],[-69.6971,43.8769],[-69.6974,43.876],[-69.6977,43.8753],[-69.6979,43.8745],[-69.6982,43.8738],[-69.6985,43.8732],[-69.6987,43.8725],[-69.699,43.872],[-69.6993,43.8715],[-69.6995,43.871],[-69.6998,43.8706],[-69.7,43.8703],[-69.7003,43.8701],[-69.7005,43.8699],[-69.701,43.8695],[-69.7013,43.8693],[-69.7016,43.8691],[-69.7019,43.8689],[-69.7022,43.8687],[-69.7025,43.8685],[-69.7028,43.8683],[-69.7032,43.868],[-69.7035,43.8678],[-69.7039,43.8675],[-69.7042,43.8673],[-69.7046,43.867],[-69.705,43.8667],[-69.7053,43.8665],[-69.7057,43.8662],[-69.7061,43.8659],[-69.7065,43.8656],[-69.7069,43.8653],[-69.7072,43.8651],[-69.7076,43.8648],[-69.708,43.8645],[-69.7084,43.8642],[-69.7088,43.8639],[-69.7091,43.8637],[-69.7095,43.8634],[-69.7099,43.8631],[-69.7102,43.8629],[-69.7106,43.8626],[-69.7109,43.8624],[-69.7112,43.8621],[-69.7116,43.8619],[-69.7119,43.8616],[-69.7122,43.8614],[-69.7125,43.8612],[-69.7128,43.861],[-69.713,43.8608],[-69.7133,43.8606],[-69.7135,43.8604],[-69.7137,43.8603],[-69.7139,43.8601],[-69.7141,43.86],[-69.7143,43.8599],[-69.7144,43.8598],[-69.7145,43.8597],[-69.7146,43.8596],[-69.7147,43.8595],[-69.7148,43.8594],[-69.7213,43.8725],[-69.7305,43.8907],[-69.7226,43.9076],[-69.7005,43.9272],[-69.694,43.9454],[-69.6784,43.9675],[-69.6693,43.9558],[-69.6693,43.9428]]],[[[-68.6016,44.0704],[-68.5989,44.0469],[-68.6081,44.0235],[-68.6341,44.0183],[-68.6562,44.0105],[-68.6628,44.0196],[-68.6601,44.0326],[-68.6536,44.0522],[-68.651,44.0652],[-68.6406,44.0782],[-68.6263,44.0912],[-68.6068,44.0886],[-68.6016,44.0704]]],[[[-68.8242,44.1446],[-68.8411,44.1381],[-68.8516,44.1251],[-68.8633,44.1199],[-68.888,44.1303],[-68.901,44.1342],[-68.9193,44.1251],[-68.9375,44.1055],[-68.9427,44.1173],[-68.9401,44.1251],[-68.9284,44.142],[-68.8893,44.1641],[-68.8568,44.1811],[-68.8203,44.1785],[-68.8112,44.1693],[-68.8112,44.1485],[-68.8242,44.1446]]],[[[-68.3919,44.1459],[-68.4036,44.1342],[-68.4323,44.129],[-68.4427,44.1446],[-68.4544,44.1511],[-68.4635,44.1498],[-68.4896,44.1407],[-68.5026,44.1485],[-68.5065,44.1602],[-68.4922,44.1693],[-68.4753,44.1667],[-68.4726,44.1772],[-68.4596,44.185],[-68.444,44.1811],[-68.4388,44.1745],[-68.4271,44.1758],[-68.4167,44.1824],[-68.4023,44.1758],[-68.3906,44.1628],[-68.3919,44.1459]]],[[[-68.9336,44.2357],[-68.9336,44.2436],[-68.9271,44.267],[-68.9245,44.2813],[-68.9414,44.2813],[-68.9427,44.2904],[-68.9324,44.3],[-68.886,44.3],[-68.8854,44.2995],[-68.901,44.28],[-68.9206,44.237],[-68.9336,44.2357]]],[[[-68.8274,44.0898],[-68.7827,44.0847],[-68.773,44.0819],[-68.7746,44.0619],[-68.7867,44.0524],[-68.8006,44.0466],[-68.8071,44.0375],[-68.8155,44.0319],[-68.8346,44.0351],[-68.8693,44.0484],[-68.8601,44.0652],[-68.868,44.0794],[-68.8867,44.0899],[-68.9102,44.0955],[-68.9016,44.114],[-68.8841,44.1138],[-68.8481,44.0955],[-68.8274,44.0898]]],[[[-68.6231,44.2499],[-68.6165,44.2371],[-68.6143,44.224],[-68.6085,44.2128],[-68.6201,44.2084],[-68.6443,44.2032],[-68.6564,44.1992],[-68.6506,44.1903],[-68.6431,44.1846],[-68.6228,44.1775],[-68.6228,44.1713],[-68.6621,44.1562],[-68.682,44.1526],[-68.7163,44.1673],[-68.7202,44.1721],[-68.7146,44.1812],[-68.7109,44.1905],[-68.7133,44.201],[-68.7246,44.2191],[-68.7163,44.2185],[-68.6989,44.2197],[-68.6905,44.2191],[-68.6951,44.2286],[-68.6968,44.2395],[-68.6953,44.2504],[-68.6905,44.26],[-68.6789,44.2696],[-68.6675,44.2701],[-68.6421,44.26],[-68.6231,44.2499]]],[[[-68.3201,44.2849],[-68.3094,44.2709],[-68.3,44.2638],[-68.3,44.2465],[-68.3088,44.2379],[-68.326,44.2259],[-68.3413,44.2236],[-68.3478,44.2402],[-68.3523,44.2381],[-68.3638,44.2347],[-68.3684,44.2327],[-68.3801,44.2464],[-68.4141,44.2586],[-68.4236,44.2743],[-68.4085,44.2783],[-68.4055,44.2853],[-68.4124,44.2919],[-68.4273,44.2948],[-68.4348,44.3],[-68.4348,44.3],[-68.316,44.3],[-68.3201,44.2849]]]]}},{"type":"Feature","properties":{"name":"Virginia","postal":"VA"},"geometry":{"type":"MultiPolygon","coordinates":[[[[-77.2723,39.0478],[-77.2504,39.0295],[-77.2443,39.0158],[-77.2402,38.9998],[-77.2335,38.9866],[-77.2197,38.9811],[-77.2054,38.979],[-77.172,38.9696],[-77.1465,38.9647],[-77.1324,38.9506],[-77.1198,38.9341],[-77.0972,38.9082],[-77.0843,38.9034],[-77.0683,38.9019],[-77.0637,38.8913],[-77.0518,38.8811],[-77.0452,38.8762],[-77.039,38.8683],[-77.035,38.861],[-77.033,38.854],[-77.0328,38.8453],[-77.037,38.8398],[-77.0438,38.8394],[-77.0433,38.8354],[-77.04,38.8274],[-77.0376,38.815],[-77.0384,38.7963],[-77.043,38.7919],[-77.0497,38.7887],[-77.0526,38.7837],[-77.0477,38.7764],[-77.0466,38.7677],[-77.0448,38.748],[-77.0425,38.7289],[-77.0478,38.7157],[-77.07,38.7107],[-77.0892,38.7104],[-77.0994,38.7069],[-77.1094,38.7075],[-77.1173,38.7062],[-77.124,38.6872],[-77.131,38.6772],[-77.1424,38.677],[-77.1491,38.6857],[-77.1583,38.6916],[-77.1678,38.689],[-77.1693,38.6793],[-77.1543,38.6636],[-77.138,38.6504],[-77.1349,38.6363],[-77.1629,38.6315],[-77.1872,38.6208],[-77.2009,38.6238],[-77.2093,38.6311],[-77.205,38.639],[-77.1954,38.6557],[-77.2018,38.665],[-77.2159,38.6649],[-77.2299,38.6567],[-77.2363,38.6418],[-77.2394,38.6264],[-77.2474,38.6093],[-77.2587,38.5939],[-77.2717,38.5838],[-77.267,38.5808],[-77.2629,38.5745],[-77.258,38.5695],[-77.2765,38.5593],[-77.2848,38.5565],[-77.2848,38.549],[-77.2873,38.5302],[-77.3,38.5105],[-77.3,39.0596],[-77.2723,39.0478]]],[[[-77.2974,38.3687],[-77.2908,38.3538],[-77.3,38.3542],[-77.3,38.3712],[-77.2974,38.3687]]],[[[-77.2921,38.3407],[-77.2806,38.3378],[-77.2806,38.3378],[-77.249,38.3299],[-77.1854,38.3436],[-77.1667,38.3479],[-77.1335,38.3671],[-77.0857,38.3684],[-77.0585,38.3942],[-77.0408,38.3959],[-77.0204,38.3846],[-77.0148,38.3723],[-77.017,38.3551],[-77.014,38.3435],[-77.0145,38.3305],[-77.023,38.3201],[-77.0389,38.3225],[-77.052,38.323],[-77.0527,38.3168],[-77.0386,38.3129],[-77.0301,38.3077],[-77.0247,38.3021],[-77.0005,38.2773],[-76.9749,38.2707],[-76.9654,38.2672],[-76.9598,38.2601],[-76.9551,38.2472],[-76.9566,38.2355],[-76.9614,38.2183],[-76.9542,38.2102],[-76.9129,38.1992],[-76.8818,38.177],[-76.83,38.1655],[-76.797,38.1694],[-76.7751,38.167],[-76.7564,38.161],[-76.7504,38.1484],[-76.7393,38.1367],[-76.7152,38.1419],[-76.6915,38.1531],[-76.6815,38.1592],[-76.67,38.1574],[-76.6619,38.1529],[-76.6551,38.1479],[-76.6473,38.145],[-76.6354,38.145],[-76.6146,38.1504],[-76.6072,38.1435],[-76.6014,38.1325],[-76.6072,38.113],[-76.5953,38.1051],[-76.5813,38.0976],[-76.5611,38.0895],[-76.5344,38.0752],[-76.5287,38.0643],[-76.5207,38.0528],[-76.5331,38.0427],[-76.5319,38.0387],[-76.5306,38.0251],[-76.5256,38.0227],[-76.5075,38.0235],[-76.5071,38.0228],[-76.5045,38.0236],[-76.4851,38.0218],[-76.4705,38.0163],[-76.4631,38.0149],[-76.4544,38.0062],[-76.4618,38.0023],[-76.4691,38.001],[-76.4586,37.9956],[-76.4082,37.9696],[-76.373,37.9606],[-76.2912,37.925],[-76.262,37.9143],[-76.2479,37.9035],[-76.2425,37.8816],[-76.2358,37.8596],[-76.2396,37.8361],[-76.2501,37.8228],[-76.2679,37.8244],[-76.2994,37.8509],[-76.3153,37.8576],[-76.3249,37.8487],[-76.3179,37.8288],[-76.2978,37.7961],[-76.2939,37.7807],[-76.2941,37.7714],[-76.2978,37.7614],[-76.3047,37.7477],[-76.3092,37.7464],[-76.316,37.7477],[-76.3224,37.7483],[-76.3252,37.7443],[-76.317,37.7322],[-76.2855,37.7109],[-76.2842,37.6993],[-76.2922,37.6946],[-76.3037,37.694],[-76.3157,37.6961],[-76.3252,37.6993],[-76.3197,37.6855],[-76.3253,37.6795],[-76.3341,37.6758],[-76.3389,37.6689],[-76.3354,37.6591],[-76.3211,37.644],[-76.3179,37.6372],[-76.3047,37.6379],[-76.3211,37.624],[-76.3494,37.628],[-76.4047,37.6447],[-76.4088,37.65],[-76.4193,37.6601],[-76.4301,37.6669],[-76.435,37.6618],[-76.4386,37.6629],[-76.4464,37.6708],[-76.4538,37.6835],[-76.4561,37.6925],[-76.4689,37.7086],[-76.4787,37.6951],[-76.4896,37.6584],[-76.505,37.6569],[-76.5169,37.6689],[-76.5239,37.6879],[-76.5244,37.6993],[-76.5355,37.7155],[-76.5714,37.7513],[-76.579,37.7713],[-76.5835,37.7773],[-76.6131,37.7961],[-76.6178,37.8039],[-76.6219,37.8139],[-76.6286,37.8184],[-76.6405,37.8091],[-76.6496,37.8131],[-76.6578,37.819],[-76.6627,37.8285],[-76.6615,37.8433],[-76.6741,37.833],[-76.6877,37.8316],[-76.7009,37.8369],[-76.7128,37.8471],[-76.7504,37.8952],[-76.7695,37.9145],[-76.8323,37.943],[-76.8503,37.982],[-76.8801,37.991],[-76.8957,38.0073],[-76.9154,38.0699],[-76.935,38.0937],[-76.9471,38.1033],[-76.9626,38.1108],[-77.0074,38.1181],[-77.0172,38.117],[-77.0266,38.1289],[-77.0362,38.1452],[-77.0476,38.1598],[-77.0626,38.166],[-77.1072,38.175],[-77.1259,38.176],[-77.1339,38.166],[-77.1267,38.1555],[-77.1094,38.149],[-77.0759,38.145],[-77.0631,38.1498],[-77.0555,38.1496],[-77.052,38.1418],[-77.0509,38.1289],[-77.0474,38.119],[-77.041,38.111],[-77.0316,38.1039],[-76.9606,38.0896],[-76.949,38.0798],[-76.9447,38.0745],[-76.9259,38.0588],[-76.9217,38.0528],[-76.9264,37.9967],[-76.9226,37.9808],[-76.9058,37.9758],[-76.8917,37.9743],[-76.8802,37.9697],[-76.8774,37.9564],[-76.8659,37.942],[-76.847,37.9289],[-76.8312,37.9184],[-76.8165,37.9036],[-76.7953,37.892],[-76.7879,37.8832],[-76.7778,37.8621],[-76.7669,37.842],[-76.7527,37.8226],[-76.7417,37.81],[-76.7291,37.7995],[-76.7162,37.7881],[-76.703,37.787],[-76.688,37.7895],[-76.684,37.7893],[-76.6799,37.7897],[-76.6752,37.7887],[-76.6744,37.7851],[-76.676,37.7719],[-76.6752,37.7682],[-76.6687,37.7555],[-76.6319,37.7504],[-76.6134,37.7395],[-76.6017,37.7197],[-76.58,37.6982],[-76.579,37.6959],[-76.5772,37.6882],[-76.574,37.6732],[-76.5708,37.6532],[-76.552,37.6268],[-76.5222,37.6149],[-76.4635,37.6186],[-76.443,37.6186],[-76.4282,37.6242],[-76.4043,37.5942],[-76.3676,37.5842],[-76.3253,37.5806],[-76.2842,37.5696],[-76.3019,37.5579],[-76.3192,37.5529],[-76.3661,37.5491],[-76.393,37.5422],[-76.3934,37.5331],[-76.3777,37.5252],[-76.3565,37.5218],[-76.3227,37.5013],[-76.319,37.5],[-76.7368,37.5],[-76.7811,37.5355],[-76.7903,37.5327],[-76.7954,37.5256],[-76.7977,37.5156],[-76.7982,37.5044],[-76.7952,37.5],[-77.3,37.5],[-77.3,38.3411],[-77.2921,38.3407]]],[[[-76.2917,37.5044],[-76.2898,37.5194],[-76.2701,37.5174],[-76.2628,37.5029],[-76.263,37.5],[-76.2956,37.5],[-76.2917,37.5044]]],[[[-75.3783,38.0117],[-75.391,38.0027],[-75.4069,37.9974],[-75.4215,37.9879],[-75.4262,37.9765],[-75.4343,37.9618],[-75.4319,37.9518],[-75.4192,37.9433],[-75.4252,37.9361],[-75.4354,37.9337],[-75.4348,37.9256],[-75.4197,37.9199],[-75.4239,37.9137],[-75.4389,37.9061],[-75.4479,37.8936],[-75.4431,37.8894],[-75.4256,37.8927],[-75.4171,37.8861],[-75.4249,37.8751],[-75.4466,37.8674],[-75.4707,37.8512],[-75.4923,37.8311],[-75.5121,37.8086],[-75.5313,37.7879],[-75.5605,37.7439],[-75.5981,37.7],[-75.6271,37.6738],[-75.6528,37.6426],[-75.706,37.5802],[-75.7167,37.5596],[-75.7335,37.5361],[-75.7449,37.5242],[-75.7598,37.508],[-75.7651,37.5],[-75.9537,37.5],[-75.9518,37.5159],[-75.9378,37.5373],[-75.9171,37.5525],[-75.8938,37.5627],[-75.9347,37.5764],[-75.9213,37.5858],[-75.911,37.5949],[-75.9095,37.6032],[-75.9217,37.6105],[-75.9046,37.6199],[-75.8827,37.6238],[-75.8714,37.6295],[-75.8863,37.6447],[-75.8757,37.6607],[-75.8608,37.669],[-75.8417,37.6721],[-75.8187,37.6726],[-75.8249,37.6878],[-75.8238,37.6965],[-75.7887,37.7275],[-75.7905,37.7333],[-75.8119,37.7335],[-75.8119,37.7409],[-75.7908,37.7539],[-75.7775,37.7664],[-75.7779,37.7801],[-75.7982,37.7961],[-75.7869,37.8094],[-75.7755,37.8079],[-75.7645,37.8005],[-75.7535,37.7961],[-75.6946,37.8023],[-75.7037,37.8107],[-75.7085,37.8217],[-75.7081,37.8332],[-75.702,37.8433],[-75.6948,37.8447],[-75.6714,37.8415],[-75.661,37.8433],[-75.6695,37.852],[-75.6743,37.8614],[-75.6742,37.8703],[-75.6678,37.8781],[-75.671,37.8926],[-75.6893,37.904],[-75.7175,37.9094],[-75.743,37.906],[-75.743,37.9122],[-75.7191,37.9276],[-75.6946,37.9395],[-75.6618,37.9448],[-75.6459,37.9495],[-75.6331,37.96],[-75.6479,37.9657],[-75.6416,37.9748],[-75.6317,37.9837],[-75.6236,37.9943],[-75.6163,37.9958],[-75.5911,37.9972],[-75.548,38.0011],[-75.5054,38.0045],[-75.4603,38.0089],[-75.4215,38.0118],[-75.3934,38.0137],[-75.3779,38.0152],[-75.3774,38.0152],[-75.3783,38.0117]]],[[[-75.6134,37.578],[-75.5998,37.5751],[-75.6022,37.5624],[-75.6425,37.5114],[-75.6494,37.5],[-75.6651,37.5],[-75.6622,37.5045],[-75.6439,37.5348],[-75.6342,37.5584],[-75.622,37.5711],[-75.6134,37.578]]],[[[-76.0169,37.9504],[-76.0193,37.944],[-76.0198,37.9376],[-76.0172,37.9288],[-76.0228,37.9283],[-76.0264,37.9135],[-76.0295,37.915],[-76.0315,37.9297],[-76.0298,37.9419],[-76.0275,37.9508],[-76.0331,37.9547],[-76.0186,37.9545],[-76.0169,37.9504]]],[[[-75.9957,37.9451],[-76.005,37.9505],[-76.007,37.9543],[-75.9938,37.9541],[-75.9957,37.9451]]],[[[-76.0368,37.9507],[-76.0436,37.9492],[-76.0441,37.9544],[-76.0331,37.9547],[-76.0368,37.9507]]],[[[-75.3136,37.9191],[-75.326,37.8923],[-75.3421,37.8757],[-75.3523,37.8676],[-75.3654,37.8629],[-75.3785,37.8558],[-75.3929,37.8647],[-75.4001,37.8741],[-75.3888,37.8784],[-75.369,37.8695],[-75.3583,37.8742],[-75.35,37.8893],[-75.3637,37.895],[-75.3745,37.8978],[-75.368,37.9091],[-75.3501,37.913],[-75.3391,37.9162],[-75.3305,37.9224],[-75.3253,37.9327],[-75.3183,37.9404],[-75.3048,37.9736],[-75.2976,37.9849],[-75.2786,38.0076],[-75.263,38.0226],[-75.2433,38.0247],[-75.3136,37.9191]]]]}},{"type":"Feature","properties":{"name":"District of Columbia","postal":"DC"},"geometry":{"type":"Polygon","coordinates":[[[-77.0274,38.8199],[-77.0215,38.8367],[-77.0178,38.8452],[-77.0159,38.8543],[-77.0196,38.8613],[-77.0259,38.8726],[-77.0361,38.8798],[-77.0496,38.8883],[-77.0601,38.8991],[-77.0683,38.9019],[-77.0843,38.9034],[-77.0972,38.9082],[-77.1198,38.9341],[-77.0791,38.9665],[-77.0419,38.9961],[-76.9805,38.9484],[-76.9093,38.893],[-76.9683,38.8462],[-77.0229,38.8028],[-77.0274,38.8199]]]}},{"type":"Feature","properties":{"name":"Maryland","postal":"MD"},"geometry":{"type":"MultiPolygon","coordinates":[[[[-75.6537,37.968],[-75.6726,37.972],[-75.7632,37.9782],[-75.7863,37.9759],[-75.8082,37.9634],[-75.8381,37.9412],[-75.858,37.9311],[-75.8671,37.9361],[-75.869,37.9433],[-75.8725,37.947],[-75.875,37.9511],[-75.8734,37.96],[-75.8675,37.9672],[-75.8588,37.9732],[-75.8504,37.9811],[-75.8454,37.9941],[-75.8548,37.9934],[-75.8627,37.9908],[-75.8689,37.9865],[-75.8734,37.9805],[-75.8801,37.9805],[-75.8795,37.9853],[-75.881,37.9866],[-75.8837,37.9868],[-75.8863,37.9879],[-75.8787,37.9946],[-75.8572,38.0211],[-75.8529,38.032],[-75.8464,38.0396],[-75.8183,38.0427],[-75.8119,38.046],[-75.8021,38.0581],[-75.7566,38.0926],[-75.743,38.1108],[-75.7577,38.1133],[-75.7686,38.1056],[-75.7795,38.0954],[-75.7945,38.0903],[-75.8191,38.091],[-75.8333,38.0892],[-75.8454,38.0835],[-75.8476,38.0864],[-75.8478,38.0875],[-75.8486,38.0883],[-75.8529,38.0903],[-75.8529,38.0978],[-75.8426,38.1013],[-75.8324,38.1076],[-75.8239,38.1155],[-75.8187,38.1245],[-75.8249,38.1313],[-75.8144,38.1352],[-75.7844,38.1395],[-75.7765,38.145],[-75.7797,38.1552],[-75.794,38.1589],[-75.8116,38.1573],[-75.8249,38.1592],[-75.8481,38.1522],[-75.8935,38.1561],[-75.9143,38.1518],[-75.9195,38.1448],[-75.9206,38.1357],[-75.9228,38.1279],[-75.9313,38.1245],[-75.9374,38.1276],[-75.9405,38.1354],[-75.9416,38.1555],[-75.9285,38.1935],[-75.8963,38.2107],[-75.856,38.2197],[-75.8187,38.2337],[-75.8346,38.2402],[-75.8787,38.2429],[-75.8972,38.2511],[-75.9066,38.271],[-75.9024,38.2938],[-75.8912,38.3151],[-75.8581,38.3586],[-75.8491,38.374],[-75.8434,38.3955],[-75.8407,38.4008],[-75.8433,38.4044],[-75.8563,38.4057],[-75.8631,38.4018],[-75.8664,38.3924],[-75.869,38.3811],[-75.8734,38.3715],[-75.9247,38.3249],[-75.9313,38.3169],[-75.9557,38.2578],[-75.9627,38.248],[-75.9683,38.2541],[-75.9681,38.2626],[-75.9666,38.2723],[-75.9683,38.2821],[-75.9741,38.2882],[-75.9836,38.2955],[-75.9923,38.3039],[-75.9962,38.3132],[-75.9901,38.326],[-75.9624,38.3358],[-75.9553,38.351],[-75.9648,38.3735],[-75.9905,38.362],[-76.0189,38.3348],[-76.0372,38.3095],[-76.0267,38.3042],[-76.0193,38.2944],[-76.0173,38.2818],[-76.0173,38.2678],[-76.0287,38.2418],[-76.0379,38.2325],[-76.0488,38.2393],[-76.0812,38.2841],[-76.0912,38.2924],[-76.1175,38.2983],[-76.1244,38.3048],[-76.1334,38.3231],[-76.1929,38.3828],[-76.2097,38.392],[-76.2209,38.3836],[-76.2065,38.3386],[-76.2097,38.3169],[-76.2159,38.3169],[-76.2211,38.3439],[-76.2399,38.3682],[-76.2699,38.4057],[-76.2751,38.4116],[-76.2823,38.4218],[-76.2889,38.4335],[-76.2955,38.4555],[-76.304,38.4633],[-76.3133,38.4687],[-76.319,38.4739],[-76.3198,38.495],[-76.3047,38.5026],[-76.2864,38.5001],[-76.2774,38.491],[-76.2731,38.4675],[-76.2637,38.4655],[-76.2543,38.4798],[-76.2501,38.505],[-76.2423,38.5212],[-76.2239,38.5296],[-76.2015,38.5351],[-76.1818,38.5428],[-76.1872,38.5533],[-76.172,38.5662],[-76.175,38.577],[-76.1793,38.5805],[-76.1845,38.5826],[-76.191,38.5836],[-76.1988,38.5838],[-76.2105,38.5827],[-76.2134,38.5795],[-76.2142,38.574],[-76.2194,38.5664],[-76.2302,38.5595],[-76.2427,38.5567],[-76.2737,38.5565],[-76.286,38.5628],[-76.2785,38.5769],[-76.2563,38.5974],[-76.2563,38.6042],[-76.2626,38.6078],[-76.2673,38.6118],[-76.2774,38.6247],[-76.2325,38.6181],[-76.2159,38.6179],[-76.2013,38.6207],[-76.1754,38.6292],[-76.1613,38.631],[-76.1761,38.6207],[-76.1818,38.6179],[-76.1719,38.6103],[-76.1613,38.6042],[-76.1426,38.6075],[-76.115,38.588],[-76.0924,38.5936],[-76.0536,38.568],[-76.0117,38.5657],[-75.9943,38.5837],[-75.9825,38.59],[-75.9702,38.6066],[-75.9653,38.6374],[-75.9553,38.6527],[-75.9594,38.6557],[-75.9627,38.6589],[-75.9683,38.6589],[-75.99,38.624],[-75.9999,38.6026],[-76.0242,38.5928],[-76.0593,38.6062],[-76.0769,38.6156],[-76.105,38.6249],[-76.0924,38.6589],[-76.1075,38.654],[-76.1205,38.6479],[-76.135,38.6459],[-76.1544,38.6527],[-76.1544,38.6589],[-76.1454,38.665],[-76.1196,38.6756],[-76.1061,38.6794],[-76.1061,38.6862],[-76.1269,38.6849],[-76.1485,38.6809],[-76.1661,38.6815],[-76.175,38.6937],[-76.1683,38.6999],[-76.1645,38.7082],[-76.1643,38.7177],[-76.1681,38.7277],[-76.177,38.7161],[-76.1815,38.7024],[-76.1869,38.6911],[-76.1986,38.6751],[-76.2091,38.6867],[-76.2265,38.701],[-76.2365,38.7152],[-76.2278,38.7357],[-76.2018,38.7323],[-76.2219,38.7509],[-76.2339,38.7574],[-76.2544,38.7492],[-76.2737,38.7145],[-76.2919,38.7213],[-76.2973,38.7509],[-76.2884,38.7667],[-76.288,38.7755],[-76.2944,38.7739],[-76.3098,38.7612],[-76.3106,38.7353],[-76.3265,38.7182],[-76.3267,38.6988],[-76.322,38.6894],[-76.3258,38.6775],[-76.3413,38.6732],[-76.3463,38.6899],[-76.3436,38.7142],[-76.3403,38.7284],[-76.3312,38.7459],[-76.3116,38.8043],[-76.3065,38.8144],[-76.3047,38.8227],[-76.2773,38.8409],[-76.2603,38.858],[-76.2532,38.855],[-76.2596,38.8392],[-76.2393,38.8221],[-76.221,38.8153],[-76.2124,38.8076],[-76.2121,38.7882],[-76.1984,38.7762],[-76.1836,38.7644],[-76.1731,38.7566],[-76.1439,38.7681],[-76.1315,38.7729],[-76.1175,38.7851],[-76.109,38.8007],[-76.1129,38.8166],[-76.1263,38.8007],[-76.1468,38.7904],[-76.177,38.7856],[-76.1944,38.8139],[-76.1882,38.8467],[-76.157,38.8601],[-76.1271,38.866],[-76.1061,38.878],[-76.1479,38.8915],[-76.1544,38.8953],[-76.1473,38.9159],[-76.1483,38.925],[-76.1613,38.9264],[-76.1644,38.9206],[-76.1718,38.8969],[-76.1784,38.8917],[-76.1979,38.8785],[-76.1951,38.9122],[-76.1928,38.9283],[-76.1969,38.9356],[-76.208,38.944],[-76.2299,38.9523],[-76.2433,38.9506],[-76.2472,38.9512],[-76.2554,38.9438],[-76.2628,38.9354],[-76.2637,38.9326],[-76.2738,38.9279],[-76.2805,38.9267],[-76.3113,38.9246],[-76.3193,38.9227],[-76.3288,38.9165],[-76.3319,38.907],[-76.332,38.8955],[-76.3271,38.881],[-76.3284,38.8652],[-76.3469,38.8565],[-76.3592,38.8466],[-76.3747,38.8416],[-76.3663,38.8963],[-76.3563,38.9486],[-76.3389,38.9776],[-76.3358,38.985],[-76.3221,39.0064],[-76.3153,39.0294],[-76.3064,39.0313],[-76.295,39.0277],[-76.2933,39.0088],[-76.2851,38.9894],[-76.2444,38.9789],[-76.2162,38.9743],[-76.1976,38.9793],[-76.1679,38.9963],[-76.151,39.0091],[-76.147,39.0295],[-76.1549,39.0337],[-76.1609,39.0397],[-76.1652,39.0475],[-76.1681,39.0567],[-76.1446,39.0601],[-76.1334,39.0629],[-76.1409,39.0698],[-76.1217,39.0925],[-76.0772,39.1284],[-76.0651,39.1461],[-76.0878,39.1387],[-76.109,39.1259],[-76.1305,39.1178],[-76.1544,39.1244],[-76.1409,39.1318],[-76.1409,39.1387],[-76.1751,39.1241],[-76.1851,39.0942],[-76.2039,39.0802],[-76.2125,39.0518],[-76.2076,39.0298],[-76.2042,39.0145],[-76.2172,39.0131],[-76.2349,39.0248],[-76.2426,39.0333],[-76.2311,39.0583],[-76.2357,39.0982],[-76.243,39.1158],[-76.2426,39.1268],[-76.2514,39.1326],[-76.2727,39.1516],[-76.2726,39.168],[-76.2559,39.1885],[-76.2341,39.2304],[-76.2128,39.262],[-76.1806,39.2881],[-76.1786,39.3078],[-76.175,39.3162],[-76.1649,39.3233],[-76.1429,39.3266],[-76.1334,39.3305],[-76.1278,39.3385],[-76.12,39.3602],[-76.1166,39.3647],[-76.1054,39.372],[-76.0596,39.3696],[-76.0279,39.3624],[-75.9996,39.3622],[-75.9315,39.365],[-75.8857,39.3625],[-75.8601,39.3618],[-75.8392,39.3715],[-75.864,39.3796],[-75.9047,39.3743],[-76.0066,39.3805],[-76.0343,39.3929],[-76.0139,39.4162],[-75.9739,39.4508],[-75.952,39.4658],[-75.9347,39.4745],[-75.9125,39.4764],[-75.8661,39.4643],[-75.8392,39.4608],[-75.8392,39.467],[-75.8688,39.4807],[-75.884,39.4923],[-75.8938,39.5086],[-75.8691,39.5195],[-75.8513,39.5384],[-75.8393,39.5615],[-75.8317,39.5844],[-75.856,39.5774],[-75.8734,39.5629],[-75.8892,39.5455],[-75.9049,39.5215],[-75.9661,39.4817],[-76.0007,39.4528],[-75.9997,39.4855],[-75.9906,39.5045],[-75.9655,39.5329],[-75.9547,39.5481],[-75.9468,39.5654],[-75.9347,39.6042],[-75.951,39.601],[-75.9626,39.5908],[-75.9792,39.5673],[-76.0083,39.5487],[-76.0382,39.5566],[-76.0648,39.5556],[-76.083,39.5578],[-76.0924,39.5502],[-76.1204,39.4949],[-76.1097,39.485],[-76.0731,39.4751],[-76.0651,39.4708],[-76.0675,39.4578],[-76.0741,39.4488],[-76.1224,39.411],[-76.1837,39.383],[-76.2097,39.3647],[-76.2259,39.3778],[-76.2296,39.3975],[-76.2228,39.4403],[-76.2161,39.4594],[-76.2158,39.4676],[-76.2228,39.4745],[-76.2325,39.4745],[-76.2401,39.467],[-76.2468,39.4582],[-76.2532,39.454],[-76.2668,39.3789],[-76.2527,39.3615],[-76.2452,39.3496],[-76.2467,39.3441],[-76.254,39.3401],[-76.2842,39.3106],[-76.2917,39.3571],[-76.3115,39.4028],[-76.3252,39.4077],[-76.4015,39.3925],[-76.3856,39.3823],[-76.3581,39.3771],[-76.3367,39.3692],[-76.3389,39.351],[-76.3326,39.351],[-76.3417,39.3405],[-76.3516,39.3382],[-76.3624,39.3372],[-76.3736,39.3305],[-76.3665,39.3173],[-76.3691,39.3132],[-76.4245,39.3237],[-76.4308,39.3181],[-76.4235,39.3056],[-76.3905,39.2716],[-76.3912,39.2649],[-76.4015,39.256],[-76.4169,39.264],[-76.4259,39.2737],[-76.4425,39.2969],[-76.4507,39.3021],[-76.4835,39.3106],[-76.4678,39.2829],[-76.4477,39.2567],[-76.4215,39.2383],[-76.3969,39.238],[-76.4028,39.2278],[-76.432,39.2059],[-76.4492,39.195],[-76.4486,39.2084],[-76.4452,39.2179],[-76.4553,39.2202],[-76.463,39.2138],[-76.4695,39.2075],[-76.4825,39.2074],[-76.4973,39.2086],[-76.4925,39.2275],[-76.5083,39.236],[-76.532,39.2458],[-76.5646,39.265],[-76.5708,39.2736],[-76.5812,39.2673],[-76.5911,39.2635],[-76.6166,39.2622],[-76.6232,39.2597],[-76.6105,39.2545],[-76.6026,39.2483],[-76.5858,39.2485],[-76.5703,39.2447],[-76.5639,39.2313],[-76.5636,39.2158],[-76.5365,39.2114],[-76.5303,39.2034],[-76.5283,39.1913],[-76.5247,39.1847],[-76.5176,39.1767],[-76.5,39.1649],[-76.4938,39.1615],[-76.48,39.167],[-76.4693,39.155],[-76.441,39.1352],[-76.4333,39.1312],[-76.4302,39.1063],[-76.4195,39.0896],[-76.4253,39.0741],[-76.433,39.0672],[-76.4436,39.0765],[-76.4433,39.0887],[-76.4559,39.0907],[-76.4691,39.0834],[-76.4784,39.0808],[-76.4974,39.0786],[-76.5132,39.0865],[-76.5193,39.0857],[-76.5165,39.0756],[-76.4998,39.0684],[-76.4763,39.064],[-76.4291,39.0457],[-76.4099,39.0378],[-76.3942,39.0246],[-76.3985,39.0144],[-76.4152,39.01],[-76.4387,39.009],[-76.446,39.0052],[-76.4556,38.9887],[-76.4727,38.9951],[-76.5119,39.022],[-76.5246,39.0454],[-76.5396,39.0641],[-76.5517,39.0772],[-76.5635,39.0743],[-76.5692,39.0664],[-76.5685,39.0561],[-76.5712,39.0386],[-76.5616,39.0361],[-76.5433,39.0316],[-76.531,39.0216],[-76.5125,39.0057],[-76.4862,38.9865],[-76.4764,38.9752],[-76.4699,38.9537],[-76.4524,38.9439],[-76.4652,38.9329],[-76.4596,38.9121],[-76.5014,38.9271],[-76.5253,38.9511],[-76.5575,38.9587],[-76.5686,38.9525],[-76.5349,38.9376],[-76.5244,38.9264],[-76.5124,38.9129],[-76.4931,38.8989],[-76.4962,38.8801],[-76.5074,38.8793],[-76.5214,38.8872],[-76.5375,38.8917],[-76.5365,38.8874],[-76.5353,38.8845],[-76.5306,38.878],[-76.5237,38.8703],[-76.527,38.8615],[-76.539,38.8566],[-76.5317,38.8392],[-76.5223,38.8427],[-76.5059,38.8443],[-76.4929,38.8444],[-76.4943,38.8255],[-76.5038,38.8076],[-76.5307,38.7833],[-76.5517,38.7756],[-76.5503,38.7551],[-76.5389,38.7377],[-76.5215,38.7249],[-76.5271,38.7026],[-76.5295,38.6758],[-76.5216,38.6502],[-76.5091,38.6281],[-76.5122,38.5715],[-76.512,38.5277],[-76.4955,38.496],[-76.4355,38.4382],[-76.414,38.4123],[-76.3961,38.3913],[-76.3819,38.3846],[-76.3928,38.3536],[-76.4194,38.3217],[-76.4536,38.3241],[-76.4713,38.3355],[-76.4691,38.3641],[-76.4739,38.3733],[-76.475,38.3796],[-76.4767,38.3852],[-76.4835,38.392],[-76.5001,38.4001],[-76.5113,38.404],[-76.5428,38.4096],[-76.5616,38.4242],[-76.6025,38.4443],[-76.6365,38.4742],[-76.6477,38.5057],[-76.6718,38.6544],[-76.6815,38.6794],[-76.6841,38.6726],[-76.6829,38.6647],[-76.6842,38.6533],[-76.6788,38.5804],[-76.6747,38.5584],[-76.6752,38.5353],[-76.6759,38.5094],[-76.6736,38.4861],[-76.6571,38.4505],[-76.6197,38.4233],[-76.5858,38.3989],[-76.5213,38.3742],[-76.5107,38.3678],[-76.5061,38.3496],[-76.4938,38.3298],[-76.4764,38.3129],[-76.4506,38.2931],[-76.4323,38.294],[-76.4246,38.3017],[-76.4064,38.3083],[-76.3858,38.3063],[-76.3734,38.2989],[-76.3871,38.283],[-76.3965,38.2671],[-76.3933,38.246],[-76.3873,38.227],[-76.3805,38.2194],[-76.3601,38.1947],[-76.3341,38.1634],[-76.3205,38.1388],[-76.3308,38.1291],[-76.3403,38.1207],[-76.3326,38.0903],[-76.328,38.0761],[-76.3261,38.0638],[-76.3239,38.0438],[-76.3363,38.0534],[-76.3513,38.0574],[-76.3959,38.103],[-76.4153,38.1083],[-76.4341,38.1321],[-76.4267,38.159],[-76.4336,38.1903],[-76.4561,38.207],[-76.4552,38.1979],[-76.4499,38.1828],[-76.4487,38.176],[-76.4509,38.1662],[-76.4558,38.1583],[-76.4608,38.1523],[-76.4689,38.1391],[-76.4822,38.1461],[-76.5039,38.166],[-76.5101,38.1401],[-76.5172,38.1318],[-76.5306,38.1387],[-76.5324,38.1474],[-76.5403,38.1598],[-76.5478,38.1837],[-76.563,38.1986],[-76.5877,38.2106],[-76.6167,38.2233],[-76.6438,38.225],[-76.6781,38.2348],[-76.6974,38.238],[-76.7547,38.2276],[-76.7776,38.2376],[-76.8042,38.2536],[-76.801,38.2763],[-76.8086,38.2897],[-76.8118,38.2992],[-76.8156,38.3363],[-76.8276,38.3629],[-76.849,38.3825],[-76.8807,38.3989],[-76.8559,38.3552],[-76.8461,38.3309],[-76.8391,38.3026],[-76.8392,38.2572],[-76.8658,38.2719],[-76.8957,38.2824],[-76.9222,38.2916],[-76.9236,38.3149],[-76.9485,38.3309],[-76.9734,38.3443],[-76.9867,38.3707],[-77.014,38.4416],[-77.0216,38.4614],[-77.0316,38.4814],[-77.0324,38.4716],[-77.0349,38.4627],[-77.0389,38.4543],[-77.0445,38.4466],[-77.0601,38.4285],[-77.0732,38.4208],[-77.0946,38.4087],[-77.1052,38.4113],[-77.1036,38.4345],[-77.1053,38.4455],[-77.0998,38.4534],[-77.0998,38.4609],[-77.1032,38.4631],[-77.1044,38.4641],[-77.1051,38.4652],[-77.1072,38.4677],[-77.1208,38.4615],[-77.1339,38.4534],[-77.1272,38.45],[-77.123,38.446],[-77.1134,38.4329],[-77.1339,38.3989],[-77.1453,38.3887],[-77.1678,38.3809],[-77.1783,38.3746],[-77.2037,38.3643],[-77.2319,38.3741],[-77.2553,38.3935],[-77.2623,38.4249],[-77.2579,38.4511],[-77.2664,38.4728],[-77.267,38.4941],[-77.257,38.5114],[-77.2478,38.5232],[-77.2388,38.5377],[-77.2275,38.5569],[-77.2091,38.5557],[-77.1864,38.5568],[-77.1681,38.577],[-77.1756,38.5783],[-77.1894,38.5691],[-77.2059,38.5661],[-77.2044,38.575],[-77.1935,38.5916],[-77.1844,38.605],[-77.1789,38.6076],[-77.1726,38.6095],[-77.1649,38.6148],[-77.1583,38.6165],[-77.1363,38.6155],[-77.1265,38.6179],[-77.121,38.6238],[-77.1148,38.6409],[-77.1061,38.6571],[-77.1024,38.6739],[-77.0963,38.6828],[-77.0887,38.6892],[-77.0808,38.694],[-77.0619,38.6974],[-77.0456,38.7007],[-77.0373,38.6962],[-77.0219,38.6955],[-77.0125,38.6974],[-77.0156,38.7006],[-77.0241,38.6998],[-77.0307,38.7033],[-77.0347,38.7083],[-77.0302,38.7157],[-77.0297,38.7314],[-77.0247,38.7408],[-77.0184,38.744],[-77.0112,38.7438],[-77.0117,38.7472],[-77.0195,38.7517],[-77.0243,38.7547],[-77.0281,38.7653],[-77.0262,38.7764],[-77.0212,38.7828],[-77.018,38.7906],[-77.0211,38.7959],[-77.0229,38.8028],[-76.9683,38.8462],[-76.9093,38.893],[-76.9805,38.9484],[-77.0419,38.9961],[-77.0791,38.9665],[-77.1198,38.9341],[-77.1324,38.9506],[-77.1465,38.9647],[-77.172,38.9696],[-77.2054,38.979],[-77.2197,38.9811],[-77.2335,38.9866],[-77.2402,38.9998],[-77.2443,39.0158],[-77.2504,39.0295],[-77.2723,39.0478],[-77.3,39.0596],[-77.3,39.7215],[-77.2849,39.7215],[-77.1695,39.7215],[-77.054,39.7214],[-76.9386,39.7214],[-76.8233,39.7214],[-76.7079,39.7214],[-76.5924,39.7214],[-76.4771,39.7214],[-76.3617,39.7213],[-76.2463,39.7213],[-76.1309,39.7213],[-76.0154,39.7213],[-75.9001,39.7213],[-75.7886,39.7213],[-75.7885,39.6474],[-75.7815,39.574],[-75.7772,39.5001],[-75.7707,39.424],[-75.764,39.3549],[-75.7596,39.2816],[-75.7536,39.2122],[-75.7472,39.1354],[-75.7412,39.0616],[-75.7347,38.9894],[-75.7298,38.914],[-75.7239,38.8415],[-75.718,38.7709],[-75.7122,38.6979],[-75.7066,38.6213],[-75.701,38.5545],[-75.6982,38.5016],[-75.6937,38.4604],[-75.6303,38.4573],[-75.5554,38.4556],[-75.4747,38.4537],[-75.3967,38.4536],[-75.3188,38.4535],[-75.2409,38.4534],[-75.163,38.4533],[-75.1088,38.4535],[-75.0839,38.4536],[-75.0829,38.4475],[-75.0899,38.4322],[-75.102,38.4385],[-75.1182,38.4375],[-75.098,38.4079],[-75.104,38.3952],[-75.1121,38.3995],[-75.1276,38.4058],[-75.1478,38.4137],[-75.1654,38.4169],[-75.1795,38.4084],[-75.1398,38.3995],[-75.1323,38.3942],[-75.1334,38.3852],[-75.1334,38.3777],[-75.126,38.3777],[-75.126,38.3715],[-75.1306,38.3693],[-75.1354,38.366],[-75.1396,38.3641],[-75.1255,38.3603],[-75.1121,38.3625],[-75.1007,38.3621],[-75.0924,38.351],[-75.0942,38.3354],[-75.1044,38.3162],[-75.118,38.2982],[-75.1298,38.2855],[-75.1543,38.2409],[-75.1639,38.2337],[-75.1975,38.2326],[-75.2007,38.2403],[-75.1874,38.2617],[-75.22,38.2476],[-75.2331,38.239],[-75.2427,38.227],[-75.2572,38.1682],[-75.2669,38.1592],[-75.2717,38.1523],[-75.2833,38.1206],[-75.2904,38.1108],[-75.2974,38.1108],[-75.3159,38.1169],[-75.3253,38.117],[-75.3339,38.1116],[-75.3502,38.0941],[-75.356,38.0903],[-75.3512,38.0821],[-75.373,38.032],[-75.3752,38.0238],[-75.3774,38.0152],[-75.3779,38.0152],[-75.3934,38.0137],[-75.4215,38.0118],[-75.4603,38.0089],[-75.5054,38.0045],[-75.548,38.0011],[-75.5911,37.9972],[-75.6163,37.9958],[-75.6236,37.9943],[-75.6317,37.9837],[-75.6416,37.9748],[-75.6479,37.9657],[-75.6537,37.968]]],[[[-75.0441,38.4534],[-75.0447,38.425],[-75.0511,38.3878],[-75.067,38.3535],[-75.0788,38.3367],[-75.0758,38.3663],[-75.0592,38.4228],[-75.0577,38.4534],[-75.044,38.4538],[-75.0441,38.4534]]],[[[-76.0102,37.9607],[-76.0214,37.9611],[-76.0186,37.9545],[-76.0331,37.9547],[-76.0441,37.9544],[-76.0451,37.9654],[-76.0453,37.9801],[-76.0514,37.9941],[-76.0461,37.9994],[-76.0306,37.9998],[-76.0136,37.9916],[-76.003,38.001],[-76.0135,38.0105],[-76.0395,38.0211],[-76.0403,38.0292],[-76.0291,38.0337],[-76.0174,38.0387],[-76.0105,38.0358],[-76.0054,38.0265],[-75.9872,38.0188],[-75.9813,37.9928],[-75.9898,37.9732],[-75.9938,37.9541],[-76.007,37.9543],[-76.0102,37.9607]]],[[[-76.0628,38.1589],[-76.0836,38.1607],[-76.079,38.1828],[-76.0645,38.1945],[-76.0486,38.2004],[-76.0362,38.1899],[-76.0238,38.1785],[-76.0298,38.1659],[-76.0259,38.1534],[-76.0332,38.1486],[-76.0628,38.1589]]],[[[-75.2545,38.0309],[-75.2506,38.0369],[-75.2296,38.0699],[-75.1998,38.1038],[-75.1949,38.114],[-75.1903,38.1427],[-75.1793,38.1682],[-75.1533,38.207],[-75.1144,38.2802],[-75.0987,38.3026],[-75.0924,38.3026],[-75.1027,38.2731],[-75.1387,38.2188],[-75.1712,38.1483],[-75.1897,38.0898],[-75.2289,38.0475],[-75.2341,38.0386],[-75.2433,38.0247],[-75.263,38.0226],[-75.2545,38.0309]]]]}},{"type":"Feature","properties":{"name":"Delaware","postal":"DE"},"geometry":{"type":"Polygon","coordinates":[[[-75.0627,38.4573],[-75.0686,38.4599],[-75.0758,38.461],[-75.085,38.4609],[-75.0839,38.4536],[-75.1088,38.4535],[-75.163,38.4533],[-75.2409,38.4534],[-75.3188,38.4535],[-75.3967,38.4536],[-75.4747,38.4537],[-75.5554,38.4556],[-75.6303,38.4573],[-75.6937,38.4604],[-75.6982,38.5016],[-75.701,38.5545],[-75.7066,38.6213],[-75.7122,38.6979],[-75.718,38.7709],[-75.7239,38.8415],[-75.7298,38.914],[-75.7347,38.9894],[-75.7412,39.0616],[-75.7472,39.1354],[-75.7536,39.2122],[-75.7596,39.2816],[-75.764,39.3549],[-75.7707,39.424],[-75.7772,39.5001],[-75.7815,39.574],[-75.7885,39.6474],[-75.7886,39.7213],[-75.7847,39.7213],[-75.777,39.721],[-75.7753,39.7226],[-75.7585,39.7518],[-75.7311,39.7823],[-75.7022,39.8018],[-75.6779,39.8152],[-75.6521,39.8253],[-75.6302,39.8308],[-75.6013,39.8378],[-75.5731,39.8386],[-75.5293,39.8378],[-75.4949,39.8332],[-75.4699,39.8253],[-75.4464,39.8167],[-75.4315,39.811],[-75.4252,39.8071],[-75.4245,39.8066],[-75.4276,39.8034],[-75.463,39.7846],[-75.4767,39.7721],[-75.4877,39.7317],[-75.5007,39.7143],[-75.5458,39.6702],[-75.5511,39.6662],[-75.5868,39.656],[-75.5922,39.6492],[-75.5952,39.6385],[-75.6011,39.6273],[-75.6052,39.6167],[-75.6027,39.6079],[-75.574,39.5856],[-75.5655,39.5769],[-75.5558,39.5593],[-75.5546,39.5412],[-75.5612,39.523],[-75.5751,39.5052],[-75.5836,39.4833],[-75.5879,39.4628],[-75.5689,39.4404],[-75.5528,39.4258],[-75.5279,39.4034],[-75.4908,39.3535],[-75.4885,39.3473],[-75.4824,39.3447],[-75.4592,39.3283],[-75.4344,39.3149],[-75.4285,39.2913],[-75.4077,39.2702],[-75.398,39.2493],[-75.3942,39.2246],[-75.4048,39.1722],[-75.4061,39.152],[-75.4046,39.1306],[-75.4016,39.1172],[-75.3974,39.1026],[-75.4014,39.0783],[-75.3938,39.0556],[-75.3692,39.0403],[-75.3426,39.0202],[-75.3148,38.9841],[-75.3111,38.968],[-75.3111,38.9495],[-75.3103,38.9278],[-75.2966,38.9131],[-75.2444,38.8598],[-75.1955,38.8155],[-75.1663,38.7944],[-75.1304,38.7828],[-75.0999,38.788],[-75.0959,38.7976],[-75.0993,38.8055],[-75.0925,38.8076],[-75.0843,38.796],[-75.0661,38.678],[-75.0648,38.6326],[-75.0718,38.6383],[-75.0776,38.6865],[-75.0864,38.6933],[-75.1209,38.6838],[-75.1392,38.6881],[-75.1198,38.6589],[-75.1339,38.6604],[-75.1394,38.6621],[-75.1459,38.6615],[-75.1472,38.6601],[-75.15,38.6598],[-75.1533,38.6589],[-75.1426,38.6505],[-75.1304,38.6431],[-75.1161,38.6384],[-75.0987,38.6384],[-75.1214,38.6213],[-75.1901,38.6067],[-75.2079,38.59],[-75.1874,38.59],[-75.1915,38.5827],[-75.1964,38.5769],[-75.202,38.5725],[-75.2079,38.5695],[-75.1918,38.567],[-75.1522,38.5884],[-75.126,38.59],[-75.1196,38.5843],[-75.1117,38.5742],[-75.1033,38.5659],[-75.0956,38.5664],[-75.0752,38.5865],[-75.0696,38.5935],[-75.0692,38.6083],[-75.0653,38.6149],[-75.0601,38.6125],[-75.0587,38.6051],[-75.0567,38.5867],[-75.0577,38.5527],[-75.0528,38.5273],[-75.05,38.499],[-75.0473,38.4757],[-75.044,38.4538],[-75.0577,38.4534],[-75.0581,38.4537],[-75.0627,38.4573]]]}},{"type":"Feature","properties":{"name":"New Jersey","postal":"NJ"},"geometry":{"type":"MultiPolygon","coordinates":[[[[-75.5373,39.5032],[-75.5316,39.4985],[-75.5238,39.4949],[-75.5216,39.5141],[-75.5104,39.5596],[-75.5137,39.5738],[-75.5475,39.6011],[-75.5582,39.6135],[-75.5574,39.6212],[-75.5354,39.6389],[-75.5165,39.6478],[-75.5102,39.6527],[-75.5072,39.6623],[-75.505,39.676],[-75.5011,39.6883],[-75.4875,39.6968],[-75.4831,39.7042],[-75.4767,39.7114],[-75.4652,39.7147],[-75.4634,39.7194],[-75.4618,39.7482],[-75.4402,39.777],[-75.4061,39.8029],[-75.3673,39.8238],[-75.3109,39.8432],[-75.2683,39.8508],[-75.2461,39.8519],[-75.2291,39.8546],[-75.1929,39.8675],[-75.1689,39.8727],[-75.1676,39.8735],[-75.1662,39.8734],[-75.1608,39.8786],[-75.1442,39.8749],[-75.1294,39.8839],[-75.1148,39.8972],[-75.0987,39.9064],[-75.1137,39.9221],[-75.1202,39.9407],[-75.116,39.9526],[-75.0987,39.9475],[-75.085,39.9611],[-75.0788,39.9536],[-75.0394,40.0026],[-75.0236,40.0163],[-74.9886,40.0292],[-74.9751,40.0363],[-74.9358,40.0703],[-74.9204,40.0779],[-74.8828,40.0872],[-74.8726,40.0909],[-74.8378,40.1149],[-74.8283,40.1189],[-74.8031,40.1216],[-74.7699,40.1298],[-74.741,40.1437],[-74.7286,40.1632],[-74.7394,40.1849],[-74.7647,40.2063],[-74.818,40.2417],[-74.8492,40.2713],[-74.8831,40.3081],[-74.8863,40.314],[-74.8955,40.3234],[-74.9477,40.359],[-74.9615,40.3976],[-74.9745,40.4146],[-75.0137,40.4033],[-75.0359,40.4152],[-75.0543,40.4354],[-75.0644,40.454],[-75.0716,40.5319],[-75.0888,40.5583],[-75.1395,40.5707],[-75.1696,40.5663],[-75.1822,40.5704],[-75.1897,40.5982],[-75.1939,40.6087],[-75.1957,40.6191],[-75.1911,40.6291],[-75.1948,40.6607],[-75.194,40.6705],[-75.1909,40.6779],[-75.1948,40.688],[-75.1982,40.7005],[-75.1942,40.714],[-75.1805,40.7426],[-75.1835,40.7432],[-75.1874,40.7503],[-75.1887,40.7585],[-75.1839,40.7625],[-75.1765,40.7658],[-75.1697,40.7736],[-75.1607,40.7904],[-75.1423,40.784],[-75.1219,40.7857],[-75.1054,40.7956],[-75.0986,40.814],[-75.0934,40.8381],[-75.0814,40.8477],[-75.0677,40.8551],[-75.0576,40.8723],[-75.0612,40.8915],[-75.0757,40.9087],[-75.0913,40.9223],[-75.0986,40.9307],[-75.1002,40.9366],[-75.1045,40.9398],[-75.1102,40.941],[-75.1163,40.9412],[-75.12,40.9428],[-75.1199,40.9464],[-75.1188,40.9509],[-75.1197,40.9549],[-75.1313,40.9672],[-75.1373,40.9752],[-75.1395,40.9822],[-75.1288,40.9981],[-75.1064,41.0137],[-75.0827,41.0258],[-75.0678,41.0306],[-75.0457,41.0352],[-75.027,41.0468],[-74.9862,41.086],[-74.9824,41.0872],[-74.9821,41.0897],[-74.9825,41.102],[-74.9783,41.1068],[-74.9687,41.1125],[-74.9582,41.1174],[-74.9511,41.1194],[-74.9382,41.1276],[-74.8863,41.1808],[-74.8626,41.2248],[-74.8529,41.2526],[-74.8521,41.2596],[-74.8447,41.273],[-74.7907,41.3112],[-74.7886,41.314],[-74.7832,41.3238],[-74.7801,41.3279],[-74.7751,41.3307],[-74.7644,41.3317],[-74.7509,41.3408],[-74.7406,41.3437],[-74.7184,41.3447],[-74.6986,41.3545],[-74.699,41.3563],[-74.6,41.3106],[-74.501,41.2649],[-74.402,41.2192],[-74.303,41.1735],[-74.204,41.1278],[-74.105,41.0821],[-74.006,41.0365],[-73.9071,40.9908],[-73.9077,40.9719],[-73.9181,40.9315],[-73.9547,40.8586],[-73.9919,40.7985],[-74.0063,40.7806],[-74.0143,40.7658],[-74.0186,40.7517],[-74.0209,40.7421],[-74.028,40.7279],[-74.0319,40.7142],[-74.0481,40.7006],[-74.071,40.6872],[-74.0893,40.6693],[-74.096,40.6548],[-74.1107,40.6504],[-74.131,40.6452],[-74.1421,40.6463],[-74.139,40.6578],[-74.1056,40.7052],[-74.1124,40.7179],[-74.126,40.7032],[-74.1333,40.6912],[-74.1422,40.6761],[-74.15,40.6642],[-74.1608,40.6625],[-74.1791,40.6535],[-74.1903,40.6494],[-74.2096,40.6342],[-74.2153,40.5917],[-74.2217,40.5721],[-74.233,40.5665],[-74.249,40.563],[-74.2605,40.5518],[-74.2599,40.5367],[-74.2639,40.5133],[-74.2696,40.5049],[-74.2827,40.4973],[-74.2695,40.4831],[-74.2563,40.46],[-74.2219,40.4519],[-74.2059,40.4429],[-74.1971,40.4409],[-74.1459,40.4477],[-74.1199,40.4453],[-74.0323,40.4216],[-73.993,40.4024],[-73.988,40.4078],[-73.9953,40.4219],[-73.9982,40.4411],[-74.0182,40.4805],[-73.9896,40.4682],[-73.9792,40.4493],[-73.9757,40.4293],[-73.9709,40.3947],[-73.9724,40.3276],[-73.9799,40.2802],[-73.9921,40.2269],[-74.0108,40.1676],[-74.0182,40.1409],[-74.0256,40.111],[-74.0306,40.0793],[-74.0367,40.0486],[-74.0404,40.0281],[-74.0466,39.9973],[-74.0588,39.9545],[-74.0625,39.9331],[-74.0674,39.9033],[-74.0723,39.8754],[-74.093,39.7763],[-74.1004,39.7832],[-74.0807,39.9229],[-74.0722,39.973],[-74.066,39.9926],[-74.0575,40.0121],[-74.0513,40.0354],[-74.0503,40.055],[-74.0607,40.0622],[-74.0805,40.0513],[-74.0781,40.0438],[-74.0671,40.0419],[-74.0635,40.0308],[-74.0757,40.0252],[-74.083,40.0112],[-74.1037,40.014],[-74.1095,40.0028],[-74.1221,39.9973],[-74.1261,39.9816],[-74.1058,39.9855],[-74.1023,39.9709],[-74.1124,39.9497],[-74.1329,39.9338],[-74.1136,39.9311],[-74.11,39.9217],[-74.127,39.9059],[-74.1368,39.891],[-74.132,39.8723],[-74.1259,39.8556],[-74.1273,39.8485],[-74.1459,39.8308],[-74.1659,39.8066],[-74.1865,39.7721],[-74.1902,39.7442],[-74.1633,39.7352],[-74.1611,39.7209],[-74.166,39.7041],[-74.1676,39.6994],[-74.1818,39.692],[-74.1988,39.6761],[-74.2109,39.651],[-74.2436,39.6435],[-74.2521,39.6314],[-74.2475,39.6214],[-74.2564,39.6116],[-74.2764,39.6071],[-74.2909,39.6052],[-74.3067,39.5949],[-74.3285,39.5762],[-74.3297,39.5622],[-74.3035,39.5417],[-74.2902,39.5231],[-74.2974,39.5086],[-74.3109,39.5067],[-74.3163,39.5146],[-74.3182,39.5246],[-74.3213,39.5297],[-74.3588,39.5502],[-74.3736,39.5434],[-74.3868,39.5444],[-74.398,39.55],[-74.4072,39.557],[-74.4065,39.5201],[-74.4013,39.5024],[-74.3893,39.4949],[-74.3801,39.4875],[-74.3837,39.4711],[-74.3964,39.4472],[-74.4112,39.4502],[-74.4221,39.4551],[-74.433,39.4562],[-74.4481,39.4472],[-74.4549,39.439],[-74.4621,39.4264],[-74.4675,39.4121],[-74.4687,39.3994],[-74.4503,39.4064],[-74.4344,39.395],[-74.4218,39.3752],[-74.4134,39.3571],[-74.4444,39.3471],[-74.5028,39.3182],[-74.5301,39.3106],[-74.5301,39.3162],[-74.5211,39.3304],[-74.5089,39.3435],[-74.4818,39.3647],[-74.5096,39.3789],[-74.5423,39.3473],[-74.5552,39.3293],[-74.5506,39.3162],[-74.5506,39.3106],[-74.6145,39.3124],[-74.6421,39.3067],[-74.6605,39.2895],[-74.6426,39.289],[-74.6295,39.2844],[-74.6182,39.2788],[-74.6052,39.2752],[-74.5506,39.2895],[-74.5506,39.2827],[-74.579,39.2678],[-74.6208,39.2232],[-74.6431,39.2138],[-74.6544,39.2014],[-74.7015,39.1244],[-74.7118,39.131],[-74.7228,39.1318],[-74.7333,39.1274],[-74.7424,39.1181],[-74.7375,39.1177],[-74.7367,39.1168],[-74.737,39.1147],[-74.7356,39.1114],[-74.7253,39.116],[-74.7164,39.1149],[-74.7102,39.1088],[-74.7083,39.0977],[-74.7137,39.0911],[-74.7372,39.0703],[-74.7457,39.0545],[-74.7538,39.0488],[-74.7641,39.0443],[-74.7881,39.039],[-74.7894,39.0312],[-74.7853,39.022],[-74.7834,39.0151],[-74.8033,38.9876],[-74.8361,38.9634],[-74.8751,38.9445],[-74.9331,38.9263],[-74.9442,38.9244],[-74.9547,38.9264],[-74.9676,38.9358],[-74.9693,38.946],[-74.9651,38.957],[-74.9618,38.9693],[-74.9568,38.9881],[-74.9526,39.0075],[-74.9443,39.0247],[-74.8944,39.1076],[-74.8873,39.1468],[-74.9063,39.1796],[-74.9222,39.1885],[-74.9386,39.1925],[-74.9789,39.1933],[-74.9864,39.1923],[-75.0037,39.1881],[-75.0131,39.1871],[-75.0222,39.1893],[-75.0234,39.1949],[-75.0229,39.2025],[-75.0267,39.2107],[-75.0403,39.2145],[-75.0611,39.2135],[-75.0924,39.2076],[-75.1066,39.2001],[-75.1172,39.1928],[-75.1289,39.1877],[-75.1465,39.1871],[-75.145,39.1915],[-75.1593,39.1986],[-75.167,39.2076],[-75.1688,39.216],[-75.1656,39.2283],[-75.167,39.2343],[-75.1758,39.242],[-75.2117,39.2644],[-75.2259,39.269],[-75.2342,39.2734],[-75.2421,39.2926],[-75.2495,39.2969],[-75.2874,39.2969],[-75.3036,39.3033],[-75.3132,39.3178],[-75.3209,39.3337],[-75.3314,39.3441],[-75.3406,39.345],[-75.3482,39.342],[-75.3545,39.3386],[-75.3594,39.3379],[-75.3672,39.3426],[-75.3719,39.3477],[-75.3756,39.3527],[-75.4777,39.4409],[-75.5082,39.4573],[-75.5316,39.478],[-75.5413,39.5089],[-75.5373,39.5032]]],[[[-74.3675,39.465],[-74.3516,39.4702],[-74.3021,39.4647],[-74.3049,39.4598],[-74.3133,39.4551],[-74.3179,39.454],[-74.3309,39.4261],[-74.3592,39.4016],[-74.3934,39.3891],[-74.4255,39.3937],[-74.4481,39.4199],[-74.4309,39.4254],[-74.4217,39.4169],[-74.4136,39.4048],[-74.3998,39.3994],[-74.3866,39.4065],[-74.3717,39.4366],[-74.3588,39.4472],[-74.3675,39.465]]],[[[-74.1183,39.738],[-74.1095,39.7489],[-74.0981,39.7557],[-74.1058,39.7292],[-74.1297,39.7013],[-74.1479,39.6659],[-74.1843,39.6156],[-74.2316,39.553],[-74.2564,39.5222],[-74.2558,39.5297],[-74.2545,39.5346],[-74.2546,39.5474],[-74.2401,39.5754],[-74.16,39.6855],[-74.1329,39.7147],[-74.1183,39.738]]]]}},{"type":"Feature","properties":{"name":"Connecticut","postal":"CT"},"geometry":{"type":"Polygon","coordinates":[[[-73.6429,41.0011],[-73.6475,41.0123],[-73.6504,41.0191],[-73.6554,41.0278],[-73.6587,41.031],[-73.661,41.0326],[-73.6656,41.0351],[-73.6689,41.038],[-73.6935,41.0675],[-73.7174,41.0963],[-73.723,41.1035],[-73.7089,41.1106],[-73.6648,41.1314],[-73.6093,41.1574],[-73.5487,41.186],[-73.5,41.2088],[-73.4841,41.2179],[-73.4991,41.2344],[-73.5122,41.2517],[-73.5262,41.2703],[-73.5447,41.2949],[-73.543,41.3139],[-73.5391,41.3602],[-73.5352,41.4065],[-73.5313,41.4528],[-73.5274,41.4991],[-73.5235,41.5453],[-73.5195,41.5917],[-73.5157,41.6379],[-73.5118,41.6842],[-73.5079,41.7305],[-73.504,41.7768],[-73.5001,41.8231],[-73.4962,41.8694],[-73.4922,41.9157],[-73.4883,41.962],[-73.4844,42.0082],[-73.4805,42.0545],[-73.3588,42.051],[-73.2369,42.0476],[-73.1151,42.044],[-72.9933,42.0406],[-72.9258,42.0387],[-72.8617,42.0368],[-72.8076,42.033],[-72.8064,42.007],[-72.7633,42.0102],[-72.7576,42.033],[-72.6203,42.0315],[-72.597,42.0261],[-72.5842,42.0244],[-72.5757,42.0248],[-72.5574,42.0317],[-72.5068,42.031],[-72.359,42.0289],[-72.2112,42.0267],[-72.0635,42.0245],[-71.9158,42.0223],[-71.8016,42.0217],[-71.8008,42.0109],[-71.8002,41.9532],[-71.7996,41.8954],[-71.799,41.8377],[-71.7984,41.78],[-71.7978,41.7222],[-71.7972,41.6645],[-71.7966,41.6067],[-71.7961,41.549],[-71.7957,41.5189],[-71.7992,41.4775],[-71.8045,41.4157],[-71.8175,41.4131],[-71.8238,41.4052],[-71.8298,41.3917],[-71.8387,41.3412],[-71.845,41.3215],[-71.8599,41.3204],[-71.8604,41.3205],[-71.8565,41.3225],[-71.8624,41.3326],[-71.8721,41.3393],[-71.8854,41.3446],[-71.8981,41.3465],[-71.9632,41.3454],[-71.9729,41.3437],[-72.0362,41.3179],[-72.0834,41.352],[-72.0951,41.3461],[-72.1011,41.3225],[-72.1107,41.3111],[-72.1354,41.3121],[-72.168,41.3225],[-72.1943,41.3238],[-72.2001,41.2974],[-72.2269,41.3107],[-72.288,41.2829],[-72.3199,41.2937],[-72.327,41.2987],[-72.3411,41.3034],[-72.3472,41.3073],[-72.3504,41.3146],[-72.3478,41.3216],[-72.344,41.3293],[-72.3434,41.3384],[-72.3484,41.3483],[-72.3582,41.358],[-72.3727,41.3647],[-72.3918,41.3663],[-72.3802,41.3501],[-72.3636,41.3369],[-72.3544,41.3212],[-72.3646,41.2974],[-72.3549,41.2914],[-72.3509,41.29],[-72.3698,41.2766],[-72.3908,41.2778],[-72.4335,41.29],[-72.4526,41.2879],[-72.4751,41.2811],[-72.4953,41.2703],[-72.5079,41.2564],[-72.5133,41.2611],[-72.5169,41.2629],[-72.5195,41.265],[-72.5222,41.2702],[-72.5297,41.2702],[-72.5406,41.2637],[-72.5819,41.2788],[-72.6048,41.2838],[-72.6618,41.2741],[-72.6711,41.2675],[-72.6788,41.2605],[-72.6867,41.2564],[-72.6993,41.2566],[-72.7091,41.2606],[-72.7179,41.2659],[-72.7277,41.2702],[-72.7413,41.2722],[-72.7794,41.2702],[-72.7898,41.2673],[-72.806,41.2578],[-72.8133,41.2596],[-72.8265,41.2565],[-72.8429,41.2585],[-72.8561,41.2454],[-72.8924,41.245],[-72.8957,41.2556],[-72.8953,41.2659],[-72.9031,41.2772],[-72.9058,41.3005],[-72.91,41.3051],[-72.9189,41.2987],[-72.9274,41.2888],[-72.93,41.2838],[-72.9673,41.2564],[-72.9929,41.229],[-73.002,41.2217],[-73.0138,41.2067],[-73.0384,41.2052],[-73.0535,41.2117],[-73.0637,41.2048],[-73.0855,41.197],[-73.0945,41.1913],[-73.1037,41.1804],[-73.1074,41.1747],[-73.1106,41.1619],[-73.1085,41.1487],[-73.1342,41.1472],[-73.1551,41.1589],[-73.1643,41.1651],[-73.1701,41.1696],[-73.1841,41.1741],[-73.1843,41.1618],[-73.2089,41.1567],[-73.2158,41.163],[-73.2191,41.166],[-73.2211,41.1671],[-73.2252,41.1633],[-73.2242,41.1498],[-73.2279,41.1428],[-73.2338,41.1367],[-73.2445,41.128],[-73.2621,41.1202],[-73.2715,41.1176],[-73.2783,41.13],[-73.2865,41.1345],[-73.2936,41.1231],[-73.3019,41.117],[-73.316,41.1153],[-73.3324,41.1137],[-73.35,41.1068],[-73.3641,41.106],[-73.3719,41.102],[-73.3798,41.1002],[-73.4237,41.0777],[-73.4376,41.0731],[-73.4746,41.0548],[-73.4852,41.0539],[-73.5042,41.0426],[-73.5232,41.0215],[-73.5371,41.0313],[-73.5467,41.0289],[-73.5648,41.0189],[-73.59,41.0148],[-73.5969,41.0237],[-73.6039,41.0228],[-73.6111,41.0113],[-73.6194,41.0087],[-73.6346,41.0071],[-73.6417,41.0018],[-73.6429,41.0011]]]}},{"type":"Feature","properties":{"name":"Rhode Island","postal":"RI"},"geometry":{"type":"MultiPolygon","coordinates":[[[[-71.2384,41.7073],[-71.2405,41.6981],[-71.2402,41.6846],[-71.241,41.6812],[-71.2449,41.6803],[-71.2604,41.6511],[-71.2857,41.6596],[-71.3018,41.6596],[-71.3088,41.6708],[-71.3068,41.6847],[-71.3015,41.7026],[-71.2941,41.7202],[-71.2809,41.7414],[-71.283,41.7488],[-71.2897,41.7541],[-71.2988,41.7561],[-71.302,41.7517],[-71.3044,41.73],[-71.3088,41.722],[-71.3182,41.7248],[-71.3371,41.7338],[-71.3556,41.7463],[-71.364,41.7598],[-71.3656,41.7777],[-71.3704,41.7921],[-71.3788,41.805],[-71.3913,41.8188],[-71.395,41.8057],[-71.3963,41.7833],[-71.3951,41.7595],[-71.3913,41.7425],[-71.3848,41.7357],[-71.3756,41.7305],[-71.3675,41.7238],[-71.364,41.7121],[-71.3669,41.7036],[-71.3803,41.6837],[-71.3844,41.6742],[-71.3915,41.683],[-71.3984,41.6898],[-71.4069,41.6938],[-71.4186,41.6946],[-71.4302,41.6911],[-71.4416,41.6841],[-71.4468,41.6772],[-71.4233,41.6682],[-71.4138,41.6529],[-71.4103,41.633],[-71.4125,41.6127],[-71.4237,41.5943],[-71.4374,41.5848],[-71.4428,41.5747],[-71.4295,41.5544],[-71.4246,41.5389],[-71.4234,41.4864],[-71.4261,41.4687],[-71.4548,41.4061],[-71.4696,41.3913],[-71.484,41.38],[-71.4883,41.3706],[-71.4977,41.3663],[-71.5078,41.3681],[-71.5304,41.3765],[-71.5558,41.3748],[-71.5989,41.3675],[-71.7538,41.331],[-71.829,41.317],[-71.8715,41.3026],[-71.8779,41.3115],[-71.8604,41.3205],[-71.8599,41.3204],[-71.845,41.3215],[-71.8387,41.3412],[-71.8298,41.3917],[-71.8238,41.4052],[-71.8175,41.4131],[-71.8045,41.4157],[-71.7992,41.4775],[-71.7957,41.5189],[-71.7961,41.549],[-71.7966,41.6067],[-71.7972,41.6645],[-71.7978,41.7222],[-71.7984,41.78],[-71.799,41.8377],[-71.7996,41.8954],[-71.8002,41.9532],[-71.8008,42.0109],[-71.7103,42.0123],[-71.6199,42.0137],[-71.5294,42.0151],[-71.4389,42.0164],[-71.3871,42.0158],[-71.3859,42.0023],[-71.3841,41.9709],[-71.3805,41.9079],[-71.379,41.9014],[-71.3759,41.8961],[-71.368,41.8945],[-71.3491,41.8954],[-71.3411,41.8942],[-71.3376,41.8904],[-71.3356,41.8791],[-71.3361,41.8719],[-71.3372,41.8658],[-71.3397,41.8573],[-71.3395,41.8525],[-71.338,41.8424],[-71.3428,41.8085],[-71.3425,41.8032],[-71.3407,41.7969],[-71.3352,41.7893],[-71.3238,41.7778],[-71.3074,41.7684],[-71.296,41.7636],[-71.2862,41.7611],[-71.2678,41.7498],[-71.2369,41.7096],[-71.2384,41.7073]]],[[[-71.1859,41.4687],[-71.1991,41.4921],[-71.202,41.5026],[-71.1964,41.5134],[-71.1957,41.5208],[-71.2069,41.5582],[-71.2105,41.6022],[-71.2097,41.6262],[-71.2069,41.6462],[-71.194,41.6769],[-71.1804,41.6734],[-71.164,41.6693],[-71.1476,41.6652],[-71.1311,41.6611],[-71.1339,41.6474],[-71.1366,41.6337],[-71.1393,41.6201],[-71.1421,41.6064],[-71.1393,41.6036],[-71.1366,41.6009],[-71.1339,41.5981],[-71.1311,41.5954],[-71.1284,41.5708],[-71.1257,41.5461],[-71.1229,41.5215],[-71.1219,41.513],[-71.1859,41.4687]]],[[[-71.3307,41.5756],[-71.3372,41.5821],[-71.3372,41.5925],[-71.3307,41.6107],[-71.3359,41.6264],[-71.3568,41.6316],[-71.3594,41.642],[-71.3555,41.6602],[-71.3437,41.6706],[-71.3359,41.6576],[-71.3307,41.6472],[-71.3177,41.6329],[-71.3034,41.6264],[-71.3047,41.6042],[-71.3151,41.5808],[-71.3307,41.5756]]],[[[-71.5662,41.1938],[-71.5599,41.1837],[-71.5519,41.1757],[-71.5445,41.1629],[-71.5491,41.152],[-71.5716,41.1498],[-71.5995,41.1458],[-71.6137,41.1552],[-71.6127,41.1675],[-71.608,41.1806],[-71.5975,41.1877],[-71.5912,41.1973],[-71.5827,41.204],[-71.5804,41.2148],[-71.5792,41.2256],[-71.5726,41.2288],[-71.567,41.2248],[-71.5535,41.2146],[-71.5595,41.201],[-71.5662,41.1938]]],[[[-71.3573,41.5366],[-71.3604,41.5146],[-71.3656,41.4953],[-71.3714,41.4824],[-71.3761,41.477],[-71.3841,41.4695],[-71.3926,41.4633],[-71.3988,41.4619],[-71.401,41.4685],[-71.3952,41.4909],[-71.3988,41.5029],[-71.3922,41.5059],[-71.3895,41.5092],[-71.3878,41.5129],[-71.3844,41.5172],[-71.3953,41.5264],[-71.3927,41.5427],[-71.3777,41.5779],[-71.3684,41.5762],[-71.3624,41.5725],[-71.3591,41.5664],[-71.3578,41.5582],[-71.3573,41.5366]]],[[[-71.2794,41.5931],[-71.2736,41.621],[-71.2678,41.6326],[-71.2578,41.6407],[-71.2327,41.6528],[-71.2206,41.6605],[-71.2206,41.64],[-71.2326,41.6059],[-71.2336,41.5308],[-71.2351,41.519],[-71.2375,41.5095],[-71.238,41.5003],[-71.2336,41.4892],[-71.2648,41.4961],[-71.286,41.482],[-71.3032,41.4664],[-71.3231,41.4687],[-71.335,41.4591],[-71.3462,41.4547],[-71.3546,41.4583],[-71.3578,41.4725],[-71.3513,41.4779],[-71.32,41.4885],[-71.3088,41.4954],[-71.3214,41.5085],[-71.3256,41.52],[-71.3223,41.5304],[-71.3125,41.5408],[-71.3092,41.5461],[-71.3082,41.5532],[-71.3088,41.5678],[-71.3058,41.5717],[-71.2911,41.5783],[-71.2855,41.5817],[-71.2794,41.5931]]]]}},{"type":"Feature","properties":{"name":"Massachusetts","postal":"MA"},"geometry":{"type":"MultiPolygon","coordinates":[[[[-71.1903,41.6856],[-71.1356,41.7555],[-71.1107,41.7971],[-71.126,41.7924],[-71.1381,41.7799],[-71.1695,41.7333],[-71.1763,41.7266],[-71.1859,41.722],[-71.208,41.7292],[-71.2211,41.7314],[-71.2269,41.7257],[-71.229,41.7209],[-71.2369,41.7096],[-71.2678,41.7498],[-71.2862,41.7611],[-71.296,41.7636],[-71.3074,41.7684],[-71.3238,41.7778],[-71.3352,41.7893],[-71.3407,41.7969],[-71.3425,41.8032],[-71.3428,41.8085],[-71.338,41.8424],[-71.3395,41.8525],[-71.3397,41.8573],[-71.3372,41.8658],[-71.3361,41.8719],[-71.3356,41.8791],[-71.3376,41.8904],[-71.3411,41.8942],[-71.3491,41.8954],[-71.368,41.8945],[-71.3759,41.8961],[-71.379,41.9014],[-71.3805,41.9079],[-71.3841,41.9709],[-71.3859,42.0023],[-71.3871,42.0158],[-71.4389,42.0164],[-71.5294,42.0151],[-71.6199,42.0137],[-71.7103,42.0123],[-71.8008,42.0109],[-71.8016,42.0217],[-71.9158,42.0223],[-72.0635,42.0245],[-72.2112,42.0267],[-72.359,42.0289],[-72.5068,42.031],[-72.5574,42.0317],[-72.5757,42.0248],[-72.5842,42.0244],[-72.597,42.0261],[-72.6203,42.0315],[-72.7576,42.033],[-72.7633,42.0102],[-72.8064,42.007],[-72.8076,42.033],[-72.8617,42.0368],[-72.9258,42.0387],[-72.9933,42.0406],[-73.1151,42.044],[-73.2369,42.0476],[-73.3588,42.051],[-73.4805,42.0545],[-73.5072,42.079],[-73.501,42.0971],[-73.4877,42.1339],[-73.4615,42.2061],[-73.4354,42.2783],[-73.4092,42.3506],[-73.3831,42.4228],[-73.3569,42.495],[-73.3307,42.5672],[-73.3046,42.6395],[-73.2784,42.7116],[-73.2699,42.7352],[-73.2655,42.7456],[-73.2053,42.7453],[-73.1473,42.7442],[-73.0977,42.7442],[-73.0499,42.7422],[-73.0003,42.7413],[-72.9516,42.7413],[-72.9091,42.7416],[-72.86,42.7402],[-72.8109,42.7388],[-72.7617,42.7375],[-72.7126,42.7361],[-72.6634,42.7347],[-72.6143,42.7334],[-72.5651,42.732],[-72.516,42.7306],[-72.4668,42.7293],[-72.4667,42.7292],[-72.4666,42.7292],[-72.4664,42.7292],[-72.4664,42.7292],[-72.4662,42.7292],[-72.4661,42.7292],[-72.466,42.7292],[-72.4659,42.7292],[-72.4658,42.7292],[-72.4656,42.7292],[-72.4655,42.7292],[-72.4654,42.7292],[-72.4653,42.7292],[-72.4652,42.7292],[-72.4651,42.7292],[-72.4649,42.7292],[-72.394,42.7275],[-72.323,42.7257],[-72.252,42.724],[-72.1811,42.7223],[-72.1101,42.7205],[-72.0392,42.7189],[-71.9682,42.7171],[-71.8973,42.7153],[-71.8263,42.7136],[-71.7553,42.7118],[-71.6843,42.7101],[-71.6134,42.7084],[-71.5425,42.7066],[-71.4715,42.7049],[-71.4005,42.7032],[-71.3296,42.7014],[-71.3063,42.7009],[-71.2963,42.7021],[-71.2884,42.7049],[-71.2737,42.7132],[-71.2591,42.7239],[-71.2455,42.7367],[-71.2379,42.7405],[-71.2276,42.7438],[-71.208,42.7481],[-71.1962,42.7522],[-71.1859,42.7607],[-71.1818,42.7675],[-71.1727,42.7863],[-71.1649,42.7969],[-71.1607,42.8014],[-71.1516,42.8097],[-71.1463,42.8132],[-71.141,42.8159],[-71.1329,42.8182],[-71.123,42.8194],[-71.106,42.8187],[-71.0945,42.8171],[-71.0833,42.8171],[-71.0738,42.8194],[-71.0608,42.8264],[-71.0534,42.832],[-71.0386,42.8453],[-71.0335,42.8489],[-71.0225,42.8547],[-70.9256,42.8865],[-70.9164,42.8868],[-70.9045,42.8854],[-70.8709,42.8747],[-70.85,42.8707],[-70.8143,42.8773],[-70.8153,42.8703],[-70.8072,42.8349],[-70.8092,42.8262],[-70.8183,42.8239],[-70.8638,42.8262],[-70.8536,42.817],[-70.8441,42.812],[-70.8227,42.8044],[-70.8202,42.8043],[-70.8127,42.8052],[-70.8092,42.8044],[-70.8058,42.8013],[-70.8008,42.7925],[-70.8044,42.7804],[-70.7751,42.7163],[-70.7826,42.7089],[-70.8124,42.7421],[-70.8236,42.7499],[-70.8196,42.7187],[-70.7985,42.7019],[-70.7416,42.6816],[-70.7571,42.6755],[-70.7653,42.6743],[-70.7751,42.6748],[-70.7571,42.6572],[-70.7013,42.6533],[-70.7001,42.6406],[-70.6823,42.6322],[-70.6777,42.6413],[-70.6796,42.668],[-70.6714,42.6771],[-70.659,42.6843],[-70.6317,42.6946],[-70.6337,42.68],[-70.6299,42.6721],[-70.6212,42.6687],[-70.6079,42.668],[-70.5981,42.665],[-70.5994,42.6577],[-70.6022,42.6487],[-70.597,42.6406],[-70.597,42.6345],[-70.6115,42.6345],[-70.6184,42.6289],[-70.6234,42.6205],[-70.6317,42.6127],[-70.6425,42.6067],[-70.6473,42.6045],[-70.6659,42.6065],[-70.6669,42.6085],[-70.6691,42.6117],[-70.6748,42.6123],[-70.6864,42.6065],[-70.6957,42.5974],[-70.7013,42.5886],[-70.7089,42.5818],[-70.8103,42.5628],[-70.8614,42.5469],[-70.878,42.5375],[-70.8706,42.5307],[-70.8789,42.5259],[-70.8851,42.52],[-70.8893,42.5123],[-70.8917,42.5028],[-70.8778,42.5079],[-70.8643,42.5183],[-70.8541,42.5237],[-70.8501,42.5137],[-70.8403,42.5049],[-70.8382,42.4992],[-70.8468,42.4966],[-70.8553,42.4951],[-70.8607,42.4914],[-70.8652,42.4869],[-70.8851,42.4728],[-70.8917,42.4693],[-70.8994,42.4682],[-70.9155,42.4694],[-70.9221,42.4656],[-70.9254,42.4532],[-70.9176,42.4428],[-70.9043,42.4344],[-70.8917,42.4283],[-70.9164,42.4224],[-70.9437,42.447],[-70.963,42.4383],[-70.9734,42.4251],[-70.9744,42.4164],[-70.9662,42.4004],[-70.963,42.3784],[-70.9603,42.369],[-70.9525,42.3594],[-70.9673,42.3607],[-70.9836,42.3766],[-70.9972,42.3806],[-71.0072,42.3776],[-71.0058,42.3708],[-70.9977,42.3637],[-70.9872,42.3594],[-71.006,42.3571],[-71.0227,42.3666],[-71.0369,42.3725],[-71.0487,42.3594],[-71.0374,42.357],[-71.0277,42.3536],[-71.02,42.348],[-71.0146,42.3389],[-71.0299,42.3378],[-71.0423,42.3318],[-71.0468,42.3215],[-71.0384,42.3079],[-71.0272,42.3005],[-71.0178,42.3002],[-70.9935,42.311],[-70.9989,42.2838],[-70.9835,42.2796],[-70.9629,42.2802],[-70.9525,42.2672],[-70.9553,42.2618],[-70.9662,42.2538],[-70.9662,42.2496],[-70.9618,42.2462],[-70.9553,42.2433],[-70.9495,42.2428],[-70.9469,42.2465],[-70.9405,42.246],[-70.9258,42.2504],[-70.9095,42.2572],[-70.8985,42.2639],[-70.8872,42.2506],[-70.8754,42.2545],[-70.8673,42.2648],[-70.8671,42.2707],[-70.8801,42.2767],[-70.8919,42.2907],[-70.8991,42.3066],[-70.8985,42.3184],[-70.8558,42.2839],[-70.8314,42.2697],[-70.7838,42.2597],[-70.7616,42.2492],[-70.7418,42.2357],[-70.7163,42.2119],[-70.7137,42.2051],[-70.7135,42.1754],[-70.7131,42.1724],[-70.7084,42.1722],[-70.6959,42.1639],[-70.6782,42.1441],[-70.653,42.109],[-70.631,42.0925],[-70.6361,42.0754],[-70.6278,42.0591],[-70.5976,42.0231],[-70.5922,42.0201],[-70.5908,42.0173],[-70.5968,42.0106],[-70.6068,42.0046],[-70.6173,42.0032],[-70.6279,42.0056],[-70.6378,42.0106],[-70.6329,42.0121],[-70.6236,42.0161],[-70.6173,42.0168],[-70.6293,42.0443],[-70.6389,42.0589],[-70.6483,42.0653],[-70.6558,42.058],[-70.6651,42.0106],[-70.675,42.0147],[-70.6829,42.0161],[-70.6903,42.0147],[-70.7148,42.0027],[-70.6549,41.9571],[-70.6237,41.9551],[-70.605,41.9525],[-70.5658,41.9554],[-70.545,41.9406],[-70.5297,41.9065],[-70.5239,41.8684],[-70.5316,41.8418],[-70.5331,41.8162],[-70.5043,41.79],[-70.4392,41.7561],[-70.4009,41.745],[-70.2747,41.7363],[-70.2899,41.7316],[-70.3265,41.7314],[-70.3395,41.7257],[-70.3352,41.7192],[-70.3153,41.7156],[-70.2747,41.7152],[-70.2437,41.7241],[-70.1913,41.7471],[-70.1008,41.7659],[-70.0702,41.7735],[-70.0364,41.7858],[-70.0215,41.7909],[-70.0001,41.8163],[-70.0038,41.8463],[-70.0018,41.8819],[-70.0215,41.9069],[-70.0116,41.9069],[-70.0032,41.9086],[-69.9867,41.9138],[-69.9867,41.9212],[-70.006,41.9228],[-70.0187,41.9301],[-70.0281,41.938],[-70.0379,41.9416],[-70.0518,41.9352],[-70.0574,41.9042],[-70.0687,41.8933],[-70.0718,41.9277],[-70.0745,41.9476],[-70.0798,41.995],[-70.0838,42.0125],[-70.0999,42.0374],[-70.1381,42.0574],[-70.1656,42.0638],[-70.1898,42.0494],[-70.1921,42.0379],[-70.1767,42.0375],[-70.1716,42.0379],[-70.1708,42.0279],[-70.1893,42.0179],[-70.2026,42.0262],[-70.2246,42.0504],[-70.2314,42.0572],[-70.2401,42.0592],[-70.2468,42.0615],[-70.2443,42.0687],[-70.2366,42.0759],[-70.2294,42.0806],[-70.2158,42.0846],[-70.1922,42.0861],[-70.1677,42.083],[-70.1465,42.081],[-70.1179,42.0738],[-70.0812,42.0584],[-70.0511,42.0398],[-70.014,41.9989],[-69.9822,41.9536],[-69.9433,41.8576],[-69.9247,41.8381],[-69.9277,41.8349],[-69.931,41.833],[-69.9347,41.8321],[-69.9389,41.8319],[-69.9534,41.8409],[-69.964,41.8435],[-69.972,41.8392],[-69.9757,41.8105],[-69.9798,41.7971],[-69.9567,41.8078],[-69.942,41.8065],[-69.9342,41.793],[-69.9325,41.741],[-69.9389,41.6742],[-69.9781,41.6818],[-70.1369,41.6605],[-70.1853,41.6605],[-70.2174,41.6483],[-70.2296,41.6462],[-70.2399,41.6433],[-70.2485,41.6357],[-70.2642,41.6162],[-70.2728,41.6106],[-70.2712,41.621],[-70.2611,41.6462],[-70.276,41.6442],[-70.303,41.6348],[-70.3191,41.6326],[-70.352,41.6352],[-70.3659,41.6328],[-70.3808,41.623],[-70.3916,41.6192],[-70.4059,41.6375],[-70.4181,41.64],[-70.4284,41.6319],[-70.4591,41.5916],[-70.4798,41.5739],[-70.5043,41.5637],[-70.5327,41.5591],[-70.5658,41.5582],[-70.5961,41.553],[-70.6587,41.5213],[-70.6856,41.5308],[-70.6617,41.5505],[-70.6525,41.578],[-70.652,41.6542],[-70.6571,41.6706],[-70.6583,41.6845],[-70.652,41.6939],[-70.64,41.7023],[-70.6319,41.7111],[-70.6378,41.722],[-70.6282,41.7281],[-70.6236,41.7294],[-70.6306,41.7401],[-70.64,41.741],[-70.6482,41.7342],[-70.6514,41.722],[-70.6583,41.722],[-70.6898,41.7397],[-70.7104,41.748],[-70.7197,41.7462],[-70.7233,41.7138],[-70.7219,41.7016],[-70.7129,41.6878],[-70.7393,41.6901],[-70.7491,41.6798],[-70.7561,41.663],[-70.7743,41.6462],[-70.786,41.6605],[-70.7978,41.6589],[-70.8057,41.651],[-70.8057,41.6462],[-70.805,41.6426],[-70.8211,41.635],[-70.8406,41.6289],[-70.8501,41.6295],[-70.844,41.6039],[-70.8452,41.5925],[-70.8569,41.5916],[-70.8629,41.5972],[-70.87,41.6159],[-70.8743,41.623],[-70.881,41.6279],[-70.9054,41.64],[-70.9073,41.6149],[-70.921,41.5983],[-70.9316,41.5803],[-70.9252,41.5507],[-70.9476,41.5364],[-70.9597,41.5312],[-70.9736,41.5308],[-70.9722,41.5351],[-70.9709,41.5377],[-71.0155,41.5123],[-71.0402,41.5071],[-71.0698,41.5172],[-71.0495,41.5237],[-71.0439,41.5369],[-71.0493,41.5519],[-71.0624,41.5644],[-71.0621,41.5438],[-71.0737,41.5387],[-71.1107,41.5438],[-71.1016,41.5283],[-71.0972,41.5234],[-71.1219,41.513],[-71.1229,41.5215],[-71.1257,41.5461],[-71.1284,41.5708],[-71.1311,41.5954],[-71.1339,41.5981],[-71.1366,41.6009],[-71.1393,41.6036],[-71.1421,41.6064],[-71.1393,41.6201],[-71.1366,41.6337],[-71.1339,41.6474],[-71.1311,41.6611],[-71.1476,41.6652],[-71.164,41.6693],[-71.1804,41.6734],[-71.194,41.6769],[-71.1903,41.6856]]],[[[-70.0524,41.3966],[-70.0397,41.3944],[-70.0289,41.3861],[-70.0192,41.3701],[-70.0053,41.3427],[-69.975,41.3022],[-69.9578,41.2757],[-69.9671,41.2495],[-70.0011,41.2393],[-70.043,41.2433],[-70.0976,41.2418],[-70.1377,41.2472],[-70.2331,41.2838],[-70.2563,41.2928],[-70.2781,41.3079],[-70.2724,41.3113],[-70.2563,41.3092],[-70.2408,41.3009],[-70.2173,41.2974],[-70.1611,41.293],[-70.1243,41.2959],[-70.1068,41.2952],[-70.0978,41.2904],[-70.0897,41.29],[-70.0819,41.2925],[-70.0714,41.3016],[-70.046,41.3076],[-70.0314,41.3175],[-70.0201,41.3308],[-70.014,41.3446],[-70.0323,41.3395],[-70.0603,41.3166],[-70.0761,41.3111],[-70.0443,41.351],[-70.0372,41.3729],[-70.0541,41.3927],[-70.0524,41.3966]]],[[[-70.4869,41.4027],[-70.4707,41.4203],[-70.4557,41.4296],[-70.446,41.4135],[-70.4449,41.382],[-70.4467,41.3674],[-70.4529,41.3589],[-70.4655,41.3603],[-70.4813,41.3696],[-70.4948,41.3823],[-70.5006,41.3936],[-70.4869,41.4027]]],[[[-70.5633,41.4187],[-70.5493,41.4145],[-70.5174,41.4135],[-70.5074,41.3626],[-70.525,41.3591],[-70.666,41.357],[-70.6963,41.3515],[-70.7239,41.3427],[-70.7477,41.331],[-70.7759,41.3044],[-70.7864,41.3041],[-70.8047,41.3126],[-70.815,41.3207],[-70.8341,41.3399],[-70.8462,41.3467],[-70.8462,41.3541],[-70.782,41.3542],[-70.7545,41.3725],[-70.7422,41.3848],[-70.7153,41.4204],[-70.7026,41.4278],[-70.6896,41.4331],[-70.6599,41.4565],[-70.6051,41.474],[-70.593,41.4717],[-70.6037,41.4482],[-70.5888,41.4542],[-70.5795,41.4659],[-70.5704,41.4739],[-70.5559,41.4687],[-70.5458,41.4539],[-70.5463,41.4443],[-70.5565,41.4365],[-70.5764,41.4278],[-70.5633,41.4187]]],[[[-69.9651,41.6514],[-69.9613,41.647],[-69.96,41.6407],[-69.9594,41.6326],[-69.9762,41.6123],[-70.0021,41.5538],[-70.0215,41.5507],[-69.981,41.6277],[-69.973,41.6537],[-69.9651,41.6514]]],[[[-70.8219,41.2604],[-70.814,41.2632],[-70.8091,41.2595],[-70.8018,41.2568],[-70.8018,41.2481],[-70.8109,41.248],[-70.8231,41.2508],[-70.8323,41.2567],[-70.8305,41.2604],[-70.8219,41.2604]]],[[[-70.8595,41.4483],[-70.8565,41.4431],[-70.8486,41.4343],[-70.8545,41.4292],[-70.876,41.4225],[-70.8927,41.4224],[-70.9064,41.4224],[-70.9279,41.4186],[-70.9387,41.4112],[-70.9485,41.4141],[-70.9407,41.4208],[-70.926,41.4289],[-70.9113,41.4297],[-70.8976,41.4364],[-70.8712,41.4387],[-70.8595,41.4483]]],[[[-70.7106,41.5192],[-70.6949,41.517],[-70.6792,41.5104],[-70.6998,41.5023],[-70.7184,41.492],[-70.7429,41.4817],[-70.7586,41.4757],[-70.7576,41.4684],[-70.7683,41.4595],[-70.7908,41.4492],[-70.8085,41.4469],[-70.833,41.4425],[-70.8399,41.4505],[-70.8281,41.4572],[-70.8134,41.455],[-70.8027,41.4631],[-70.7821,41.4786],[-70.743,41.5008],[-70.7244,41.5111],[-70.7106,41.5192]]]]}}]}