{"type":"FeatureCollection","properties":{"source":"Natural Earth 1:50m land, cropped 100E-60W 36S-36N, longitudes 0-360"},"features":[{"type":"Feature","properties":{},"geometry":{"type":"Polygon","coordinates":[[[179.848,-16.302],[179.794,-16.37],[179.748,-16.446],[179.619,-16.528],[179.564,-16.637],[179.568,-16.747],[179.697,-16.632],[179.841,-16.538],[179.885,-16.518],[179.93,-16.519],[179.927,-16.552],[179.906,-16.584],[179.89,-16.667],[179.928,-16.744],[179.821,-16.737],[179.715,-16.744],[179.589,-16.787],[179.465,-16.806],[179.419,-16.807],[179.375,-16.792],[179.346,-16.77],[179.323,-16.718],[179.3,-16.71],[179.202,-16.713],[179.055,-16.814],[179.007,-16.9],[178.95,-16.904],[178.884,-16.886],[178.803,-16.952],[178.707,-16.976],[178.665,-16.92],[178.638,-16.851],[178.604,-16.801],[178.497,-16.788],[178.514,-16.726],[178.542,-16.7],[178.568,-16.664],[178.584,-16.622],[178.634,-16.649],[178.686,-16.666],[178.745,-16.634],[178.805,-16.631],[178.866,-16.54],[178.961,-16.483],[179.091,-16.438],[179.225,-16.405],[179.294,-16.399],[179.359,-16.38],[179.475,-16.294],[179.552,-16.25],[179.635,-16.223],[179.715,-16.208],[179.789,-16.221],[179.848,-16.214],[180.0,-16.153],[179.999,-16.169],[179.848,-16.302]]]}},{"type":"Feature","properties":{},"geometry":{"type":"Polygon","coordinates":[[[177.183,-17.164],[177.21,-17.084],[177.239,-17.059],[177.258,-17.054],[177.287,-17.049],[177.276,-17.105],[177.234,-17.147],[177.183,-17.164]]]}},{"type":"Feature","properties":{},"geometry":{"type":"Polygon","coordinates":[[[127.338,0.758],[127.306,0.769],[127.286,0.812],[127.293,0.842],[127.32,0.862],[127.354,0.847],[127.373,0.791],[127.338,0.758]]]}},{"type":"Feature","properties":{},"geometry":{"type":"Polygon","coordinates":[[[278.635,24.63],[278.621,24.636],[278.621,24.666],[278.578,24.733],[278.58,24.75],[278.678,24.685],[278.68,24.668],[278.665,24.65],[278.635,24.63]]]}},{"type":"Feature","properties":{},"geometry":{"type":"Polygon","coordinates":[[[279.152,24.804],[279.161,24.818],[279.201,24.846],[279.215,24.835],[279.213,24.821],[279.171,24.804],[279.152,24.804]]]}},{"type":"Feature","properties":{},"geometry":{"type":"Polygon","coordinates":[[[279.335,24.898],[279.374,24.941],[279.385,24.938],[279.362,24.903],[279.335,24.898]]]}},{"type":"Feature","properties":{},"geometry":{"type":"Polygon","coordinates":[[[143.153,-12.076],[143.105,-12.17],[143.099,-12.226],[143.11,-12.304],[143.191,-12.361],[143.254,-12.398],[143.29,-12.499],[143.402,-12.64],[143.398,-12.736],[143.458,-12.856],[143.512,-13.095],[143.529,-13.304],[143.587,-13.444],[143.548,-13.741],[143.589,-13.863],[143.643,-13.964],[143.707,-14.165],[143.756,-14.349],[143.822,-14.401],[143.962,-14.463],[144.106,-14.395],[144.21,-14.302],[144.322,-14.279],[144.473,-14.232],[144.586,-14.355],[144.648,-14.492],[144.916,-14.674],[145.064,-14.791],[145.18,-14.857],[145.288,-14.943],[145.277,-15.029],[145.252,-15.097],[145.276,-15.204],[145.293,-15.327],[145.272,-15.477],[145.35,-15.702],[145.375,-15.881],[145.458,-16.056],[145.452,-16.237],[145.436,-16.305],[145.426,-16.406],[145.49,-16.532],[145.55,-16.625],[145.638,-16.726],[145.755,-16.879],[145.838,-16.91],[145.912,-16.913],[145.902,-17.07],[146.05,-17.381],[146.126,-17.635],[146.074,-17.977],[146.023,-18.176],[146.032,-18.273],[146.223,-18.51],[146.333,-18.554],[146.312,-18.667],[146.297,-18.841],[146.383,-18.977],[146.481,-19.079],[146.587,-19.139],[146.692,-19.187],[146.829,-19.236],[147.003,-19.256],[147.093,-19.333],[147.139,-19.393],[147.278,-19.414],[147.342,-19.403],[147.419,-19.378],[147.471,-19.419],[147.51,-19.474],[147.586,-19.623],[147.742,-19.77],[147.853,-19.795],[147.916,-19.869],[148.004,-19.89],[148.081,-19.899],[148.19,-19.956],[148.367,-20.087],[148.527,-20.109],[148.6,-20.145],[148.759,-20.29],[148.821,-20.366],[148.885,-20.481],[148.805,-20.492],[148.73,-20.468],[148.684,-20.58],[148.789,-20.736],[148.912,-20.845],[149.061,-20.961],[149.205,-21.125],[149.241,-21.25],[149.28,-21.3],[149.329,-21.476],[149.454,-21.579],[149.46,-21.765],[149.524,-22.024],[149.596,-22.258],[149.645,-22.328],[149.704,-22.441],[149.772,-22.426],[149.822,-22.39],[149.92,-22.501],[149.974,-22.551],[150.006,-22.522],[149.942,-22.308],[149.981,-22.184],[150.021,-22.168],[150.076,-22.164],[150.143,-22.265],[150.235,-22.373],[150.405,-22.469],[150.541,-22.559],[150.58,-22.556],[150.564,-22.486],[150.569,-22.384],[150.623,-22.367],[150.672,-22.418],[150.764,-22.576],[150.783,-22.903],[150.783,-23.177],[150.843,-23.458],[150.931,-23.532],[150.989,-23.602],[151.088,-23.696],[151.154,-23.784],[151.236,-23.825],[151.501,-24.012],[151.575,-24.034],[151.691,-24.038],[151.832,-24.123],[151.903,-24.201],[152.055,-24.494],[152.13,-24.598],[152.282,-24.699],[152.353,-24.733],[152.456,-24.802],[152.493,-24.904],[152.502,-24.964],[152.563,-25.072],[152.654,-25.202],[152.789,-25.274],[152.913,-25.432],[152.921,-25.689],[152.985,-25.816],[153.028,-25.87],[153.125,-25.923],[153.165,-25.964],[153.084,-26.304],[153.162,-26.983],[153.117,-27.194],[153.198,-27.405],[153.386,-27.769],[153.428,-27.898],[153.455,-28.048],[153.576,-28.241],[153.569,-28.533],[153.617,-28.673],[153.605,-28.854],[153.462,-29.05],[153.348,-29.29],[153.347,-29.497],[153.272,-29.892],[153.224,-29.999],[153.188,-30.164],[153.031,-30.563],[153.024,-30.72],[153.048,-30.907],[153.022,-31.087],[152.982,-31.209],[152.944,-31.435],[152.786,-31.786],[152.559,-32.046],[152.545,-32.243],[152.517,-32.33],[152.47,-32.439],[152.331,-32.558],[152.247,-32.609],[152.216,-32.678],[152.137,-32.678],[152.135,-32.7],[152.188,-32.722],[152.164,-32.757],[151.954,-32.82],[151.813,-32.901],[151.668,-33.099],[151.608,-33.202],[151.53,-33.301],[151.484,-33.347],[151.463,-33.397],[151.432,-33.522],[151.358,-33.544],[151.292,-33.581],[151.323,-33.699],[151.288,-33.835],[151.28,-33.927],[151.245,-33.985],[151.202,-33.964],[151.168,-33.973],[151.125,-34.005],[151.191,-34.015],[151.232,-34.03],[151.09,-34.163],[150.96,-34.297],[150.927,-34.387],[150.871,-34.499],[150.822,-34.749],[150.781,-34.892],[150.809,-34.994],[150.805,-35.013],[150.775,-35.02],[150.756,-35.007],[150.697,-35.042],[150.681,-35.077],[150.706,-35.12],[150.722,-35.135],[150.715,-35.155],[150.69,-35.178],[150.634,-35.178],[150.567,-35.214],[150.374,-35.584],[150.292,-35.682],[150.195,-35.834],[150.158,-35.971],[150.153,-36.0],[139.453,-36.0],[139.245,-35.827],[139.038,-35.689],[138.985,-35.618],[138.969,-35.581],[139.067,-35.598],[139.113,-35.542],[139.178,-35.523],[139.231,-35.598],[139.289,-35.611],[139.292,-35.486],[139.325,-35.427],[139.303,-35.399],[139.283,-35.375],[139.193,-35.347],[139.094,-35.39],[139.018,-35.443],[138.915,-35.489],[138.875,-35.537],[138.771,-35.538],[138.73,-35.551],[138.522,-35.642],[138.389,-35.645],[138.184,-35.613],[138.252,-35.487],[138.333,-35.412],[138.4,-35.326],[138.511,-35.024],[138.49,-34.764],[138.436,-34.656],[138.264,-34.44],[138.186,-34.307],[138.089,-34.17],[138.041,-34.25],[138.012,-34.334],[137.919,-34.456],[137.874,-34.727],[137.692,-35.143],[137.566,-35.148],[137.46,-35.131],[137.272,-35.179],[137.144,-35.236],[137.03,-35.237],[136.967,-35.255],[136.884,-35.24],[137.014,-34.916],[137.128,-34.925],[137.252,-34.912],[137.308,-34.917],[137.391,-34.913],[137.454,-34.764],[137.493,-34.598],[137.469,-34.49],[137.459,-34.379],[137.484,-34.252],[137.494,-34.161],[137.65,-33.859],[137.781,-33.703],[137.932,-33.579],[137.914,-33.461],[137.866,-33.314],[137.852,-33.201],[137.924,-33.165],[137.993,-33.094],[137.913,-32.771],[137.863,-32.674],[137.783,-32.578],[137.782,-32.702],[137.791,-32.823],[137.68,-32.978],[137.536,-33.089],[137.442,-33.194],[137.354,-33.43],[137.237,-33.629],[137.13,-33.703],[137.034,-33.72],[136.937,-33.75],[136.783,-33.83],[136.636,-33.897],[136.526,-33.984],[136.431,-34.03],[136.121,-34.429],[135.98,-34.562],[135.951,-34.616],[135.891,-34.661],[135.903,-34.724],[135.951,-34.767],[135.999,-34.944],[135.97,-34.982],[135.919,-34.962],[135.792,-34.863],[135.713,-34.899],[135.648,-34.94],[135.481,-34.758],[135.412,-34.716],[135.324,-34.643],[135.231,-34.58],[135.191,-34.573],[135.123,-34.586],[135.13,-34.537],[135.176,-34.497],[135.217,-34.487],[135.292,-34.546],[135.379,-34.598],[135.427,-34.602],[135.45,-34.581],[135.368,-34.376],[135.312,-34.196],[135.286,-34.142],[135.219,-33.96],[135.185,-33.907],[135.042,-33.778],[134.889,-33.626],[134.847,-33.445],[134.791,-33.328],[134.719,-33.255],[134.608,-33.19],[134.301,-33.165],[134.174,-32.979],[134.1,-32.749],[134.158,-32.733],[134.227,-32.731],[134.249,-32.659],[134.234,-32.549],[133.93,-32.412],[133.787,-32.269],[133.665,-32.207],[133.551,-32.183],[133.401,-32.188],[133.212,-32.184],[132.757,-31.956],[132.649,-31.949],[132.324,-32.02],[132.215,-32.007],[131.721,-31.696],[131.393,-31.549],[131.285,-31.521],[131.144,-31.496],[131.029,-31.532],[130.948,-31.566],[130.783,-31.604],[130.13,-31.579],[129.569,-31.627],[129.188,-31.66],[128.946,-31.703],[128.546,-31.888],[128.068,-32.067],[127.678,-32.151],[127.32,-32.264],[127.084,-32.297],[126.779,-32.311],[126.137,-32.257],[125.917,-32.297],[125.567,-32.506],[125.464,-32.557],[125.267,-32.614],[124.759,-32.883],[124.525,-32.94],[124.373,-32.958],[124.244,-33.015],[124.126,-33.129],[123.967,-33.446],[123.868,-33.596],[123.65,-33.836],[123.507,-33.916],[123.365,-33.905],[123.208,-33.988],[123.068,-33.901],[122.956,-33.884],[122.778,-33.891],[122.151,-33.992],[122.061,-33.874],[121.946,-33.857],[121.73,-33.862],[121.405,-33.827],[120.815,-33.871],[120.531,-33.92],[120.418,-33.963],[120.209,-33.935],[119.854,-33.975],[119.729,-34.042],[119.635,-34.101],[119.451,-34.368],[119.248,-34.456],[119.081,-34.459],[118.895,-34.48],[118.52,-34.737],[118.136,-34.987],[118.006,-35.013],[117.863,-35.055],[117.675,-35.075],[117.582,-35.098],[117.144,-35.034],[116.865,-35.027],[116.517,-34.988],[116.217,-34.866],[115.987,-34.795],[115.726,-34.526],[115.565,-34.426],[115.278,-34.304],[115.195,-34.308],[115.128,-34.342],[115.009,-34.256],[115.006,-34.145],[114.973,-34.051],[114.976,-33.804],[114.994,-33.515],[115.099,-33.58],[115.182,-33.643],[115.359,-33.64],[115.515,-33.531],[115.604,-33.372],[115.683,-33.193],[115.671,-33.002],[115.619,-32.667],[115.654,-32.597],[115.708,-32.568],[115.725,-32.401],[115.738,-31.888],[115.698,-31.695],[115.455,-31.303],[115.294,-30.962],[115.177,-30.808],[115.078,-30.56],[114.995,-30.216],[114.969,-30.042],[114.942,-29.722],[114.971,-29.54],[114.959,-29.434],[114.857,-29.143],[114.628,-28.872],[114.591,-28.772],[114.592,-28.666],[114.537,-28.543],[114.354,-28.295],[114.165,-28.081],[114.133,-27.976],[114.098,-27.544],[114.028,-27.347],[113.709,-26.848],[113.333,-26.417],[113.231,-26.241],[113.185,-26.182],[113.211,-26.174],[113.253,-26.197],[113.3,-26.24],[113.323,-26.244],[113.345,-26.208],[113.343,-26.126],[113.356,-26.08],[113.389,-26.106],[113.427,-26.198],[113.547,-26.437],[113.582,-26.558],[113.734,-26.595],[113.78,-26.563],[113.836,-26.501],[113.853,-26.332],[113.776,-26.256],[113.706,-26.224],[113.589,-26.099],[113.513,-25.898],[113.395,-25.713],[113.397,-25.647],[113.451,-25.599],[113.539,-25.625],[113.621,-25.732],[113.713,-25.831],[113.698,-26.004],[113.684,-26.052],[113.692,-26.092],[113.724,-26.13],[113.766,-26.16],[113.812,-26.116],[113.854,-26.014],[113.88,-26.028],[113.942,-26.259],[113.992,-26.321],[114.09,-26.394],[114.176,-26.337],[114.216,-26.289],[114.203,-26.126],[114.229,-25.969],[114.214,-25.852],[113.993,-25.545],[113.792,-25.166],[113.671,-24.977],[113.569,-24.693],[113.504,-24.595],[113.418,-24.436],[113.413,-24.254],[113.421,-24.132],[113.49,-23.87],[113.553,-23.733],[113.757,-23.418],[113.767,-23.283],[113.765,-23.18],[113.795,-23.024],[113.795,-22.915],[113.768,-22.813],[113.683,-22.638],[113.795,-22.332],[113.958,-21.939],[114.023,-21.881],[114.124,-21.829],[114.143,-21.91],[114.093,-22.181],[114.164,-22.323],[114.142,-22.483],[114.205,-22.456],[114.304,-22.425],[114.378,-22.342],[114.417,-22.261],[114.603,-21.942],[114.709,-21.823],[114.859,-21.736],[115.162,-21.631],[115.456,-21.492],[115.596,-21.358],[115.771,-21.242],[115.894,-21.117],[116.011,-21.03],[116.606,-20.713],[116.707,-20.654],[116.836,-20.647],[116.995,-20.658],[117.139,-20.641],[117.293,-20.713],[117.406,-20.721],[117.684,-20.643],[117.832,-20.573],[118.087,-20.419],[118.199,-20.375],[118.458,-20.327],[118.751,-20.262],[119.104,-19.995],[119.359,-20.012],[119.586,-20.038],[119.768,-19.958],[120.196,-19.909],[120.434,-19.842],[120.878,-19.665],[120.998,-19.604],[121.18,-19.478],[121.338,-19.32],[121.494,-19.106],[121.589,-18.915],[121.631,-18.817],[121.722,-18.66],[121.785,-18.536],[121.834,-18.477],[122.006,-18.394],[122.262,-18.159],[122.345,-18.112],[122.361,-18.037],[122.306,-17.995],[122.237,-17.969],[122.191,-17.72],[122.147,-17.549],[122.143,-17.428],[122.16,-17.314],[122.261,-17.136],[122.333,-17.059],[122.432,-16.97],[122.523,-16.943],[122.598,-16.865],[122.72,-16.788],[122.772,-16.71],[122.848,-16.552],[122.917,-16.433],[122.971,-16.437],[123.074,-16.715],[123.142,-16.863],[123.266,-17.037],[123.383,-17.293],[123.479,-17.41],[123.525,-17.486],[123.563,-17.521],[123.571,-17.472],[123.562,-17.415],[123.608,-17.22],[123.586,-17.083],[123.594,-17.03],[123.618,-17.008],[123.664,-17.023],[123.754,-17.1],[123.799,-17.127],[123.831,-17.121],[123.829,-16.997],[123.874,-16.919],[123.856,-16.865],[123.778,-16.868],[123.745,-16.801],[123.68,-16.724],[123.607,-16.668],[123.518,-16.541],[123.49,-16.491],[123.525,-16.468],[123.581,-16.471],[123.626,-16.416],[123.646,-16.343],[123.607,-16.224],[123.647,-16.18],[123.729,-16.192],[123.859,-16.382],[123.915,-16.364],[123.961,-16.287],[124.044,-16.265],[124.13,-16.279],[124.186,-16.334],[124.3,-16.388],[124.453,-16.382],[124.53,-16.395],[124.692,-16.386],[124.772,-16.403],[124.757,-16.373],[124.669,-16.339],[124.57,-16.332],[124.454,-16.335],[124.405,-16.299],[124.388,-16.203],[124.416,-16.133],[124.435,-16.104],[124.51,-16.116],[124.577,-16.114],[124.585,-16.02],[124.609,-15.938],[124.649,-15.87],[124.648,-15.805],[124.607,-15.823],[124.504,-15.972],[124.455,-15.851],[124.382,-15.758],[124.397,-15.626],[124.44,-15.494],[124.506,-15.475],[124.562,-15.496],[124.644,-15.419],[124.691,-15.36],[124.68,-15.311],[124.693,-15.274],[124.75,-15.285],[124.972,-15.404],[125.016,-15.467],[125.063,-15.442],[125.078,-15.375],[125.073,-15.307],[125.024,-15.317],[124.909,-15.31],[124.883,-15.272],[124.893,-15.241],[124.839,-15.161],[124.914,-15.11],[124.979,-15.107],[125.023,-15.072],[125.024,-15.024],[125.038,-15.004],[125.073,-15.032],[125.189,-15.045],[125.302,-15.107],[125.356,-15.12],[125.376,-15.087],[125.384,-15.016],[125.243,-14.945],[125.239,-14.875],[125.18,-14.794],[125.179,-14.715],[125.267,-14.648],[125.285,-14.584],[125.335,-14.558],[125.436,-14.557],[125.504,-14.502],[125.58,-14.483],[125.598,-14.362],[125.597,-14.278],[125.628,-14.257],[125.705,-14.291],[125.681,-14.388],[125.681,-14.48],[125.662,-14.529],[125.691,-14.525],[125.708,-14.505],[125.738,-14.444],[125.82,-14.469],[125.84,-14.534],[125.85,-14.597],[125.891,-14.618],[125.946,-14.52],[126.021,-14.495],[126.017,-14.371],[126.045,-14.283],[126.054,-14.217],[126.101,-14.184],[126.111,-14.114],[126.073,-14.066],[126.054,-13.977],[126.119,-13.958],[126.184,-14.002],[126.228,-14.113],[126.258,-14.164],[126.299,-14.136],[126.323,-14.062],[126.403,-14.019],[126.482,-14.079],[126.57,-14.161],[126.679,-14.089],[126.781,-13.955],[126.764,-13.873],[126.776,-13.788],[126.903,-13.744],[127.006,-13.777],[127.099,-13.867],[127.293,-13.935],[127.458,-14.031],[127.531,-14.095],[127.673,-14.195],[127.763,-14.299],[127.888,-14.485],[128.18,-14.712],[128.199,-14.752],[128.16,-14.827],[128.124,-14.924],[128.08,-15.088],[128.069,-15.329],[128.112,-15.312],[128.155,-15.226],[128.202,-15.243],[128.255,-15.299],[128.259,-15.246],[128.227,-15.214],[128.173,-15.102],[128.175,-15.043],[128.218,-14.996],[128.285,-14.939],[128.358,-14.902],[128.403,-14.869],[128.41,-14.829],[128.477,-14.788],[128.576,-14.775],[128.636,-14.781],[129.058,-14.884],[129.165,-14.988],[129.175,-15.115],[129.216,-15.16],[129.238,-15.08],[129.234,-14.906],[129.268,-14.871],[129.381,-14.898],[129.459,-14.933],[129.567,-15.047],[129.588,-15.103],[129.635,-15.14],[129.65,-15.087],[129.628,-15.012],[129.613,-14.926],[129.637,-14.851],[129.763,-14.845],[129.849,-14.829],[129.808,-14.8],[129.754,-14.79],[129.663,-14.721],[129.605,-14.647],[129.699,-14.575],[129.698,-14.557],[129.608,-14.56],[129.484,-14.49],[129.379,-14.392],[129.459,-14.213],[129.62,-14.038],[129.71,-13.98],[129.718,-13.921],[129.762,-13.812],[129.789,-13.72],[129.797,-13.648],[129.839,-13.573],[129.938,-13.502],[130.073,-13.476],[130.136,-13.448],[130.199,-13.383],[130.26,-13.302],[130.135,-13.146],[130.145,-13.059],[130.168,-12.957],[130.318,-12.883],[130.4,-12.688],[130.454,-12.659],[130.572,-12.664],[130.617,-12.647],[130.61,-12.491],[130.623,-12.431],[130.672,-12.407],[130.736,-12.428],[130.777,-12.495],[130.867,-12.558],[130.898,-12.524],[130.883,-12.455],[130.874,-12.367],[130.957,-12.348],[131.023,-12.343],[131.03,-12.271],[131.02,-12.214],[131.046,-12.19],[131.22,-12.178],[131.265,-12.119],[131.292,-12.068],[131.314,-12.096],[131.342,-12.21],[131.438,-12.277],[131.726,-12.278],[131.888,-12.232],[131.957,-12.259],[132.064,-12.281],[132.182,-12.227],[132.253,-12.186],[132.372,-12.239],[132.411,-12.295],[132.442,-12.176],[132.511,-12.135],[132.584,-12.11],[132.676,-12.13],[132.713,-12.123],[132.63,-12.035],[132.635,-11.955],[132.63,-11.836],[132.645,-11.727],[132.674,-11.649],[132.475,-11.492],[132.278,-11.468],[132.134,-11.501],[132.073,-11.475],[131.945,-11.349],[131.822,-11.302],[131.812,-11.271],[131.962,-11.181],[132.019,-11.196],[132.106,-11.281],[132.155,-11.311],[132.198,-11.305],[132.225,-11.239],[132.263,-11.204],[132.334,-11.224],[132.557,-11.367],[132.683,-11.506],[132.747,-11.469],[132.857,-11.391],[132.961,-11.407],[133.025,-11.453],[133.114,-11.622],[133.185,-11.706],[133.356,-11.728],[133.443,-11.76],[133.533,-11.816],[133.654,-11.811],[133.904,-11.832],[134.139,-11.94],[134.237,-12.008],[134.351,-12.026],[134.417,-12.053],[134.538,-12.061],[134.73,-11.984],[134.816,-12.055],[134.855,-12.103],[135.03,-12.194],[135.218,-12.222],[135.352,-12.129],[135.549,-12.061],[135.686,-11.956],[135.788,-11.907],[135.885,-11.822],[135.922,-11.826],[135.844,-11.905],[135.834,-11.951],[135.896,-11.97],[135.889,-11.993],[135.804,-12.055],[135.703,-12.152],[135.704,-12.21],[135.744,-12.242],[135.791,-12.228],[135.857,-12.179],[135.938,-12.152],[136.008,-12.191],[136.031,-12.331],[136.082,-12.422],[136.193,-12.435],[136.261,-12.434],[136.329,-12.306],[136.292,-12.196],[136.25,-12.173],[136.27,-12.132],[136.443,-11.951],[136.54,-11.958],[136.61,-12.134],[136.719,-12.226],[136.836,-12.219],[136.897,-12.244],[136.947,-12.35],[136.537,-12.784],[136.518,-12.833],[136.573,-12.912],[136.594,-13.004],[136.461,-13.225],[136.412,-13.236],[136.365,-13.176],[136.294,-13.138],[136.232,-13.165],[136.166,-13.181],[135.927,-13.304],[135.929,-13.622],[135.99,-13.81],[135.954,-13.935],[135.883,-14.153],[135.806,-14.234],[135.745,-14.287],[135.539,-14.585],[135.473,-14.657],[135.405,-14.758],[135.428,-14.856],[135.453,-14.923],[135.531,-15.0],[135.833,-15.16],[135.97,-15.27],[136.205,-15.403],[136.259,-15.495],[136.291,-15.57],[136.462,-15.655],[136.584,-15.707],[136.619,-15.693],[136.644,-15.676],[136.675,-15.675],[136.705,-15.685],[136.7,-15.752],[136.687,-15.788],[136.698,-15.835],[136.785,-15.894],[136.923,-15.892],[137.002,-15.878],[137.09,-15.941],[137.169,-15.982],[137.299,-16.066],[137.526,-16.167],[137.704,-16.233],[137.913,-16.477],[138.072,-16.617],[138.245,-16.718],[138.506,-16.79],[138.626,-16.778],[138.82,-16.861],[139.01,-16.899],[139.11,-17.014],[139.145,-17.101],[139.154,-17.168],[139.248,-17.329],[139.441,-17.381],[139.69,-17.541],[139.895,-17.611],[139.946,-17.654],[140.036,-17.703],[140.21,-17.704],[140.511,-17.625],[140.648,-17.544],[140.83,-17.414],[140.916,-17.193],[140.966,-17.015],[141.219,-16.646],[141.291,-16.463],[141.356,-16.221],[141.412,-16.07],[141.393,-15.905],[141.452,-15.605],[141.581,-15.195],[141.625,-15.057],[141.604,-14.853],[141.523,-14.47],[141.559,-14.338],[141.594,-14.153],[141.535,-14.019],[141.481,-13.927],[141.473,-13.798],[141.534,-13.554],[141.589,-13.425],[141.645,-13.259],[141.614,-12.943],[141.735,-12.833],[141.782,-12.779],[141.876,-12.778],[141.92,-12.803],[141.93,-12.74],[141.893,-12.681],[141.878,-12.613],[141.852,-12.579],[141.795,-12.567],[141.747,-12.529],[141.678,-12.491],[141.689,-12.351],[141.806,-12.08],[141.871,-11.976],[141.913,-12.019],[141.961,-12.054],[141.968,-11.976],[141.952,-11.896],[142.041,-11.632],[142.139,-11.273],[142.168,-10.947],[142.326,-10.884],[142.407,-10.802],[142.456,-10.707],[142.545,-10.707],[142.605,-10.748],[142.565,-10.819],[142.553,-10.874],[142.723,-11.01],[142.78,-11.115],[142.803,-11.214],[142.837,-11.307],[142.853,-11.432],[142.851,-11.632],[142.873,-11.821],[142.934,-11.881],[142.988,-11.919],[143.066,-11.924],[143.179,-11.954],[143.153,-12.076]]]}},{"type":"Feature","properties":{},"geometry":{"type":"Polygon","coordinates":[[[178.28,-17.416],[178.309,-17.435],[178.339,-17.438],[178.411,-17.523],[178.523,-17.596],[178.592,-17.651],[178.596,-17.699],[178.575,-17.749],[178.604,-17.839],[178.618,-17.933],[178.668,-18.081],[178.597,-18.109],[178.487,-18.112],[178.461,-18.139],[178.423,-18.124],[178.332,-18.135],[178.244,-18.184],[178.16,-18.25],[178.064,-18.25],[177.955,-18.264],[177.847,-18.255],[177.771,-18.22],[177.636,-18.181],[177.457,-18.148],[177.383,-18.121],[177.321,-18.078],[177.263,-17.969],[177.255,-17.915],[177.264,-17.863],[177.316,-17.846],[177.36,-17.82],[177.366,-17.786],[177.386,-17.762],[177.411,-17.754],[177.423,-17.737],[177.406,-17.682],[177.401,-17.632],[177.504,-17.54],[177.618,-17.461],[177.818,-17.388],[177.94,-17.395],[178.128,-17.339],[178.188,-17.313],[178.247,-17.329],[178.28,-17.372],[178.28,-17.416]]]}},{"type":"Feature","properties":{},"geometry":{"type":"Polygon","coordinates":[[[164.315,-20.309],[164.436,-20.282],[164.588,-20.381],[164.976,-20.681],[165.112,-20.745],[165.192,-20.769],[165.252,-20.818],[165.307,-20.887],[165.381,-20.936],[165.412,-20.981],[165.421,-21.043],[165.447,-21.081],[165.582,-21.18],[165.663,-21.267],[165.775,-21.312],[165.823,-21.364],[165.885,-21.389],[165.95,-21.442],[166.058,-21.484],[166.303,-21.637],[166.493,-21.783],[166.588,-21.873],[166.69,-21.953],[166.82,-22.017],[166.942,-22.09],[167.004,-22.262],[166.97,-22.323],[166.9,-22.353],[166.835,-22.355],[166.774,-22.376],[166.571,-22.266],[166.522,-22.249],[166.468,-22.256],[166.438,-22.232],[166.416,-22.196],[166.292,-22.155],[166.177,-22.089],[166.143,-22.044],[166.124,-21.989],[166.096,-21.957],[165.933,-21.908],[165.823,-21.854],[165.744,-21.777],[165.62,-21.724],[165.428,-21.615],[165.329,-21.58],[165.242,-21.525],[165.01,-21.327],[164.927,-21.29],[164.855,-21.202],[164.656,-20.992],[164.559,-20.906],[164.455,-20.829],[164.375,-20.739],[164.313,-20.633],[164.17,-20.48],[164.152,-20.415],[164.158,-20.348],[164.124,-20.305],[164.065,-20.279],[164.037,-20.234],[164.041,-20.173],[164.06,-20.142],[164.202,-20.246],[164.315,-20.309]]]}},{"type":"Feature","properties":{},"geometry":{"type":"Polygon","coordinates":[[[127.805,0.826],[127.881,0.832],[127.919,0.877],[127.929,0.935],[127.967,1.043],[128.055,1.116],[128.117,1.127],[128.161,1.158],[128.153,1.238],[128.157,1.317],[128.222,1.401],[128.424,1.518],[128.539,1.559],[128.688,1.573],[128.705,1.528],[128.688,1.464],[128.717,1.367],[128.703,1.106],[128.669,1.069],[128.515,0.979],[128.346,0.907],[128.299,0.877],[128.257,0.805],[128.261,0.734],[128.398,0.639],[128.611,0.55],[128.655,0.508],[128.684,0.438],[128.692,0.36],[128.743,0.323],[128.815,0.305],[128.863,0.268],[128.9,0.216],[128.54,0.338],[128.446,0.392],[128.333,0.398],[128.221,0.414],[128.106,0.461],[127.983,0.472],[127.924,0.438],[127.901,0.372],[127.887,0.298],[127.915,0.206],[127.912,0.151],[127.889,0.05],[127.978,-0.248],[128.089,-0.485],[128.254,-0.732],[128.335,-0.816],[128.425,-0.893],[128.278,-0.87],[128.233,-0.788],[128.046,-0.706],[128.011,-0.657],[127.889,-0.424],[127.853,-0.38],[127.741,-0.3],[127.692,-0.242],[127.675,-0.163],[127.687,-0.08],[127.681,0.035],[127.685,0.149],[127.709,0.288],[127.669,0.337],[127.616,0.383],[127.555,0.49],[127.537,0.611],[127.542,0.681],[127.567,0.743],[127.601,0.796],[127.608,0.848],[127.52,0.924],[127.429,1.14],[127.42,1.252],[127.537,1.467],[127.535,1.572],[127.558,1.634],[127.571,1.7],[127.632,1.844],[127.731,1.966],[127.9,2.137],[127.964,2.175],[128.036,2.199],[128.043,2.157],[128.031,2.12],[127.907,1.946],[127.89,1.906],[127.887,1.833],[127.946,1.79],[128.011,1.701],[128.024,1.583],[128.026,1.458],[128.012,1.332],[127.988,1.29],[127.885,1.163],[127.653,1.014],[127.633,0.977],[127.634,0.936],[127.677,0.887],[127.733,0.848],[127.805,0.826]]]}},{"type":"Feature","properties":{},"geometry":{"type":"Polygon","coordinates":[[[159.971,-9.433],[160.065,-9.419],[160.355,-9.422],[160.525,-9.536],[160.625,-9.589],[160.682,-9.692],[160.751,-9.715],[160.794,-9.767],[160.819,-9.863],[160.802,-9.878],[160.713,-9.914],[160.649,-9.929],[160.482,-9.895],[160.321,-9.821],[160.002,-9.812],[159.854,-9.792],[159.803,-9.763],[159.755,-9.726],[159.68,-9.637],[159.622,-9.532],[159.612,-9.471],[159.607,-9.354],[159.626,-9.311],[159.686,-9.269],[159.75,-9.273],[159.971,-9.433]]]}},{"type":"Feature","properties":{},"geometry":{"type":"Polygon","coordinates":[[[117.219,8.367],[117.229,8.457],[117.256,8.541],[117.35,8.714],[117.418,8.767],[117.53,8.903],[117.593,8.968],[117.745,9.098],[117.885,9.241],[117.932,9.251],[117.983,9.253],[118.024,9.27],[118.115,9.347],[118.344,9.603],[118.533,9.794],[118.728,10.035],[118.82,10.105],[118.845,10.131],[119.024,10.354],[119.08,10.386],[119.143,10.409],[119.186,10.439],[119.224,10.477],[119.287,10.574],[119.313,10.687],[119.297,10.751],[119.261,10.845],[119.306,10.974],[119.341,11.033],[119.465,11.294],[119.501,11.346],[119.553,11.314],[119.56,11.267],[119.535,11.157],[119.533,11.102],[119.562,11.046],[119.527,10.953],[119.616,10.707],[119.684,10.552],[119.687,10.5],[119.595,10.407],[119.541,10.379],[119.422,10.354],[119.369,10.327],[119.285,10.252],[119.232,10.152],[119.219,10.101],[119.192,10.061],[118.949,9.993],[118.835,9.949],[118.782,9.916],[118.755,9.862],[118.774,9.767],[118.57,9.423],[118.504,9.333],[118.435,9.256],[118.35,9.201],[118.229,9.168],[118.134,9.101],[118.069,8.984],[117.99,8.877],[117.889,8.798],[117.78,8.729],[117.68,8.678],[117.572,8.642],[117.54,8.596],[117.517,8.538],[117.469,8.511],[117.412,8.496],[117.311,8.44],[117.219,8.367]]]}},{"type":"Feature","properties":{},"geometry":{"type":"Polygon","coordinates":[[[122.613,11.564],[122.726,11.608],[122.838,11.596],[122.931,11.529],[122.901,11.487],[122.895,11.441],[123.103,11.541],[123.158,11.536],[123.156,11.443],[123.144,11.364],[123.12,11.287],[123.075,11.197],[123.017,11.117],[122.939,11.058],[122.847,11.022],[122.803,10.99],[122.789,10.941],[122.791,10.88],[122.77,10.824],[122.673,10.801],[122.522,10.692],[122.198,10.623],[122.109,10.576],[122.052,10.514],[121.988,10.458],[121.954,10.444],[121.938,10.471],[121.934,10.494],[121.98,10.639],[121.972,10.699],[121.95,10.757],[121.964,10.872],[122.021,10.979],[122.051,11.097],[122.06,11.326],[122.104,11.643],[122.101,11.681],[122.067,11.724],[121.941,11.758],[121.891,11.791],[121.916,11.854],[121.964,11.897],[122.029,11.895],[122.087,11.855],[122.291,11.772],[122.399,11.702],[122.496,11.615],[122.613,11.564]]]}},{"type":"Feature","properties":{},"geometry":{"type":"Polygon","coordinates":[[[123.065,9.053],[122.995,9.059],[122.948,9.108],[122.867,9.32],[122.772,9.371],[122.665,9.41],[122.61,9.443],[122.562,9.483],[122.411,9.694],[122.4,9.823],[122.426,9.896],[122.471,9.962],[122.523,9.979],[122.648,9.982],[122.713,9.99],[122.856,10.087],[122.866,10.125],[122.867,10.284],[122.852,10.395],[122.817,10.504],[122.856,10.553],[122.906,10.603],[122.958,10.698],[122.969,10.766],[122.97,10.836],[122.983,10.887],[123.024,10.912],[123.222,10.989],[123.257,10.994],[123.511,10.923],[123.562,10.816],[123.568,10.781],[123.528,10.662],[123.493,10.582],[123.407,10.459],[123.344,10.325],[123.296,10.125],[123.266,10.059],[123.187,9.933],[123.162,9.864],[123.163,9.715],[123.149,9.659],[123.15,9.606],[123.308,9.357],[123.322,9.317],[123.321,9.273],[123.293,9.217],[123.229,9.121],[123.192,9.088],[123.131,9.064],[123.065,9.053]]]}},{"type":"Feature","properties":{},"geometry":{"type":"Polygon","coordinates":[[[124.644,11.308],[124.724,11.322],[124.821,11.401],[124.93,11.373],[124.994,11.256],[125.027,11.212],[125.044,11.135],[125.04,10.952],[125.013,10.786],[125.034,10.751],[125.084,10.722],[125.128,10.685],[125.164,10.637],[125.188,10.585],[125.197,10.457],[125.26,10.35],[125.268,10.308],[125.253,10.264],[125.148,10.272],[125.14,10.235],[125.143,10.189],[125.105,10.218],[125.044,10.323],[124.987,10.368],[125.005,10.197],[125.024,10.115],[125.027,10.033],[124.929,10.096],[124.813,10.135],[124.781,10.168],[124.792,10.275],[124.79,10.328],[124.738,10.44],[124.799,10.682],[124.797,10.732],[124.787,10.781],[124.739,10.88],[124.663,10.962],[124.616,10.962],[124.503,10.904],[124.446,10.924],[124.412,11.15],[124.366,11.371],[124.331,11.427],[124.308,11.486],[124.331,11.535],[124.374,11.515],[124.436,11.457],[124.511,11.424],[124.548,11.395],[124.575,11.343],[124.644,11.308]]]}},{"type":"Feature","properties":{},"geometry":{"type":"Polygon","coordinates":[[[125.31,12.446],[125.328,12.387],[125.32,12.322],[125.352,12.293],[125.409,12.285],[125.481,12.252],[125.536,12.191],[125.503,12.136],[125.513,12.055],[125.457,11.953],[125.464,11.772],[125.497,11.714],[125.5,11.655],[125.492,11.594],[125.506,11.544],[125.593,11.378],[125.609,11.323],[125.582,11.279],[125.574,11.238],[125.627,11.234],[125.704,11.165],[125.749,11.074],[125.736,11.05],[125.674,11.121],[125.628,11.132],[125.432,11.113],[125.312,11.142],[125.233,11.145],[125.156,11.267],[125.088,11.287],[125.034,11.341],[124.945,11.479],[124.917,11.558],[124.979,11.638],[124.998,11.702],[124.995,11.765],[124.936,11.755],[124.884,11.775],[124.821,11.852],[124.796,11.896],[124.75,11.933],[124.677,12.021],[124.572,12.055],[124.529,12.079],[124.446,12.153],[124.385,12.244],[124.326,12.404],[124.295,12.569],[124.566,12.526],[124.84,12.535],[125.15,12.573],[125.24,12.528],[125.31,12.446]]]}},{"type":"Feature","properties":{},"geometry":{"type":"Polygon","coordinates":[[[120.755,13.471],[120.915,13.501],[120.981,13.486],[121.025,13.429],[121.079,13.411],[121.122,13.381],[121.203,13.432],[121.284,13.374],[121.357,13.265],[121.442,13.188],[121.523,13.131],[121.539,13.089],[121.49,13.02],[121.475,12.932],[121.48,12.837],[121.541,12.638],[121.519,12.584],[121.458,12.508],[121.412,12.423],[121.418,12.389],[121.4,12.361],[121.394,12.301],[121.357,12.313],[121.322,12.304],[121.289,12.277],[121.237,12.219],[121.155,12.236],[121.117,12.253],[121.108,12.304],[121.083,12.339],[121.049,12.36],[120.963,12.447],[120.922,12.512],[120.921,12.581],[120.899,12.646],[120.855,12.704],[120.796,12.748],[120.776,12.791],[120.769,12.841],[120.764,12.97],[120.68,13.131],[120.651,13.169],[120.573,13.209],[120.508,13.26],[120.481,13.311],[120.455,13.394],[120.438,13.405],[120.388,13.402],[120.338,13.412],[120.353,13.473],[120.401,13.517],[120.468,13.522],[120.653,13.498],[120.704,13.479],[120.755,13.471]]]}},{"type":"Feature","properties":{},"geometry":{"type":"Polygon","coordinates":[[[155.933,-6.78],[155.915,-6.797],[155.892,-6.762],[155.805,-6.796],[155.763,-6.834],[155.719,-6.863],[155.617,-6.856],[155.521,-6.83],[155.427,-6.783],[155.344,-6.722],[155.261,-6.626],[155.209,-6.527],[155.234,-6.412],[155.202,-6.308],[155.045,-6.234],[155.01,-6.21],[154.94,-6.106],[154.87,-6.061],[154.782,-5.971],[154.759,-5.931],[154.721,-5.817],[154.709,-5.747],[154.741,-5.545],[154.729,-5.444],[154.773,-5.454],[154.818,-5.494],[154.871,-5.521],[154.997,-5.54],[155.094,-5.62],[155.187,-5.777],[155.198,-5.828],[155.228,-5.865],[155.323,-5.932],[155.373,-5.974],[155.467,-6.145],[155.519,-6.182],[155.581,-6.196],[155.638,-6.221],[155.734,-6.296],[155.823,-6.38],[155.882,-6.47],[155.928,-6.565],[155.958,-6.687],[155.933,-6.78]]]}},{"type":"Feature","properties":{},"geometry":{"type":"Polygon","coordinates":[[[152.892,-4.832],[152.846,-4.762],[152.787,-4.699],[152.74,-4.636],[152.681,-4.498],[152.678,-4.429],[152.693,-4.356],[152.697,-4.282],[152.668,-4.132],[152.598,-3.995],[152.356,-3.668],[152.279,-3.582],[152.192,-3.506],[152.136,-3.487],[152.023,-3.469],[151.973,-3.453],[151.88,-3.4],[151.793,-3.338],[151.579,-3.154],[151.465,-3.101],[151.405,-3.037],[151.067,-2.829],[150.968,-2.78],[150.848,-2.78],[150.746,-2.739],[150.826,-2.713],[150.843,-2.644],[150.825,-2.573],[150.995,-2.688],[151.175,-2.789],[151.226,-2.87],[151.315,-2.875],[151.475,-2.942],[151.586,-3.003],[151.69,-3.073],[151.807,-3.173],[152.033,-3.251],[152.065,-3.28],[152.179,-3.41],[152.329,-3.521],[152.38,-3.582],[153.017,-4.106],[153.124,-4.252],[153.133,-4.352],[153.112,-4.392],[153.044,-4.476],[153.046,-4.576],[153.023,-4.666],[152.966,-4.756],[152.892,-4.832]]]}},{"type":"Feature","properties":{},"geometry":{"type":"Polygon","coordinates":[[[138.296,-8.405],[137.983,-8.382],[137.872,-8.38],[137.688,-8.412],[137.65,-8.386],[137.685,-8.262],[137.833,-7.932],[138.008,-7.642],[138.082,-7.566],[138.185,-7.495],[138.296,-7.438],[138.544,-7.38],[138.77,-7.39],[138.802,-7.415],[138.899,-7.512],[138.963,-7.588],[138.989,-7.696],[138.893,-7.882],[138.786,-8.059],[138.612,-8.198],[138.535,-8.274],[138.296,-8.405]]]}},{"type":"Feature","properties":{},"geometry":{"type":"Polygon","coordinates":[[[129.984,-2.977],[130.103,-2.993],[130.304,-2.979],[130.379,-2.989],[130.57,-3.131],[130.626,-3.228],[130.642,-3.312],[130.671,-3.392],[130.718,-3.411],[130.773,-3.419],[130.846,-3.533],[130.86,-3.57],[130.805,-3.858],[130.58,-3.749],[130.363,-3.625],[130.27,-3.579],[130.02,-3.475],[129.981,-3.439],[129.953,-3.392],[129.844,-3.327],[129.627,-3.317],[129.545,-3.319],[129.512,-3.329],[129.52,-3.363],[129.522,-3.434],[129.468,-3.453],[129.333,-3.409],[129.212,-3.393],[129.108,-3.349],[128.967,-3.326],[128.952,-3.304],[128.964,-3.272],[128.958,-3.241],[128.925,-3.229],[128.863,-3.235],[128.802,-3.266],[128.751,-3.3],[128.677,-3.397],[128.639,-3.433],[128.517,-3.449],[128.466,-3.44],[128.419,-3.416],[128.28,-3.241],[128.233,-3.203],[128.181,-3.172],[128.132,-3.157],[128.082,-3.184],[128.056,-3.239],[128.044,-3.303],[128.03,-3.341],[127.97,-3.444],[127.92,-3.506],[127.902,-3.496],[127.928,-3.397],[127.928,-3.341],[127.897,-3.282],[127.878,-3.222],[128.113,-2.935],[128.199,-2.866],[128.57,-2.842],[128.791,-2.857],[128.911,-2.85],[128.991,-2.829],[129.058,-2.838],[129.074,-2.895],[129.116,-2.937],[129.174,-2.933],[129.28,-2.889],[129.371,-2.821],[129.427,-2.791],[129.484,-2.786],[129.543,-2.79],[129.6,-2.806],[129.755,-2.866],[129.984,-2.977]]]}},{"type":"Feature","properties":{},"geometry":{"type":"Polygon","coordinates":[[[127.025,-3.166],[127.063,-3.217],[127.092,-3.278],[127.125,-3.311],[127.163,-3.338],[127.227,-3.391],[127.244,-3.471],[127.23,-3.633],[127.155,-3.647],[127.085,-3.671],[126.941,-3.765],[126.87,-3.783],[126.794,-3.789],[126.74,-3.814],[126.686,-3.824],[126.547,-3.772],[126.411,-3.711],[126.215,-3.605],[126.178,-3.579],[126.147,-3.523],[126.057,-3.421],[126.034,-3.356],[126.026,-3.171],[126.05,-3.128],[126.088,-3.105],[126.22,-3.148],[126.306,-3.103],[126.555,-3.065],[126.808,-3.069],[126.861,-3.088],[127.025,-3.166]]]}},{"type":"Feature","properties":{},"geometry":{"type":"Polygon","coordinates":[[[122.642,-8.647],[122.554,-8.681],[122.47,-8.725],[122.417,-8.735],[122.321,-8.738],[122.186,-8.73],[122.094,-8.745],[121.839,-8.86],[121.738,-8.87],[121.651,-8.899],[121.621,-8.854],[121.585,-8.821],[121.5,-8.812],[121.415,-8.815],[121.328,-8.917],[121.191,-8.896],[121.138,-8.904],[121.086,-8.926],[121.035,-8.935],[120.982,-8.928],[120.781,-8.849],[120.55,-8.802],[120.32,-8.82],[120.121,-8.777],[120.012,-8.81],[119.909,-8.858],[119.879,-8.808],[119.841,-8.764],[119.808,-8.698],[119.807,-8.623],[119.818,-8.571],[119.848,-8.523],[119.866,-8.473],[119.875,-8.42],[119.918,-8.445],[119.964,-8.436],[120.099,-8.378],[120.231,-8.29],[120.354,-8.258],[120.425,-8.249],[120.486,-8.266],[120.547,-8.26],[120.61,-8.24],[120.71,-8.308],[120.751,-8.321],[120.886,-8.327],[121.009,-8.366],[121.118,-8.424],[121.277,-8.478],[121.372,-8.551],[121.445,-8.578],[121.498,-8.585],[121.548,-8.575],[121.61,-8.526],[121.683,-8.506],[121.747,-8.507],[121.863,-8.494],[121.912,-8.482],[121.967,-8.455],[122.02,-8.472],[122.067,-8.497],[122.263,-8.625],[122.323,-8.628],[122.433,-8.601],[122.467,-8.566],[122.484,-8.514],[122.514,-8.47],[122.556,-8.432],[122.604,-8.402],[122.75,-8.353],[122.85,-8.304],[122.919,-8.222],[122.759,-8.186],[122.792,-8.127],[122.846,-8.093],[122.917,-8.106],[122.978,-8.152],[123.006,-8.329],[122.955,-8.354],[122.924,-8.381],[122.902,-8.416],[122.811,-8.481],[122.847,-8.562],[122.82,-8.596],[122.783,-8.612],[122.642,-8.647]]]}},{"type":"Feature","properties":{},"geometry":{"type":"Polygon","coordinates":[[[120.058,-9.42],[120.221,-9.506],[120.248,-9.543],[120.258,-9.603],[120.291,-9.648],[120.365,-9.655],[120.444,-9.646],[120.504,-9.674],[120.556,-9.719],[120.633,-9.806],[120.7,-9.903],[120.784,-9.957],[120.833,-10.037],[120.804,-10.108],[120.698,-10.207],[120.64,-10.228],[120.562,-10.236],[120.439,-10.294],[120.395,-10.263],[120.255,-10.242],[120.145,-10.2],[120.052,-10.123],[119.998,-10.04],[119.931,-9.967],[119.813,-9.917],[119.601,-9.774],[119.47,-9.761],[119.417,-9.771],[119.363,-9.772],[119.085,-9.707],[119.042,-9.669],[119.008,-9.621],[118.977,-9.573],[118.959,-9.519],[118.994,-9.472],[119.031,-9.44],[119.186,-9.384],[119.296,-9.367],[119.424,-9.37],[119.615,-9.352],[119.795,-9.38],[119.851,-9.36],[119.942,-9.301],[119.974,-9.322],[120.013,-9.375],[120.058,-9.42]]]}},{"type":"Feature","properties":{},"geometry":{"type":"Polygon","coordinates":[[[118.292,-8.357],[118.338,-8.354],[118.433,-8.293],[118.491,-8.271],[118.552,-8.27],[118.612,-8.281],[118.671,-8.323],[118.692,-8.393],[118.714,-8.415],[118.748,-8.331],[118.794,-8.306],[118.846,-8.293],[118.926,-8.298],[118.988,-8.338],[119.044,-8.457],[119.042,-8.561],[119.062,-8.6],[119.101,-8.628],[119.13,-8.668],[119.104,-8.71],[119.079,-8.73],[119.006,-8.75],[118.971,-8.741],[118.939,-8.713],[118.903,-8.703],[118.821,-8.712],[118.746,-8.735],[118.756,-8.774],[118.818,-8.791],[118.837,-8.809],[118.833,-8.833],[118.808,-8.838],[118.728,-8.805],[118.674,-8.812],[118.479,-8.856],[118.427,-8.855],[118.398,-8.813],[118.4,-8.704],[118.379,-8.675],[118.234,-8.808],[118.19,-8.841],[118.132,-8.856],[118.071,-8.851],[117.861,-8.931],[117.795,-8.92],[117.732,-8.92],[117.508,-9.008],[117.388,-9.032],[117.326,-9.034],[117.265,-9.026],[117.21,-9.034],[117.161,-9.069],[117.061,-9.099],[116.958,-9.076],[116.871,-9.046],[116.788,-9.006],[116.768,-8.955],[116.772,-8.894],[116.807,-8.811],[116.783,-8.665],[116.801,-8.598],[116.835,-8.532],[116.886,-8.508],[116.953,-8.503],[117.064,-8.444],[117.165,-8.367],[117.224,-8.375],[117.357,-8.429],[117.435,-8.435],[117.567,-8.426],[117.622,-8.46],[117.643,-8.536],[117.673,-8.563],[117.712,-8.583],[117.806,-8.711],[117.893,-8.704],[117.97,-8.728],[118.104,-8.65],[118.206,-8.652],[118.235,-8.592],[118.174,-8.528],[118.1,-8.475],[118.061,-8.464],[118.018,-8.467],[117.979,-8.459],[117.815,-8.342],[117.766,-8.279],[117.738,-8.205],[117.755,-8.15],[117.868,-8.101],[117.921,-8.089],[118.117,-8.122],[118.151,-8.15],[118.203,-8.267],[118.242,-8.318],[118.292,-8.357]]]}},{"type":"Feature","properties":{},"geometry":{"type":"Polygon","coordinates":[[[116.514,-8.821],[116.559,-8.854],[116.587,-8.886],[116.377,-8.929],[116.29,-8.906],[116.239,-8.912],[116.027,-8.873],[115.875,-8.826],[115.857,-8.788],[115.869,-8.743],[115.914,-8.758],[116.032,-8.765],[116.076,-8.745],[116.078,-8.611],[116.061,-8.437],[116.22,-8.295],[116.304,-8.238],[116.402,-8.204],[116.647,-8.283],[116.688,-8.304],[116.719,-8.336],[116.734,-8.387],[116.641,-8.614],[116.514,-8.821]]]}},{"type":"Feature","properties":{},"geometry":{"type":"Polygon","coordinates":[[[115.549,-8.208],[115.691,-8.364],[115.704,-8.407],[115.661,-8.448],[115.56,-8.514],[115.334,-8.616],[115.295,-8.664],[115.247,-8.758],[115.236,-8.798],[115.22,-8.82],[115.194,-8.835],[115.145,-8.849],[115.092,-8.829],[115.14,-8.769],[115.142,-8.697],[115.106,-8.629],[115.055,-8.573],[114.952,-8.496],[114.842,-8.429],[114.731,-8.394],[114.613,-8.378],[114.571,-8.345],[114.502,-8.261],[114.479,-8.215],[114.468,-8.166],[114.475,-8.119],[114.504,-8.117],[114.62,-8.128],[114.833,-8.183],[114.938,-8.187],[114.998,-8.174],[115.154,-8.066],[115.191,-8.067],[115.34,-8.115],[115.448,-8.155],[115.549,-8.208]]]}},{"type":"Feature","properties":{},"geometry":{"type":"Polygon","coordinates":[[[106.08,-1.738],[106.127,-1.8],[106.162,-1.867],[106.209,-2.189],[106.366,-2.465],[106.818,-2.573],[106.744,-2.618],[106.707,-2.658],[106.679,-2.704],[106.612,-2.896],[106.619,-2.936],[106.658,-3.001],[106.667,-3.072],[106.611,-3.071],[106.547,-3.056],[106.496,-3.029],[106.449,-2.994],[106.397,-2.967],[106.342,-2.949],[106.25,-2.894],[106.126,-2.855],[105.999,-2.825],[105.937,-2.744],[105.908,-2.643],[105.939,-2.493],[105.908,-2.452],[105.862,-2.415],[105.807,-2.307],[105.786,-2.181],[105.705,-2.133],[105.599,-2.103],[105.553,-2.079],[105.343,-2.125],[105.293,-2.114],[105.248,-2.079],[105.133,-2.043],[105.138,-1.973],[105.191,-1.917],[105.316,-1.861],[105.375,-1.813],[105.387,-1.751],[105.364,-1.705],[105.373,-1.657],[105.413,-1.611],[105.46,-1.575],[105.585,-1.527],[105.64,-1.61],[105.668,-1.68],[105.701,-1.731],[105.754,-1.659],[105.72,-1.534],[105.816,-1.506],[105.91,-1.505],[105.981,-1.539],[106.027,-1.593],[106.046,-1.669],[106.08,-1.738]]]}},{"type":"Feature","properties":{},"geometry":{"type":"Polygon","coordinates":[[[282.86,18.421],[282.986,18.403],[283.041,18.402],[283.092,18.39],[283.207,18.304],[283.299,18.257],[283.65,18.152],[283.767,17.97],[283.789,17.914],[283.699,17.88],[283.584,17.868],[283.475,17.866],[283.375,17.901],[283.331,17.928],[283.226,17.94],[283.252,17.965],[283.205,17.976],[283.147,17.974],[283.104,17.904],[283.056,17.849],[282.964,17.854],[282.929,17.901],[282.881,17.88],[282.842,17.845],[282.795,17.715],[282.72,17.78],[282.639,17.834],[282.536,17.856],[282.329,17.86],[282.232,17.877],[282.151,17.988],[282.119,18.019],[282.037,18.048],[281.956,18.174],[281.926,18.191],[281.706,18.218],[281.66,18.287],[281.674,18.35],[281.748,18.426],[281.783,18.448],[281.905,18.445],[282.022,18.468],[282.073,18.501],[282.127,18.522],[282.548,18.467],[282.646,18.466],[282.739,18.457],[282.86,18.421]]]}},{"type":"Feature","properties":{},"geometry":{"type":"Polygon","coordinates":[[[293.902,18.425],[293.932,18.428],[293.907,18.469],[293.93,18.469],[294.121,18.444],[294.244,18.402],[294.371,18.381],[294.379,18.242],[294.282,18.187],[294.218,18.129],[294.166,18.057],[294.029,17.974],[293.865,17.949],[293.755,17.947],[293.714,17.95],[293.674,17.964],[293.591,17.951],[293.489,17.987],[293.402,17.978],[293.228,17.987],[293.162,17.955],[293.1,17.948],[293.039,17.954],[292.987,17.968],[292.858,17.967],[292.803,17.994],[292.826,18.153],[292.828,18.224],[292.796,18.283],[292.761,18.321],[292.736,18.365],[292.787,18.394],[292.828,18.436],[292.841,18.499],[292.887,18.515],[292.94,18.522],[293.187,18.493],[293.811,18.476],[293.847,18.471],[293.871,18.445],[293.902,18.425]]]}},{"type":"Feature","properties":{},"geometry":{"type":"Polygon","coordinates":[[[151.968,-4.317],[152.117,-4.212],[152.197,-4.285],[152.299,-4.321],[152.406,-4.341],[152.364,-4.491],[152.376,-4.56],[152.404,-4.629],[152.4,-4.731],[152.351,-4.822],[152.258,-4.955],[152.216,-4.979],[152.167,-4.993],[152.013,-5.004],[151.984,-5.074],[151.994,-5.149],[152.077,-5.247],[152.143,-5.357],[152.077,-5.458],[151.968,-5.529],[151.865,-5.565],[151.695,-5.544],[151.515,-5.552],[151.481,-5.591],[151.48,-5.655],[151.455,-5.703],[151.422,-5.747],[151.331,-5.839],[151.229,-5.92],[151.09,-5.997],[151.043,-6.015],[150.92,-6.027],[150.809,-6.071],[150.76,-6.114],[150.706,-6.149],[150.588,-6.188],[150.474,-6.263],[150.428,-6.276],[150.191,-6.289],[149.851,-6.293],[149.75,-6.301],[149.653,-6.29],[149.598,-6.261],[149.483,-6.125],[149.382,-6.078],[149.273,-6.079],[149.127,-6.128],[149.099,-6.117],[148.808,-5.916],[148.719,-5.867],[148.625,-5.831],[148.51,-5.805],[148.401,-5.765],[148.337,-5.669],[148.345,-5.545],[148.432,-5.472],[148.565,-5.508],[148.616,-5.507],[148.666,-5.487],[148.724,-5.493],[148.783,-5.512],[148.999,-5.485],[149.124,-5.523],[149.245,-5.573],[149.359,-5.584],[149.475,-5.573],[149.632,-5.516],[149.681,-5.524],[149.831,-5.524],[149.963,-5.448],[150.012,-5.14],[150.045,-5.035],[150.09,-5.012],[150.122,-5.018],[150.17,-5.071],[150.109,-5.136],[150.082,-5.186],[150.072,-5.31],[150.106,-5.429],[150.183,-5.524],[150.299,-5.536],[150.404,-5.473],[150.519,-5.46],[150.626,-5.521],[150.734,-5.51],[150.784,-5.471],[150.843,-5.454],[150.9,-5.447],[150.953,-5.424],[151.022,-5.321],[151.069,-5.204],[151.138,-5.113],[151.327,-4.96],[151.381,-4.941],[151.44,-4.931],[151.573,-4.938],[151.671,-4.883],[151.679,-4.761],[151.665,-4.637],[151.552,-4.346],[151.544,-4.299],[151.561,-4.247],[151.593,-4.201],[151.704,-4.2],[151.819,-4.217],[151.865,-4.261],[151.916,-4.297],[151.968,-4.317]]]}},{"type":"Feature","properties":{},"geometry":{"type":"Polygon","coordinates":[[[127.115,-8.584],[126.915,-8.715],[126.792,-8.755],[126.665,-8.782],[126.569,-8.833],[126.487,-8.913],[126.383,-8.958],[126.265,-8.973],[126.164,-8.997],[126.073,-9.044],[125.946,-9.124],[125.895,-9.132],[125.84,-9.13],[125.735,-9.161],[125.408,-9.276],[125.21,-9.404],[124.998,-9.565],[124.963,-9.666],[124.842,-9.76],[124.708,-9.914],[124.602,-9.993],[124.508,-10.086],[124.428,-10.149],[124.327,-10.17],[124.176,-10.183],[123.971,-10.295],[123.858,-10.344],[123.747,-10.347],[123.644,-10.311],[123.605,-10.27],[123.614,-10.215],[123.648,-10.168],[123.69,-10.129],[123.716,-10.079],[123.599,-10.015],[123.589,-9.967],[123.636,-9.838],[123.666,-9.705],[123.709,-9.615],[123.877,-9.453],[123.977,-9.373],[124.198,-9.256],[124.575,-9.155],[124.646,-9.117],[124.708,-9.062],[124.89,-8.968],[125.027,-8.859],[125.116,-8.708],[125.178,-8.648],[125.323,-8.591],[125.382,-8.575],[125.804,-8.492],[125.905,-8.487],[126.173,-8.489],[126.531,-8.471],[126.62,-8.459],[126.735,-8.423],[126.846,-8.377],[126.905,-8.342],[126.966,-8.316],[127.058,-8.348],[127.215,-8.373],[127.257,-8.395],[127.296,-8.425],[127.115,-8.584]]]}},{"type":"Feature","properties":{},"geometry":{"type":"Polygon","coordinates":[[[173.285,-34.981],[173.34,-34.948],[173.381,-34.896],[173.448,-34.844],[173.439,-34.929],[173.473,-34.947],[173.694,-35.006],[173.739,-35.055],[173.786,-35.069],[173.813,-35.041],[173.844,-35.026],[173.924,-35.057],[174.104,-35.143],[174.119,-35.172],[174.11,-35.216],[174.119,-35.263],[174.143,-35.3],[174.203,-35.309],[174.283,-35.254],[174.32,-35.247],[174.373,-35.325],[174.393,-35.369],[174.385,-35.367],[174.419,-35.411],[174.465,-35.454],[174.543,-35.582],[174.532,-35.627],[174.509,-35.667],[174.581,-35.786],[174.533,-35.794],[174.391,-35.774],[174.396,-35.797],[174.479,-35.884],[174.545,-36.0],[173.959,-36.0],[173.914,-35.909],[173.909,-35.954],[173.915,-36.0],[173.797,-36.0],[173.412,-35.543],[173.48,-35.459],[173.586,-35.389],[173.61,-35.357],[173.626,-35.319],[173.582,-35.313],[173.542,-35.33],[173.496,-35.362],[173.454,-35.399],[173.402,-35.481],[173.376,-35.5],[173.314,-35.443],[173.29,-35.408],[173.291,-35.366],[173.275,-35.34],[173.228,-35.331],[173.16,-35.248],[173.117,-35.205],[173.189,-35.124],[173.191,-35.016],[173.117,-34.903],[173.03,-34.8],[172.861,-34.632],[172.706,-34.455],[172.874,-34.433],[173.044,-34.429],[172.964,-34.535],[173.0,-34.596],[173.054,-34.648],[173.171,-34.807],[173.181,-34.853],[173.241,-34.899],[173.269,-34.935],[173.285,-34.981]]]}},{"type":"Feature","properties":{},"geometry":{"type":"Polygon","coordinates":[[[126.088,9.261],[126.193,9.277],[126.192,9.125],[126.209,9.081],[126.305,8.952],[126.32,8.845],[126.263,8.744],[126.22,8.696],[126.142,8.627],[126.14,8.596],[126.173,8.56],[126.282,8.539],[126.365,8.484],[126.38,8.327],[126.459,8.203],[126.457,8.149],[126.425,7.927],[126.435,7.833],[126.494,7.757],[126.544,7.725],[126.57,7.677],[126.593,7.547],[126.589,7.325],[126.582,7.248],[126.547,7.176],[126.439,7.012],[126.294,6.882],[126.217,6.891],[126.192,6.853],[126.24,6.734],[126.221,6.483],[126.189,6.31],[126.142,6.398],[126.11,6.49],[126.08,6.733],[126.043,6.843],[125.985,6.944],[125.962,7.033],[125.901,7.117],[125.824,7.333],[125.774,7.322],[125.689,7.263],[125.67,7.222],[125.66,7.161],[125.641,7.105],[125.542,7.017],[125.465,6.911],[125.401,6.796],[125.381,6.69],[125.433,6.607],[125.487,6.574],[125.565,6.5],[125.588,6.466],[125.671,6.225],[125.668,5.979],[125.608,5.87],[125.456,5.664],[125.346,5.599],[125.288,5.632],[125.241,5.757],[125.233,5.808],[125.265,5.926],[125.268,6.033],[125.232,6.07],[125.191,6.062],[125.174,6.047],[125.076,5.906],[125.035,5.871],[124.975,5.866],[124.927,5.875],[124.636,5.998],[124.399,6.12],[124.213,6.233],[124.078,6.404],[124.05,6.533],[124.048,6.667],[123.988,6.863],[123.981,6.93],[123.985,6.994],[124.045,7.114],[124.118,7.175],[124.158,7.219],[124.191,7.267],[124.213,7.332],[124.207,7.396],[124.182,7.437],[124.068,7.578],[123.968,7.665],[123.765,7.743],[123.717,7.785],[123.666,7.818],[123.609,7.832],[123.553,7.832],[123.493,7.808],[123.477,7.756],[123.482,7.71],[123.476,7.665],[123.391,7.408],[123.282,7.464],[123.178,7.529],[123.151,7.575],[123.139,7.63],[123.121,7.667],[123.097,7.7],[123.049,7.614],[122.99,7.546],[122.917,7.531],[122.843,7.529],[122.819,7.558],[122.792,7.722],[122.714,7.774],[122.616,7.763],[122.498,7.673],[122.474,7.639],[122.449,7.561],[122.32,7.34],[122.251,7.17],[122.176,7.004],[122.142,6.95],[122.098,6.914],[122.028,6.929],[121.964,6.968],[121.904,7.075],[121.925,7.2],[121.991,7.279],[122.047,7.364],[122.115,7.66],[122.12,7.765],[122.132,7.81],[122.243,7.945],[122.337,8.028],[122.387,8.046],[122.589,8.093],[122.673,8.133],[122.804,8.134],[122.911,8.156],[122.996,8.221],[123.003,8.287],[122.999,8.356],[123.018,8.398],[123.051,8.434],[123.096,8.481],[123.147,8.516],[123.293,8.541],[123.341,8.57],[123.38,8.616],[123.435,8.703],[123.499,8.682],[123.564,8.647],[123.68,8.621],[123.783,8.548],[123.849,8.433],[123.861,8.376],[123.877,8.189],[123.853,8.145],[123.753,8.058],[123.799,8.049],[123.931,8.128],[123.997,8.159],[124.159,8.201],[124.198,8.23],[124.226,8.271],[124.283,8.386],[124.325,8.508],[124.358,8.559],[124.405,8.6],[124.451,8.606],[124.622,8.523],[124.731,8.563],[124.762,8.69],[124.787,8.874],[124.806,8.924],[124.869,8.972],[124.944,8.957],[125.046,8.891],[125.141,8.869],[125.176,8.922],[125.21,9.027],[125.248,9.027],[125.376,8.992],[125.499,9.015],[125.533,9.141],[125.51,9.276],[125.414,9.669],[125.471,9.757],[125.521,9.759],[125.642,9.654],[125.877,9.513],[125.955,9.427],[126.006,9.321],[126.088,9.261]]]}},{"type":"Feature","properties":{},"geometry":{"type":"Polygon","coordinates":[[[121.254,18.563],[121.593,18.376],[121.717,18.33],[121.846,18.295],[121.948,18.285],[122.038,18.328],[122.077,18.372],[122.147,18.487],[122.221,18.501],[122.266,18.459],[122.3,18.403],[122.315,18.32],[122.294,18.234],[122.223,18.157],[122.179,18.064],[122.151,17.756],[122.152,17.664],[122.175,17.576],[122.237,17.435],[122.269,17.395],[122.362,17.345],[122.388,17.307],[122.393,17.238],[122.408,17.178],[122.468,17.155],[122.519,17.125],[122.5,17.058],[122.468,16.99],[122.426,16.823],[122.226,16.435],[122.214,16.352],[122.135,16.185],[121.975,16.158],[121.789,16.077],[121.685,16.015],[121.595,15.933],[121.561,15.827],[121.59,15.778],[121.609,15.726],[121.607,15.67],[121.579,15.623],[121.49,15.51],[121.452,15.417],[121.412,15.375],[121.392,15.324],[121.399,15.267],[121.435,15.216],[121.544,14.999],[121.661,14.79],[121.686,14.765],[121.695,14.737],[121.627,14.682],[121.628,14.581],[121.649,14.481],[121.752,14.234],[121.767,14.168],[121.8,14.114],[121.853,14.063],[121.912,14.02],[122.08,13.947],[122.144,13.933],[122.212,13.93],[122.228,13.979],[122.287,13.996],[122.274,14.045],[122.203,14.112],[122.2,14.148],[122.237,14.175],[122.283,14.191],[122.384,14.264],[122.491,14.322],[122.627,14.318],[122.761,14.285],[122.856,14.251],[122.934,14.188],[123.015,14.08],[123.071,13.96],[123.071,13.903],[123.057,13.845],[123.06,13.789],[123.102,13.75],[123.231,13.747],[123.297,13.836],[123.305,13.937],[123.259,13.975],[123.28,14.025],[123.32,14.062],[123.377,14.029],[123.432,13.966],[123.633,13.898],[123.684,13.897],[123.726,13.884],[123.816,13.837],[123.858,13.8],[123.806,13.722],[123.607,13.704],[123.55,13.646],[123.608,13.528],[123.704,13.432],[123.765,13.354],[123.819,13.269],[123.817,13.192],[123.785,13.111],[123.873,13.117],[123.955,13.1],[124.069,13.032],[124.105,13.025],[124.143,13.036],[124.137,12.791],[124.06,12.567],[123.962,12.595],[123.878,12.69],[123.895,12.805],[123.949,12.916],[123.918,12.94],[123.864,12.931],[123.802,12.906],[123.736,12.897],[123.627,12.912],[123.402,13.033],[123.311,13.044],[123.29,13.099],[123.296,13.216],[123.206,13.354],[123.192,13.403],[123.163,13.442],[122.896,13.592],[122.863,13.617],[122.781,13.737],[122.595,13.908],[122.543,13.925],[122.486,13.93],[122.468,13.887],[122.494,13.82],[122.504,13.763],[122.5,13.703],[122.508,13.657],[122.596,13.562],[122.609,13.517],[122.668,13.395],[122.675,13.253],[122.6,13.194],[122.515,13.26],[122.513,13.314],[122.498,13.364],[122.407,13.493],[122.377,13.521],[122.205,13.648],[122.073,13.788],[121.778,13.938],[121.743,13.946],[121.692,13.935],[121.643,13.916],[121.501,13.842],[121.451,13.791],[121.446,13.712],[121.344,13.649],[121.204,13.64],[121.096,13.679],[121.006,13.758],[120.932,13.762],[120.841,13.885],[120.729,13.901],[120.637,13.804],[120.617,13.995],[120.617,14.188],[120.643,14.244],[120.688,14.291],[120.922,14.493],[120.952,14.558],[120.941,14.645],[120.888,14.716],[120.804,14.759],[120.708,14.777],[120.638,14.816],[120.584,14.881],[120.547,14.766],[120.583,14.595],[120.589,14.483],[120.556,14.441],[120.496,14.44],[120.439,14.453],[120.396,14.493],[120.365,14.608],[120.284,14.684],[120.251,14.793],[120.214,14.809],[120.138,14.8],[120.082,14.851],[120.045,14.978],[120.037,15.115],[120.005,15.229],[119.959,15.34],[119.933,15.431],[119.892,15.838],[119.881,15.875],[119.86,15.906],[119.808,15.952],[119.769,16.008],[119.762,16.055],[119.773,16.255],[119.79,16.303],[119.831,16.327],[119.886,16.287],[119.93,16.239],[119.985,16.215],[120.033,16.185],[120.124,16.066],[120.16,16.048],[120.271,16.051],[120.337,16.066],[120.369,16.11],[120.389,16.161],[120.389,16.222],[120.325,16.4],[120.305,16.529],[120.304,16.645],[120.321,16.762],[120.409,16.956],[120.42,17.09],[120.412,17.27],[120.427,17.377],[120.425,17.438],[120.372,17.535],[120.358,17.638],[120.505,18.163],[120.551,18.264],[120.584,18.369],[120.6,18.508],[120.709,18.546],[120.814,18.603],[120.868,18.599],[120.925,18.585],[121.051,18.614],[121.102,18.615],[121.254,18.563]]]}},{"type":"Feature","properties":{},"geometry":{"type":"Polygon","coordinates":[[[133.724,-0.741],[133.85,-0.731],[133.975,-0.744],[134.025,-0.77],[134.112,-0.847],[134.087,-0.897],[134.072,-1.002],[134.116,-1.102],[134.188,-1.203],[134.247,-1.311],[134.26,-1.363],[134.237,-1.474],[134.217,-1.529],[134.145,-1.621],[134.106,-1.721],[134.131,-1.845],[134.145,-1.969],[134.143,-2.083],[134.156,-2.195],[134.195,-2.309],[134.362,-2.621],[134.46,-2.832],[134.491,-2.714],[134.483,-2.583],[134.518,-2.536],[134.567,-2.51],[134.627,-2.537],[134.645,-2.59],[134.649,-2.706],[134.702,-2.934],[134.77,-2.944],[134.843,-2.909],[134.855,-2.979],[134.853,-3.108],[134.887,-3.21],[134.917,-3.25],[135.037,-3.333],[135.092,-3.349],[135.252,-3.369],[135.372,-3.375],[135.487,-3.345],[135.561,-3.269],[135.628,-3.186],[135.859,-2.995],[135.926,-2.904],[135.991,-2.764],[136.013,-2.734],[136.243,-2.583],[136.27,-2.529],[136.303,-2.426],[136.352,-2.325],[136.39,-2.273],[136.612,-2.224],[136.843,-2.198],[137.072,-2.105],[137.171,-2.025],[137.176,-1.973],[137.125,-1.881],[137.123,-1.841],[137.176,-1.802],[137.381,-1.686],[137.617,-1.566],[137.806,-1.483],[137.911,-1.484],[138.008,-1.557],[138.111,-1.616],[138.65,-1.791],[138.736,-1.846],[138.811,-1.918],[138.919,-1.968],[139.039,-1.992],[139.149,-2.039],[139.253,-2.099],[139.482,-2.212],[139.79,-2.348],[139.868,-2.356],[140.155,-2.35],[140.204,-2.376],[140.251,-2.412],[140.295,-2.42],[140.623,-2.446],[140.673,-2.472],[140.721,-2.508],[140.747,-2.607],[141.105,-2.611],[141.186,-2.628],[141.687,-2.845],[141.837,-2.932],[141.887,-2.953],[141.938,-2.953],[141.986,-2.964],[142.212,-3.083],[142.549,-3.205],[142.905,-3.321],[143.016,-3.345],[143.13,-3.355],[143.378,-3.395],[143.509,-3.431],[143.701,-3.573],[143.797,-3.617],[143.888,-3.697],[144.016,-3.784],[144.066,-3.805],[144.122,-3.815],[144.248,-3.818],[144.374,-3.803],[144.427,-3.81],[144.478,-3.825],[144.525,-3.855],[144.548,-3.913],[144.627,-3.993],[144.738,-4.029],[144.843,-4.101],[144.938,-4.188],[145.008,-4.275],[145.088,-4.349],[145.208,-4.38],[145.335,-4.385],[145.767,-4.823],[145.788,-4.891],[145.793,-5.178],[145.745,-5.402],[145.853,-5.471],[145.999,-5.497],[146.205,-5.545],[146.403,-5.617],[147.034,-5.919],[147.121,-5.945],[147.248,-5.955],[147.377,-5.951],[147.423,-5.966],[147.519,-6.021],[147.567,-6.057],[147.653,-6.155],[147.73,-6.261],[147.763,-6.292],[147.802,-6.315],[147.825,-6.373],[147.854,-6.551],[147.846,-6.662],[147.81,-6.704],[147.71,-6.724],[147.356,-6.742],[147.119,-6.722],[146.954,-6.834],[146.949,-6.883],[146.961,-6.929],[147.105,-7.167],[147.19,-7.378],[147.26,-7.464],[147.365,-7.534],[147.459,-7.616],[147.545,-7.711],[147.724,-7.876],[147.822,-7.938],[147.936,-7.975],[148.127,-8.104],[148.152,-8.16],[148.206,-8.339],[148.23,-8.46],[148.234,-8.51],[148.247,-8.554],[148.414,-8.664],[148.451,-8.695],[148.526,-8.939],[148.583,-9.052],[148.679,-9.092],[148.792,-9.089],[149.097,-9.017],[149.142,-9.015],[149.198,-9.031],[149.248,-9.071],[149.264,-9.181],[149.216,-9.296],[149.203,-9.407],[149.263,-9.498],[149.419,-9.569],[149.476,-9.588],[149.756,-9.611],[149.866,-9.63],[149.974,-9.661],[150.011,-9.688],[149.985,-9.737],[149.928,-9.761],[149.864,-9.771],[149.761,-9.806],[149.763,-9.869],[149.821,-9.934],[149.874,-10.013],[149.919,-10.042],[149.968,-10.061],[150.089,-10.088],[150.206,-10.126],[150.284,-10.163],[150.364,-10.19],[150.539,-10.207],[150.667,-10.257],[150.85,-10.236],[150.691,-10.318],[150.637,-10.338],[150.446,-10.307],[150.41,-10.339],[150.489,-10.426],[150.605,-10.484],[150.647,-10.518],[150.618,-10.558],[150.482,-10.637],[150.426,-10.649],[150.32,-10.655],[150.142,-10.621],[150.017,-10.577],[149.982,-10.518],[149.948,-10.483],[149.835,-10.399],[149.754,-10.353],[149.651,-10.338],[149.544,-10.338],[149.353,-10.29],[148.937,-10.255],[148.838,-10.234],[148.713,-10.167],[148.654,-10.157],[148.591,-10.178],[148.431,-10.191],[148.383,-10.185],[148.269,-10.128],[148.15,-10.107],[148.101,-10.125],[148.051,-10.128],[147.89,-10.087],[147.769,-10.07],[147.669,-10.013],[147.614,-9.96],[147.553,-9.912],[147.496,-9.79],[147.408,-9.675],[147.299,-9.58],[147.064,-9.426],[147.017,-9.388],[146.925,-9.247],[146.93,-9.154],[146.964,-9.06],[146.913,-9.092],[146.856,-9.088],[146.697,-9.025],[146.631,-8.951],[146.524,-8.75],[146.456,-8.644],[146.296,-8.456],[146.251,-8.344],[146.184,-8.246],[146.143,-8.21],[146.109,-8.168],[146.079,-8.114],[146.033,-8.076],[145.811,-7.993],[145.772,-7.966],[145.729,-7.952],[145.563,-7.944],[145.468,-7.93],[145.287,-7.862],[145.194,-7.841],[145.082,-7.828],[144.974,-7.802],[144.921,-7.777],[144.885,-7.734],[144.864,-7.632],[144.773,-7.642],[144.684,-7.625],[144.598,-7.589],[144.51,-7.567],[144.45,-7.598],[144.431,-7.679],[144.403,-7.684],[144.352,-7.667],[144.326,-7.677],[144.27,-7.714],[144.225,-7.765],[144.143,-7.757],[143.974,-7.706],[143.898,-7.674],[143.834,-7.616],[143.779,-7.55],[143.723,-7.498],[143.655,-7.46],[143.742,-7.55],[143.942,-7.944],[143.892,-7.952],[143.841,-7.942],[143.888,-8.018],[143.833,-8.029],[143.779,-8.028],[143.665,-7.996],[143.552,-7.985],[143.518,-8.001],[143.542,-8.029],[143.582,-8.113],[143.614,-8.2],[143.45,-8.24],[143.282,-8.264],[143.095,-8.311],[142.905,-8.314],[142.808,-8.287],[142.709,-8.272],[142.615,-8.287],[142.524,-8.322],[142.448,-8.316],[142.399,-8.255],[142.376,-8.208],[142.347,-8.167],[142.276,-8.174],[142.207,-8.196],[142.325,-8.198],[142.361,-8.25],[142.391,-8.313],[142.475,-8.369],[142.576,-8.336],[142.798,-8.345],[143.014,-8.444],[143.065,-8.455],[143.112,-8.475],[143.223,-8.572],[143.307,-8.661],[143.377,-8.762],[143.392,-8.802],[143.387,-8.908],[143.366,-8.961],[143.227,-9.036],[143.078,-9.092],[142.859,-9.203],[142.647,-9.328],[142.536,-9.303],[142.435,-9.237],[142.396,-9.219],[142.293,-9.183],[142.23,-9.17],[141.979,-9.198],[141.727,-9.213],[141.622,-9.211],[141.519,-9.19],[141.406,-9.151],[141.294,-9.168],[141.217,-9.214],[141.133,-9.221],[140.925,-9.085],[140.787,-8.974],[140.662,-8.847],[140.581,-8.728],[140.49,-8.62],[140.102,-8.301],[140.003,-8.196],[139.983,-8.167],[139.993,-8.139],[140.037,-8.084],[140.117,-7.924],[140.034,-8.023],[139.935,-8.101],[139.791,-8.106],[139.649,-8.125],[139.519,-8.173],[139.386,-8.189],[139.319,-8.166],[139.279,-8.107],[139.258,-8.047],[139.249,-7.982],[139.193,-8.086],[139.083,-8.143],[138.933,-8.262],[138.891,-8.238],[138.865,-8.192],[138.856,-8.145],[138.885,-8.095],[138.905,-8.041],[138.936,-7.913],[139.003,-7.838],[139.046,-7.691],[139.074,-7.639],[139.088,-7.587],[139.049,-7.528],[138.983,-7.508],[138.938,-7.472],[138.886,-7.373],[138.853,-7.34],[138.794,-7.299],[138.748,-7.251],[138.798,-7.216],[138.865,-7.201],[138.919,-7.204],[139.018,-7.226],[139.062,-7.227],[139.177,-7.19],[139.113,-7.202],[139.049,-7.201],[138.846,-7.136],[138.72,-7.07],[138.601,-6.937],[138.6,-6.911],[138.684,-6.887],[138.865,-6.858],[138.808,-6.79],[138.727,-6.731],[138.698,-6.626],[138.642,-6.56],[138.522,-6.454],[138.439,-6.343],[138.368,-6.119],[138.296,-5.949],[138.314,-5.888],[138.375,-5.844],[138.283,-5.839],[138.2,-5.807],[138.244,-5.724],[138.34,-5.676],[138.252,-5.688],[138.167,-5.712],[138.127,-5.717],[138.087,-5.709],[138.066,-5.676],[138.063,-5.629],[138.076,-5.546],[138.061,-5.465],[137.985,-5.428],[137.922,-5.37],[137.887,-5.349],[137.84,-5.35],[137.795,-5.312],[137.759,-5.256],[137.307,-5.014],[137.28,-4.945],[137.238,-4.976],[137.196,-4.99],[137.144,-4.951],[137.089,-4.924],[137.03,-4.929],[136.975,-4.907],[136.917,-4.895],[136.857,-4.893],[136.619,-4.819],[136.394,-4.701],[136.211,-4.651],[136.097,-4.585],[135.98,-4.531],[135.717,-4.478],[135.45,-4.443],[135.354,-4.442],[135.273,-4.453],[135.196,-4.451],[134.754,-4.195],[134.68,-4.079],[134.687,-4.011],[134.707,-3.955],[134.887,-3.938],[134.76,-3.922],[134.708,-3.93],[134.603,-3.976],[134.547,-3.979],[134.467,-3.949],[134.391,-3.91],[134.266,-3.946],[134.202,-3.887],[134.18,-3.825],[134.147,-3.797],[134.1,-3.8],[134.037,-3.822],[133.974,-3.818],[133.933,-3.776],[133.904,-3.72],[133.861,-3.68],[133.808,-3.65],[133.723,-3.578],[133.678,-3.479],[133.683,-3.309],[133.697,-3.248],[133.782,-3.149],[133.842,-3.055],[133.767,-3.044],[133.7,-3.087],[133.672,-3.132],[133.661,-3.186],[133.653,-3.364],[133.599,-3.416],[133.518,-3.412],[133.542,-3.516],[133.509,-3.616],[133.415,-3.732],[133.407,-3.785],[133.422,-3.843],[133.401,-3.899],[133.249,-4.062],[133.198,-4.07],[133.085,-4.069],[132.969,-4.095],[132.914,-4.057],[132.87,-4.007],[132.837,-3.949],[132.791,-3.828],[132.754,-3.704],[132.87,-3.551],[132.83,-3.413],[132.751,-3.295],[132.554,-3.131],[132.348,-2.975],[132.255,-2.943],[132.102,-2.93],[132.054,-2.915],[132.006,-2.856],[131.971,-2.789],[132.067,-2.76],[132.231,-2.68],[132.323,-2.684],[132.575,-2.727],[132.653,-2.766],[132.725,-2.789],[132.897,-2.658],[133.034,-2.487],[133.119,-2.45],[133.191,-2.438],[133.265,-2.454],[133.411,-2.514],[133.527,-2.542],[133.609,-2.547],[133.652,-2.601],[133.7,-2.625],[133.711,-2.544],[133.753,-2.451],[133.835,-2.422],[133.878,-2.415],[133.905,-2.391],[133.899,-2.304],[133.791,-2.294],[133.85,-2.22],[133.902,-2.184],[133.921,-2.147],[133.922,-2.102],[133.71,-2.189],[133.488,-2.226],[133.356,-2.216],[133.225,-2.214],[132.963,-2.273],[132.863,-2.27],[132.631,-2.247],[132.503,-2.218],[132.403,-2.24],[132.308,-2.242],[132.207,-2.176],[132.122,-2.092],[132.08,-2.033],[132.023,-1.99],[131.998,-1.933],[131.936,-1.715],[131.93,-1.56],[131.83,-1.557],[131.731,-1.541],[131.294,-1.393],[131.241,-1.43],[131.179,-1.448],[131.118,-1.455],[131.057,-1.448],[130.996,-1.425],[131.001,-1.384],[131.046,-1.284],[131.091,-1.247],[131.152,-1.219],[131.191,-1.166],[131.254,-1.007],[131.259,-0.953],[131.252,-0.897],[131.257,-0.855],[131.296,-0.834],[131.462,-0.782],[131.804,-0.704],[131.891,-0.657],[131.962,-0.582],[132.046,-0.537],[132.084,-0.491],[132.128,-0.454],[132.394,-0.355],[132.508,-0.347],[132.625,-0.359],[132.856,-0.417],[133.077,-0.512],[133.268,-0.636],[133.473,-0.726],[133.724,-0.741]]]}},{"type":"Feature","properties":{},"geometry":{"type":"Polygon","coordinates":[[[124.698,0.826],[124.64,0.744],[124.589,0.655],[124.514,0.557],[124.428,0.471],[124.384,0.445],[124.278,0.398],[124.217,0.38],[124.101,0.375],[123.754,0.306],[123.64,0.297],[123.526,0.3],[123.31,0.318],[123.265,0.327],[123.179,0.416],[123.083,0.486],[122.997,0.494],[122.91,0.486],[122.281,0.481],[122.061,0.468],[121.842,0.437],[121.723,0.451],[121.605,0.486],[121.516,0.498],[121.426,0.495],[121.013,0.442],[120.909,0.447],[120.7,0.515],[120.579,0.528],[120.46,0.51],[120.349,0.449],[120.307,0.408],[120.192,0.269],[120.127,0.167],[120.078,0.04],[120.036,-0.09],[120.013,-0.196],[120.012,-0.307],[120.032,-0.432],[120.063,-0.556],[120.097,-0.65],[120.241,-0.868],[120.27,-0.899],[120.425,-0.961],[120.518,-1.039],[120.605,-1.258],[120.667,-1.37],[120.729,-1.371],[120.797,-1.364],[120.916,-1.378],[121.034,-1.407],[121.149,-1.339],[121.213,-1.212],[121.277,-1.118],[121.431,-0.939],[121.519,-0.856],[121.576,-0.829],[121.633,-0.84],[121.681,-0.888],[121.738,-0.926],[121.853,-0.946],[121.97,-0.933],[122.094,-0.875],[122.138,-0.839],[122.175,-0.794],[122.28,-0.757],[122.53,-0.757],[122.659,-0.77],[122.889,-0.755],[122.886,-0.722],[122.841,-0.687],[122.829,-0.659],[122.872,-0.641],[123.02,-0.6],[123.171,-0.571],[123.281,-0.592],[123.38,-0.649],[123.417,-0.707],[123.434,-0.778],[123.396,-0.962],[123.378,-1.004],[123.3,-1.026],[123.226,-1.002],[123.153,-0.907],[123.049,-0.872],[122.903,-0.901],[122.853,-0.928],[122.807,-0.966],[122.725,-1.064],[122.656,-1.175],[122.507,-1.348],[122.334,-1.498],[122.251,-1.555],[122.158,-1.594],[121.859,-1.693],[121.78,-1.767],[121.719,-1.863],[121.651,-1.895],[121.573,-1.906],[121.514,-1.888],[121.395,-1.834],[121.355,-1.878],[121.349,-1.946],[121.408,-1.97],[121.502,-2.045],[121.575,-2.151],[121.622,-2.174],[121.726,-2.208],[121.77,-2.241],[121.848,-2.332],[121.972,-2.542],[122.014,-2.656],[122.083,-2.75],[122.292,-2.908],[122.303,-2.952],[122.29,-3.004],[122.307,-3.052],[122.381,-3.142],[122.399,-3.201],[122.317,-3.275],[122.313,-3.383],[122.263,-3.527],[122.251,-3.576],[122.253,-3.62],[122.288,-3.662],[122.329,-3.694],[122.385,-3.711],[122.435,-3.74],[122.529,-3.853],[122.579,-3.882],[122.61,-3.923],[122.607,-3.985],[122.65,-4.021],[122.69,-4.084],[122.75,-4.1],[122.779,-4.082],[122.798,-4.054],[122.848,-4.065],[122.877,-4.109],[122.894,-4.166],[122.9,-4.229],[122.897,-4.349],[122.872,-4.392],[122.818,-4.39],[122.72,-4.341],[122.715,-4.376],[122.722,-4.411],[122.672,-4.422],[122.615,-4.417],[122.471,-4.422],[122.207,-4.496],[122.114,-4.54],[122.054,-4.62],[122.05,-4.675],[122.073,-4.792],[122.038,-4.832],[121.917,-4.848],[121.748,-4.817],[121.646,-4.786],[121.589,-4.76],[121.514,-4.681],[121.487,-4.581],[121.541,-4.283],[121.557,-4.245],[121.583,-4.211],[121.612,-4.156],[121.618,-4.093],[121.537,-4.015],[121.416,-3.984],[121.313,-3.919],[120.914,-3.556],[120.892,-3.521],[120.891,-3.46],[120.907,-3.404],[121.038,-3.205],[121.054,-3.167],[121.07,-3.01],[121.067,-2.881],[121.052,-2.752],[120.99,-2.67],[120.879,-2.646],[120.765,-2.642],[120.654,-2.668],[120.544,-2.733],[120.341,-2.87],[120.261,-2.949],[120.254,-3.053],[120.3,-3.154],[120.36,-3.247],[120.392,-3.348],[120.437,-3.707],[120.435,-3.748],[120.383,-3.852],[120.362,-4.086],[120.385,-4.415],[120.42,-4.617],[120.405,-4.727],[120.31,-4.963],[120.281,-5.093],[120.279,-5.146],[120.391,-5.393],[120.417,-5.49],[120.43,-5.591],[120.312,-5.542],[120.256,-5.544],[120.201,-5.559],[120.077,-5.575],[119.952,-5.578],[119.908,-5.596],[119.818,-5.662],[119.764,-5.688],[119.717,-5.693],[119.557,-5.611],[119.463,-5.522],[119.376,-5.425],[119.36,-5.314],[119.391,-5.201],[119.434,-5.079],[119.52,-4.877],[119.516,-4.742],[119.545,-4.631],[119.594,-4.523],[119.612,-4.424],[119.624,-4.034],[119.611,-4.0],[119.494,-3.769],[119.48,-3.73],[119.479,-3.667],[119.492,-3.608],[119.495,-3.554],[119.467,-3.513],[119.42,-3.475],[119.362,-3.459],[119.24,-3.475],[118.995,-3.538],[118.922,-3.483],[118.868,-3.398],[118.833,-3.28],[118.812,-3.157],[118.822,-3.041],[118.858,-2.929],[118.829,-2.85],[118.784,-2.765],[118.783,-2.721],[118.809,-2.682],[118.853,-2.65],[118.908,-2.631],[118.958,-2.597],[119.092,-2.483],[119.135,-2.382],[119.138,-2.258],[119.172,-2.14],[119.241,-2.031],[119.322,-1.93],[119.348,-1.825],[119.308,-1.66],[119.324,-1.584],[119.31,-1.496],[119.309,-1.408],[119.359,-1.243],[119.508,-0.907],[119.654,-0.728],[119.711,-0.681],[119.787,-0.764],[119.844,-0.862],[119.845,-0.773],[119.83,-0.686],[119.772,-0.484],[119.722,-0.088],[119.736,-0.051],[119.787,-0.057],[119.838,-0.022],[119.866,0.04],[119.812,0.187],[119.809,0.239],[119.913,0.445],[119.998,0.52],[120.035,0.567],[120.056,0.693],[120.101,0.74],[120.157,0.774],[120.23,0.861],[120.27,0.971],[120.294,0.979],[120.322,0.983],[120.367,0.888],[120.416,0.849],[120.517,0.818],[120.603,0.854],[120.626,0.902],[120.659,0.944],[120.711,0.987],[120.755,1.036],[120.804,1.149],[120.868,1.253],[120.912,1.289],[120.965,1.312],[121.025,1.326],[121.082,1.328],[121.208,1.262],[121.282,1.25],[121.357,1.255],[121.404,1.244],[121.44,1.214],[121.473,1.156],[121.513,1.105],[121.551,1.08],[121.592,1.068],[121.867,1.089],[122.108,1.031],[122.437,1.018],[122.549,0.984],[122.657,0.941],[122.79,0.863],[122.838,0.846],[122.892,0.85],[122.96,0.923],[123.013,0.939],[123.067,0.942],[123.278,0.928],[123.847,0.838],[123.931,0.85],[124.274,1.022],[124.411,1.185],[124.534,1.23],[124.575,1.304],[124.6,1.392],[124.644,1.416],[124.747,1.441],[124.788,1.468],[124.861,1.576],[124.947,1.672],[124.989,1.701],[125.111,1.686],[125.165,1.644],[125.234,1.502],[125.222,1.479],[125.141,1.408],[125.117,1.379],[125.028,1.18],[124.967,1.083],[124.889,0.995],[124.698,0.826]]]}},{"type":"Feature","properties":{},"geometry":{"type":"Polygon","coordinates":[[[107.475,-6.122],[107.563,-6.183],[107.667,-6.216],[107.776,-6.219],[107.884,-6.233],[108.009,-6.277],[108.138,-6.297],[108.197,-6.289],[108.254,-6.267],[108.295,-6.265],[108.33,-6.286],[108.419,-6.383],[108.516,-6.471],[108.538,-6.516],[108.604,-6.729],[108.678,-6.791],[108.78,-6.808],[108.899,-6.808],[109.018,-6.817],[109.294,-6.867],[109.404,-6.86],[109.501,-6.81],[109.587,-6.843],[109.821,-6.902],[109.936,-6.916],[110.067,-6.899],[110.198,-6.895],[110.261,-6.912],[110.321,-6.938],[110.373,-6.948],[110.426,-6.947],[110.521,-6.897],[110.584,-6.806],[110.634,-6.69],[110.674,-6.57],[110.701,-6.518],[110.737,-6.472],[110.784,-6.443],[110.835,-6.424],[110.972,-6.436],[111.001,-6.465],[111.154,-6.669],[111.182,-6.687],[111.342,-6.7],[111.387,-6.693],[111.484,-6.652],[111.54,-6.648],[111.644,-6.699],[111.688,-6.742],[111.738,-6.773],[111.99,-6.806],[112.087,-6.893],[112.137,-6.905],[112.312,-6.894],[112.434,-6.903],[112.539,-6.926],[112.587,-7.051],[112.626,-7.178],[112.649,-7.221],[112.752,-7.265],[112.794,-7.304],[112.783,-7.432],[112.795,-7.552],[113.014,-7.658],[113.248,-7.718],[113.498,-7.724],[113.747,-7.703],[113.876,-7.677],[114.037,-7.632],[114.071,-7.633],[114.383,-7.771],[114.409,-7.792],[114.444,-7.896],[114.443,-8.005],[114.385,-8.263],[114.381,-8.334],[114.387,-8.405],[114.449,-8.559],[114.482,-8.604],[114.595,-8.685],[114.599,-8.727],[114.584,-8.77],[114.459,-8.741],[114.383,-8.705],[114.339,-8.647],[114.277,-8.615],[114.16,-8.626],[113.94,-8.568],[113.693,-8.478],[113.253,-8.287],[113.134,-8.288],[113.019,-8.313],[112.898,-8.361],[112.772,-8.396],[112.679,-8.409],[112.586,-8.4],[112.352,-8.354],[112.115,-8.324],[111.51,-8.305],[111.339,-8.262],[111.055,-8.24],[110.83,-8.202],[110.607,-8.149],[110.039,-7.891],[109.853,-7.828],[109.282,-7.705],[109.194,-7.695],[108.987,-7.704],[108.856,-7.668],[108.741,-7.667],[108.571,-7.707],[108.518,-7.736],[108.452,-7.797],[108.336,-7.794],[108.221,-7.782],[107.917,-7.724],[107.804,-7.688],[107.696,-7.636],[107.598,-7.567],[107.547,-7.542],[107.285,-7.472],[107.071,-7.447],[106.631,-7.416],[106.535,-7.394],[106.455,-7.369],[106.411,-7.312],[106.417,-7.239],[106.448,-7.177],[106.492,-7.114],[106.52,-7.054],[106.198,-6.928],[105.944,-6.859],[105.835,-6.846],[105.725,-6.846],[105.601,-6.86],[105.478,-6.854],[105.421,-6.833],[105.362,-6.826],[105.303,-6.841],[105.255,-6.835],[105.243,-6.778],[105.273,-6.729],[105.336,-6.674],[105.371,-6.664],[105.387,-6.751],[105.405,-6.768],[105.46,-6.787],[105.484,-6.782],[105.581,-6.671],[105.608,-6.617],[105.655,-6.47],[105.706,-6.498],[105.757,-6.48],[105.787,-6.457],[105.868,-6.116],[105.936,-6.017],[106.029,-5.934],[106.075,-5.914],[106.166,-5.965],[106.35,-5.984],[106.459,-6.018],[106.569,-6.022],[106.676,-6.038],[106.825,-6.098],[106.878,-6.092],[106.932,-6.073],[107.012,-6.008],[107.046,-5.904],[107.162,-5.957],[107.332,-5.978],[107.374,-6.008],[107.475,-6.122]]]}},{"type":"Feature","properties":{},"geometry":{"type":"Polygon","coordinates":[[[100.021,2.794],[100.127,2.648],[100.307,2.467],[100.353,2.411],[100.401,2.332],[100.457,2.257],[100.524,2.189],[100.604,2.137],[100.685,2.12],[100.817,1.989],[100.888,1.948],[100.877,2.051],[100.817,2.14],[100.818,2.194],[100.828,2.243],[100.877,2.283],[100.936,2.295],[101.046,2.257],[101.225,2.102],[101.301,2.012],[101.358,1.887],[101.405,1.757],[101.477,1.693],[101.575,1.671],[101.684,1.661],[101.785,1.621],[102.02,1.442],[102.098,1.358],[102.157,1.259],[102.198,1.142],[102.223,1.019],[102.239,0.99],[102.39,0.842],[102.469,0.779],[102.566,0.749],[102.849,0.715],[102.949,0.664],[103.032,0.579],[103.067,0.492],[103.008,0.415],[102.786,0.298],[102.55,0.216],[102.78,0.244],[102.896,0.279],[103.003,0.332],[103.109,0.4],[103.277,0.495],[103.339,0.514],[103.412,0.507],[103.479,0.48],[103.579,0.387],[103.673,0.289],[103.743,0.174],[103.787,0.047],[103.706,-0.02],[103.589,-0.069],[103.429,-0.192],[103.412,-0.24],[103.444,-0.272],[103.405,-0.362],[103.495,-0.418],[103.509,-0.466],[103.431,-0.534],[103.439,-0.576],[103.533,-0.755],[103.578,-0.796],[103.721,-0.887],[103.94,-0.979],[104.061,-1.021],[104.199,-1.054],[104.258,-1.053],[104.361,-1.038],[104.381,-1.074],[104.426,-1.251],[104.447,-1.362],[104.478,-1.6],[104.519,-1.699],[104.516,-1.819],[104.569,-1.922],[104.676,-1.987],[104.791,-2.041],[104.845,-2.093],[104.845,-2.172],[104.826,-2.234],[104.787,-2.283],[104.668,-2.386],[104.647,-2.43],[104.631,-2.543],[104.651,-2.595],[104.698,-2.598],[104.736,-2.571],[104.878,-2.419],[104.917,-2.392],[104.971,-2.371],[105.026,-2.358],[105.287,-2.356],[105.397,-2.38],[105.495,-2.43],[105.582,-2.492],[105.899,-2.888],[106.044,-3.106],[106.056,-3.161],[106.058,-3.217],[106.034,-3.261],[105.901,-3.41],[105.885,-3.451],[105.844,-3.614],[105.852,-3.731],[105.896,-3.78],[105.93,-3.833],[105.928,-3.881],[105.841,-4.122],[105.831,-4.163],[105.887,-4.554],[105.891,-4.66],[105.879,-4.794],[105.887,-5.01],[105.816,-5.677],[105.803,-5.716],[105.748,-5.818],[105.677,-5.818],[105.619,-5.8],[105.578,-5.761],[105.556,-5.712],[105.523,-5.673],[105.349,-5.55],[105.304,-5.57],[105.128,-5.723],[105.081,-5.746],[105.023,-5.727],[104.93,-5.681],[104.64,-5.52],[104.622,-5.572],[104.618,-5.642],[104.676,-5.816],[104.684,-5.893],[104.631,-5.908],[104.602,-5.905],[104.481,-5.803],[104.37,-5.691],[104.243,-5.539],[104.15,-5.467],[104.067,-5.386],[103.831,-5.08],[103.77,-5.033],[103.406,-4.816],[103.332,-4.765],[103.239,-4.676],[103.139,-4.596],[102.919,-4.471],[102.538,-4.152],[102.372,-3.969],[102.188,-3.675],[102.128,-3.599],[101.818,-3.378],[101.649,-3.244],[101.579,-3.167],[101.414,-2.899],[101.366,-2.808],[101.306,-2.729],[101.206,-2.664],[101.119,-2.588],[100.944,-2.345],[100.89,-2.249],[100.848,-2.144],[100.855,-1.934],[100.487,-1.299],[100.394,-1.101],[100.308,-0.827],[100.289,-0.799],[100.088,-0.553],[100.017,-0.474],[100.0,-0.46],[100.0,2.836],[100.021,2.794]]]}},{"type":"Feature","properties":{},"geometry":{"type":"Polygon","coordinates":[[[116.788,6.606],[116.812,6.608],[116.913,6.66],[117.019,6.797],[117.078,6.917],[117.129,6.969],[117.23,6.94],[117.252,6.919],[117.245,6.833],[117.255,6.783],[117.294,6.677],[117.38,6.612],[117.499,6.571],[117.61,6.513],[117.646,6.474],[117.67,6.427],[117.694,6.35],[117.696,6.272],[117.616,6.197],[117.65,6.074],[117.645,6.002],[117.617,5.941],[117.501,5.885],[117.818,5.94],[117.896,5.972],[118.004,6.053],[118.062,5.983],[118.116,5.862],[118.072,5.832],[117.935,5.787],[117.928,5.769],[117.974,5.706],[118.031,5.712],[118.145,5.754],[118.249,5.821],[118.3,5.82],[118.353,5.806],[118.456,5.763],[118.514,5.729],[118.563,5.685],[118.595,5.592],[118.714,5.559],[118.957,5.429],[119.003,5.418],[119.05,5.415],[119.178,5.431],[119.223,5.413],[119.256,5.366],[119.266,5.308],[119.263,5.246],[119.25,5.199],[119.22,5.16],[119.132,5.1],[118.912,5.023],[118.672,4.964],[118.551,4.968],[118.382,5.019],[118.32,5.012],[118.261,4.989],[118.185,4.829],[118.324,4.669],[118.562,4.502],[118.595,4.461],[118.586,4.41],[118.548,4.379],[118.498,4.362],[118.364,4.336],[118.229,4.316],[118.117,4.288],[118.008,4.25],[117.896,4.263],[117.741,4.338],[117.696,4.343],[117.65,4.304],[117.604,4.2],[117.566,4.162],[117.497,4.133],[117.465,4.076],[117.559,3.988],[117.566,3.93],[117.639,3.878],[117.728,3.797],[117.732,3.77],[117.762,3.734],[117.777,3.689],[117.714,3.645],[117.63,3.636],[117.567,3.678],[117.51,3.73],[117.495,3.666],[117.45,3.629],[117.288,3.639],[117.172,3.639],[117.056,3.623],[117.114,3.613],[117.166,3.592],[117.346,3.427],[117.385,3.365],[117.322,3.244],[117.352,3.194],[117.422,3.165],[117.507,3.105],[117.567,3.098],[117.611,3.064],[117.612,3.005],[117.638,2.951],[117.569,2.929],[117.637,2.915],[117.698,2.887],[117.665,2.859],[117.639,2.825],[117.667,2.807],[117.75,2.776],[117.786,2.747],[117.805,2.669],[117.886,2.542],[118.034,2.378],[118.067,2.318],[118.066,2.263],[118.042,2.215],[117.957,2.16],[117.889,2.087],[117.881,2.061],[117.789,2.027],[117.831,2.002],[117.865,1.968],[117.928,1.867],[118.08,1.702],[118.157,1.64],[118.472,1.416],[118.639,1.319],[118.853,1.096],[118.963,1.044],[118.985,0.982],[118.892,0.887],[118.757,0.839],[118.535,0.814],[118.312,0.847],[118.196,0.874],[118.096,0.929],[118.016,1.039],[117.912,1.099],[117.952,1.032],[117.977,0.964],[117.964,0.89],[117.923,0.831],[117.853,0.789],[117.777,0.754],[117.745,0.73],[117.553,0.341],[117.522,0.236],[117.464,-0.2],[117.463,-0.324],[117.549,-0.554],[117.557,-0.675],[117.574,-0.728],[117.562,-0.771],[117.522,-0.797],[117.357,-0.867],[117.241,-0.926],[117.146,-1.009],[117.07,-1.113],[117.003,-1.188],[116.914,-1.224],[116.849,-1.218],[116.797,-1.184],[116.761,-1.117],[116.74,-1.044],[116.726,-1.098],[116.729,-1.151],[116.759,-1.207],[116.771,-1.267],[116.753,-1.327],[116.715,-1.376],[116.612,-1.429],[116.554,-1.474],[116.545,-1.553],[116.518,-1.598],[116.478,-1.633],[116.332,-1.712],[116.3,-1.744],[116.275,-1.785],[116.353,-1.779],[116.424,-1.785],[116.43,-1.864],[116.452,-1.923],[116.424,-2.053],[116.314,-2.14],[116.369,-2.158],[116.418,-2.187],[116.528,-2.208],[116.565,-2.3],[116.549,-2.411],[116.529,-2.511],[116.45,-2.538],[116.401,-2.52],[116.353,-2.522],[116.317,-2.552],[116.307,-2.603],[116.375,-2.578],[116.372,-2.707],[116.353,-2.833],[116.331,-2.902],[116.289,-2.959],[116.226,-2.977],[116.166,-2.935],[116.154,-2.984],[116.172,-3.025],[116.257,-3.126],[116.205,-3.149],[116.167,-3.183],[116.15,-3.233],[116.058,-3.348],[116.017,-3.433],[115.999,-3.523],[115.956,-3.595],[115.258,-3.907],[114.694,-4.17],[114.653,-4.152],[114.625,-4.112],[114.606,-3.703],[114.536,-3.494],[114.526,-3.377],[114.446,-3.482],[114.397,-3.471],[114.344,-3.444],[114.305,-3.41],[114.302,-3.365],[114.344,-3.235],[114.293,-3.306],[114.236,-3.361],[114.178,-3.354],[114.128,-3.327],[114.109,-3.285],[114.082,-3.279],[113.959,-3.394],[113.796,-3.456],[113.705,-3.455],[113.634,-3.42],[113.637,-3.332],[113.63,-3.246],[113.61,-3.196],[113.566,-3.178],[113.526,-3.184],[113.409,-3.229],[113.367,-3.224],[113.343,-3.246],[113.034,-2.933],[112.971,-3.187],[112.758,-3.322],[112.6,-3.4],[112.444,-3.371],[112.285,-3.321],[112.127,-3.381],[111.955,-3.53],[111.907,-3.553],[111.858,-3.552],[111.822,-3.533],[111.834,-3.42],[111.836,-3.308],[111.823,-3.057],[111.809,-3.008],[111.76,-2.939],[111.695,-2.889],[111.658,-2.926],[111.625,-2.975],[111.495,-2.973],[111.368,-2.934],[111.259,-2.956],[111.044,-3.056],[110.93,-3.071],[110.869,-3.049],[110.83,-2.995],[110.852,-2.946],[110.899,-2.909],[110.811,-2.938],[110.736,-2.989],[110.703,-3.021],[110.668,-3.005],[110.574,-2.891],[110.378,-2.934],[110.351,-2.947],[110.303,-2.985],[110.256,-2.966],[110.233,-2.925],[110.224,-2.689],[110.124,-2.234],[110.097,-2.001],[110.075,-1.946],[109.96,-1.863],[109.964,-1.743],[110.023,-1.643],[110.036,-1.526],[110.019,-1.399],[109.983,-1.275],[109.938,-1.181],[109.873,-1.101],[109.787,-1.011],[109.682,-0.944],[109.454,-0.869],[109.333,-0.875],[109.289,-0.846],[109.259,-0.807],[109.271,-0.732],[109.312,-0.68],[109.366,-0.667],[109.373,-0.638],[109.257,-0.577],[109.161,-0.495],[109.13,-0.445],[109.121,-0.391],[109.122,-0.265],[109.15,-0.186],[109.165,-0.142],[109.195,-0.009],[109.258,0.031],[109.247,0.056],[109.22,0.074],[109.181,0.117],[109.149,0.168],[109.075,0.253],[108.945,0.356],[108.923,0.533],[108.906,0.794],[108.917,0.913],[108.959,1.135],[109.031,1.204],[109.088,1.224],[109.132,1.254],[109.096,1.258],[109.065,1.247],[109.01,1.24],[109.055,1.438],[109.076,1.496],[109.167,1.607],[109.273,1.705],[109.318,1.821],[109.379,1.923],[109.629,2.028],[109.694,1.889],[109.72,1.858],[109.865,1.764],[109.985,1.718],[110.114,1.699],[110.246,1.695],[110.298,1.701],[110.349,1.72],[110.4,1.7],[110.675,1.548],[110.782,1.521],[110.895,1.532],[110.94,1.517],[111.098,1.401],[111.145,1.387],[111.223,1.396],[111.123,1.449],[111.058,1.487],[111.029,1.558],[111.047,1.634],[111.11,1.684],[111.154,1.739],[111.17,1.902],[111.198,1.985],[111.251,2.064],[111.268,2.14],[111.209,2.198],[111.196,2.297],[111.209,2.38],[111.242,2.436],[111.296,2.399],[111.351,2.364],[111.406,2.368],[111.444,2.382],[111.451,2.424],[111.44,2.498],[111.443,2.634],[111.513,2.743],[111.623,2.818],[111.728,2.854],[112.119,2.915],[112.737,3.07],[112.921,3.131],[112.988,3.162],[113.045,3.205],[113.14,3.344],[113.32,3.561],[113.446,3.741],[113.712,4.001],[113.924,4.243],[113.953,4.289],[113.988,4.421],[113.99,4.483],[113.984,4.546],[114.013,4.575],[114.054,4.593],[114.178,4.591],[114.299,4.607],[114.424,4.66],[114.545,4.725],[114.646,4.798],[114.741,4.881],[114.841,4.946],[114.995,5.022],[115.048,5.016],[115.047,4.962],[115.027,4.9],[115.14,4.9],[115.375,4.933],[115.428,4.969],[115.52,5.049],[115.554,5.094],[115.582,5.194],[115.467,5.254],[115.422,5.331],[115.419,5.413],[115.556,5.567],[115.604,5.603],[115.625,5.549],[115.685,5.535],[115.741,5.533],[115.797,5.536],[115.877,5.614],[115.918,5.725],[116.06,5.882],[116.11,6.003],[116.138,6.13],[116.495,6.522],[116.538,6.583],[116.75,6.977],[116.776,6.99],[116.833,6.952],[116.85,6.827],[116.842,6.772],[116.808,6.691],[116.788,6.606]]]}},{"type":"Feature","properties":{},"geometry":{"type":"Polygon","coordinates":[[[140.76,35.846],[140.813,35.783],[140.874,35.725],[140.639,35.661],[140.597,35.632],[140.457,35.51],[140.413,35.395],[140.417,35.267],[140.393,35.221],[140.355,35.181],[140.315,35.155],[140.159,35.096],[140.059,35.038],[139.96,34.947],[139.92,34.9],[139.844,34.915],[139.799,34.957],[139.843,35.01],[139.83,35.072],[139.851,35.232],[139.826,35.297],[139.906,35.345],[139.944,35.423],[140.027,35.485],[140.086,35.54],[140.097,35.585],[140.044,35.633],[139.988,35.668],[139.91,35.668],[139.835,35.658],[139.786,35.612],[139.77,35.55],[139.774,35.52],[139.768,35.495],[139.65,35.409],[139.666,35.319],[139.7,35.274],[139.744,35.252],[139.731,35.222],[139.675,35.149],[139.636,35.142],[139.564,35.243],[139.474,35.299],[139.363,35.298],[139.249,35.278],[139.163,35.211],[139.134,35.155],[139.116,35.097],[139.122,34.956],[139.086,34.839],[139.016,34.736],[138.983,34.698],[138.897,34.628],[138.838,34.619],[138.795,34.651],[138.761,34.699],[138.804,34.876],[138.803,34.975],[138.904,35.025],[138.821,35.096],[138.72,35.124],[138.577,35.086],[138.537,35.044],[138.51,34.987],[138.433,34.915],[138.349,34.848],[138.253,34.733],[138.189,34.596],[137.979,34.641],[137.864,34.651],[137.749,34.647],[137.543,34.664],[137.318,34.636],[137.062,34.583],[137.077,34.621],[137.288,34.704],[137.295,34.728],[137.275,34.773],[137.223,34.775],[137.097,34.759],[137.032,34.766],[137.006,34.814],[136.963,34.835],[136.935,34.815],[136.944,34.722],[136.913,34.709],[136.871,34.733],[136.885,34.806],[136.856,34.913],[136.853,34.979],[136.897,35.036],[136.852,35.06],[136.804,35.05],[136.744,35.023],[136.69,34.984],[136.577,34.79],[136.533,34.678],[136.616,34.589],[136.842,34.464],[136.88,34.434],[136.881,34.38],[136.854,34.324],[136.792,34.299],[136.544,34.258],[136.33,34.177],[136.268,34.095],[136.073,33.778],[135.916,33.562],[135.695,33.487],[135.453,33.553],[135.394,33.629],[135.347,33.722],[135.257,33.806],[135.175,33.898],[135.128,34.007],[135.135,34.183],[135.1,34.288],[135.132,34.317],[135.266,34.381],[135.309,34.417],[135.385,34.5],[135.412,34.547],[135.416,34.617],[135.355,34.654],[135.198,34.653],[135.042,34.631],[134.93,34.662],[134.785,34.747],[134.74,34.765],[134.584,34.771],[134.472,34.755],[134.363,34.724],[134.247,34.714],[134.208,34.698],[134.075,34.593],[133.968,34.527],[133.876,34.495],[133.678,34.486],[133.579,34.465],[133.474,34.43],[133.445,34.433],[133.336,34.385],[133.21,34.344],[133.142,34.302],[133.019,34.33],[132.775,34.255],[132.657,34.246],[132.534,34.287],[132.421,34.353],[132.313,34.325],[132.238,34.227],[132.202,34.032],[132.159,33.944],[132.146,33.839],[132.09,33.855],[131.763,34.045],[131.741,34.052],[131.476,34.019],[131.408,34.004],[131.323,33.965],[131.233,33.948],[131.15,33.976],[131.072,34.021],[130.996,34.007],[130.919,33.976],[130.889,34.262],[130.904,34.3],[130.952,34.35],[131.004,34.393],[131.132,34.407],[131.262,34.393],[131.354,34.413],[131.433,34.47],[131.515,34.55],[131.608,34.615],[131.734,34.667],[131.856,34.726],[131.963,34.809],[132.065,34.9],[132.158,34.967],[132.26,35.022],[132.414,35.156],[132.619,35.307],[132.698,35.418],[132.747,35.449],[132.923,35.511],[133.157,35.559],[133.267,35.557],[133.376,35.459],[133.435,35.472],[133.495,35.497],[133.615,35.511],[133.739,35.495],[133.86,35.495],[133.981,35.507],[134.214,35.539],[134.337,35.578],[134.456,35.628],[134.882,35.663],[135.174,35.747],[135.221,35.741],[135.265,35.722],[135.269,35.66],[135.232,35.592],[135.268,35.551],[135.327,35.526],[135.602,35.518],[135.68,35.503],[135.795,35.55],[135.903,35.607],[136.016,35.683],[136.095,35.768],[136.022,35.874],[136.006,35.991],[136.011,36.0],[140.66,36.0],[140.76,35.846]]]}},{"type":"Feature","properties":{},"geometry":{"type":"Polygon","coordinates":[[[134.496,34.215],[134.637,34.227],[134.635,34.044],[134.655,33.983],[134.695,33.928],[134.675,33.848],[134.739,33.821],[134.549,33.729],[134.377,33.608],[134.307,33.527],[134.243,33.439],[134.206,33.347],[134.182,33.247],[134.124,33.287],[133.959,33.448],[133.854,33.493],[133.686,33.516],[133.632,33.511],[133.286,33.36],[133.24,33.25],[133.146,33.083],[133.101,33.028],[133.051,33.012],[133.016,32.984],[132.977,32.842],[132.87,32.755],[132.804,32.752],[132.692,32.776],[132.642,32.762],[132.709,32.902],[132.602,32.92],[132.495,32.917],[132.493,33.008],[132.428,33.059],[132.476,33.126],[132.477,33.181],[132.505,33.211],[132.515,33.255],[132.511,33.293],[132.445,33.305],[132.405,33.331],[132.413,33.43],[132.375,33.434],[132.281,33.417],[132.086,33.34],[132.033,33.34],[132.114,33.395],[132.288,33.47],[132.366,33.512],[132.536,33.633],[132.643,33.69],[132.699,33.791],[132.716,33.852],[132.752,33.906],[132.784,33.992],[132.839,34.021],[132.935,34.095],[132.99,34.088],[133.051,33.997],[133.134,33.927],[133.193,33.933],[133.299,33.969],[133.35,33.977],[133.472,33.973],[133.582,34.017],[133.627,34.069],[133.643,34.135],[133.603,34.244],[133.656,34.233],[133.706,34.237],[133.826,34.307],[133.948,34.348],[134.076,34.358],[134.219,34.319],[134.357,34.256],[134.496,34.215]]]}},{"type":"Feature","properties":{},"geometry":{"type":"Polygon","coordinates":[[[131.309,33.573],[131.366,33.571],[131.419,33.584],[131.499,33.624],[131.583,33.652],[131.643,33.638],[131.696,33.603],[131.724,33.554],[131.711,33.502],[131.616,33.392],[131.537,33.274],[131.717,33.252],[131.897,33.255],[131.855,33.182],[131.848,33.118],[131.903,33.088],[131.949,33.047],[131.937,33.01],[131.91,32.974],[132.009,32.919],[132.002,32.882],[131.977,32.844],[131.732,32.593],[131.66,32.466],[131.61,32.325],[131.565,32.223],[131.531,32.117],[131.506,32.002],[131.46,31.883],[131.475,31.778],[131.46,31.671],[131.337,31.405],[131.25,31.41],[131.14,31.442],[131.071,31.437],[131.035,31.378],[131.098,31.256],[130.902,31.112],[130.686,31.015],[130.684,31.059],[130.704,31.094],[130.736,31.122],[130.758,31.156],[130.79,31.269],[130.774,31.383],[130.709,31.526],[130.704,31.577],[130.749,31.598],[130.78,31.604],[130.796,31.624],[130.797,31.671],[130.776,31.706],[130.715,31.718],[130.655,31.718],[130.613,31.665],[130.556,31.563],[130.528,31.46],[130.54,31.403],[130.566,31.352],[130.645,31.267],[130.621,31.218],[130.589,31.179],[130.311,31.267],[130.251,31.273],[130.201,31.292],[130.147,31.408],[130.261,31.437],[130.294,31.451],[130.307,31.488],[130.322,31.601],[130.269,31.696],[130.224,31.73],[130.188,31.769],[130.211,31.849],[130.196,31.95],[130.194,32.091],[130.214,32.115],[130.319,32.144],[130.395,32.219],[130.462,32.305],[130.56,32.456],[130.641,32.619],[130.563,32.626],[130.498,32.657],[130.569,32.734],[130.547,32.832],[130.44,32.951],[130.382,33.093],[130.287,33.155],[130.238,33.178],[130.177,33.145],[130.127,33.105],[130.173,33.013],[130.168,32.932],[130.175,32.851],[130.222,32.847],[130.28,32.867],[130.326,32.853],[130.354,32.81],[130.361,32.756],[130.34,32.702],[130.298,32.675],[130.246,32.677],[130.193,32.706],[130.152,32.748],[130.054,32.771],[129.951,32.722],[129.853,32.622],[129.769,32.571],[129.808,32.645],[129.827,32.725],[129.786,32.782],[129.69,32.875],[129.668,32.929],[129.662,32.995],[129.679,33.06],[129.778,32.986],[129.828,32.893],[129.901,32.852],[129.992,32.852],[129.922,32.988],[129.897,33.022],[129.799,33.084],[129.665,33.187],[129.58,33.236],[129.61,33.344],[129.66,33.365],[129.702,33.36],[129.844,33.322],[129.858,33.375],[129.837,33.404],[129.826,33.437],[129.919,33.483],[130.072,33.522],[130.103,33.54],[130.131,33.578],[130.168,33.598],[130.275,33.598],[130.365,33.634],[130.439,33.734],[130.457,33.789],[130.484,33.835],[130.67,33.915],[130.716,33.928],[130.84,33.918],[130.953,33.872],[131.009,33.776],[131.058,33.673],[131.175,33.603],[131.309,33.573]]]}},{"type":"Feature","properties":{},"geometry":{"type":"Polygon","coordinates":[[[120.947,22.503],[120.897,22.379],[120.877,22.262],[120.878,22.142],[120.864,22.033],[120.84,21.925],[120.743,21.956],[120.69,22.033],[120.678,22.16],[120.608,22.313],[120.581,22.356],[120.48,22.442],[120.388,22.485],[120.316,22.548],[120.326,22.542],[120.273,22.627],[120.233,22.718],[120.15,22.975],[120.122,23.037],[120.083,23.094],[120.072,23.15],[120.086,23.212],[120.121,23.305],[120.143,23.399],[120.125,23.527],[120.132,23.653],[120.159,23.709],[120.63,24.479],[120.757,24.642],[120.836,24.723],[120.902,24.813],[120.964,24.928],[121.041,25.033],[121.095,25.065],[121.365,25.159],[121.45,25.249],[121.517,25.277],[121.594,25.275],[121.643,25.232],[121.687,25.182],[121.733,25.154],[121.853,25.104],[121.905,25.056],[121.929,24.974],[121.856,24.895],[121.82,24.825],[121.813,24.746],[121.826,24.641],[121.828,24.534],[121.737,24.285],[121.639,24.13],[121.613,24.053],[121.583,23.861],[121.526,23.668],[121.477,23.424],[121.397,23.173],[121.352,23.067],[121.296,22.967],[121.161,22.776],[121.009,22.62],[120.947,22.503]]]}},{"type":"Feature","properties":{},"geometry":{"type":"Polygon","coordinates":[[[110.938,19.948],[110.971,19.883],[110.998,19.765],[111.014,19.655],[110.913,19.586],[110.822,19.558],[110.641,19.291],[110.603,19.207],[110.572,19.172],[110.562,19.135],[110.566,19.099],[110.519,18.97],[110.478,18.813],[110.451,18.748],[110.4,18.698],[110.334,18.673],[110.291,18.67],[110.252,18.656],[110.156,18.57],[110.049,18.505],[110.066,18.476],[110.067,18.448],[110.02,18.416],[109.968,18.422],[109.816,18.397],[109.76,18.348],[109.703,18.259],[109.681,18.247],[109.59,18.226],[109.519,18.218],[109.4,18.281],[109.341,18.3],[109.183,18.325],[109.03,18.368],[108.922,18.416],[108.702,18.535],[108.676,18.75],[108.638,18.866],[108.636,18.908],[108.65,19.265],[108.666,19.304],[108.694,19.338],[108.791,19.418],[108.903,19.481],[109.063,19.614],[109.179,19.674],[109.277,19.761],[109.22,19.757],[109.177,19.768],[109.219,19.843],[109.263,19.883],[109.315,19.904],[109.418,19.889],[109.514,19.904],[109.584,19.97],[109.651,19.984],[109.906,19.963],[110.083,19.993],[110.172,20.054],[110.213,20.056],[110.344,20.039],[110.392,19.976],[110.388,20.018],[110.394,20.059],[110.418,20.055],[110.588,19.976],[110.589,20.072],[110.598,20.098],[110.652,20.138],[110.679,20.137],[110.745,20.059],[110.809,20.014],[110.889,19.992],[110.938,19.948]]]}},{"type":"Feature","properties":{},"geometry":{"type":"Polygon","coordinates":[[[278.425,23.117],[278.636,23.13],[278.738,23.157],[278.728,23.129],[278.821,23.06],[278.855,23.055],[278.992,23.09],[279.35,23.103],[279.387,23.084],[279.45,23.017],[279.541,22.975],[279.635,22.943],[279.734,22.935],[279.832,22.949],[279.925,22.942],[280.04,22.877],[280.076,22.869],[280.18,22.887],[280.149,22.827],[280.323,22.743],[280.451,22.578],[280.544,22.51],[280.642,22.449],[280.724,22.408],[280.817,22.388],[281.098,22.396],[281.165,22.391],[281.224,22.367],[281.281,22.358],[281.314,22.367],[281.857,22.109],[282.029,21.972],[282.135,21.901],[282.363,21.797],[282.455,21.775],[282.503,21.788],[282.493,21.811],[282.427,21.868],[282.417,21.889],[282.503,21.872],[282.658,21.755],[282.7,21.712],[282.778,21.672],[282.856,21.644],[282.819,21.598],[282.755,21.594],[282.634,21.613],[282.73,21.538],[282.747,21.483],[282.792,21.479],[282.859,21.539],[282.901,21.589],[283.072,21.459],[283.164,21.4],[283.14,21.365],[283.133,21.33],[283.235,21.362],[283.274,21.359],[283.311,21.34],[283.353,21.285],[283.448,21.272],[283.545,21.274],[283.741,21.227],[283.926,21.133],[284.101,21.114],[284.277,21.111],[284.366,21.061],[284.404,20.995],[284.361,20.947],[284.337,20.898],[284.403,20.838],[284.26,20.812],[284.24,20.776],[284.247,20.736],[284.275,20.715],[284.357,20.733],[284.475,20.717],[284.662,20.702],[284.787,20.714],[285.04,20.673],[285.117,20.651],[285.268,20.573],[285.338,20.522],[285.487,20.385],[285.616,20.33],[285.727,20.317],[285.766,20.326],[285.802,20.311],[285.833,20.292],[285.863,20.232],[285.846,20.169],[285.783,20.117],[285.747,20.08],[285.588,20.075],[285.365,20.058],[285.15,20.002],[285.045,19.958],[284.997,19.929],[284.884,19.901],[284.876,19.925],[284.878,19.954],[284.848,20.008],[284.823,19.959],[284.781,19.924],[284.71,19.893],[284.448,19.891],[284.343,19.932],[284.235,19.96],[283.842,19.99],[283.747,19.987],[283.484,19.957],[283.22,19.94],[283.11,19.921],[283.001,19.893],[282.788,19.894],[282.537,19.861],[282.285,19.855],[282.446,20.082],[282.787,20.3],[282.851,20.347],[282.896,20.408],[282.907,20.453],[282.892,20.492],[282.811,20.56],[282.795,20.611],[282.77,20.644],[282.652,20.672],[282.533,20.69],[282.407,20.69],[282.143,20.714],[282.003,20.715],[281.884,20.762],[281.686,20.927],[281.594,20.974],[281.546,21.011],[281.509,21.054],[281.463,21.297],[281.423,21.414],[281.364,21.516],[281.272,21.593],[281.177,21.619],[280.811,21.553],[280.726,21.563],[280.643,21.585],[280.09,21.743],[279.862,21.829],[279.769,21.872],[279.689,21.933],[279.607,22.034],[279.515,22.123],[279.515,22.087],[279.501,22.064],[279.038,22.053],[278.964,22.074],[278.917,22.098],[278.883,22.134],[278.859,22.207],[278.815,22.268],[278.8,22.203],[278.778,22.143],[278.716,22.109],[278.645,22.104],[278.559,22.184],[278.184,22.2],[278.151,22.214],[278.027,22.291],[277.922,22.388],[278.027,22.422],[278.243,22.467],[278.29,22.497],[278.317,22.535],[278.297,22.592],[278.254,22.633],[278.21,22.657],[278.161,22.672],[278.097,22.679],[277.262,22.689],[277.214,22.658],[277.139,22.595],[276.991,22.514],[276.893,22.43],[276.856,22.386],[276.811,22.355],[276.708,22.303],[276.62,22.223],[276.514,22.187],[276.456,22.209],[276.398,22.209],[276.357,22.189],[276.313,22.18],[276.099,22.17],[276.067,22.15],[276.037,22.092],[276.002,21.98],[275.969,21.943],[275.862,21.929],[275.759,21.898],[275.551,21.792],[275.497,21.776],[275.509,21.854],[275.499,21.93],[275.44,21.933],[275.373,21.92],[275.317,21.899],[275.214,21.842],[275.162,21.828],[275.113,21.857],[275.123,21.894],[275.467,22.031],[275.506,22.042],[275.567,22.031],[275.627,22.036],[275.674,22.074],[275.617,22.256],[275.639,22.379],[275.719,22.474],[275.878,22.619],[275.955,22.666],[276.742,22.968],[276.823,22.983],[277.334,23.044],[277.412,23.065],[277.649,23.154],[277.899,23.19],[278.163,23.163],[278.425,23.117]]]}},{"type":"Feature","properties":{},"geometry":{"type":"Polygon","coordinates":[[[288.165,19.697],[288.221,19.718],[288.265,19.735],[288.294,19.795],[288.333,19.849],[288.384,19.877],[288.442,19.895],[288.558,19.894],[288.719,19.847],[288.764,19.848],[288.918,19.89],[289.046,19.914],[289.166,19.887],[289.215,19.851],[289.314,19.793],[289.364,19.776],[289.521,19.777],[289.564,19.771],[289.695,19.676],[289.806,19.638],[289.871,19.636],[289.986,19.673],[290.043,19.672],[290.109,19.59],[290.122,19.473],[290.177,19.367],[290.261,19.299],[290.675,19.328],[290.768,19.272],[290.736,19.226],[290.677,19.201],[290.48,19.212],[290.394,19.206],[290.377,19.16],[290.376,19.118],[290.492,19.108],[290.605,19.086],[290.72,19.052],[290.837,19.028],[290.969,19.013],[291.099,18.988],[291.315,18.905],[291.555,18.714],[291.619,18.671],[291.661,18.612],[291.641,18.538],[291.555,18.418],[291.507,18.379],[291.436,18.355],[291.388,18.306],[291.341,18.222],[291.313,18.215],[291.279,18.218],[291.222,18.266],[291.18,18.339],[291.065,18.408],[290.928,18.399],[290.725,18.44],[290.603,18.42],[290.481,18.416],[290.355,18.436],[290.229,18.444],[290.104,18.418],[289.982,18.374],[289.937,18.346],[289.858,18.277],[289.817,18.252],[289.52,18.217],[289.435,18.268],[289.355,18.336],[289.241,18.346],[289.076,18.292],[288.972,18.273],[288.93,18.25],[288.918,18.224],[288.917,18.128],[288.894,18.07],[288.733,17.85],[288.642,17.694],[288.604,17.646],[288.561,17.636],[288.482,17.725],[288.431,17.757],[288.368,17.774],[288.342,17.821],[288.343,17.889],[288.326,17.954],[288.288,18.005],[288.232,18.039],[288.147,18.119],[288.054,18.186],[287.998,18.212],[287.94,18.229],[287.496,18.22],[287.447,18.208],[287.408,18.187],[287.367,18.176],[287.245,18.156],[287.123,18.152],[286.84,18.206],[286.728,18.234],[286.615,18.251],[286.485,18.245],[286.356,18.229],[286.253,18.19],[286.175,18.122],[286.161,18.058],[286.115,18.042],[286.011,18.143],[285.915,18.215],[285.805,18.269],[285.581,18.346],[285.54,18.393],[285.522,18.45],[285.613,18.625],[285.716,18.657],[285.772,18.663],[285.9,18.641],[286.024,18.601],[286.137,18.575],[286.313,18.565],[286.408,18.522],[287.083,18.456],[287.211,18.435],[287.261,18.442],[287.304,18.468],[287.34,18.515],[287.382,18.551],[287.582,18.559],[287.624,18.574],[287.653,18.624],[287.652,18.675],[287.535,18.744],[287.351,18.894],[287.189,19.072],[287.259,19.131],[287.232,19.241],[287.258,19.342],[287.297,19.441],[287.137,19.526],[286.947,19.611],[286.684,19.637],[286.604,19.659],[286.562,19.722],[286.599,19.807],[286.685,19.855],[286.782,19.884],[286.882,19.904],[287.123,19.928],[287.363,19.901],[287.57,19.813],[287.78,19.745],[288.046,19.722],[288.165,19.697]]]}},{"type":"Feature","properties":{},"geometry":{"type":"Polygon","coordinates":[[[295.08,18.321],[294.976,18.368],[295.058,18.385],[295.111,18.374],[295.155,18.33],[295.08,18.321]]]}},{"type":"Feature","properties":{},"geometry":{"type":"Polygon","coordinates":[[[180.982,-17.992],[180.961,-17.988],[180.936,-17.972],[180.921,-17.944],[180.952,-17.92],[181.001,-17.947],[181.012,-17.977],[180.982,-17.992]]]}},{"type":"Feature","properties":{},"geometry":{"type":"Polygon","coordinates":[[[181.226,-18.252],[181.173,-18.222],[181.152,-18.202],[181.209,-18.186],[181.237,-18.191],[181.238,-18.234],[181.226,-18.252]]]}},{"type":"Feature","properties":{},"geometry":{"type":"Polygon","coordinates":[[[181.693,-17.963],[181.643,-17.921],[181.675,-17.876],[181.72,-17.886],[181.745,-17.93],[181.749,-17.953],[181.693,-17.963]]]}},{"type":"Feature","properties":{},"geometry":{"type":"Polygon","coordinates":[[[208.515,-16.665],[208.496,-16.647],[208.488,-16.619],[208.494,-16.574],[208.543,-16.604],[208.562,-16.623],[208.533,-16.658],[208.515,-16.665]]]}},{"type":"Feature","properties":{},"geometry":{"type":"Polygon","coordinates":[[[210.155,-17.571],[210.113,-17.553],[210.095,-17.528],[210.088,-17.501],[210.098,-17.47],[210.191,-17.474],[210.218,-17.488],[210.186,-17.545],[210.155,-17.571]]]}},{"type":"Feature","properties":{},"geometry":{"type":"Polygon","coordinates":[[[239.64,34.022],[239.558,34.033],[239.587,34.056],[239.632,34.073],[239.647,34.061],[239.693,34.025],[239.64,34.022]]]}},{"type":"Feature","properties":{},"geometry":{"type":"Polygon","coordinates":[[[240.517,33.215],[240.456,33.225],[240.425,33.278],[240.475,33.282],[240.521,33.275],[240.558,33.232],[240.562,33.217],[240.517,33.215]]]}},{"type":"Feature","properties":{},"geometry":{"type":"Polygon","coordinates":[[[290.104,12.423],[290.058,12.439],[289.996,12.5],[289.934,12.547],[289.949,12.597],[289.965,12.614],[290.027,12.568],[290.088,12.48],[290.101,12.452],[290.104,12.423]]]}},{"type":"Feature","properties":{},"geometry":{"type":"Polygon","coordinates":[[[294.734,10.884],[294.635,10.906],[294.585,10.938],[294.617,10.974],[294.698,10.974],[294.773,10.93],[294.788,10.906],[294.734,10.884]]]}},{"type":"Feature","properties":{},"geometry":{"type":"Polygon","coordinates":[[[287.178,18.707],[286.922,18.791],[286.715,18.897],[286.724,18.954],[286.829,18.967],[286.931,18.932],[287.081,18.861],[287.195,18.778],[287.178,18.707]]]}},{"type":"Feature","properties":{},"geometry":{"type":"Polygon","coordinates":[[[145.678,18.725],[145.653,18.753],[145.646,18.807],[145.69,18.802],[145.707,18.79],[145.708,18.762],[145.678,18.725]]]}},{"type":"Feature","properties":{},"geometry":{"type":"Polygon","coordinates":[[[145.69,16.332],[145.658,16.336],[145.636,16.352],[145.631,16.378],[145.696,16.38],[145.72,16.36],[145.712,16.339],[145.69,16.332]]]}},{"type":"Feature","properties":{},"geometry":{"type":"Polygon","coordinates":[[[145.215,14.111],[145.18,14.121],[145.157,14.137],[145.152,14.164],[145.232,14.189],[145.265,14.18],[145.265,14.158],[145.215,14.111]]]}},{"type":"Feature","properties":{},"geometry":{"type":"Polygon","coordinates":[[[262.964,27.899],[263.012,27.981],[263.021,28.014],[263.101,28.117],[263.143,28.133],[263.16,28.089],[263.079,28.016],[262.986,27.902],[262.964,27.899]]]}},{"type":"Feature","properties":{},"geometry":{"type":"Polygon","coordinates":[[[271.056,29.66],[271.059,29.68],[271.099,29.733],[271.127,29.753],[271.111,29.713],[271.056,29.66]]]}},{"type":"Feature","properties":{},"geometry":{"type":"Polygon","coordinates":[[[271.429,30.205],[271.341,30.226],[271.287,30.245],[271.277,30.264],[271.426,30.229],[271.442,30.216],[271.429,30.205]]]}},{"type":"Feature","properties":{},"geometry":{"type":"Polygon","coordinates":[[[271.841,30.231],[271.71,30.233],[271.684,30.24],[271.736,30.255],[271.891,30.274],[271.929,30.252],[271.841,30.231]]]}},{"type":"Feature","properties":{},"geometry":{"type":"Polygon","coordinates":[[[296.977,18.019],[296.91,18.041],[296.875,18.064],[296.885,18.091],[296.937,18.115],[296.975,18.113],[296.991,18.104],[296.988,18.045],[296.977,18.019]]]}},{"type":"Feature","properties":{},"geometry":{"type":"Polygon","coordinates":[[[294.496,18.1],[294.445,18.108],[294.428,18.137],[294.523,18.165],[294.634,18.161],[294.697,18.144],[294.705,18.133],[294.574,18.106],[294.496,18.1]]]}},{"type":"Feature","properties":{},"geometry":{"type":"Polygon","coordinates":[[[297.418,17.101],[297.375,17.13],[297.385,17.199],[297.425,17.201],[297.466,17.17],[297.468,17.122],[297.418,17.101]]]}},{"type":"Feature","properties":{},"geometry":{"type":"Polygon","coordinates":[[[295.579,18.457],[295.562,18.459],[295.556,18.473],[295.574,18.513],[295.675,18.517],[295.605,18.465],[295.579,18.457]]]}},{"type":"Feature","properties":{},"geometry":{"type":"Polygon","coordinates":[[[295.274,18.328],[295.229,18.332],[295.212,18.341],[295.248,18.372],[295.34,18.354],[295.274,18.328]]]}},{"type":"Feature","properties":{},"geometry":{"type":"Polygon","coordinates":[[[295.328,18.399],[295.305,18.412],[295.349,18.443],[295.431,18.446],[295.455,18.438],[295.406,18.403],[295.328,18.399]]]}},{"type":"Feature","properties":{},"geometry":{"type":"Polygon","coordinates":[[[295.318,17.75],[295.42,17.75],[295.314,17.706],[295.111,17.702],[295.115,17.772],[295.234,17.794],[295.318,17.75]]]}},{"type":"Feature","properties":{},"geometry":{"type":"Polygon","coordinates":[[[282.54,24.993],[282.459,25.014],[282.438,25.03],[282.473,25.058],[282.549,25.081],[282.671,25.083],[282.724,25.056],[282.731,25.044],[282.652,25.014],[282.54,24.993]]]}},{"type":"Feature","properties":{},"geometry":{"type":"Polygon","coordinates":[[[278.91,24.693],[278.863,24.71],[278.915,24.734],[279.07,24.759],[279.011,24.728],[278.956,24.717],[278.91,24.693]]]}},{"type":"Feature","properties":{},"geometry":{"type":"Polygon","coordinates":[[[114.207,22.195],[114.139,22.268],[114.134,22.292],[114.187,22.297],[114.247,22.264],[114.244,22.234],[114.232,22.211],[114.207,22.195]]]}},{"type":"Feature","properties":{},"geometry":{"type":"Polygon","coordinates":[[[283.431,34.653],[283.392,34.664],[283.338,34.685],[283.326,34.7],[283.378,34.695],[283.454,34.655],[283.431,34.653]]]}},{"type":"Feature","properties":{},"geometry":{"type":"Polygon","coordinates":[[[184.852,-21.169],[184.868,-21.14],[184.922,-21.129],[184.916,-21.161],[184.843,-21.264],[184.798,-21.223],[184.665,-21.158],[184.638,-21.107],[184.682,-21.068],[184.677,-21.099],[184.7,-21.113],[184.775,-21.119],[184.842,-21.146],[184.8,-21.156],[184.838,-21.169],[184.852,-21.169]]]}},{"type":"Feature","properties":{},"geometry":{"type":"Polygon","coordinates":[[[101.268,2.97],[101.265,2.996],[101.274,3.033],[101.311,3.067],[101.328,3.048],[101.319,2.988],[101.268,2.97]]]}},{"type":"Feature","properties":{},"geometry":{"type":"Polygon","coordinates":[[[134.661,-6.559],[134.634,-6.477],[134.679,-6.456],[134.729,-6.506],[134.716,-6.549],[134.661,-6.559]]]}},{"type":"Feature","properties":{},"geometry":{"type":"Polygon","coordinates":[[[123.529,-1.711],[123.483,-1.681],[123.487,-1.535],[123.529,-1.503],[123.549,-1.508],[123.561,-1.552],[123.582,-1.591],[123.616,-1.627],[123.598,-1.704],[123.529,-1.711]]]}},{"type":"Feature","properties":{},"geometry":{"type":"Polygon","coordinates":[[[126.77,34.296],[126.689,34.305],[126.646,34.351],[126.652,34.39],[126.7,34.396],[126.753,34.344],[126.77,34.296]]]}},{"type":"Feature","properties":{},"geometry":{"type":"Polygon","coordinates":[[[105.697,-10.564],[105.644,-10.525],[105.584,-10.512],[105.596,-10.46],[105.646,-10.452],[105.67,-10.449],[105.705,-10.431],[105.725,-10.493],[105.697,-10.564]]]}},{"type":"Feature","properties":{},"geometry":{"type":"Polygon","coordinates":[[[273.42,16.3],[273.37,16.302],[273.443,16.362],[273.562,16.414],[273.662,16.439],[273.744,16.428],[273.58,16.378],[273.42,16.3]]]}},{"type":"Feature","properties":{},"geometry":{"type":"Polygon","coordinates":[[[180.0,-16.963],[180.0,-16.908],[180.0,-16.859],[180.0,-16.786],[180.106,-16.7],[180.139,-16.688],[180.178,-16.765],[180.132,-16.85],[180.025,-16.925],[180.0,-16.963]]]}},{"type":"Feature","properties":{},"geometry":{"type":"Polygon","coordinates":[[[180.0,-16.54],[180.0,-16.513],[180.0,-16.489],[180.056,-16.441],[180.099,-16.432],[180.073,-16.479],[180.071,-16.503],[180.0,-16.54]]]}},{"type":"Feature","properties":{},"geometry":{"type":"Polygon","coordinates":[[[179.926,-17.0],[179.897,-16.964],[179.931,-16.876],[180.0,-16.786],[179.999,-16.859],[180.0,-16.963],[179.926,-17.0]]]}},{"type":"Feature","properties":{},"geometry":{"type":"Polygon","coordinates":[[[281.082,8.232],[281.035,8.326],[281.043,8.351],[281.039,8.436],[281.084,8.458],[281.117,8.46],[281.144,8.448],[281.161,8.348],[281.147,8.302],[281.102,8.274],[281.082,8.232]]]}},{"type":"Feature","properties":{},"geometry":{"type":"Polygon","coordinates":[[[179.389,-17.394],[179.373,-17.256],[179.408,-17.257],[179.433,-17.272],[179.447,-17.306],[179.422,-17.367],[179.389,-17.394]]]}},{"type":"Feature","properties":{},"geometry":{"type":"Polygon","coordinates":[[[179.34,-18.11],[179.254,-18.031],[179.256,-17.999],[179.272,-17.971],[179.306,-17.944],[179.338,-17.99],[179.362,-18.065],[179.349,-18.102],[179.34,-18.11]]]}},{"type":"Feature","properties":{},"geometry":{"type":"Polygon","coordinates":[[[178.776,-17.747],[178.748,-17.686],[178.787,-17.624],[178.831,-17.619],[178.853,-17.681],[178.828,-17.729],[178.776,-17.747]]]}},{"type":"Feature","properties":{},"geometry":{"type":"Polygon","coordinates":[[[168.477,-16.794],[168.46,-16.835],[168.323,-16.788],[168.212,-16.806],[168.181,-16.804],[168.149,-16.766],[168.124,-16.69],[168.135,-16.637],[168.182,-16.6],[168.199,-16.594],[168.234,-16.64],[168.265,-16.671],[168.296,-16.684],[168.366,-16.759],[168.447,-16.779],[168.477,-16.794]]]}},{"type":"Feature","properties":{},"geometry":{"type":"Polygon","coordinates":[[[168.182,-16.347],[168.022,-16.316],[167.957,-16.272],[167.929,-16.229],[167.985,-16.196],[168.064,-16.181],[168.164,-16.082],[168.198,-16.12],[168.235,-16.231],[168.276,-16.265],[168.298,-16.299],[168.297,-16.337],[168.182,-16.347]]]}},{"type":"Feature","properties":{},"geometry":{"type":"Polygon","coordinates":[[[168.545,-17.685],[168.585,-17.696],[168.525,-17.798],[168.399,-17.807],[168.252,-17.781],[168.306,-17.746],[168.278,-17.706],[168.233,-17.698],[168.182,-17.717],[168.158,-17.711],[168.191,-17.645],[168.273,-17.552],[168.297,-17.545],[168.32,-17.544],[168.341,-17.552],[168.446,-17.542],[168.545,-17.685]]]}},{"type":"Feature","properties":{},"geometry":{"type":"Polygon","coordinates":[[[167.844,-15.482],[167.72,-15.477],[167.674,-15.452],[167.826,-15.312],[168.003,-15.283],[167.911,-15.436],[167.844,-15.482]]]}},{"type":"Feature","properties":{},"geometry":{"type":"Polygon","coordinates":[[[166.81,-15.157],[166.885,-15.157],[166.923,-15.139],[166.968,-15.062],[166.987,-14.94],[167.027,-14.923],[167.076,-14.936],[167.054,-14.974],[167.069,-15.072],[167.106,-15.126],[167.132,-15.135],[167.182,-15.39],[167.201,-15.443],[167.2,-15.486],[167.094,-15.581],[166.937,-15.578],[166.826,-15.635],[166.758,-15.631],[166.759,-15.567],[166.699,-15.516],[166.631,-15.406],[166.648,-15.212],[166.527,-14.85],[166.526,-14.76],[166.567,-14.642],[166.608,-14.637],[166.663,-14.735],[166.746,-14.827],[166.81,-15.157]]]}},{"type":"Feature","properties":{},"geometry":{"type":"Polygon","coordinates":[[[168.196,-15.972],[168.179,-15.926],[168.123,-15.681],[168.16,-15.462],[168.183,-15.508],[168.268,-15.892],[168.256,-15.955],[168.213,-15.97],[168.196,-15.972]]]}},{"type":"Feature","properties":{},"geometry":{"type":"Polygon","coordinates":[[[168.172,-15.391],[168.13,-15.319],[168.104,-15.017],[168.115,-14.989],[168.136,-14.986],[168.187,-15.197],[168.189,-15.329],[168.172,-15.391]]]}},{"type":"Feature","properties":{},"geometry":{"type":"Polygon","coordinates":[[[167.459,-16.118],[167.484,-16.118],[167.499,-16.166],[167.642,-16.263],[167.681,-16.261],[167.714,-16.314],[167.776,-16.341],[167.793,-16.395],[167.837,-16.45],[167.76,-16.516],[167.611,-16.499],[167.526,-16.574],[167.449,-16.555],[167.436,-16.515],[167.447,-16.502],[167.401,-16.401],[167.38,-16.246],[167.349,-16.154],[167.316,-16.116],[167.246,-16.15],[167.218,-16.155],[167.151,-16.08],[167.183,-15.929],[167.2,-15.885],[167.254,-15.877],[167.336,-15.917],[167.412,-16.096],[167.459,-16.118]]]}},{"type":"Feature","properties":{},"geometry":{"type":"Polygon","coordinates":[[[167.201,-15.75],[167.095,-15.685],[167.119,-15.623],[167.234,-15.645],[167.219,-15.724],[167.201,-15.75]]]}},{"type":"Feature","properties":{},"geometry":{"type":"Polygon","coordinates":[[[159.881,-8.557],[159.746,-8.474],[159.645,-8.372],[159.354,-8.26],[159.292,-8.203],[159.239,-8.196],[159.09,-8.103],[158.944,-8.041],[158.855,-7.96],[158.832,-7.927],[158.778,-7.907],[158.686,-7.818],[158.597,-7.759],[158.565,-7.651],[158.479,-7.577],[158.457,-7.545],[158.734,-7.604],[158.863,-7.722],[158.972,-7.789],[159.011,-7.837],[159.109,-7.904],[159.198,-7.91],[159.287,-7.976],[159.368,-7.994],[159.431,-8.029],[159.843,-8.327],[159.794,-8.406],[159.849,-8.463],[159.879,-8.534],[159.881,-8.557]]]}},{"type":"Feature","properties":{},"geometry":{"type":"Polygon","coordinates":[[[157.519,-7.366],[157.441,-7.426],[157.339,-7.393],[157.317,-7.359],[157.315,-7.342],[157.243,-7.353],[157.102,-7.324],[156.904,-7.18],[156.696,-6.911],[156.495,-6.762],[156.457,-6.715],[156.453,-6.638],[156.479,-6.609],[156.604,-6.641],[156.765,-6.764],[157.03,-6.892],[157.103,-6.957],[157.148,-7.114],[157.193,-7.16],[157.336,-7.28],[157.412,-7.309],[157.452,-7.314],[157.487,-7.33],[157.519,-7.366]]]}},{"type":"Feature","properties":{},"geometry":{"type":"Polygon","coordinates":[[[153.65,-4.123],[153.592,-4.096],[153.64,-4.045],[153.663,-4.041],[153.659,-4.099],[153.65,-4.123]]]}},{"type":"Feature","properties":{},"geometry":{"type":"Polygon","coordinates":[[[121.214,6.004],[121.283,6.022],[121.392,6.002],[121.415,5.965],[121.411,5.94],[121.294,5.87],[121.218,5.943],[121.083,5.893],[121.019,5.923],[120.931,5.896],[120.876,5.953],[120.898,6.007],[121.038,6.096],[121.159,6.076],[121.214,6.004]]]}},{"type":"Feature","properties":{},"geometry":{"type":"Polygon","coordinates":[[[114.398,-7.173],[114.347,-7.163],[114.299,-7.098],[114.322,-7.08],[114.349,-7.073],[114.384,-7.081],[114.413,-7.133],[114.398,-7.173]]]}},{"type":"Feature","properties":{},"geometry":{"type":"Polygon","coordinates":[[[134.333,34.464],[134.315,34.469],[134.252,34.423],[134.238,34.467],[134.188,34.496],[134.182,34.519],[134.326,34.534],[134.372,34.522],[134.352,34.484],[134.333,34.464]]]}},{"type":"Feature","properties":{},"geometry":{"type":"Polygon","coordinates":[[[113.826,-7.12],[113.656,-7.112],[113.546,-7.193],[113.471,-7.218],[113.198,-7.218],[113.166,-7.207],[113.142,-7.208],[113.127,-7.224],[113.04,-7.212],[112.764,-7.14],[112.726,-7.073],[112.769,-7.001],[112.868,-6.9],[113.067,-6.88],[113.975,-6.873],[114.074,-6.96],[114.083,-6.989],[113.885,-7.049],[113.845,-7.105],[113.826,-7.12]]]}},{"type":"Feature","properties":{},"geometry":{"type":"Polygon","coordinates":[[[186.009,-18.699],[185.991,-18.698],[185.947,-18.663],[185.931,-18.64],[185.998,-18.571],[186.032,-18.565],[186.078,-18.589],[186.076,-18.608],[186.046,-18.639],[186.009,-18.699]]]}},{"type":"Feature","properties":{},"geometry":{"type":"Polygon","coordinates":[[[208.551,-16.879],[208.515,-16.864],[208.524,-16.761],[208.533,-16.74],[208.589,-16.774],[208.635,-16.864],[208.59,-16.878],[208.551,-16.879]]]}},{"type":"Feature","properties":{},"geometry":{"type":"Polygon","coordinates":[[[202.824,1.74],[202.754,1.732],[202.58,1.788],[202.421,1.902],[202.469,1.927],[202.492,1.886],[202.564,1.847],[202.607,1.928],[202.635,1.946],[202.508,2.029],[202.558,2.025],[202.678,1.969],[202.658,1.856],[202.824,1.74]]]}},{"type":"Feature","properties":{},"geometry":{"type":"Polygon","coordinates":[[[221.126,-9.747],[221.173,-9.742],[221.125,-9.793],[220.976,-9.821],[220.926,-9.846],[220.866,-9.829],[220.834,-9.77],[220.976,-9.695],[221.126,-9.747]]]}},{"type":"Feature","properties":{},"geometry":{"type":"Polygon","coordinates":[[[220.866,-10.01],[220.866,-9.926],[220.893,-9.915],[220.917,-9.915],[220.94,-9.931],[220.866,-10.01]]]}},{"type":"Feature","properties":{},"geometry":{"type":"Polygon","coordinates":[[[221.312,-10.532],[221.31,-10.426],[221.357,-10.446],[221.376,-10.463],[221.368,-10.492],[221.349,-10.515],[221.312,-10.532]]]}},{"type":"Feature","properties":{},"geometry":{"type":"Polygon","coordinates":[[[210.822,-17.737],[210.849,-17.812],[210.818,-17.862],[210.746,-17.85],[210.71,-17.822],[210.659,-17.732],[210.518,-17.753],[210.421,-17.735],[210.367,-17.618],[210.365,-17.564],[210.389,-17.532],[210.492,-17.496],[210.621,-17.522],[210.67,-17.589],[210.678,-17.69],[210.822,-17.737]]]}},{"type":"Feature","properties":{},"geometry":{"type":"Polygon","coordinates":[[[219.829,-8.934],[219.783,-8.93],[219.747,-8.848],[219.76,-8.798],[219.776,-8.782],[219.942,-8.801],[219.956,-8.838],[219.954,-8.874],[219.927,-8.91],[219.829,-8.934]]]}},{"type":"Feature","properties":{},"geometry":{"type":"Polygon","coordinates":[[[219.903,-9.444],[219.862,-9.384],[219.856,-9.359],[219.929,-9.328],[219.969,-9.345],[219.924,-9.426],[219.903,-9.444]]]}},{"type":"Feature","properties":{},"geometry":{"type":"Polygon","coordinates":[[[187.778,-13.56],[187.823,-13.685],[187.775,-13.804],[187.669,-13.775],[187.515,-13.8],[187.464,-13.792],[187.341,-13.645],[187.256,-13.579],[187.221,-13.517],[187.33,-13.524],[187.489,-13.483],[187.667,-13.465],[187.778,-13.56]]]}},{"type":"Feature","properties":{},"geometry":{"type":"Polygon","coordinates":[[[181.018,-17.307],[180.996,-17.295],[181.024,-17.238],[181.029,-17.213],[180.985,-17.182],[180.982,-17.161],[180.995,-17.148],[181.047,-17.182],[181.079,-17.208],[181.085,-17.223],[181.075,-17.249],[181.044,-17.273],[181.018,-17.307]]]}},{"type":"Feature","properties":{},"geometry":{"type":"Polygon","coordinates":[[[200.741,3.839],[200.725,3.797],[200.668,3.8],[200.641,3.815],[200.686,3.823],[200.694,3.838],[200.673,3.863],[200.646,3.881],[200.627,3.881],[200.622,3.847],[200.591,3.873],[200.609,3.9],[200.631,3.917],[200.661,3.924],[200.741,3.839]]]}},{"type":"Feature","properties":{},"geometry":{"type":"Polygon","coordinates":[[[188.272,-14.047],[188.136,-14.002],[188.088,-14.002],[187.972,-13.907],[187.954,-13.857],[188.015,-13.824],[188.142,-13.807],[188.396,-13.879],[188.435,-13.943],[188.493,-13.95],[188.539,-13.978],[188.55,-14.022],[188.546,-14.046],[188.272,-14.047]]]}},{"type":"Feature","properties":{},"geometry":{"type":"Polygon","coordinates":[[[189.231,-14.36],[189.179,-14.312],[189.279,-14.276],[189.311,-14.257],[189.432,-14.267],[189.36,-14.282],[189.274,-14.351],[189.231,-14.36]]]}},{"type":"Feature","properties":{},"geometry":{"type":"Polygon","coordinates":[[[190.096,-19.138],[190.052,-19.073],[190.091,-18.99],[190.138,-18.969],[190.166,-18.966],[190.207,-19.043],[190.197,-19.083],[190.096,-19.138]]]}},{"type":"Feature","properties":{},"geometry":{"type":"Polygon","coordinates":[[[183.823,-13.341],[183.805,-13.302],[183.829,-13.243],[183.852,-13.222],[183.872,-13.268],[183.839,-13.333],[183.823,-13.341]]]}},{"type":"Feature","properties":{},"geometry":{"type":"Polygon","coordinates":[[[185.081,-21.451],[185.032,-21.382],[185.027,-21.35],[185.077,-21.303],[185.087,-21.3],[185.081,-21.451]]]}},{"type":"Feature","properties":{},"geometry":{"type":"Polygon","coordinates":[[[134.535,7.361],[134.506,7.437],[134.516,7.526],[134.556,7.594],[134.6,7.616],[134.609,7.624],[134.651,7.712],[134.66,7.663],[134.633,7.501],[134.598,7.438],[134.595,7.382],[134.535,7.361]]]}},{"type":"Feature","properties":{},"geometry":{"type":"Polygon","coordinates":[[[145.729,18.057],[145.789,18.155],[145.807,18.173],[145.835,18.137],[145.778,18.079],[145.729,18.057]]]}},{"type":"Feature","properties":{},"geometry":{"type":"Polygon","coordinates":[[[145.749,15.107],[145.698,15.114],[145.684,15.125],[145.713,15.215],[145.786,15.257],[145.822,15.265],[145.789,15.223],[145.782,15.175],[145.752,15.133],[145.749,15.107]]]}},{"type":"Feature","properties":{},"geometry":{"type":"Polygon","coordinates":[[[144.7,13.258],[144.663,13.291],[144.65,13.313],[144.649,13.429],[144.79,13.527],[144.837,13.622],[144.875,13.615],[144.91,13.599],[144.941,13.57],[144.78,13.411],[144.742,13.259],[144.7,13.258]]]}},{"type":"Feature","properties":{},"geometry":{"type":"Polygon","coordinates":[[[145.621,14.92],[145.592,14.999],[145.587,15.031],[145.625,15.06],[145.647,15.059],[145.662,14.971],[145.621,14.92]]]}},{"type":"Feature","properties":{},"geometry":{"type":"Polygon","coordinates":[[[138.067,9.419],[138.062,9.446],[138.085,9.495],[138.117,9.55],[138.147,9.584],[138.186,9.593],[138.214,9.547],[138.183,9.507],[138.143,9.501],[138.067,9.419]]]}},{"type":"Feature","properties":{},"geometry":{"type":"Polygon","coordinates":[[[178.488,-19.017],[178.359,-19.046],[178.316,-19.01],[178.288,-19.004],[178.211,-19.067],[178.189,-19.092],[178.182,-19.112],[178.162,-19.121],[178.021,-19.152],[177.959,-19.122],[178.001,-19.101],[178.052,-19.06],[178.104,-19.066],[178.157,-19.028],[178.208,-18.97],[178.282,-18.957],[178.334,-18.934],[178.42,-18.951],[178.488,-18.974],[178.488,-19.017]]]}},{"type":"Feature","properties":{},"geometry":{"type":"Polygon","coordinates":[[[167.543,-14.312],[167.43,-14.295],[167.404,-14.282],[167.411,-14.197],[167.439,-14.168],[167.506,-14.142],[167.599,-14.184],[167.585,-14.261],[167.543,-14.312]]]}},{"type":"Feature","properties":{},"geometry":{"type":"Polygon","coordinates":[[[167.474,-13.917],[167.451,-13.909],[167.392,-13.788],[167.407,-13.748],[167.481,-13.709],[167.547,-13.777],[167.554,-13.814],[167.553,-13.846],[167.543,-13.873],[167.499,-13.885],[167.489,-13.907],[167.474,-13.917]]]}},{"type":"Feature","properties":{},"geometry":{"type":"Polygon","coordinates":[[[169.861,-20.242],[169.807,-20.241],[169.738,-20.202],[169.751,-20.153],[169.829,-20.145],[169.852,-20.148],[169.896,-20.187],[169.861,-20.242]]]}},{"type":"Feature","properties":{},"geometry":{"type":"Polygon","coordinates":[[[169.438,-19.649],[169.347,-19.624],[169.262,-19.545],[169.217,-19.476],[169.247,-19.345],[169.291,-19.322],[169.337,-19.329],[169.36,-19.458],[169.491,-19.54],[169.438,-19.649]]]}},{"type":"Feature","properties":{},"geometry":{"type":"Polygon","coordinates":[[[169.288,-18.989],[169.248,-18.983],[168.987,-18.871],[168.998,-18.825],[168.987,-18.708],[169.016,-18.644],[169.088,-18.617],[169.144,-18.631],[169.178,-18.725],[169.256,-18.763],[169.201,-18.796],[169.296,-18.867],[169.334,-18.94],[169.288,-18.989]]]}},{"type":"Feature","properties":{},"geometry":{"type":"Polygon","coordinates":[[[168.058,-21.448],[168.139,-21.445],[168.121,-21.616],[168.006,-21.643],[167.967,-21.642],[167.941,-21.606],[167.876,-21.582],[167.879,-21.524],[167.815,-21.393],[167.926,-21.373],[167.988,-21.338],[167.985,-21.37],[167.995,-21.407],[168.011,-21.43],[168.058,-21.448]]]}},{"type":"Feature","properties":{},"geometry":{"type":"Polygon","coordinates":[[[166.494,-20.709],[166.558,-20.617],[166.56,-20.561],[166.585,-20.45],[166.583,-20.413],[166.625,-20.418],[166.671,-20.45],[166.618,-20.478],[166.6,-20.525],[166.602,-20.585],[166.623,-20.596],[166.589,-20.662],[166.547,-20.699],[166.494,-20.709]]]}},{"type":"Feature","properties":{},"geometry":{"type":"Polygon","coordinates":[[[167.346,-21.169],[167.273,-21.097],[167.134,-21.061],[167.073,-20.997],[167.033,-20.923],[167.112,-20.904],[167.189,-20.804],[167.136,-20.766],[167.045,-20.759],[167.056,-20.72],[167.204,-20.674],[167.269,-20.701],[167.298,-20.733],[167.293,-20.892],[167.361,-20.942],[167.431,-21.055],[167.43,-21.087],[167.401,-21.161],[167.346,-21.169]]]}},{"type":"Feature","properties":{},"geometry":{"type":"Polygon","coordinates":[[[167.513,-22.661],[167.473,-22.653],[167.444,-22.639],[167.422,-22.619],[167.443,-22.541],[167.529,-22.579],[167.544,-22.623],[167.513,-22.661]]]}},{"type":"Feature","properties":{},"geometry":{"type":"Polygon","coordinates":[[[159.936,-19.333],[159.928,-19.174],[159.96,-19.115],[159.975,-19.238],[159.952,-19.312],[159.936,-19.333]]]}},{"type":"Feature","properties":{},"geometry":{"type":"Polygon","coordinates":[[[166.841,-11.681],[166.806,-11.677],[166.747,-11.591],[166.791,-11.571],[166.855,-11.579],[166.875,-11.63],[166.929,-11.665],[166.841,-11.681]]]}},{"type":"Feature","properties":{},"geometry":{"type":"Polygon","coordinates":[[[166.053,-10.775],[166.028,-10.77],[165.968,-10.779],[165.904,-10.851],[165.857,-10.841],[165.819,-10.844],[165.791,-10.785],[165.79,-10.756],[165.836,-10.761],[165.86,-10.703],[165.909,-10.674],[166.024,-10.661],[166.126,-10.68],[166.162,-10.693],[166.13,-10.745],[166.133,-10.758],[166.053,-10.775]]]}},{"type":"Feature","properties":{},"geometry":{"type":"Polygon","coordinates":[[[160.507,-11.832],[160.443,-11.815],[160.395,-11.789],[160.355,-11.712],[160.27,-11.664],[160.15,-11.644],[160.1,-11.611],[160.087,-11.594],[160.004,-11.58],[159.979,-11.538],[159.986,-11.495],[160.0,-11.472],[160.077,-11.493],[160.449,-11.696],[160.537,-11.759],[160.576,-11.798],[160.507,-11.832]]]}},{"type":"Feature","properties":{},"geometry":{"type":"Polygon","coordinates":[[[160.998,-8.612],[160.988,-8.665],[160.954,-8.699],[160.944,-8.799],[160.976,-8.838],[161.043,-8.855],[161.159,-8.962],[161.205,-9.092],[161.209,-9.133],[161.257,-9.192],[161.258,-9.317],[161.368,-9.49],[161.378,-9.574],[161.367,-9.611],[161.322,-9.59],[161.191,-9.393],[161.042,-9.308],[161.024,-9.271],[160.873,-9.157],[160.772,-8.964],[160.663,-8.621],[160.714,-8.539],[160.59,-8.373],[160.596,-8.328],[160.649,-8.338],[160.685,-8.336],[160.702,-8.317],[160.749,-8.314],[160.998,-8.612]]]}},{"type":"Feature","properties":{},"geometry":{"type":"Polygon","coordinates":[[[161.841,-10.446],[161.914,-10.436],[162.023,-10.477],[162.105,-10.454],[162.157,-10.506],[162.287,-10.71],[162.288,-10.776],[162.373,-10.823],[162.301,-10.832],[162.201,-10.808],[162.124,-10.824],[162.043,-10.785],[161.906,-10.764],[161.787,-10.717],[161.538,-10.566],[161.539,-10.491],[161.499,-10.455],[161.487,-10.361],[161.398,-10.332],[161.294,-10.326],[161.286,-10.282],[161.305,-10.204],[161.382,-10.206],[161.476,-10.238],[161.654,-10.352],[161.698,-10.371],[161.715,-10.387],[161.841,-10.446]]]}},{"type":"Feature","properties":{},"geometry":{"type":"Polygon","coordinates":[[[161.559,-9.733],[161.554,-9.77],[161.478,-9.691],[161.442,-9.719],[161.41,-9.682],[161.412,-9.6],[161.417,-9.514],[161.402,-9.448],[161.364,-9.353],[161.407,-9.368],[161.548,-9.626],[161.559,-9.733]]]}},{"type":"Feature","properties":{},"geometry":{"type":"Polygon","coordinates":[[[159.175,-9.126],[159.128,-9.114],[159.071,-9.11],[159.036,-9.075],[159.078,-9.025],[159.13,-8.993],[159.154,-9.001],[159.176,-9.022],[159.228,-9.03],[159.234,-9.094],[159.189,-9.124],[159.175,-9.126]]]}},{"type":"Feature","properties":{},"geometry":{"type":"Polygon","coordinates":[[[160.226,-9.01],[160.254,-9.007],[160.319,-9.061],[160.408,-9.14],[160.371,-9.181],[160.3,-9.16],[160.276,-9.169],[160.268,-9.163],[160.253,-9.123],[160.175,-9.084],[160.105,-9.081],[160.096,-9.034],[160.168,-8.996],[160.226,-9.01]]]}},{"type":"Feature","properties":{},"geometry":{"type":"Polygon","coordinates":[[[159.64,-8.521],[159.569,-8.485],[159.538,-8.451],[159.553,-8.399],[159.595,-8.379],[159.642,-8.414],[159.646,-8.45],[159.688,-8.508],[159.64,-8.521]]]}},{"type":"Feature","properties":{},"geometry":{"type":"Polygon","coordinates":[[[157.826,-8.324],[157.898,-8.506],[157.885,-8.569],[157.834,-8.573],[157.819,-8.612],[157.749,-8.524],[157.656,-8.5],[157.588,-8.445],[157.565,-8.338],[157.558,-8.27],[157.504,-8.258],[157.351,-8.275],[157.302,-8.333],[157.232,-8.315],[157.218,-8.263],[157.229,-8.212],[157.322,-8.161],[157.341,-8.096],[157.433,-7.985],[157.491,-7.966],[157.599,-8.006],[157.612,-8.165],[157.651,-8.217],[157.763,-8.242],[157.826,-8.324]]]}},{"type":"Feature","properties":{},"geometry":{"type":"Polygon","coordinates":[[[158.179,-8.826],[158.155,-8.786],[158.21,-8.678],[158.236,-8.765],[158.253,-8.797],[158.201,-8.822],[158.179,-8.826]]]}},{"type":"Feature","properties":{},"geometry":{"type":"Polygon","coordinates":[[[158.009,-8.763],[157.938,-8.736],[157.879,-8.669],[157.898,-8.587],[157.909,-8.566],[157.938,-8.561],[157.967,-8.544],[157.998,-8.508],[158.105,-8.537],[158.132,-8.557],[158.068,-8.607],[158.09,-8.623],[158.104,-8.646],[158.108,-8.684],[158.009,-8.763]]]}},{"type":"Feature","properties":{},"geometry":{"type":"Polygon","coordinates":[[[157.389,-8.728],[157.334,-8.7],[157.212,-8.565],[157.234,-8.52],[157.345,-8.432],[157.379,-8.421],[157.411,-8.475],[157.383,-8.555],[157.347,-8.575],[157.332,-8.651],[157.389,-8.713],[157.389,-8.728]]]}},{"type":"Feature","properties":{},"geometry":{"type":"Polygon","coordinates":[[[156.669,-7.937],[156.635,-7.883],[156.611,-7.866],[156.612,-7.806],[156.511,-7.708],[156.502,-7.64],[156.561,-7.574],[156.64,-7.613],[156.718,-7.696],[156.809,-7.723],[156.79,-7.778],[156.708,-7.877],[156.688,-7.923],[156.669,-7.937]]]}},{"type":"Feature","properties":{},"geometry":{"type":"Polygon","coordinates":[[[156.592,-8.196],[156.54,-8.073],[156.542,-8.011],[156.551,-7.971],[156.57,-7.959],[156.612,-8.096],[156.604,-8.172],[156.592,-8.196]]]}},{"type":"Feature","properties":{},"geometry":{"type":"Polygon","coordinates":[[[157.15,-8.123],[157.041,-8.117],[156.958,-8.014],[156.959,-7.938],[157.024,-7.868],[157.103,-7.855],[157.146,-7.883],[157.186,-7.941],[157.201,-8.016],[157.192,-8.082],[157.172,-8.108],[157.15,-8.123]]]}},{"type":"Feature","properties":{},"geometry":{"type":"Polygon","coordinates":[[[155.739,-7.121],[155.678,-7.089],[155.705,-7.013],[155.739,-6.973],[155.865,-7.043],[155.84,-7.097],[155.739,-7.121]]]}},{"type":"Feature","properties":{},"geometry":{"type":"Polygon","coordinates":[[[162.993,5.277],[162.93,5.301],[162.921,5.318],[162.958,5.335],[162.983,5.326],[162.993,5.277]]]}},{"type":"Feature","properties":{},"geometry":{"type":"Polygon","coordinates":[[[158.257,6.791],[158.183,6.801],[158.161,6.883],[158.128,6.905],[158.135,6.945],[158.186,6.978],[158.295,6.951],[158.335,6.893],[158.309,6.855],[158.315,6.814],[158.257,6.791]]]}},{"type":"Feature","properties":{},"geometry":{"type":"Polygon","coordinates":[[[137.051,-15.824],[136.996,-15.776],[136.985,-15.726],[136.943,-15.712],[136.963,-15.666],[136.986,-15.652],[137.01,-15.595],[137.065,-15.663],[137.071,-15.738],[137.094,-15.778],[137.051,-15.824]]]}},{"type":"Feature","properties":{},"geometry":{"type":"Polygon","coordinates":[[[136.847,-15.627],[136.846,-15.544],[136.877,-15.503],[136.89,-15.589],[136.863,-15.62],[136.847,-15.627]]]}},{"type":"Feature","properties":{},"geometry":{"type":"Polygon","coordinates":[[[136.531,-15.632],[136.514,-15.627],[136.503,-15.583],[136.523,-15.543],[136.586,-15.534],[136.612,-15.544],[136.591,-15.628],[136.531,-15.632]]]}},{"type":"Feature","properties":{},"geometry":{"type":"Polygon","coordinates":[[[132.574,-11.318],[132.494,-11.164],[132.516,-11.116],[132.484,-11.037],[132.538,-11.028],[132.579,-10.969],[132.593,-10.998],[132.597,-11.106],[132.629,-11.169],[132.593,-11.303],[132.574,-11.318]]]}},{"type":"Feature","properties":{},"geometry":{"type":"Polygon","coordinates":[[[149.02,-20.303],[148.987,-20.302],[148.939,-20.284],[148.981,-20.154],[149.004,-20.221],[149.045,-20.278],[149.044,-20.292],[149.02,-20.303]]]}},{"type":"Feature","properties":{},"geometry":{"type":"Polygon","coordinates":[[[148.913,-20.154],[148.887,-20.144],[148.906,-20.102],[148.932,-20.069],[148.968,-20.044],[148.956,-20.135],[148.936,-20.15],[148.913,-20.154]]]}},{"type":"Feature","properties":{},"geometry":{"type":"Polygon","coordinates":[[[146.299,-18.326],[146.342,-18.4],[146.327,-18.449],[146.299,-18.485],[146.236,-18.451],[146.191,-18.363],[146.116,-18.292],[146.099,-18.252],[146.187,-18.255],[146.231,-18.241],[146.249,-18.226],[146.278,-18.231],[146.299,-18.326]]]}},{"type":"Feature","properties":{},"geometry":{"type":"Polygon","coordinates":[[[142.191,-10.762],[142.137,-10.732],[142.125,-10.668],[142.131,-10.641],[142.198,-10.592],[142.275,-10.705],[142.191,-10.762]]]}},{"type":"Feature","properties":{},"geometry":{"type":"Polygon","coordinates":[[[142.279,-10.254],[142.216,-10.236],[142.195,-10.199],[142.219,-10.149],[142.299,-10.14],[142.339,-10.192],[142.279,-10.254]]]}},{"type":"Feature","properties":{},"geometry":{"type":"Polygon","coordinates":[[[142.142,-10.181],[142.098,-10.122],[142.149,-10.052],[142.192,-10.085],[142.168,-10.154],[142.142,-10.181]]]}},{"type":"Feature","properties":{},"geometry":{"type":"Polygon","coordinates":[[[139.431,-16.661],[139.392,-16.649],[139.354,-16.697],[139.283,-16.719],[139.239,-16.719],[139.16,-16.742],[139.148,-16.714],[139.163,-16.626],[139.229,-16.528],[139.293,-16.467],[139.459,-16.438],[139.588,-16.395],[139.604,-16.403],[139.698,-16.515],[139.56,-16.529],[139.508,-16.573],[139.431,-16.661]]]}},{"type":"Feature","properties":{},"geometry":{"type":"Polygon","coordinates":[[[139.422,-17.132],[139.408,-17.091],[139.459,-17.049],[139.493,-16.99],[139.56,-17.042],[139.571,-17.094],[139.459,-17.115],[139.422,-17.132]]]}},{"type":"Feature","properties":{},"geometry":{"type":"Polygon","coordinates":[[[136.758,-13.845],[136.804,-13.842],[136.845,-13.751],[136.871,-13.764],[136.891,-13.787],[136.906,-13.827],[136.843,-13.897],[136.815,-13.907],[136.788,-13.946],[136.745,-14.073],[136.75,-14.115],[136.787,-14.158],[136.885,-14.197],[136.934,-14.179],[136.951,-14.184],[136.931,-14.246],[136.894,-14.293],[136.763,-14.273],[136.65,-14.28],[136.461,-14.235],[136.363,-14.229],[136.335,-14.212],[136.392,-14.175],[136.428,-14.126],[136.411,-14.011],[136.425,-13.865],[136.534,-13.794],[136.583,-13.721],[136.656,-13.676],[136.702,-13.682],[136.696,-13.726],[136.715,-13.804],[136.758,-13.845]]]}},{"type":"Feature","properties":{},"geometry":{"type":"Polygon","coordinates":[[[136.214,-13.836],[136.123,-13.817],[136.122,-13.781],[136.134,-13.753],[136.16,-13.737],[136.215,-13.665],[136.257,-13.707],[136.275,-13.791],[136.237,-13.825],[136.214,-13.836]]]}},{"type":"Feature","properties":{},"geometry":{"type":"Polygon","coordinates":[[[136.527,-11.439],[136.522,-11.394],[136.56,-11.358],[136.649,-11.212],[136.688,-11.178],[136.711,-11.158],[136.727,-11.105],[136.732,-11.025],[136.78,-11.012],[136.741,-11.195],[136.599,-11.379],[136.527,-11.439]]]}},{"type":"Feature","properties":{},"geometry":{"type":"Polygon","coordinates":[[[136.18,-11.677],[136.267,-11.576],[136.449,-11.487],[136.479,-11.466],[136.471,-11.509],[136.379,-11.583],[136.339,-11.602],[136.18,-11.677]]]}},{"type":"Feature","properties":{},"geometry":{"type":"Polygon","coordinates":[[[130.542,-11.703],[130.58,-11.737],[130.603,-11.773],[130.606,-11.817],[130.503,-11.836],[130.317,-11.772],[130.131,-11.825],[130.077,-11.825],[130.043,-11.787],[130.072,-11.681],[130.139,-11.697],[130.198,-11.658],[130.187,-11.541],[130.153,-11.478],[130.251,-11.361],[130.295,-11.337],[130.339,-11.337],[130.377,-11.42],[130.386,-11.51],[130.433,-11.592],[130.459,-11.679],[130.542,-11.703]]]}},{"type":"Feature","properties":{},"geometry":{"type":"Polygon","coordinates":[[[130.752,-11.384],[130.913,-11.309],[130.987,-11.34],[131.023,-11.334],[131.141,-11.263],[131.217,-11.243],[131.268,-11.19],[131.321,-11.247],[131.437,-11.313],[131.473,-11.383],[131.522,-11.415],[131.539,-11.437],[131.468,-11.51],[131.459,-11.588],[131.383,-11.583],[131.292,-11.711],[130.951,-11.926],[130.645,-11.742],[130.512,-11.618],[130.423,-11.446],[130.405,-11.305],[130.369,-11.215],[130.385,-11.192],[130.403,-11.18],[130.427,-11.183],[130.519,-11.279],[130.56,-11.306],[130.619,-11.376],[130.752,-11.384]]]}},{"type":"Feature","properties":{},"geometry":{"type":"Polygon","coordinates":[[[125.135,-14.642],[125.091,-14.592],[125.117,-14.492],[125.16,-14.456],[125.198,-14.475],[125.194,-14.553],[125.199,-14.579],[125.135,-14.642]]]}},{"type":"Feature","properties":{},"geometry":{"type":"Polygon","coordinates":[[[124.56,-15.43],[124.524,-15.421],[124.524,-15.382],[124.483,-15.34],[124.504,-15.292],[124.519,-15.267],[124.551,-15.27],[124.565,-15.311],[124.605,-15.357],[124.597,-15.402],[124.56,-15.43]]]}},{"type":"Feature","properties":{},"geometry":{"type":"Polygon","coordinates":[[[115.388,-20.866],[115.318,-20.851],[115.309,-20.811],[115.354,-20.746],[115.435,-20.668],[115.458,-20.716],[115.446,-20.788],[115.388,-20.866]]]}},{"type":"Feature","properties":{},"geometry":{"type":"Polygon","coordinates":[[[113.156,-26.095],[112.964,-25.783],[112.908,-25.57],[112.947,-25.532],[112.982,-25.52],[113.096,-25.815],[113.132,-25.883],[113.132,-25.952],[113.148,-25.974],[113.183,-26.053],[113.156,-26.095]]]}},{"type":"Feature","properties":{},"geometry":{"type":"Polygon","coordinates":[[[137.836,-35.762],[137.929,-35.726],[138.047,-35.755],[138.123,-35.852],[138.067,-35.901],[138.012,-35.908],[137.836,-35.868],[137.671,-35.898],[137.622,-35.938],[137.6,-36.0],[137.288,-36.0],[137.21,-35.982],[137.19,-36.0],[136.699,-36.0],[136.589,-35.935],[136.541,-35.89],[136.579,-35.809],[136.639,-35.749],[137.092,-35.664],[137.334,-35.592],[137.53,-35.605],[137.585,-35.62],[137.635,-35.656],[137.598,-35.722],[137.596,-35.739],[137.836,-35.762]]]}},{"type":"Feature","properties":{},"geometry":{"type":"Polygon","coordinates":[[[153.453,-27.712],[153.427,-27.706],[153.396,-27.665],[153.401,-27.506],[153.435,-27.405],[153.522,-27.422],[153.539,-27.436],[153.453,-27.712]]]}},{"type":"Feature","properties":{},"geometry":{"type":"Polygon","coordinates":[[[153.421,-27.331],[153.377,-27.235],[153.365,-27.139],[153.38,-27.049],[153.432,-27.03],[153.467,-27.038],[153.426,-27.201],[153.442,-27.316],[153.421,-27.331]]]}},{"type":"Feature","properties":{},"geometry":{"type":"Polygon","coordinates":[[[153.052,-25.778],[153.007,-25.729],[152.977,-25.551],[152.999,-25.448],[153.052,-25.354],[153.061,-25.302],[153.038,-25.193],[153.189,-25.071],[153.228,-25.006],[153.242,-24.923],[153.186,-24.833],[153.144,-24.815],[153.181,-24.765],[153.223,-24.74],[153.257,-24.729],[153.282,-24.738],[153.298,-24.915],[153.359,-24.978],[153.35,-25.063],[153.141,-25.513],[153.084,-25.683],[153.077,-25.751],[153.052,-25.778]]]}},{"type":"Feature","properties":{},"geometry":{"type":"Polygon","coordinates":[[[151.181,-23.516],[151.212,-23.513],[151.24,-23.53],[151.229,-23.595],[151.274,-23.668],[151.296,-23.72],[151.262,-23.762],[151.238,-23.776],[151.184,-23.741],[151.033,-23.53],[151.06,-23.461],[151.147,-23.491],[151.181,-23.516]]]}},{"type":"Feature","properties":{},"geometry":{"type":"Polygon","coordinates":[[[150.488,-22.325],[150.462,-22.308],[150.485,-22.268],[150.488,-22.211],[150.521,-22.228],[150.549,-22.307],[150.517,-22.323],[150.488,-22.325]]]}},{"type":"Feature","properties":{},"geometry":{"type":"Polygon","coordinates":[[[149.894,-22.223],[149.87,-22.15],[149.875,-22.074],[149.912,-22.049],[149.928,-22.149],[149.928,-22.193],[149.894,-22.223]]]}},{"type":"Feature","properties":{},"geometry":{"type":"Polygon","coordinates":[[[117.287,8.191],[117.272,8.254],[117.281,8.315],[117.33,8.308],[117.354,8.289],[117.355,8.215],[117.287,8.191]]]}},{"type":"Feature","properties":{},"geometry":{"type":"Polygon","coordinates":[[[117.028,7.808],[116.97,7.895],[116.976,8.017],[116.994,8.051],[117.077,8.069],[117.08,7.883],[117.028,7.808]]]}},{"type":"Feature","properties":{},"geometry":{"type":"Polygon","coordinates":[[[119.793,10.455],[119.764,10.552],[119.852,10.64],[119.95,10.605],[120.008,10.57],[119.981,10.539],[119.916,10.486],[119.793,10.455]]]}},{"type":"Feature","properties":{},"geometry":{"type":"Polygon","coordinates":[[[119.883,11.472],[119.855,11.393],[119.831,11.376],[119.799,11.409],[119.73,11.432],[119.726,11.475],[119.761,11.474],[119.827,11.515],[119.861,11.525],[119.883,11.472]]]}},{"type":"Feature","properties":{},"geometry":{"type":"Polygon","coordinates":[[[120.155,12.152],[120.194,12.167],[120.228,12.22],[120.261,12.142],[120.341,12.077],[120.315,12.012],[120.243,12.005],[120.174,12.02],[120.1,11.994],[120.011,12.008],[119.957,12.069],[119.896,12.179],[119.866,12.199],[119.87,12.244],[119.892,12.273],[119.88,12.28],[119.886,12.3],[119.897,12.313],[119.916,12.319],[119.964,12.27],[120.078,12.198],[120.1,12.168],[120.155,12.152]]]}},{"type":"Feature","properties":{},"geometry":{"type":"Polygon","coordinates":[[[119.964,11.669],[119.945,11.691],[119.932,11.74],[119.933,11.774],[119.861,11.954],[119.916,11.981],[119.957,11.96],[119.998,11.932],[120.036,11.917],[120.071,11.861],[120.062,11.821],[120.073,11.783],[120.039,11.703],[119.964,11.669]]]}},{"type":"Feature","properties":{},"geometry":{"type":"Polygon","coordinates":[[[122.622,10.459],[122.597,10.461],[122.538,10.425],[122.517,10.493],[122.537,10.608],[122.626,10.695],[122.648,10.723],[122.673,10.739],[122.701,10.741],[122.729,10.706],[122.737,10.655],[122.681,10.498],[122.65,10.473],[122.622,10.459]]]}},{"type":"Feature","properties":{},"geometry":{"type":"Polygon","coordinates":[[[123.332,9.423],[123.316,9.489],[123.327,9.578],[123.404,9.889],[123.386,9.967],[123.514,10.14],[123.593,10.303],[123.711,10.474],[123.726,10.562],[123.832,10.731],[123.93,10.964],[123.925,11.041],[123.95,11.079],[123.964,11.137],[123.967,11.187],[124.039,11.274],[124.058,11.217],[124.037,11.107],[124.04,11.054],[124.053,11.029],[124.053,10.926],[124.028,10.768],[124.051,10.586],[124.005,10.4],[123.952,10.317],[123.874,10.258],[123.789,10.221],[123.7,10.128],[123.643,10.02],[123.634,9.922],[123.494,9.589],[123.37,9.45],[123.332,9.423]]]}},{"type":"Feature","properties":{},"geometry":{"type":"Polygon","coordinates":[[[123.816,11.151],[123.737,11.151],[123.708,11.248],[123.741,11.279],[123.757,11.283],[123.816,11.151]]]}},{"type":"Feature","properties":{},"geometry":{"type":"Polygon","coordinates":[[[124.584,9.75],[124.506,9.754],[124.478,9.748],[124.403,9.654],[124.36,9.63],[124.122,9.599],[123.936,9.624],[123.872,9.676],[123.83,9.761],[123.817,9.817],[123.864,9.879],[123.909,9.92],[124.06,10.0],[124.094,10.061],[124.173,10.135],[124.336,10.16],[124.352,10.141],[124.373,10.13],[124.406,10.126],[124.486,10.065],[124.577,10.027],[124.555,9.879],[124.582,9.83],[124.594,9.787],[124.584,9.75]]]}},{"type":"Feature","properties":{},"geometry":{"type":"Polygon","coordinates":[[[124.778,9.083],[124.666,9.132],[124.639,9.175],[124.653,9.226],[124.708,9.243],[124.737,9.243],[124.79,9.19],[124.807,9.143],[124.778,9.083]]]}},{"type":"Feature","properties":{},"geometry":{"type":"Polygon","coordinates":[[[123.706,9.134],[123.614,9.103],[123.541,9.13],[123.493,9.192],[123.494,9.216],[123.535,9.214],[123.626,9.268],[123.655,9.279],[123.698,9.237],[123.706,9.134]]]}},{"type":"Feature","properties":{},"geometry":{"type":"Polygon","coordinates":[[[120.223,5.196],[120.192,5.168],[120.15,5.184],[120.118,5.215],[120.101,5.169],[120.013,5.151],[119.958,5.08],[119.878,5.06],[119.821,5.07],[119.827,5.133],[119.983,5.228],[120.08,5.264],[120.165,5.332],[120.208,5.34],[120.229,5.284],[120.25,5.257],[120.223,5.196]]]}},{"type":"Feature","properties":{},"geometry":{"type":"Polygon","coordinates":[[[121.991,6.415],[121.959,6.416],[121.88,6.518],[121.872,6.563],[121.809,6.614],[121.832,6.664],[121.915,6.676],[122.058,6.741],[122.288,6.639],[122.324,6.602],[122.252,6.58],[122.201,6.483],[122.093,6.428],[121.991,6.415]]]}},{"type":"Feature","properties":{},"geometry":{"type":"Polygon","coordinates":[[[126.047,9.761],[125.991,9.839],[125.999,9.927],[126.074,10.059],[126.129,9.944],[126.129,9.891],[126.121,9.865],[126.173,9.8],[126.137,9.768],[126.059,9.766],[126.047,9.761]]]}},{"type":"Feature","properties":{},"geometry":{"type":"Polygon","coordinates":[[[125.673,9.886],[125.649,9.944],[125.591,9.998],[125.534,10.09],[125.495,10.119],[125.522,10.192],[125.525,10.31],[125.58,10.364],[125.606,10.38],[125.648,10.437],[125.667,10.44],[125.685,10.392],[125.647,10.245],[125.703,10.072],[125.684,9.963],[125.692,9.939],[125.69,9.914],[125.673,9.886]]]}},{"type":"Feature","properties":{},"geometry":{"type":"Polygon","coordinates":[[[120.273,13.683],[120.104,13.782],[120.099,13.817],[120.103,13.843],[120.121,13.858],[120.211,13.821],[120.271,13.751],[120.273,13.683]]]}},{"type":"Feature","properties":{},"geometry":{"type":"Polygon","coordinates":[[[121.977,13.537],[121.996,13.547],[122.115,13.463],[122.107,13.421],[122.122,13.365],[122.055,13.269],[122.042,13.236],[122.005,13.205],[121.876,13.282],[121.829,13.329],[121.815,13.424],[121.866,13.566],[121.915,13.54],[121.977,13.537]]]}},{"type":"Feature","properties":{},"geometry":{"type":"Polygon","coordinates":[[[122.014,12.106],[121.96,12.191],[121.982,12.245],[121.936,12.29],[121.923,12.331],[121.941,12.385],[121.989,12.435],[122.002,12.599],[122.104,12.651],[122.145,12.653],[122.13,12.613],[122.132,12.538],[122.094,12.355],[122.014,12.106]]]}},{"type":"Feature","properties":{},"geometry":{"type":"Polygon","coordinates":[[[122.28,12.498],[122.261,12.503],[122.248,12.557],[122.278,12.593],[122.287,12.589],[122.311,12.529],[122.28,12.498]]]}},{"type":"Feature","properties":{},"geometry":{"type":"Polygon","coordinates":[[[122.603,12.286],[122.499,12.384],[122.439,12.429],[122.423,12.455],[122.472,12.492],[122.604,12.492],[122.674,12.424],[122.683,12.382],[122.654,12.309],[122.603,12.286]]]}},{"type":"Feature","properties":{},"geometry":{"type":"Polygon","coordinates":[[[123.367,12.701],[123.274,12.805],[123.166,12.876],[123.054,12.993],[122.973,13.035],[122.949,13.059],[122.958,13.107],[123.017,13.116],[123.044,13.113],[123.206,12.905],[123.282,12.853],[123.367,12.701]]]}},{"type":"Feature","properties":{},"geometry":{"type":"Polygon","coordinates":[[[123.779,12.366],[123.742,12.399],[123.621,12.571],[123.587,12.633],[123.621,12.675],[123.709,12.611],[123.775,12.454],[123.779,12.366]]]}},{"type":"Feature","properties":{},"geometry":{"type":"Polygon","coordinates":[[[123.908,12.169],[124.04,11.967],[124.056,11.812],[124.046,11.752],[123.983,11.819],[123.848,11.914],[123.754,11.934],[123.725,11.952],[123.736,12.003],[123.675,12.05],[123.668,12.069],[123.612,12.09],[123.531,12.197],[123.474,12.217],[123.419,12.194],[123.293,12.036],[123.158,11.926],[123.156,11.968],[123.211,12.107],[123.245,12.328],[123.267,12.395],[123.24,12.495],[123.236,12.583],[123.337,12.542],[123.463,12.501],[123.559,12.445],[123.575,12.407],[123.717,12.287],[123.908,12.169]]]}},{"type":"Feature","properties":{},"geometry":{"type":"Polygon","coordinates":[[[124.327,13.567],[124.295,13.59],[124.248,13.587],[124.175,13.532],[124.057,13.606],[124.039,13.663],[124.124,13.79],[124.123,13.98],[124.154,14.026],[124.186,14.06],[124.225,14.078],[124.308,13.947],[124.337,13.931],[124.417,13.871],[124.396,13.75],[124.404,13.679],[124.354,13.632],[124.327,13.567]]]}},{"type":"Feature","properties":{},"geometry":{"type":"Polygon","coordinates":[[[122.172,14.008],[121.956,14.156],[121.946,14.181],[121.946,14.205],[121.959,14.229],[122.175,14.049],[122.172,14.008]]]}},{"type":"Feature","properties":{},"geometry":{"type":"Polygon","coordinates":[[[122.052,14.97],[122.032,14.972],[122.017,14.965],[121.97,14.893],[122.022,14.759],[121.99,14.662],[121.933,14.656],[121.911,14.667],[121.922,14.715],[121.935,14.737],[121.923,14.8],[121.889,14.84],[121.862,14.917],[121.82,14.964],[121.84,15.038],[121.972,15.046],[122.033,15.005],[122.052,14.97]]]}},{"type":"Feature","properties":{},"geometry":{"type":"Polygon","coordinates":[[[121.858,18.823],[121.825,18.843],[121.861,18.913],[121.86,18.937],[121.889,18.992],[121.943,19.01],[121.988,18.957],[121.922,18.895],[121.858,18.823]]]}},{"type":"Feature","properties":{},"geometry":{"type":"Polygon","coordinates":[[[121.247,19.015],[121.196,19.051],[121.185,19.101],[121.19,19.139],[121.213,19.184],[121.245,19.143],[121.252,19.082],[121.247,19.015]]]}},{"type":"Feature","properties":{},"geometry":{"type":"Polygon","coordinates":[[[121.531,19.271],[121.472,19.273],[121.383,19.328],[121.375,19.356],[121.376,19.38],[121.392,19.399],[121.521,19.362],[121.531,19.271]]]}},{"type":"Feature","properties":{},"geometry":{"type":"Polygon","coordinates":[[[121.941,20.354],[121.914,20.359],[121.941,20.454],[121.991,20.48],[122.031,20.469],[121.96,20.366],[121.941,20.354]]]}},{"type":"Feature","properties":{},"geometry":{"type":"Polygon","coordinates":[[[121.83,20.7],[121.791,20.701],[121.796,20.747],[121.848,20.841],[121.867,20.839],[121.878,20.782],[121.83,20.7]]]}},{"type":"Feature","properties":{},"geometry":{"type":"Polygon","coordinates":[[[147.985,-5.834],[147.968,-5.789],[147.875,-5.749],[147.781,-5.627],[147.783,-5.522],[147.795,-5.492],[147.846,-5.491],[148.055,-5.612],[148.076,-5.65],[148.06,-5.765],[148.026,-5.826],[147.985,-5.834]]]}},{"type":"Feature","properties":{},"geometry":{"type":"Polygon","coordinates":[[[147.12,-5.437],[147.029,-5.342],[147.006,-5.307],[147.015,-5.257],[147.131,-5.191],[147.206,-5.252],[147.222,-5.382],[147.176,-5.432],[147.12,-5.437]]]}},{"type":"Feature","properties":{},"geometry":{"type":"Polygon","coordinates":[[[145.952,-4.756],[145.904,-4.733],[145.884,-4.667],[145.9,-4.604],[145.959,-4.554],[145.996,-4.539],[146.037,-4.573],[146.053,-4.64],[146.019,-4.726],[145.952,-4.756]]]}},{"type":"Feature","properties":{},"geometry":{"type":"Polygon","coordinates":[[[147.845,-2.336],[147.769,-2.331],[147.736,-2.316],[147.79,-2.306],[147.812,-2.262],[147.836,-2.247],[147.877,-2.283],[147.845,-2.336]]]}},{"type":"Feature","properties":{},"geometry":{"type":"Polygon","coordinates":[[[147.401,-2.025],[147.423,-2.024],[147.419,-2.001],[147.424,-1.995],[147.444,-2.012],[147.438,-2.059],[147.385,-2.071],[147.337,-2.066],[147.301,-2.09],[147.206,-2.182],[147.142,-2.167],[147.064,-2.187],[146.926,-2.189],[146.748,-2.149],[146.699,-2.183],[146.635,-2.173],[146.572,-2.21],[146.546,-2.209],[146.531,-2.154],[146.532,-2.126],[146.607,-2.103],[146.596,-2.017],[146.656,-1.974],[146.76,-1.978],[146.857,-1.949],[147.068,-1.96],[147.401,-2.025]]]}},{"type":"Feature","properties":{},"geometry":{"type":"Polygon","coordinates":[[[154.627,-5.441],[154.584,-5.314],[154.576,-5.221],[154.563,-5.152],[154.54,-5.111],[154.606,-5.035],[154.633,-5.014],[154.682,-5.054],[154.689,-5.143],[154.727,-5.218],[154.698,-5.383],[154.647,-5.433],[154.627,-5.441]]]}},{"type":"Feature","properties":{},"geometry":{"type":"Polygon","coordinates":[[[152.646,-3.221],[152.585,-3.17],[152.543,-3.096],[152.57,-3.062],[152.639,-3.043],[152.671,-3.133],[152.646,-3.221]]]}},{"type":"Feature","properties":{},"geometry":{"type":"Polygon","coordinates":[[[152.088,-2.998],[152.057,-2.995],[151.971,-2.896],[151.955,-2.871],[151.975,-2.846],[152.075,-2.918],[152.099,-2.947],[152.088,-2.998]]]}},{"type":"Feature","properties":{},"geometry":{"type":"Polygon","coordinates":[[[151.933,-2.83],[151.93,-2.751],[151.946,-2.709],[152.002,-2.738],[152.011,-2.809],[151.957,-2.83],[151.933,-2.83]]]}},{"type":"Feature","properties":{},"geometry":{"type":"Polygon","coordinates":[[[149.763,-1.589],[149.691,-1.571],[149.671,-1.576],[149.546,-1.472],[149.548,-1.408],[149.581,-1.353],[149.633,-1.362],[149.725,-1.431],[149.765,-1.553],[149.763,-1.589]]]}},{"type":"Feature","properties":{},"geometry":{"type":"Polygon","coordinates":[[[150.238,-2.675],[150.166,-2.66],[150.102,-2.603],[150.043,-2.513],[149.985,-2.492],[149.962,-2.474],[150.103,-2.405],[150.227,-2.384],[150.429,-2.47],[150.45,-2.513],[150.452,-2.541],[150.446,-2.632],[150.437,-2.662],[150.238,-2.675]]]}},{"type":"Feature","properties":{},"geometry":{"type":"Polygon","coordinates":[[[151.123,-10.02],[151.194,-9.946],[151.256,-9.923],[151.296,-9.957],[151.231,-10.195],[151.175,-10.159],[150.959,-10.093],[150.952,-9.998],[150.896,-9.968],[150.861,-9.876],[150.79,-9.774],[150.776,-9.709],[150.817,-9.736],[150.862,-9.802],[151.051,-9.939],[151.044,-9.983],[151.081,-10.02],[151.123,-10.02]]]}},{"type":"Feature","properties":{},"geometry":{"type":"Polygon","coordinates":[[[150.331,-9.519],[150.273,-9.5],[150.11,-9.362],[150.135,-9.26],[150.208,-9.206],[150.32,-9.264],[150.357,-9.349],[150.368,-9.396],[150.345,-9.494],[150.331,-9.519]]]}},{"type":"Feature","properties":{},"geometry":{"type":"Polygon","coordinates":[[[150.669,-9.429],[150.746,-9.404],[150.789,-9.418],[150.879,-9.513],[150.884,-9.582],[150.899,-9.641],[150.894,-9.667],[150.844,-9.703],[150.848,-9.663],[150.81,-9.655],[150.678,-9.657],[150.576,-9.631],[150.436,-9.625],[150.495,-9.562],[150.508,-9.536],[150.435,-9.435],[150.431,-9.387],[150.437,-9.36],[150.499,-9.346],[150.528,-9.347],[150.669,-9.429]]]}},{"type":"Feature","properties":{},"geometry":{"type":"Polygon","coordinates":[[[151.124,-8.805],[151.046,-8.728],[151.081,-8.642],[151.087,-8.595],[151.083,-8.569],[151.005,-8.524],[151.046,-8.451],[151.09,-8.426],[151.118,-8.419],[151.116,-8.522],[151.139,-8.568],[151.107,-8.733],[151.124,-8.805]]]}},{"type":"Feature","properties":{},"geometry":{"type":"Polygon","coordinates":[[[152.689,-8.975],[152.81,-8.967],[152.85,-9.025],[152.905,-9.044],[152.953,-9.07],[152.995,-9.108],[152.995,-9.131],[152.985,-9.151],[152.959,-9.169],[152.967,-9.209],[152.923,-9.203],[152.867,-9.224],[152.759,-9.177],[152.72,-9.167],[152.708,-9.126],[152.638,-9.058],[152.515,-9.01],[152.577,-8.97],[152.631,-8.959],[152.689,-8.975]]]}},{"type":"Feature","properties":{},"geometry":{"type":"Polygon","coordinates":[[[150.885,-10.643],[150.802,-10.62],[150.786,-10.603],[150.799,-10.554],[150.872,-10.552],[150.899,-10.565],[150.885,-10.643]]]}},{"type":"Feature","properties":{},"geometry":{"type":"Polygon","coordinates":[[[154.266,-11.416],[154.23,-11.397],[154.121,-11.426],[154.064,-11.419],[154.031,-11.371],[154.023,-11.348],[154.118,-11.366],[154.102,-11.311],[154.238,-11.339],[154.281,-11.361],[154.266,-11.416]]]}},{"type":"Feature","properties":{},"geometry":{"type":"Polygon","coordinates":[[[153.703,-11.529],[153.76,-11.586],[153.7,-11.613],[153.554,-11.631],[153.519,-11.595],[153.379,-11.56],[153.357,-11.495],[153.287,-11.517],[153.322,-11.471],[153.234,-11.42],[153.207,-11.352],[153.204,-11.324],[153.307,-11.356],[153.536,-11.476],[153.703,-11.529]]]}},{"type":"Feature","properties":{},"geometry":{"type":"Polygon","coordinates":[[[143.543,-8.485],[143.367,-8.417],[143.322,-8.368],[143.528,-8.379],[143.581,-8.391],[143.593,-8.46],[143.587,-8.482],[143.543,-8.485]]]}},{"type":"Feature","properties":{},"geometry":{"type":"Polygon","coordinates":[[[143.608,-8.677],[143.463,-8.617],[143.324,-8.517],[143.254,-8.49],[143.207,-8.423],[143.293,-8.473],[143.443,-8.519],[143.59,-8.633],[143.608,-8.677]]]}},{"type":"Feature","properties":{},"geometry":{"type":"Polygon","coordinates":[[[135.596,-0.69],[135.673,-0.688],[135.749,-0.733],[135.841,-0.712],[135.894,-0.726],[136.069,-0.878],[136.155,-0.978],[136.283,-1.065],[136.375,-1.094],[136.305,-1.173],[136.165,-1.215],[136.11,-1.217],[136.003,-1.17],[135.915,-1.178],[135.839,-1.119],[135.826,-1.028],[135.747,-0.823],[135.646,-0.882],[135.524,-0.787],[135.491,-0.785],[135.483,-0.801],[135.432,-0.769],[135.388,-0.705],[135.383,-0.651],[135.596,-0.69]]]}},{"type":"Feature","properties":{},"geometry":{"type":"Polygon","coordinates":[[[135.869,-1.642],[135.976,-1.636],[136.202,-1.655],[136.39,-1.722],[136.719,-1.734],[136.817,-1.754],[136.893,-1.8],[136.709,-1.838],[136.622,-1.873],[136.461,-1.89],[136.326,-1.872],[136.228,-1.894],[136.193,-1.859],[136.049,-1.824],[135.866,-1.752],[135.488,-1.668],[135.47,-1.616],[135.474,-1.592],[135.869,-1.642]]]}},{"type":"Feature","properties":{},"geometry":{"type":"Polygon","coordinates":[[[134.917,-1.134],[134.862,-1.114],[134.809,-1.038],[134.828,-0.979],[134.889,-0.938],[134.941,-0.979],[134.957,-1.031],[134.996,-1.034],[134.965,-1.116],[134.917,-1.134]]]}},{"type":"Feature","properties":{},"geometry":{"type":"Polygon","coordinates":[[[134.345,-2.139],[134.335,-2.095],[134.351,-2.037],[134.37,-2.028],[134.391,-2.031],[134.419,-2.052],[134.374,-2.124],[134.345,-2.139]]]}},{"type":"Feature","properties":{},"geometry":{"type":"Polygon","coordinates":[[[138.846,-8.402],[138.594,-8.371],[138.567,-8.33],[138.563,-8.309],[138.621,-8.268],[138.677,-8.199],[138.763,-8.173],[138.796,-8.174],[138.898,-8.338],[138.895,-8.389],[138.846,-8.402]]]}},{"type":"Feature","properties":{},"geometry":{"type":"Polygon","coordinates":[[[133.622,-4.299],[133.503,-4.257],[133.333,-4.17],[133.321,-4.111],[133.464,-4.2],[133.571,-4.246],[133.622,-4.299]]]}},{"type":"Feature","properties":{},"geometry":{"type":"Polygon","coordinates":[[[130.365,-1.75],[130.425,-1.805],[130.404,-1.89],[130.381,-1.903],[130.393,-1.942],[130.419,-1.971],[130.373,-1.992],[130.339,-1.982],[130.284,-2.009],[130.248,-2.048],[130.133,-2.064],[130.093,-2.028],[129.887,-1.986],[129.754,-1.894],[129.738,-1.867],[129.994,-1.759],[130.106,-1.73],[130.2,-1.732],[130.318,-1.692],[130.353,-1.691],[130.365,-1.75]]]}},{"type":"Feature","properties":{},"geometry":{"type":"Polygon","coordinates":[[[130.967,-1.343],[130.845,-1.317],[130.782,-1.255],[130.739,-1.173],[130.712,-1.104],[130.704,-1.05],[130.668,-0.984],[130.673,-0.96],[130.897,-0.89],[130.939,-0.915],[131.033,-0.918],[131.074,-0.968],[131.046,-1.188],[131.002,-1.316],[130.967,-1.343]]]}},{"type":"Feature","properties":{},"geometry":{"type":"Polygon","coordinates":[[[130.88,-0.828],[130.832,-0.863],[130.402,-0.924],[130.439,-0.887],[130.457,-0.851],[130.484,-0.833],[130.527,-0.837],[130.548,-0.826],[130.57,-0.822],[130.594,-0.827],[130.635,-0.812],[130.723,-0.822],[130.813,-0.814],[130.807,-0.765],[130.905,-0.777],[130.88,-0.828]]]}},{"type":"Feature","properties":{},"geometry":{"type":"Polygon","coordinates":[[[130.569,-0.53],[130.465,-0.487],[130.526,-0.449],[130.564,-0.441],[130.597,-0.418],[130.616,-0.417],[130.657,-0.437],[130.684,-0.469],[130.627,-0.529],[130.569,-0.53]]]}},{"type":"Feature","properties":{},"geometry":{"type":"Polygon","coordinates":[[[130.987,-0.047],[131.026,-0.04],[131.277,-0.15],[131.317,-0.204],[131.303,-0.241],[131.34,-0.29],[131.258,-0.366],[131.218,-0.374],[131.178,-0.346],[131.098,-0.33],[131.005,-0.361],[130.946,-0.338],[130.897,-0.268],[130.808,-0.226],[130.683,-0.081],[130.622,-0.086],[130.638,-0.143],[130.691,-0.181],[130.761,-0.291],[130.802,-0.302],[130.843,-0.298],[130.899,-0.344],[130.896,-0.416],[130.75,-0.444],[130.7,-0.392],[130.689,-0.297],[130.607,-0.329],[130.575,-0.362],[130.551,-0.366],[130.496,-0.267],[130.341,-0.262],[130.237,-0.21],[130.288,-0.155],[130.295,-0.101],[130.363,-0.073],[130.431,-0.098],[130.5,-0.06],[130.548,-0.07],[130.584,-0.045],[130.722,-0.03],[130.813,-0.004],[130.987,-0.047]]]}},{"type":"Feature","properties":{},"geometry":{"type":"Polygon","coordinates":[[[129.506,-0.19],[129.469,-0.131],[129.37,-0.066],[129.309,0.045],[129.542,-0.139],[129.549,-0.187],[129.506,-0.19]]]}},{"type":"Feature","properties":{},"geometry":{"type":"Polygon","coordinates":[[[128.296,2.035],[128.26,2.083],[128.218,2.297],[128.33,2.469],[128.472,2.571],[128.569,2.596],[128.602,2.598],[128.688,2.474],[128.623,2.224],[128.548,2.097],[128.454,2.052],[128.296,2.035]]]}},{"type":"Feature","properties":{},"geometry":{"type":"Polygon","coordinates":[[[127.449,-0.037],[127.418,0.006],[127.397,0.017],[127.42,0.124],[127.431,0.143],[127.449,0.069],[127.453,-0.006],[127.449,-0.037]]]}},{"type":"Feature","properties":{},"geometry":{"type":"Polygon","coordinates":[[[127.384,0.631],[127.374,0.635],[127.363,0.675],[127.383,0.744],[127.425,0.744],[127.443,0.733],[127.446,0.683],[127.42,0.642],[127.384,0.631]]]}},{"type":"Feature","properties":{},"geometry":{"type":"Polygon","coordinates":[[[127.187,-0.521],[127.119,-0.521],[127.104,-0.414],[127.126,-0.279],[127.19,-0.256],[127.29,-0.284],[127.253,-0.319],[127.281,-0.391],[127.25,-0.495],[127.187,-0.521]]]}},{"type":"Feature","properties":{},"geometry":{"type":"Polygon","coordinates":[[[127.289,-0.802],[127.185,-0.775],[127.156,-0.761],[127.209,-0.619],[127.258,-0.623],[127.301,-0.758],[127.3,-0.781],[127.289,-0.802]]]}},{"type":"Feature","properties":{},"geometry":{"type":"Polygon","coordinates":[[[127.682,-0.468],[127.605,-0.61],[127.659,-0.689],[127.804,-0.694],[127.838,-0.724],[127.863,-0.76],[127.88,-0.809],[127.842,-0.848],[127.761,-0.884],[127.668,-0.832],[127.643,-0.784],[127.624,-0.766],[127.498,-0.802],[127.463,-0.806],[127.438,-0.739],[127.469,-0.643],[127.381,-0.6],[127.3,-0.5],[127.297,-0.46],[127.329,-0.391],[127.325,-0.336],[127.371,-0.332],[127.455,-0.406],[127.492,-0.336],[127.527,-0.307],[127.567,-0.319],[127.682,-0.468]]]}},{"type":"Feature","properties":{},"geometry":{"type":"Polygon","coordinates":[[[128.092,-1.701],[128.061,-1.712],[127.914,-1.685],[127.741,-1.691],[127.562,-1.729],[127.458,-1.697],[127.392,-1.645],[127.395,-1.59],[127.457,-1.454],[127.592,-1.351],[127.647,-1.332],[127.743,-1.36],[127.905,-1.439],[128.033,-1.532],[128.149,-1.604],[128.153,-1.661],[128.092,-1.701]]]}},{"type":"Feature","properties":{},"geometry":{"type":"Polygon","coordinates":[[[134.739,-5.746],[134.738,-5.817],[134.755,-5.883],[134.712,-5.95],[134.752,-6.05],[134.758,-6.1],[134.756,-6.171],[134.744,-6.202],[134.714,-6.295],[134.684,-6.328],[134.661,-6.337],[134.638,-6.365],[134.441,-6.335],[134.356,-6.271],[134.28,-6.201],[134.264,-6.172],[134.175,-6.09],[134.155,-6.063],[134.153,-6.02],[134.225,-6.008],[134.302,-6.01],[134.299,-5.971],[134.343,-5.833],[134.226,-5.744],[134.205,-5.707],[134.247,-5.682],[134.341,-5.713],[134.456,-5.558],[134.49,-5.525],[134.506,-5.438],[134.571,-5.427],[134.617,-5.439],[134.646,-5.492],[134.658,-5.539],[134.646,-5.581],[134.701,-5.603],[134.747,-5.707],[134.739,-5.746]]]}},{"type":"Feature","properties":{},"geometry":{"type":"Polygon","coordinates":[[[134.52,-6.513],[134.504,-6.591],[134.412,-6.68],[134.356,-6.815],[134.323,-6.849],[134.2,-6.909],[134.091,-6.834],[134.059,-6.769],[134.107,-6.472],[134.154,-6.481],[134.185,-6.479],[134.195,-6.46],[134.125,-6.426],[134.111,-6.255],[134.115,-6.191],[134.168,-6.176],[134.234,-6.226],[134.318,-6.316],[134.415,-6.387],[134.537,-6.442],[134.52,-6.513]]]}},{"type":"Feature","properties":{},"geometry":{"type":"Polygon","coordinates":[[[132.845,-5.988],[132.922,-5.785],[132.938,-5.683],[133.009,-5.621],[133.115,-5.311],[133.138,-5.318],[133.173,-5.348],[133.12,-5.576],[132.971,-5.736],[132.926,-5.902],[132.845,-5.988]]]}},{"type":"Feature","properties":{},"geometry":{"type":"Polygon","coordinates":[[[132.746,-5.947],[132.705,-5.913],[132.681,-5.913],[132.667,-5.856],[132.681,-5.739],[132.63,-5.607],[132.698,-5.609],[132.717,-5.648],[132.738,-5.662],[132.804,-5.789],[132.807,-5.851],[132.746,-5.947]]]}},{"type":"Feature","properties":{},"geometry":{"type":"Polygon","coordinates":[[[128.72,-3.589],[128.713,-3.603],[128.659,-3.588],[128.62,-3.589],[128.585,-3.512],[128.595,-3.495],[128.667,-3.517],[128.694,-3.525],[128.722,-3.547],[128.72,-3.589]]]}},{"type":"Feature","properties":{},"geometry":{"type":"Polygon","coordinates":[[[128.392,-3.638],[128.428,-3.54],[128.452,-3.515],[128.536,-3.541],[128.563,-3.585],[128.392,-3.638]]]}},{"type":"Feature","properties":{},"geometry":{"type":"Polygon","coordinates":[[[128.25,-3.711],[128.192,-3.735],[128.143,-3.733],[128.159,-3.698],[128.147,-3.677],[128.111,-3.686],[128.052,-3.715],[127.978,-3.771],[127.934,-3.743],[127.925,-3.699],[127.928,-3.679],[128.016,-3.601],[128.119,-3.587],[128.264,-3.512],[128.329,-3.516],[128.314,-3.564],[128.291,-3.598],[128.277,-3.633],[128.276,-3.675],[128.25,-3.711]]]}},{"type":"Feature","properties":{},"geometry":{"type":"Polygon","coordinates":[[[123.203,-4.766],[123.196,-4.823],[123.139,-4.74],[123.119,-4.723],[123.104,-4.74],[123.084,-4.749],[123.055,-4.748],[123.018,-4.832],[123.015,-4.91],[122.987,-4.963],[122.972,-5.138],[122.981,-5.186],[123.025,-5.162],[123.051,-5.156],[123.15,-5.224],[123.202,-5.273],[123.187,-5.333],[123.121,-5.393],[123.043,-5.419],[122.986,-5.394],[122.969,-5.406],[122.935,-5.437],[122.909,-5.477],[122.916,-5.519],[122.85,-5.638],[122.812,-5.671],[122.733,-5.635],[122.684,-5.666],[122.645,-5.663],[122.585,-5.545],[122.586,-5.489],[122.642,-5.426],[122.643,-5.381],[122.67,-5.331],[122.731,-5.262],[122.767,-5.21],[122.768,-5.177],[122.794,-5.052],[122.804,-5.0],[122.821,-4.944],[122.849,-4.831],[122.853,-4.618],[122.947,-4.443],[123.038,-4.395],[123.075,-4.387],[123.069,-4.434],[123.18,-4.551],[123.203,-4.766]]]}},{"type":"Feature","properties":{},"geometry":{"type":"Polygon","coordinates":[[[122.619,-5.336],[122.564,-5.388],[122.52,-5.391],[122.474,-5.381],[122.392,-5.335],[122.371,-5.383],[122.307,-5.381],[122.283,-5.32],[122.329,-5.138],[122.396,-5.07],[122.39,-4.999],[122.334,-4.847],[122.369,-4.767],[122.524,-4.707],[122.66,-4.634],[122.702,-4.619],[122.74,-4.675],[122.76,-4.934],[122.614,-5.139],[122.645,-5.269],[122.619,-5.336]]]}},{"type":"Feature","properties":{},"geometry":{"type":"Polygon","coordinates":[[[121.98,-5.465],[121.859,-5.35],[121.808,-5.256],[121.821,-5.203],[121.857,-5.156],[121.874,-5.145],[121.866,-5.096],[121.914,-5.072],[121.966,-5.076],[122.0,-5.141],[122.041,-5.159],[122.062,-5.221],[122.043,-5.438],[121.98,-5.465]]]}},{"type":"Feature","properties":{},"geometry":{"type":"Polygon","coordinates":[[[123.145,-4.233],[123.076,-4.227],[122.995,-4.148],[122.971,-4.061],[122.969,-4.03],[123.025,-3.981],[123.212,-3.998],[123.247,-4.041],[123.242,-4.113],[123.145,-4.233]]]}},{"type":"Feature","properties":{},"geometry":{"type":"Polygon","coordinates":[[[126.038,-2.469],[125.978,-2.415],[125.938,-2.263],[125.903,-2.222],[125.863,-2.077],[125.873,-2.036],[125.923,-1.975],[125.963,-1.976],[125.993,-2.012],[125.976,-2.168],[126.066,-2.366],[126.055,-2.451],[126.038,-2.469]]]}},{"type":"Feature","properties":{},"geometry":{"type":"Polygon","coordinates":[[[126.332,-1.823],[126.288,-1.859],[125.956,-1.917],[125.839,-1.906],[125.479,-1.94],[125.433,-1.938],[125.426,-1.882],[125.387,-1.843],[125.445,-1.809],[125.521,-1.801],[125.72,-1.814],[126.024,-1.79],[126.332,-1.823]]]}},{"type":"Feature","properties":{},"geometry":{"type":"Polygon","coordinates":[[[125.063,-1.741],[125.096,-1.741],[125.127,-1.699],[125.146,-1.693],[125.188,-1.713],[125.198,-1.78],[125.258,-1.771],[125.305,-1.794],[125.32,-1.81],[125.314,-1.877],[125.135,-1.889],[125.007,-1.943],[124.834,-1.894],[124.639,-1.978],[124.521,-2.007],[124.418,-2.005],[124.33,-1.859],[124.381,-1.688],[124.418,-1.659],[124.483,-1.644],[124.664,-1.636],[124.97,-1.705],[125.063,-1.741]]]}},{"type":"Feature","properties":{},"geometry":{"type":"Polygon","coordinates":[[[123.866,-1.996],[123.804,-1.994],[123.777,-1.919],[123.783,-1.878],[123.848,-1.955],[123.866,-1.996]]]}},{"type":"Feature","properties":{},"geometry":{"type":"Polygon","coordinates":[[[123.234,-1.234],[123.198,-1.288],[123.238,-1.389],[123.339,-1.254],[123.435,-1.237],[123.489,-1.259],[123.527,-1.286],[123.547,-1.337],[123.512,-1.447],[123.449,-1.499],[123.367,-1.507],[123.329,-1.443],[123.275,-1.437],[123.237,-1.577],[123.221,-1.598],[123.173,-1.616],[123.13,-1.577],[123.123,-1.556],[123.183,-1.493],[123.15,-1.304],[123.105,-1.34],[122.984,-1.511],[122.89,-1.587],[122.858,-1.548],[122.811,-1.432],[122.832,-1.283],[122.908,-1.182],[122.972,-1.189],[123.158,-1.158],[123.212,-1.171],[123.234,-1.234]]]}},{"type":"Feature","properties":{},"geometry":{"type":"Polygon","coordinates":[[[123.079,-1.899],[123.071,-1.855],[123.086,-1.815],[123.106,-1.787],[123.138,-1.773],[123.153,-1.817],[123.079,-1.899]]]}},{"type":"Feature","properties":{},"geometry":{"type":"Polygon","coordinates":[[[121.907,-0.451],[121.881,-0.503],[121.847,-0.49],[121.756,-0.491],[121.722,-0.495],[121.681,-0.525],[121.655,-0.526],[121.672,-0.479],[121.749,-0.407],[121.797,-0.418],[121.864,-0.407],[121.907,-0.451]]]}},{"type":"Feature","properties":{},"geometry":{"type":"Polygon","coordinates":[[[126.776,4.013],[126.711,4.02],[126.704,4.071],[126.77,4.162],[126.814,4.258],[126.767,4.283],[126.722,4.344],[126.721,4.416],[126.757,4.548],[126.812,4.537],[126.865,4.48],[126.887,4.373],[126.921,4.291],[126.848,4.18],[126.817,4.033],[126.776,4.013]]]}},{"type":"Feature","properties":{},"geometry":{"type":"Polygon","coordinates":[[[126.722,3.833],[126.661,3.928],[126.638,4.042],[126.686,4.001],[126.74,3.918],[126.719,3.875],[126.722,3.833]]]}},{"type":"Feature","properties":{},"geometry":{"type":"Polygon","coordinates":[[[126.836,3.757],[126.8,3.784],[126.778,3.813],[126.779,3.843],[126.804,3.858],[126.857,3.812],[126.858,3.787],[126.852,3.768],[126.836,3.757]]]}},{"type":"Feature","properties":{},"geometry":{"type":"Polygon","coordinates":[[[125.633,3.405],[125.512,3.461],[125.518,3.55],[125.501,3.593],[125.469,3.639],[125.455,3.684],[125.469,3.733],[125.543,3.67],[125.586,3.571],[125.644,3.477],[125.658,3.436],[125.633,3.405]]]}},{"type":"Feature","properties":{},"geometry":{"type":"Polygon","coordinates":[[[125.397,2.63],[125.36,2.747],[125.391,2.805],[125.435,2.784],[125.446,2.763],[125.404,2.707],[125.407,2.652],[125.397,2.63]]]}},{"type":"Feature","properties":{},"geometry":{"type":"Polygon","coordinates":[[[120.487,-6.465],[120.468,-6.406],[120.461,-6.254],[120.436,-6.18],[120.452,-6.095],[120.446,-5.876],[120.477,-5.775],[120.534,-5.904],[120.549,-5.969],[120.528,-6.298],[120.487,-6.465]]]}},{"type":"Feature","properties":{},"geometry":{"type":"Polygon","coordinates":[[[131.97,-7.251],[131.927,-7.225],[131.884,-7.167],[131.823,-7.159],[131.778,-7.144],[131.751,-7.117],[131.922,-7.104],[131.982,-7.202],[131.97,-7.251]]]}},{"type":"Feature","properties":{},"geometry":{"type":"Polygon","coordinates":[[[130.775,-8.35],[130.833,-8.271],[131.02,-8.091],[131.087,-8.125],[131.176,-8.131],[131.044,-8.212],[130.908,-8.246],[130.862,-8.319],[130.775,-8.35]]]}},{"type":"Feature","properties":{},"geometry":{"type":"Polygon","coordinates":[[[131.309,-8.011],[131.185,-7.998],[131.114,-7.997],[131.123,-7.922],[131.087,-7.865],[131.137,-7.782],[131.138,-7.685],[131.19,-7.672],[131.197,-7.617],[131.26,-7.471],[131.297,-7.438],[131.349,-7.425],[131.411,-7.34],[131.446,-7.315],[131.483,-7.251],[131.535,-7.221],[131.531,-7.165],[131.561,-7.136],[131.643,-7.113],[131.701,-7.14],[131.736,-7.197],[131.644,-7.267],[131.691,-7.439],[131.624,-7.626],[131.58,-7.682],[131.498,-7.731],[131.474,-7.777],[131.377,-7.869],[131.348,-7.948],[131.343,-7.981],[131.326,-8.0],[131.309,-8.011]]]}},{"type":"Feature","properties":{},"geometry":{"type":"Polygon","coordinates":[[[129.78,-8.046],[129.713,-8.041],[129.592,-7.917],[129.599,-7.831],[129.609,-7.803],[129.655,-7.795],[129.813,-7.82],[129.844,-7.889],[129.839,-7.955],[129.78,-8.046]]]}},{"type":"Feature","properties":{},"geometry":{"type":"Polygon","coordinates":[[[128.625,-7.209],[128.55,-7.156],[128.53,-7.135],[128.577,-7.083],[128.628,-7.069],[128.658,-7.091],[128.673,-7.113],[128.667,-7.138],[128.67,-7.183],[128.625,-7.209]]]}},{"type":"Feature","properties":{},"geometry":{"type":"Polygon","coordinates":[[[127.998,-8.139],[128.099,-8.135],[128.119,-8.171],[128.024,-8.255],[127.821,-8.19],[127.786,-8.12],[127.823,-8.099],[127.998,-8.139]]]}},{"type":"Feature","properties":{},"geometry":{"type":"Polygon","coordinates":[[[127.355,-7.646],[127.375,-7.572],[127.371,-7.513],[127.475,-7.531],[127.474,-7.579],[127.464,-7.597],[127.419,-7.623],[127.355,-7.646]]]}},{"type":"Feature","properties":{},"geometry":{"type":"Polygon","coordinates":[[[126.814,-7.717],[126.813,-7.738],[126.693,-7.754],[126.577,-7.808],[126.518,-7.87],[126.472,-7.95],[126.313,-7.918],[126.171,-7.912],[126.108,-7.884],[126.04,-7.886],[125.952,-7.911],[125.826,-7.979],[125.798,-7.985],[125.808,-7.881],[125.843,-7.817],[125.975,-7.663],[126.085,-7.697],[126.214,-7.707],[126.359,-7.677],[126.463,-7.608],[126.61,-7.572],[126.726,-7.662],[126.801,-7.668],[126.814,-7.717]]]}},{"type":"Feature","properties":{},"geometry":{"type":"Polygon","coordinates":[[[125.579,-8.312],[125.507,-8.275],[125.584,-8.179],[125.621,-8.15],[125.646,-8.14],[125.579,-8.312]]]}},{"type":"Feature","properties":{},"geometry":{"type":"Polygon","coordinates":[[[123.326,-10.338],[123.326,-10.264],[123.395,-10.171],[123.459,-10.14],[123.494,-10.177],[123.497,-10.194],[123.405,-10.227],[123.416,-10.303],[123.326,-10.338]]]}},{"type":"Feature","properties":{},"geometry":{"type":"Polygon","coordinates":[[[122.856,-10.91],[122.826,-10.899],[122.818,-10.811],[122.846,-10.762],[123.061,-10.698],[123.146,-10.64],[123.265,-10.518],[123.34,-10.486],[123.358,-10.472],[123.371,-10.475],[123.383,-10.568],[123.413,-10.623],[123.418,-10.651],[123.311,-10.698],[123.215,-10.806],[123.005,-10.876],[122.949,-10.909],[122.856,-10.91]]]}},{"type":"Feature","properties":{},"geometry":{"type":"Polygon","coordinates":[[[121.833,-10.602],[121.726,-10.573],[121.705,-10.556],[121.796,-10.507],[121.867,-10.439],[121.95,-10.433],[121.998,-10.447],[121.981,-10.528],[121.883,-10.59],[121.833,-10.602]]]}},{"type":"Feature","properties":{},"geometry":{"type":"Polygon","coordinates":[[[124.6,-8.202],[124.677,-8.168],[124.752,-8.16],[124.924,-8.166],[125.05,-8.18],[125.125,-8.205],[125.132,-8.326],[125.097,-8.353],[124.444,-8.445],[124.381,-8.415],[124.356,-8.386],[124.426,-8.296],[124.394,-8.253],[124.431,-8.183],[124.509,-8.135],[124.576,-8.141],[124.6,-8.202]]]}},{"type":"Feature","properties":{},"geometry":{"type":"Polygon","coordinates":[[[124.226,-8.391],[124.184,-8.499],[124.147,-8.531],[124.066,-8.552],[124.017,-8.444],[123.928,-8.449],[123.971,-8.354],[124.014,-8.319],[124.069,-8.318],[124.096,-8.356],[124.111,-8.364],[124.24,-8.203],[124.266,-8.202],[124.287,-8.209],[124.304,-8.229],[124.287,-8.329],[124.226,-8.391]]]}},{"type":"Feature","properties":{},"geometry":{"type":"Polygon","coordinates":[[[123.784,-8.3],[123.698,-8.424],[123.629,-8.422],[123.592,-8.478],[123.583,-8.502],[123.588,-8.524],[123.58,-8.545],[123.553,-8.567],[123.489,-8.532],[123.434,-8.576],[123.411,-8.587],[123.33,-8.536],[123.253,-8.539],[123.23,-8.531],[123.325,-8.439],[123.455,-8.354],[123.476,-8.322],[123.425,-8.313],[123.395,-8.301],[123.391,-8.28],[123.473,-8.267],[123.53,-8.265],[123.573,-8.292],[123.601,-8.291],[123.776,-8.19],[123.846,-8.213],[123.896,-8.239],[123.925,-8.272],[123.784,-8.3]]]}},{"type":"Feature","properties":{},"geometry":{"type":"Polygon","coordinates":[[[123.297,-8.399],[123.025,-8.396],[123.033,-8.338],[123.108,-8.275],[123.133,-8.254],[123.217,-8.235],[123.336,-8.269],[123.317,-8.355],[123.297,-8.399]]]}},{"type":"Feature","properties":{},"geometry":{"type":"Polygon","coordinates":[[[119.425,-8.75],[119.386,-8.736],[119.402,-8.647],[119.379,-8.587],[119.42,-8.539],[119.43,-8.455],[119.446,-8.429],[119.471,-8.456],[119.482,-8.473],[119.502,-8.481],[119.547,-8.483],[119.557,-8.519],[119.555,-8.553],[119.536,-8.589],[119.483,-8.628],[119.444,-8.672],[119.464,-8.741],[119.425,-8.75]]]}},{"type":"Feature","properties":{},"geometry":{"type":"Polygon","coordinates":[[[119.03,-8.24],[119.021,-8.2],[119.037,-8.158],[119.079,-8.14],[119.098,-8.139],[119.128,-8.177],[119.135,-8.197],[119.107,-8.223],[119.074,-8.239],[119.03,-8.24]]]}},{"type":"Feature","properties":{},"geometry":{"type":"Polygon","coordinates":[[[115.582,-8.804],[115.501,-8.743],[115.48,-8.715],[115.541,-8.675],[115.561,-8.67],[115.613,-8.713],[115.61,-8.77],[115.582,-8.804]]]}},{"type":"Feature","properties":{},"geometry":{"type":"Polygon","coordinates":[[[115.296,-6.988],[115.22,-6.953],[115.222,-6.905],[115.241,-6.861],[115.354,-6.838],[115.414,-6.84],[115.479,-6.87],[115.524,-6.902],[115.546,-6.939],[115.424,-6.941],[115.377,-6.971],[115.296,-6.988]]]}},{"type":"Feature","properties":{},"geometry":{"type":"Polygon","coordinates":[[[112.698,-5.846],[112.602,-5.844],[112.586,-5.804],[112.649,-5.731],[112.69,-5.726],[112.727,-5.753],[112.719,-5.811],[112.698,-5.846]]]}},{"type":"Feature","properties":{},"geometry":{"type":"Polygon","coordinates":[[[117.737,4.004],[117.625,4.121],[117.667,4.204],[117.662,4.25],[117.708,4.262],[117.761,4.252],[117.885,4.186],[117.918,4.091],[117.923,4.054],[117.737,4.004]]]}},{"type":"Feature","properties":{},"geometry":{"type":"Polygon","coordinates":[[[117.646,3.248],[117.56,3.328],[117.537,3.386],[117.548,3.432],[117.637,3.436],[117.681,3.408],[117.658,3.281],[117.646,3.248]]]}},{"type":"Feature","properties":{},"geometry":{"type":"Polygon","coordinates":[[[116.388,-3.637],[116.327,-3.539],[116.395,-3.423],[116.427,-3.4],[116.424,-3.464],[116.388,-3.637]]]}},{"type":"Feature","properties":{},"geometry":{"type":"Polygon","coordinates":[[[116.093,-4.054],[116.059,-4.007],[116.077,-3.817],[116.018,-3.7],[116.022,-3.612],[116.064,-3.458],[116.117,-3.34],[116.239,-3.26],[116.27,-3.251],[116.262,-3.395],[116.287,-3.449],[116.295,-3.495],[116.282,-3.535],[116.305,-3.719],[116.319,-3.763],[116.289,-3.821],[116.303,-3.868],[116.093,-4.054]]]}},{"type":"Feature","properties":{},"geometry":{"type":"Polygon","coordinates":[[[108.838,-1.662],[108.804,-1.568],[108.877,-1.54],[108.957,-1.564],[108.953,-1.62],[108.838,-1.662]]]}},{"type":"Feature","properties":{},"geometry":{"type":"Polygon","coordinates":[[[109.511,-1.283],[109.464,-1.278],[109.428,-1.241],[109.45,-1.044],[109.476,-0.985],[109.615,-0.979],[109.7,-1.007],[109.743,-1.039],[109.761,-1.105],[109.751,-1.145],[109.71,-1.181],[109.511,-1.283]]]}},{"type":"Feature","properties":{},"geometry":{"type":"Polygon","coordinates":[[[108.839,2.853],[108.787,2.886],[108.867,2.992],[108.886,2.999],[108.888,2.905],[108.839,2.853]]]}},{"type":"Feature","properties":{},"geometry":{"type":"Polygon","coordinates":[[[108.18,3.653],[108.1,3.705],[108.186,3.768],[108.216,3.772],[108.236,3.785],[108.243,3.81],[108.088,3.852],[108.045,3.889],[108.002,3.983],[108.004,4.043],[108.202,4.2],[108.248,4.217],[108.256,4.152],[108.393,3.986],[108.399,3.876],[108.394,3.836],[108.316,3.69],[108.18,3.653]]]}},{"type":"Feature","properties":{},"geometry":{"type":"Polygon","coordinates":[[[106.284,3.088],[106.215,3.129],[106.201,3.205],[106.224,3.23],[106.271,3.216],[106.285,3.157],[106.284,3.088]]]}},{"type":"Feature","properties":{},"geometry":{"type":"Polygon","coordinates":[[[105.719,2.859],[105.706,2.889],[105.708,2.94],[105.704,2.981],[105.692,3.011],[105.692,3.062],[105.731,3.037],[105.76,3.013],[105.795,2.996],[105.822,2.984],[105.837,2.977],[105.809,2.904],[105.76,2.863],[105.719,2.859]]]}},{"type":"Feature","properties":{},"geometry":{"type":"Polygon","coordinates":[[[101.762,1.997],[101.774,1.943],[101.734,1.883],[101.719,1.789],[101.603,1.716],[101.501,1.733],[101.468,1.759],[101.403,1.901],[101.41,2.022],[101.45,2.068],[101.545,2.061],[101.641,2.127],[101.708,2.078],[101.762,1.997]]]}},{"type":"Feature","properties":{},"geometry":{"type":"Polygon","coordinates":[[[102.381,0.96],[102.325,1.007],[102.28,1.076],[102.255,1.147],[102.234,1.264],[102.229,1.348],[102.256,1.397],[102.276,1.395],[102.359,1.346],[102.413,1.261],[102.443,1.234],[102.449,1.156],[102.429,1.067],[102.427,0.99],[102.381,0.96]]]}},{"type":"Feature","properties":{},"geometry":{"type":"Polygon","coordinates":[[[102.499,1.331],[102.425,1.364],[102.367,1.415],[102.274,1.453],[102.161,1.465],[102.079,1.499],[102.021,1.558],[102.018,1.586],[102.024,1.608],[102.042,1.625],[102.47,1.51],[102.492,1.459],[102.499,1.331]]]}},{"type":"Feature","properties":{},"geometry":{"type":"Polygon","coordinates":[[[103.009,0.708],[102.971,0.737],[102.776,0.78],[102.711,0.784],[102.542,0.832],[102.49,0.857],[102.454,0.89],[102.466,0.95],[102.491,0.987],[102.507,1.089],[102.549,1.13],[102.633,1.054],[102.726,0.989],[102.78,0.959],[102.944,0.893],[103.002,0.859],[103.028,0.747],[103.009,0.708]]]}},{"type":"Feature","properties":{},"geometry":{"type":"Polygon","coordinates":[[[103.137,0.842],[103.087,0.848],[103.033,0.882],[102.964,0.943],[102.886,0.997],[102.788,1.031],[102.726,1.041],[102.702,1.054],[102.726,1.159],[102.79,1.165],[102.999,1.068],[103.068,1.015],[103.166,0.87],[103.137,0.842]]]}},{"type":"Feature","properties":{},"geometry":{"type":"Polygon","coordinates":[[[103.172,0.536],[103.14,0.549],[103.153,0.643],[103.187,0.7],[103.238,0.699],[103.295,0.614],[103.284,0.542],[103.172,0.536]]]}},{"type":"Feature","properties":{},"geometry":{"type":"Polygon","coordinates":[[[103.43,0.993],[103.363,1.007],[103.315,1.071],[103.355,1.117],[103.38,1.134],[103.405,1.073],[103.424,1.048],[103.43,0.993]]]}},{"type":"Feature","properties":{},"geometry":{"type":"Polygon","coordinates":[[[103.43,0.651],[103.344,0.778],[103.366,0.851],[103.386,0.87],[103.433,0.825],[103.47,0.778],[103.497,0.723],[103.45,0.664],[103.43,0.651]]]}},{"type":"Feature","properties":{},"geometry":{"type":"Polygon","coordinates":[[[103.834,0.772],[103.742,0.83],[103.74,0.872],[103.752,0.891],[103.807,0.846],[103.829,0.801],[103.834,0.772]]]}},{"type":"Feature","properties":{},"geometry":{"type":"Polygon","coordinates":[[[104.088,1.137],[104.14,1.166],[104.138,1.128],[104.127,1.092],[104.066,0.99],[103.964,1.013],[103.94,1.046],[103.932,1.071],[103.947,1.087],[103.955,1.137],[104.0,1.137],[104.025,1.181],[104.088,1.137]]]}},{"type":"Feature","properties":{},"geometry":{"type":"Polygon","coordinates":[[[104.591,1.141],[104.648,1.105],[104.663,1.05],[104.653,0.961],[104.599,0.859],[104.575,0.832],[104.504,0.853],[104.481,0.887],[104.471,0.913],[104.481,0.933],[104.429,0.956],[104.462,0.996],[104.439,1.05],[104.294,1.016],[104.252,1.015],[104.244,1.077],[104.25,1.103],[104.362,1.181],[104.428,1.196],[104.5,1.18],[104.585,1.216],[104.591,1.141]]]}},{"type":"Feature","properties":{},"geometry":{"type":"Polygon","coordinates":[[[104.177,0.805],[104.098,0.896],[104.101,0.917],[104.108,0.934],[104.123,0.944],[104.171,0.897],[104.227,0.88],[104.239,0.834],[104.177,0.805]]]}},{"type":"Feature","properties":{},"geometry":{"type":"Polygon","coordinates":[[[104.698,0.035],[104.651,0.063],[104.622,0.08],[104.604,0.095],[104.499,0.232],[104.544,0.223],[104.66,0.103],[104.689,0.06],[104.698,0.035]]]}},{"type":"Feature","properties":{},"geometry":{"type":"Polygon","coordinates":[[[104.808,-0.192],[104.843,-0.141],[104.909,-0.212],[104.95,-0.247],[105.005,-0.283],[104.951,-0.284],[104.929,-0.317],[104.914,-0.323],[104.702,-0.209],[104.567,-0.246],[104.474,-0.212],[104.447,-0.189],[104.497,-0.126],[104.543,0.018],[104.636,-0.018],[104.658,-0.063],[104.653,-0.076],[104.713,-0.103],[104.779,-0.176],[104.808,-0.192]]]}},{"type":"Feature","properties":{},"geometry":{"type":"Polygon","coordinates":[[[104.568,-0.432],[104.59,-0.467],[104.544,-0.521],[104.507,-0.597],[104.485,-0.613],[104.414,-0.584],[104.363,-0.659],[104.33,-0.539],[104.257,-0.463],[104.302,-0.386],[104.319,-0.38],[104.341,-0.383],[104.364,-0.403],[104.474,-0.335],[104.568,-0.432]]]}},{"type":"Feature","properties":{},"geometry":{"type":"Polygon","coordinates":[[[103.606,-0.383],[103.461,-0.358],[103.479,-0.297],[103.549,-0.228],[103.611,-0.231],[103.724,-0.277],[103.764,-0.318],[103.737,-0.348],[103.606,-0.383]]]}},{"type":"Feature","properties":{},"geometry":{"type":"Polygon","coordinates":[[[108.192,-3.103],[108.167,-3.143],[108.084,-3.195],[108.055,-3.227],[107.977,-3.222],[107.967,-3.167],[107.941,-3.129],[107.858,-3.086],[107.837,-3.097],[107.822,-3.161],[107.66,-3.206],[107.614,-3.209],[107.637,-3.125],[107.595,-3.058],[107.592,-2.977],[107.584,-2.941],[107.563,-2.92],[107.605,-2.863],[107.598,-2.8],[107.642,-2.732],[107.666,-2.566],[107.838,-2.53],[107.875,-2.56],[108.074,-2.597],[108.215,-2.697],[108.291,-2.83],[108.207,-2.998],[108.192,-3.103]]]}},{"type":"Feature","properties":{},"geometry":{"type":"Polygon","coordinates":[[[107.433,-2.925],[107.409,-2.901],[107.402,-2.873],[107.419,-2.838],[107.474,-2.835],[107.5,-2.845],[107.473,-2.9],[107.433,-2.925]]]}},{"type":"Feature","properties":{},"geometry":{"type":"Polygon","coordinates":[[[106.87,-3.025],[106.814,-3.014],[106.774,-2.987],[106.749,-2.96],[106.743,-2.933],[106.797,-2.899],[106.911,-2.934],[106.886,-3.005],[106.87,-3.025]]]}},{"type":"Feature","properties":{},"geometry":{"type":"Polygon","coordinates":[[[105.19,-6.662],[105.143,-6.643],[105.121,-6.615],[105.192,-6.546],[105.226,-6.529],[105.261,-6.524],[105.277,-6.561],[105.253,-6.64],[105.19,-6.662]]]}},{"type":"Feature","properties":{},"geometry":{"type":"Polygon","coordinates":[[[102.286,-5.483],[102.136,-5.361],[102.111,-5.323],[102.154,-5.286],[102.198,-5.289],[102.372,-5.366],[102.405,-5.405],[102.367,-5.479],[102.286,-5.483]]]}},{"type":"Feature","properties":{},"geometry":{"type":"Polygon","coordinates":[[[100.465,-3.329],[100.346,-3.229],[100.348,-3.159],[100.332,-3.113],[100.26,-3.057],[100.204,-2.987],[100.179,-2.82],[100.199,-2.786],[100.246,-2.783],[100.455,-3.002],[100.469,-3.039],[100.464,-3.117],[100.434,-3.141],[100.425,-3.183],[100.465,-3.329]]]}},{"type":"Feature","properties":{},"geometry":{"type":"Polygon","coordinates":[[[100.133,-2.821],[100.015,-2.82],[100.0,-2.787],[100.0,-2.518],[100.012,-2.51],[100.202,-2.68],[100.204,-2.741],[100.133,-2.821]]]}},{"type":"Feature","properties":{},"geometry":{"type":"Polygon","coordinates":[[[111.359,2.402],[111.312,2.438],[111.3,2.741],[111.333,2.768],[111.355,2.764],[111.378,2.709],[111.376,2.576],[111.38,2.459],[111.389,2.415],[111.359,2.402]]]}},{"type":"Feature","properties":{},"geometry":{"type":"Polygon","coordinates":[[[117.081,7.115],[117.06,7.179],[117.064,7.261],[117.147,7.337],[117.264,7.352],[117.281,7.291],[117.267,7.221],[117.239,7.185],[117.142,7.168],[117.081,7.115]]]}},{"type":"Feature","properties":{},"geometry":{"type":"Polygon","coordinates":[[[124.234,24.358],[124.186,24.335],[124.136,24.348],[124.085,24.436],[124.12,24.47],[124.17,24.452],[124.211,24.459],[124.302,24.587],[124.324,24.566],[124.293,24.516],[124.234,24.358]]]}},{"type":"Feature","properties":{},"geometry":{"type":"Polygon","coordinates":[[[123.826,24.266],[123.75,24.283],[123.681,24.288],[123.68,24.318],[123.752,24.348],[123.754,24.391],[123.771,24.414],[123.935,24.362],[123.928,24.324],[123.889,24.28],[123.826,24.266]]]}},{"type":"Feature","properties":{},"geometry":{"type":"Polygon","coordinates":[[[125.359,24.717],[125.269,24.733],[125.284,24.872],[125.315,24.852],[125.335,24.805],[125.402,24.777],[125.444,24.743],[125.359,24.717]]]}},{"type":"Feature","properties":{},"geometry":{"type":"Polygon","coordinates":[[[128.162,26.607],[128.127,26.552],[128.038,26.534],[127.951,26.456],[127.867,26.442],[127.869,26.381],[127.905,26.328],[127.849,26.319],[127.79,26.255],[127.786,26.209],[127.806,26.171],[127.804,26.153],[127.729,26.097],[127.653,26.095],[127.65,26.154],[127.655,26.199],[127.727,26.308],[127.729,26.434],[127.796,26.449],[127.82,26.466],[127.926,26.556],[127.946,26.594],[127.891,26.631],[127.895,26.675],[127.907,26.694],[127.994,26.679],[128.03,26.647],[128.047,26.643],[128.098,26.668],[128.122,26.711],[128.217,26.797],[128.255,26.882],[128.332,26.812],[128.311,26.721],[128.259,26.653],[128.162,26.607]]]}},{"type":"Feature","properties":{},"geometry":{"type":"Polygon","coordinates":[[[128.956,27.702],[128.9,27.728],[128.883,27.842],[128.908,27.898],[128.952,27.91],[128.99,27.811],[129.016,27.77],[128.998,27.721],[128.956,27.702]]]}},{"type":"Feature","properties":{},"geometry":{"type":"Polygon","coordinates":[[[129.366,28.128],[129.275,28.201],[129.165,28.25],[129.217,28.263],[129.248,28.283],[129.251,28.314],[129.322,28.36],[129.465,28.395],[129.51,28.398],[129.561,28.431],[129.577,28.461],[129.598,28.476],[129.69,28.517],[129.715,28.47],[129.71,28.432],[129.642,28.411],[129.575,28.361],[129.513,28.299],[129.457,28.272],[129.439,28.255],[129.453,28.209],[129.366,28.128]]]}},{"type":"Feature","properties":{},"geometry":{"type":"Polygon","coordinates":[[[129.331,28.082],[129.232,28.101],[129.192,28.192],[129.257,28.176],[129.277,28.145],[129.324,28.105],[129.331,28.082]]]}},{"type":"Feature","properties":{},"geometry":{"type":"Polygon","coordinates":[[[130.508,30.241],[130.446,30.265],[130.388,30.388],[130.497,30.466],[130.644,30.389],[130.673,30.367],[130.623,30.263],[130.508,30.241]]]}},{"type":"Feature","properties":{},"geometry":{"type":"Polygon","coordinates":[[[130.872,30.386],[130.87,30.444],[130.94,30.575],[130.947,30.671],[131.012,30.792],[131.04,30.819],[131.06,30.828],[131.083,30.791],[131.057,30.642],[130.993,30.53],[130.96,30.397],[130.872,30.386]]]}},{"type":"Feature","properties":{},"geometry":{"type":"Polygon","coordinates":[[[128.704,32.757],[128.761,32.772],[128.806,32.776],[128.839,32.763],[128.879,32.693],[128.895,32.652],[128.821,32.646],[128.79,32.637],[128.75,32.586],[128.693,32.605],[128.657,32.628],[128.649,32.662],[128.665,32.784],[128.704,32.757]]]}},{"type":"Feature","properties":{},"geometry":{"type":"Polygon","coordinates":[[[130.004,32.194],[129.993,32.228],[129.96,32.244],[130.017,32.292],[130.015,32.314],[129.979,32.346],[130.021,32.469],[130.01,32.522],[130.168,32.541],[130.197,32.492],[130.2,32.341],[130.083,32.23],[130.004,32.194]]]}},{"type":"Feature","properties":{},"geometry":{"type":"Polygon","coordinates":[[[130.293,32.419],[130.256,32.431],[130.242,32.463],[130.365,32.527],[130.461,32.516],[130.419,32.458],[130.381,32.424],[130.293,32.419]]]}},{"type":"Feature","properties":{},"geometry":{"type":"Polygon","coordinates":[[[139.824,33.045],[139.776,33.078],[139.769,33.107],[139.777,33.125],[139.809,33.129],[139.874,33.094],[139.841,33.056],[139.824,33.045]]]}},{"type":"Feature","properties":{},"geometry":{"type":"Polygon","coordinates":[[[139.446,34.68],[139.392,34.69],[139.367,34.721],[139.37,34.775],[139.426,34.776],[139.456,34.727],[139.446,34.68]]]}},{"type":"Feature","properties":{},"geometry":{"type":"Polygon","coordinates":[[[134.824,34.203],[134.731,34.209],[134.683,34.247],[134.668,34.294],[134.757,34.368],[134.834,34.473],[134.904,34.519],[134.961,34.545],[135.005,34.544],[134.905,34.398],[134.933,34.288],[134.824,34.203]]]}},{"type":"Feature","properties":{},"geometry":{"type":"Polygon","coordinates":[[[129.052,32.829],[129.02,32.92],[128.997,32.952],[129.035,32.969],[129.11,33.133],[129.124,33.068],[129.153,33.003],[129.182,32.993],[129.154,32.946],[129.112,32.929],[129.077,32.84],[129.052,32.829]]]}},{"type":"Feature","properties":{},"geometry":{"type":"Polygon","coordinates":[[[129.421,33.176],[129.37,33.176],[129.417,33.231],[129.423,33.257],[129.462,33.331],[129.538,33.358],[129.57,33.361],[129.508,33.284],[129.492,33.223],[129.421,33.176]]]}},{"type":"Feature","properties":{},"geometry":{"type":"Polygon","coordinates":[[[129.727,33.707],[129.675,33.74],[129.7,33.829],[129.717,33.858],[129.776,33.829],[129.796,33.749],[129.727,33.707]]]}},{"type":"Feature","properties":{},"geometry":{"type":"Polygon","coordinates":[[[129.214,34.083],[129.186,34.145],[129.215,34.321],[129.337,34.285],[129.335,34.231],[129.279,34.123],[129.214,34.083]]]}},{"type":"Feature","properties":{},"geometry":{"type":"Polygon","coordinates":[[[129.365,34.306],[129.297,34.34],[129.267,34.37],[129.329,34.522],[129.322,34.579],[129.326,34.607],[129.451,34.687],[129.472,34.671],[129.48,34.649],[129.469,34.616],[129.475,34.54],[129.381,34.416],[129.386,34.354],[129.365,34.306]]]}},{"type":"Feature","properties":{},"geometry":{"type":"Polygon","coordinates":[[[132.549,34.075],[132.461,34.087],[132.496,34.122],[132.524,34.164],[132.543,34.173],[132.56,34.127],[132.578,34.115],[132.549,34.075]]]}},{"type":"Feature","properties":{},"geometry":{"type":"Polygon","coordinates":[[[132.315,33.909],[132.43,33.924],[132.445,33.913],[132.411,33.88],[132.36,33.847],[132.267,33.871],[132.209,33.873],[132.201,33.928],[132.208,33.948],[132.266,33.945],[132.315,33.909]]]}},{"type":"Feature","properties":{},"geometry":{"type":"Polygon","coordinates":[[[118.451,24.456],[118.433,24.414],[118.295,24.436],[118.287,24.477],[118.339,24.469],[118.407,24.522],[118.451,24.456]]]}},{"type":"Feature","properties":{},"geometry":{"type":"Polygon","coordinates":[[[118.15,24.436],[118.091,24.446],[118.089,24.489],[118.077,24.501],[118.093,24.541],[118.104,24.552],[118.171,24.519],[118.183,24.496],[118.15,24.436]]]}},{"type":"Feature","properties":{},"geometry":{"type":"Polygon","coordinates":[[[128.647,34.737],[128.52,34.82],[128.489,34.865],[128.586,34.932],[128.668,35.009],[128.722,35.014],[128.741,34.799],[128.647,34.737]]]}},{"type":"Feature","properties":{},"geometry":{"type":"Polygon","coordinates":[[[128.055,34.708],[127.984,34.703],[127.942,34.766],[127.897,34.735],[127.873,34.735],[127.838,34.813],[127.832,34.875],[127.915,34.921],[127.966,34.893],[128.038,34.879],[128.066,34.806],[128.055,34.708]]]}},{"type":"Feature","properties":{},"geometry":{"type":"Polygon","coordinates":[[[127.788,34.584],[127.737,34.631],[127.787,34.682],[127.799,34.615],[127.788,34.584]]]}},{"type":"Feature","properties":{},"geometry":{"type":"Polygon","coordinates":[[[126.282,33.202],[126.24,33.215],[126.229,33.225],[126.179,33.283],[126.166,33.312],[126.199,33.368],[126.338,33.46],[126.696,33.549],[126.76,33.553],[126.901,33.515],[126.931,33.444],[126.905,33.382],[126.873,33.341],[126.709,33.272],[126.582,33.238],[126.327,33.224],[126.282,33.202]]]}},{"type":"Feature","properties":{},"geometry":{"type":"Polygon","coordinates":[[[126.17,34.355],[126.134,34.39],[126.109,34.399],[126.123,34.444],[126.227,34.533],[126.247,34.563],[126.344,34.545],[126.38,34.498],[126.335,34.426],[126.234,34.371],[126.17,34.355]]]}},{"type":"Feature","properties":{},"geometry":{"type":"Polygon","coordinates":[[[121.78,31.464],[121.52,31.55],[121.336,31.644],[121.227,31.758],[121.211,31.805],[121.339,31.797],[121.464,31.756],[121.492,31.694],[121.542,31.674],[121.577,31.637],[121.808,31.552],[121.844,31.526],[121.863,31.492],[121.78,31.464]]]}},{"type":"Feature","properties":{},"geometry":{"type":"Polygon","coordinates":[[[122.282,29.944],[122.158,30.001],[122.024,30.013],[121.978,30.064],[121.969,30.143],[122.111,30.14],[122.284,30.068],[122.322,30.031],[122.296,29.963],[122.282,29.944]]]}},{"type":"Feature","properties":{},"geometry":{"type":"Polygon","coordinates":[[[122.169,29.66],[122.084,29.725],[122.043,29.736],[122.062,29.773],[122.12,29.782],[122.165,29.701],[122.173,29.679],[122.169,29.66]]]}},{"type":"Feature","properties":{},"geometry":{"type":"Polygon","coordinates":[[[122.394,29.846],[122.368,29.853],[122.332,29.935],[122.351,29.955],[122.402,29.95],[122.404,29.892],[122.394,29.846]]]}},{"type":"Feature","properties":{},"geometry":{"type":"Polygon","coordinates":[[[119.747,25.411],[119.7,25.433],[119.699,25.495],[119.723,25.551],[119.696,25.591],[119.723,25.639],[119.778,25.653],[119.797,25.623],[119.829,25.607],[119.838,25.591],[119.839,25.56],[119.809,25.508],[119.832,25.48],[119.821,25.457],[119.747,25.411]]]}},{"type":"Feature","properties":{},"geometry":{"type":"Polygon","coordinates":[[[110.422,21.059],[110.522,21.083],[110.54,21.039],[110.539,21.018],[110.504,20.968],[110.422,21.007],[110.34,20.998],[110.281,21.001],[110.265,21.025],[110.31,21.075],[110.385,21.093],[110.422,21.059]]]}},{"type":"Feature","properties":{},"geometry":{"type":"Polygon","coordinates":[[[107.459,21.092],[107.404,21.094],[107.453,21.235],[107.476,21.269],[107.563,21.22],[107.603,21.217],[107.459,21.092]]]}},{"type":"Feature","properties":{},"geometry":{"type":"Polygon","coordinates":[[[107.466,20.901],[107.399,20.903],[107.479,20.952],[107.519,21.013],[107.551,21.034],[107.551,20.981],[107.521,20.927],[107.466,20.901]]]}},{"type":"Feature","properties":{},"geometry":{"type":"Polygon","coordinates":[[[106.99,20.743],[106.911,20.824],[106.953,20.867],[107.044,20.837],[107.064,20.817],[107.064,20.8],[107.042,20.761],[107.031,20.747],[106.99,20.743]]]}},{"type":"Feature","properties":{},"geometry":{"type":"Polygon","coordinates":[[[106.854,20.796],[106.803,20.844],[106.769,20.864],[106.795,20.928],[106.855,20.858],[106.866,20.816],[106.854,20.796]]]}},{"type":"Feature","properties":{},"geometry":{"type":"Polygon","coordinates":[[[106.589,8.681],[106.568,8.701],[106.659,8.766],[106.65,8.723],[106.653,8.701],[106.617,8.683],[106.589,8.681]]]}},{"type":"Feature","properties":{},"geometry":{"type":"Polygon","coordinates":[[[104.083,10.341],[104.076,10.225],[104.037,10.111],[104.048,10.061],[104.018,10.029],[103.952,10.243],[103.868,10.335],[103.85,10.371],[103.898,10.369],[103.986,10.427],[104.028,10.428],[104.064,10.391],[104.083,10.341]]]}},{"type":"Feature","properties":{},"geometry":{"type":"Polygon","coordinates":[[[103.027,11.275],[103.011,11.276],[102.993,11.29],[102.995,11.348],[103.008,11.383],[103.037,11.39],[103.045,11.285],[103.027,11.275]]]}},{"type":"Feature","properties":{},"geometry":{"type":"Polygon","coordinates":[[[102.59,11.572],[102.533,11.615],[102.546,11.668],[102.569,11.692],[102.606,11.677],[102.59,11.572]]]}},{"type":"Feature","properties":{},"geometry":{"type":"Polygon","coordinates":[[[102.43,11.965],[102.378,11.983],[102.36,11.974],[102.302,11.981],[102.273,12.119],[102.277,12.152],[102.319,12.142],[102.378,12.073],[102.408,12.025],[102.427,11.989],[102.43,11.965]]]}},{"type":"Feature","properties":{},"geometry":{"type":"Polygon","coordinates":[[[103.82,1.265],[103.65,1.326],[103.705,1.423],[103.818,1.447],[103.909,1.416],[103.961,1.392],[103.996,1.365],[103.97,1.331],[103.82,1.265]]]}},{"type":"Feature","properties":{},"geometry":{"type":"Polygon","coordinates":[[[104.173,2.721],[104.147,2.728],[104.129,2.767],[104.17,2.857],[104.185,2.872],[104.223,2.774],[104.222,2.732],[104.173,2.721]]]}},{"type":"Feature","properties":{},"geometry":{"type":"Polygon","coordinates":[[[100.264,5.267],[100.191,5.283],[100.204,5.447],[100.246,5.468],[100.31,5.438],[100.339,5.41],[100.289,5.295],[100.264,5.267]]]}},{"type":"Feature","properties":{},"geometry":{"type":"Polygon","coordinates":[[[100.064,9.68],[100.026,9.712],[100.0,9.745],[100.0,9.793],[100.043,9.792],[100.073,9.749],[100.074,9.697],[100.064,9.68]]]}},{"type":"Feature","properties":{},"geometry":{"type":"Polygon","coordinates":[[[100.075,9.529],[100.054,9.461],[100.0,9.438],[100.0,9.579],[100.043,9.577],[100.071,9.586],[100.075,9.529]]]}},{"type":"Feature","properties":{},"geometry":{"type":"Polygon","coordinates":[[[204.374,18.964],[204.319,18.968],[204.119,19.071],[204.094,19.126],[204.109,19.383],[204.034,19.591],[203.951,19.75],[204.012,19.832],[204.091,19.895],[204.18,20.014],[204.107,20.167],[204.126,20.26],[204.168,20.276],[204.378,20.163],[204.801,19.994],[204.914,19.876],[204.934,19.748],[205.011,19.732],[205.047,19.645],[205.159,19.568],[205.196,19.524],[205.15,19.454],[204.947,19.319],[204.69,19.26],[204.465,19.109],[204.419,19.012],[204.374,18.964]]]}},{"type":"Feature","properties":{},"geometry":{"type":"Polygon","coordinates":[[[202.998,21.188],[203.048,21.2],[203.083,21.177],[203.258,21.164],[203.288,21.155],[203.252,21.104],[203.14,21.056],[202.979,21.098],[202.71,21.113],[202.721,21.152],[202.746,21.181],[202.75,21.23],[202.786,21.215],[202.998,21.188]]]}},{"type":"Feature","properties":{},"geometry":{"type":"Polygon","coordinates":[[[203.539,20.915],[203.646,20.941],[203.722,20.951],[203.852,20.885],[203.896,20.84],[203.981,20.792],[204.01,20.757],[203.986,20.715],[203.893,20.645],[203.765,20.629],[203.69,20.599],[203.591,20.605],[203.562,20.618],[203.551,20.706],[203.52,20.801],[203.456,20.79],[203.385,20.822],[203.31,20.901],[203.302,20.949],[203.343,21.025],[203.415,21.034],[203.468,20.993],[203.513,20.933],[203.539,20.915]]]}},{"type":"Feature","properties":{},"geometry":{"type":"Polygon","coordinates":[[[199.8,21.797],[199.765,21.804],[199.757,21.843],[199.779,21.897],[199.836,21.944],[199.899,22.015],[199.951,22.005],[199.923,21.958],[199.92,21.907],[199.847,21.879],[199.82,21.841],[199.8,21.797]]]}},{"type":"Feature","properties":{},"geometry":{"type":"Polygon","coordinates":[[[202.235,21.451],[202.279,21.458],[202.294,21.378],[202.346,21.334],[202.365,21.308],[202.309,21.28],[202.201,21.269],[202.151,21.291],[202.098,21.341],[202.042,21.327],[202.032,21.367],[202.022,21.379],[201.983,21.368],[202.019,21.316],[201.921,21.312],[201.89,21.319],[201.862,21.377],[201.761,21.489],[201.761,21.533],[201.727,21.585],[201.877,21.6],[201.98,21.692],[202.037,21.701],[202.148,21.553],[202.146,21.512],[202.17,21.471],[202.201,21.457],[202.235,21.451]]]}},{"type":"Feature","properties":{},"geometry":{"type":"Polygon","coordinates":[[[200.539,21.876],[200.488,21.9],[200.391,21.91],[200.354,21.952],[200.252,21.99],[200.211,22.042],[200.273,22.14],[200.421,22.223],[200.648,22.22],[200.695,22.154],[200.699,22.105],[200.67,22.051],[200.656,21.974],[200.627,21.932],[200.539,21.876]]]}},{"type":"Feature","properties":{},"geometry":{"type":"Polygon","coordinates":[[[203.091,20.744],[203.027,20.758],[203.012,20.826],[202.949,20.912],[203.058,20.93],[203.119,20.905],[203.152,20.878],[203.191,20.831],[203.15,20.773],[203.091,20.744]]]}},{"type":"Feature","properties":{},"geometry":{"type":"Polygon","coordinates":[[[241.591,32.819],[241.527,32.839],[241.471,32.936],[241.41,33.011],[241.443,33.033],[241.493,32.96],[241.617,32.849],[241.65,32.828],[241.591,32.819]]]}},{"type":"Feature","properties":{},"geometry":{"type":"Polygon","coordinates":[[[241.715,28.904],[241.6,29.112],[241.599,29.163],[241.632,29.188],[241.688,29.183],[241.688,29.131],[241.734,29.086],[241.753,29.043],[241.757,28.942],[241.715,28.904]]]}},{"type":"Feature","properties":{},"geometry":{"type":"Polygon","coordinates":[[[239.886,33.905],[239.833,33.918],[239.748,34.014],[239.928,34.027],[240.006,33.985],[240.016,33.973],[239.956,33.919],[239.886,33.905]]]}},{"type":"Feature","properties":{},"geometry":{"type":"Polygon","coordinates":[[[240.321,34.028],[240.431,34.053],[240.451,34.028],[240.438,34.007],[240.19,33.968],[240.115,33.995],[240.108,34.032],[240.082,34.068],[240.118,34.08],[240.321,34.028]]]}},{"type":"Feature","properties":{},"geometry":{"type":"Polygon","coordinates":[[[241.703,33.312],[241.63,33.321],[241.554,33.317],[241.531,33.357],[241.508,33.413],[241.493,33.427],[241.441,33.432],[241.437,33.437],[241.431,33.464],[241.445,33.477],[241.608,33.415],[241.652,33.386],[241.703,33.312]]]}},{"type":"Feature","properties":{},"geometry":{"type":"Polygon","coordinates":[[[295.18,32.26],[295.155,32.262],[295.137,32.274],[295.229,32.308],[295.305,32.387],[295.332,32.382],[295.27,32.293],[295.18,32.26]]]}},{"type":"Feature","properties":{},"geometry":{"type":"Polygon","coordinates":[[[284.036,35.119],[284.016,35.123],[284.135,35.174],[284.218,35.19],[284.036,35.119]]]}},{"type":"Feature","properties":{},"geometry":{"type":"Polygon","coordinates":[[[284.349,35.836],[284.283,35.946],[284.351,35.91],[284.363,35.881],[284.364,35.856],[284.349,35.836]]]}},{"type":"Feature","properties":{},"geometry":{"type":"Polygon","coordinates":[[[284.322,35.213],[284.31,35.222],[284.464,35.279],[284.512,35.479],[284.519,35.572],[284.496,35.735],[284.496,35.769],[284.521,35.717],[284.544,35.564],[284.535,35.449],[284.491,35.28],[284.456,35.24],[284.322,35.213]]]}},{"type":"Feature","properties":{},"geometry":{"type":"Polygon","coordinates":[[[283.471,34.631],[283.563,34.756],[283.744,34.915],[283.793,34.939],[283.642,34.804],[283.496,34.643],[283.471,34.631]]]}},{"type":"Feature","properties":{},"geometry":{"type":"Polygon","coordinates":[[[263.199,28.148],[263.244,28.202],[263.318,28.23],[263.481,28.333],[263.547,28.341],[263.581,28.376],[263.596,28.382],[263.587,28.338],[263.456,28.276],[263.236,28.153],[263.199,28.148]]]}},{"type":"Feature","properties":{},"geometry":{"type":"Polygon","coordinates":[[[262.615,27.243],[262.624,27.328],[262.705,27.523],[262.87,27.779],[262.939,27.822],[262.749,27.541],[262.646,27.3],[262.615,27.243]]]}},{"type":"Feature","properties":{},"geometry":{"type":"Polygon","coordinates":[[[264.91,29.136],[265.128,29.29],[265.174,29.341],[265.232,29.339],[265.135,29.253],[264.96,29.146],[264.91,29.136]]]}},{"type":"Feature","properties":{},"geometry":{"type":"Polygon","coordinates":[[[262.815,26.113],[262.733,26.33],[262.598,26.821],[262.593,27.1],[262.614,27.196],[262.649,26.801],[262.798,26.3],[262.829,26.159],[262.815,26.113]]]}},{"type":"Feature","properties":{},"geometry":{"type":"Polygon","coordinates":[[[274.992,29.607],[274.883,29.633],[274.951,29.638],[274.999,29.627],[275.123,29.679],[275.188,29.718],[275.263,29.732],[275.092,29.643],[274.992,29.607]]]}},{"type":"Feature","properties":{},"geometry":{"type":"Polygon","coordinates":[[[278.537,30.728],[278.517,30.814],[278.515,30.898],[278.549,30.947],[278.581,30.971],[278.537,30.728]]]}},{"type":"Feature","properties":{},"geometry":{"type":"Polygon","coordinates":[[[270.78,30.038],[270.731,30.061],[270.658,30.063],[270.69,30.079],[270.712,30.094],[270.724,30.111],[270.815,30.169],[270.789,30.126],[270.776,30.084],[270.78,30.038]]]}},{"type":"Feature","properties":{},"geometry":{"type":"Polygon","coordinates":[[[268.169,29.486],[268.004,29.573],[267.993,29.61],[268.075,29.644],[268.125,29.641],[268.204,29.597],[268.232,29.585],[268.246,29.567],[268.238,29.539],[268.206,29.501],[268.169,29.486]]]}},{"type":"Feature","properties":{},"geometry":{"type":"Polygon","coordinates":[[[271.144,29.776],[271.172,29.928],[271.133,30.057],[271.174,30.0],[271.187,29.933],[271.173,29.808],[271.144,29.776]]]}},{"type":"Feature","properties":{},"geometry":{"type":"Polygon","coordinates":[[[282.344,24.227],[282.245,24.163],[282.317,24.118],[282.385,24.216],[282.438,24.137],[282.468,23.988],[282.463,23.962],[282.468,23.939],[282.479,23.911],[282.481,23.869],[282.426,23.739],[282.229,23.753],[282.224,23.862],[282.194,23.884],[282.148,24.04],[282.086,24.091],[282.0,24.22],[282.05,24.253],[282.116,24.242],[282.15,24.258],[282.243,24.27],[282.299,24.288],[282.342,24.249],[282.344,24.227]]]}},{"type":"Feature","properties":{},"geometry":{"type":"Polygon","coordinates":[[[282.29,21.921],[282.245,21.966],[282.216,21.97],[282.177,21.988],[282.1,22.037],[282.081,22.088],[282.145,22.092],[282.226,22.083],[282.366,22.054],[282.354,21.996],[282.331,21.952],[282.29,21.921]]]}},{"type":"Feature","properties":{},"geometry":{"type":"Polygon","coordinates":[[[281.952,22.269],[281.898,22.306],[281.82,22.322],[281.774,22.38],[281.73,22.402],[281.726,22.424],[281.799,22.438],[281.849,22.431],[281.906,22.387],[281.938,22.306],[281.973,22.285],[281.952,22.269]]]}},{"type":"Feature","properties":{},"geometry":{"type":"Polygon","coordinates":[[[281.507,22.531],[281.555,22.544],[281.6,22.547],[281.649,22.539],[281.716,22.455],[281.657,22.445],[281.61,22.445],[281.575,22.46],[281.452,22.464],[281.371,22.488],[281.326,22.509],[281.304,22.534],[281.37,22.552],[281.507,22.531]]]}},{"type":"Feature","properties":{},"geometry":{"type":"Polygon","coordinates":[[[282.754,25.895],[282.667,25.996],[282.597,26.025],[282.706,26.096],[282.753,26.156],[282.752,26.289],[282.779,26.362],[282.77,26.425],[282.794,26.489],[282.761,26.561],[282.67,26.618],[282.489,26.846],[282.204,26.901],[282.056,26.904],[282.137,26.94],[282.212,26.936],[282.328,26.914],[282.466,26.903],[282.551,26.836],[282.631,26.748],[282.704,26.712],[282.734,26.689],[282.731,26.663],[282.743,26.639],[282.838,26.597],[282.934,26.53],[282.962,26.333],[282.833,26.24],[282.809,25.955],[282.774,25.904],[282.754,25.895]]]}},{"type":"Feature","properties":{},"geometry":{"type":"Polygon","coordinates":[[[285.965,22.706],[285.901,22.665],[285.758,22.715],[285.725,22.712],[285.697,22.764],[285.686,22.804],[285.693,22.84],[285.779,22.812],[285.825,22.76],[285.942,22.723],[285.965,22.706]]]}},{"type":"Feature","properties":{},"geometry":{"type":"Polygon","coordinates":[[[285.491,23.96],[285.449,23.969],[285.473,24.105],[285.528,24.127],[285.55,24.125],[285.571,24.068],[285.491,23.96]]]}},{"type":"Feature","properties":{},"geometry":{"type":"Polygon","coordinates":[[[286.941,21.119],[286.835,20.979],[286.599,20.944],[286.339,20.937],[286.319,20.976],[286.313,21.009],[286.332,21.062],[286.33,21.082],[286.32,21.103],[286.415,21.126],[286.477,21.191],[286.575,21.202],[286.698,21.156],[286.765,21.154],[286.863,21.205],[286.942,21.313],[286.988,21.3],[286.973,21.192],[286.941,21.119]]]}},{"type":"Feature","properties":{},"geometry":{"type":"Polygon","coordinates":[[[285.723,22.184],[285.739,22.236],[285.873,22.323],[285.948,22.401],[285.99,22.428],[286.005,22.449],[286.064,22.478],[286.094,22.527],[286.085,22.568],[286.024,22.635],[286.025,22.682],[286.046,22.716],[286.15,22.731],[286.123,22.681],[286.163,22.538],[286.025,22.361],[285.907,22.306],[285.793,22.214],[285.723,22.184]]]}},{"type":"Feature","properties":{},"geometry":{"type":"Polygon","coordinates":[[[283.516,25.375],[283.656,25.332],[283.808,25.191],[283.873,25.141],[283.885,25.095],[283.859,24.886],[283.825,24.76],[283.83,24.649],[283.795,24.682],[283.759,24.754],[283.7,24.796],[283.68,24.818],[283.786,24.822],[283.796,24.936],[283.847,25.026],[283.84,25.119],[283.716,25.222],[283.631,25.313],[283.5,25.342],[283.379,25.432],[283.307,25.443],[283.219,25.427],[283.251,25.481],[283.273,25.552],[283.289,25.565],[283.351,25.487],[283.516,25.375]]]}},{"type":"Feature","properties":{},"geometry":{"type":"Polygon","coordinates":[[[284.294,23.444],[284.219,23.471],[284.044,23.592],[283.963,23.603],[283.99,23.671],[284.051,23.647],[284.192,23.543],[284.246,23.49],[284.335,23.45],[284.294,23.444]]]}},{"type":"Feature","properties":{},"geometry":{"type":"Polygon","coordinates":[[[285.153,22.869],[285.027,23.069],[284.868,23.117],[284.777,23.165],[284.796,23.193],[284.859,23.205],[284.869,23.268],[284.842,23.336],[284.759,23.475],[284.712,23.568],[284.69,23.59],[284.684,23.668],[284.783,23.547],[284.825,23.439],[284.891,23.333],[284.936,23.15],[285.063,23.088],[285.154,23.0],[285.16,22.894],[285.153,22.869]]]}},{"type":"Feature","properties":{},"geometry":{"type":"Polygon","coordinates":[[[284.698,24.149],[284.631,24.159],[284.532,24.14],[284.497,24.139],[284.519,24.174],[284.588,24.221],[284.591,24.266],[284.506,24.33],[284.407,24.491],[284.361,24.529],[284.339,24.59],[284.256,24.655],[284.273,24.689],[284.29,24.698],[284.346,24.681],[284.474,24.45],[284.482,24.427],[284.692,24.2],[284.698,24.149]]]}},{"type":"Feature","properties":{},"geometry":{"type":"Polygon","coordinates":[[[282.088,22.125],[281.988,22.166],[281.958,22.201],[281.993,22.248],[282.001,22.299],[282.014,22.302],[282.03,22.241],[282.106,22.215],[282.111,22.201],[282.158,22.149],[282.121,22.128],[282.088,22.125]]]}},{"type":"Feature","properties":{},"geometry":{"type":"Polygon","coordinates":[[[277.927,26.428],[277.855,26.447],[277.816,26.481],[277.799,26.548],[277.861,26.477],[277.884,26.461],[277.963,26.454],[277.927,26.428]]]}},{"type":"Feature","properties":{},"geometry":{"type":"Polygon","coordinates":[[[282.254,24.586],[282.265,24.496],[282.255,24.463],[282.147,24.403],[282.119,24.369],[282.017,24.335],[281.955,24.287],[281.924,24.365],[281.864,24.412],[281.854,24.493],[281.808,24.466],[281.742,24.483],[281.633,24.544],[281.565,24.628],[281.661,24.642],[281.681,24.59],[281.757,24.654],[281.74,24.687],[281.726,24.692],[281.701,24.754],[281.816,24.917],[281.841,25.022],[281.789,25.191],[281.837,25.202],[281.967,25.143],[282.025,25.085],[282.027,25.005],[282.081,24.943],[282.16,24.794],[282.256,24.707],[282.254,24.586]]]}},{"type":"Feature","properties":{},"geometry":{"type":"Polygon","coordinates":[[[278.369,24.59],[278.421,24.629],[278.438,24.689],[278.468,24.642],[278.468,24.614],[278.433,24.6],[278.369,24.59]]]}},{"type":"Feature","properties":{},"geometry":{"type":"Polygon","coordinates":[[[279.829,27.205],[279.738,27.376],[279.624,27.643],[279.563,27.851],[279.604,27.795],[279.644,27.679],[279.813,27.278],[279.829,27.205]]]}},{"type":"Feature","properties":{},"geometry":{"type":"Polygon","coordinates":[[[277.345,21.519],[277.147,21.444],[277.04,21.441],[276.933,21.469],[276.858,21.532],[276.816,21.593],[276.82,21.623],[276.887,21.574],[276.945,21.549],[276.993,21.566],[277.026,21.592],[276.917,21.791],[276.922,21.833],[277.009,21.943],[277.244,21.91],[277.285,21.89],[277.318,21.821],[277.371,21.767],[277.432,21.622],[277.438,21.572],[277.345,21.519]]]}},{"type":"Feature","properties":{},"geometry":{"type":"Polygon","coordinates":[[[277.915,26.494],[277.864,26.592],[277.831,26.701],[277.879,26.666],[277.916,26.552],[277.915,26.494]]]}},{"type":"Feature","properties":{},"geometry":{"type":"Polygon","coordinates":[[[280.652,22.638],[280.477,22.711],[280.402,22.788],[280.372,22.805],[280.421,22.807],[280.618,22.681],[280.65,22.664],[280.652,22.638]]]}},{"type":"Feature","properties":{},"geometry":{"type":"Polygon","coordinates":[[[281.628,26.698],[281.693,26.702],[281.732,26.723],[281.911,26.714],[282.056,26.744],[282.078,26.691],[282.074,26.663],[281.766,26.637],[281.484,26.559],[281.329,26.507],[281.256,26.501],[281.201,26.528],[281.014,26.69],[281.064,26.673],[281.202,26.582],[281.288,26.599],[281.367,26.659],[281.379,26.705],[281.367,26.726],[281.403,26.798],[281.507,26.729],[281.628,26.698]]]}},{"type":"Feature","properties":{},"geometry":{"type":"Polygon","coordinates":[[[279.419,24.954],[279.441,25.001],[279.519,25.102],[279.544,25.149],[279.596,25.179],[279.645,25.234],[279.649,25.297],[279.72,25.341],[279.743,25.348],[279.618,25.142],[279.419,24.954]]]}},{"type":"Feature","properties":{},"geometry":{"type":"Polygon","coordinates":[[[272.002,17.906],[272.041,17.964],[272.047,18.001],[272.102,18.155],[272.141,18.154],[272.151,18.14],[272.049,17.925],[272.002,17.906]]]}},{"type":"Feature","properties":{},"geometry":{"type":"Polygon","coordinates":[[[272.07,17.283],[272.065,17.323],[272.097,17.426],[272.141,17.463],[272.167,17.501],[272.174,17.546],[272.211,17.524],[272.202,17.48],[272.147,17.423],[272.07,17.283]]]}},{"type":"Feature","properties":{},"geometry":{"type":"Polygon","coordinates":[[[268.204,18.654],[268.184,18.676],[268.411,18.778],[268.45,18.774],[268.463,18.76],[268.346,18.711],[268.316,18.677],[268.204,18.654]]]}},{"type":"Feature","properties":{},"geometry":{"type":"Polygon","coordinates":[[[277.756,9.334],[277.678,9.418],[277.724,9.432],[277.741,9.43],[277.767,9.381],[277.756,9.334]]]}},{"type":"Feature","properties":{},"geometry":{"type":"Polygon","coordinates":[[[278.663,19.329],[278.704,19.341],[278.715,19.363],[278.87,19.347],[278.893,19.305],[278.775,19.304],[278.723,19.277],[278.696,19.272],[278.595,19.278],[278.581,19.375],[278.609,19.385],[278.63,19.349],[278.663,19.329]]]}},{"type":"Feature","properties":{},"geometry":{"type":"Polygon","coordinates":[[[273.009,20.272],[272.981,20.382],[273.022,20.49],[273.072,20.552],[273.171,20.559],[273.237,20.579],[273.245,20.552],[273.191,20.468],[273.06,20.303],[273.009,20.272]]]}},{"type":"Feature","properties":{},"geometry":{"type":"Polygon","coordinates":[[[297.344,17.224],[297.298,17.286],[297.224,17.303],[297.161,17.339],[297.16,17.347],[297.161,17.365],[297.173,17.386],[297.205,17.403],[297.286,17.353],[297.324,17.291],[297.359,17.262],[297.369,17.24],[297.344,17.224]]]}},{"type":"Feature","properties":{},"geometry":{"type":"Polygon","coordinates":[[[299.049,13.718],[298.939,13.783],[298.927,13.866],[298.936,13.916],[299.003,14.011],[299.055,14.073],[299.092,14.093],[299.113,14.011],[299.105,13.822],[299.049,13.718]]]}},{"type":"Feature","properties":{},"geometry":{"type":"Polygon","coordinates":[[[299.163,14.437],[299.138,14.426],[299.101,14.474],[298.936,14.467],[298.911,14.51],[298.91,14.53],[298.989,14.602],[298.896,14.621],[298.859,14.652],[298.78,14.804],[298.787,14.849],[298.819,14.872],[298.873,14.875],[298.973,14.826],[299.047,14.756],[299.073,14.755],[299.081,14.735],[299.066,14.686],[299.111,14.645],[299.13,14.614],[299.174,14.494],[299.163,14.437]]]}},{"type":"Feature","properties":{},"geometry":{"type":"Polygon","coordinates":[[[298.826,10.078],[298.403,10.065],[298.228,10.085],[298.094,10.069],[298.339,10.192],[298.367,10.243],[298.471,10.253],[298.501,10.269],[298.535,10.539],[298.522,10.603],[298.501,10.639],[298.459,10.664],[298.365,10.699],[298.349,10.718],[298.408,10.748],[298.535,10.764],[298.63,10.797],[298.826,10.803],[298.921,10.832],[299.082,10.84],[299.003,10.716],[298.966,10.67],[298.981,10.558],[298.962,10.482],[298.984,10.386],[299.032,10.323],[299.0,10.261],[298.996,10.168],[298.988,10.134],[298.826,10.078]]]}},{"type":"Feature","properties":{},"geometry":{"type":"Polygon","coordinates":[[[291.746,12.032],[291.718,12.082],[291.713,12.172],[291.693,12.207],[291.652,12.228],[291.629,12.258],[291.631,12.302],[291.781,12.231],[291.794,12.145],[291.746,12.032]]]}},{"type":"Feature","properties":{},"geometry":{"type":"Polygon","coordinates":[[[299.189,11.169],[299.196,11.208],[299.291,11.277],[299.437,11.324],[299.475,11.325],[299.454,11.264],[299.244,11.179],[299.189,11.169]]]}},{"type":"Feature","properties":{},"geometry":{"type":"Polygon","coordinates":[[[297.846,16.681],[297.778,16.7],[297.777,16.752],[297.809,16.804],[297.824,16.81],[297.852,16.74],[297.846,16.681]]]}},{"type":"Feature","properties":{},"geometry":{"type":"Polygon","coordinates":[[[296.183,11.0],[296.173,10.976],[296.082,10.888],[296.006,10.881],[295.945,10.884],[295.899,10.901],[295.839,10.959],[295.781,10.942],[295.637,10.962],[295.598,10.982],[295.651,11.052],[295.75,11.08],[295.786,11.086],[295.815,11.043],[295.887,11.006],[295.972,11.002],[295.993,11.068],[296.107,11.167],[296.151,11.131],[296.183,11.0]]]}},{"type":"Feature","properties":{},"geometry":{"type":"Polygon","coordinates":[[[296.84,18.171],[296.847,18.2],[296.974,18.27],[297.02,18.265],[296.999,18.222],[296.84,18.171]]]}},{"type":"Feature","properties":{},"geometry":{"type":"Polygon","coordinates":[[[298.218,12.008],[298.244,12.046],[298.25,12.109],[298.285,12.185],[298.34,12.237],[298.393,12.223],[298.373,12.054],[298.285,12.013],[298.218,12.008]]]}},{"type":"Feature","properties":{},"geometry":{"type":"Polygon","coordinates":[[[298.238,17.549],[298.156,17.596],[298.131,17.685],[298.134,17.704],[298.148,17.714],[298.18,17.697],[298.223,17.69],[298.25,17.661],[298.253,17.575],[298.238,17.549]]]}},{"type":"Feature","properties":{},"geometry":{"type":"Polygon","coordinates":[[[298.714,15.886],[298.689,15.895],[298.682,15.955],[298.725,15.996],[298.75,16.006],[298.788,15.96],[298.797,15.921],[298.77,15.89],[298.714,15.886]]]}},{"type":"Feature","properties":{},"geometry":{"type":"Polygon","coordinates":[[[298.252,16.997],[298.14,17.013],[298.118,17.063],[298.113,17.098],[298.183,17.169],[298.261,17.138],[298.292,17.105],[298.314,17.098],[298.314,17.07],[298.305,17.049],[298.284,17.037],[298.252,16.997]]]}},{"type":"Feature","properties":{},"geometry":{"type":"Polygon","coordinates":[[[298.625,15.227],[298.584,15.4],[298.519,15.525],[298.53,15.603],[298.542,15.633],[298.68,15.585],[298.723,15.527],[298.749,15.373],[298.718,15.249],[298.625,15.227]]]}},{"type":"Feature","properties":{},"geometry":{"type":"Polygon","coordinates":[[[298.555,16.219],[298.478,16.228],[298.46,16.3],[298.499,16.36],[298.471,16.434],[298.489,16.478],[298.529,16.507],[298.594,16.468],[298.604,16.413],[298.645,16.363],[298.827,16.256],[298.673,16.23],[298.555,16.219]]]}},{"type":"Feature","properties":{},"geometry":{"type":"Polygon","coordinates":[[[298.33,15.962],[298.29,15.976],[298.241,16.062],[298.206,16.301],[298.233,16.34],[298.252,16.355],[298.358,16.326],[298.403,16.292],[298.448,16.271],[298.425,16.227],[298.436,16.048],[298.41,16.007],[298.33,15.962]]]}},{"type":"Feature","properties":{},"geometry":{"type":"Polygon","coordinates":[[[298.796,13.142],[298.723,13.21],[298.732,13.288],[298.776,13.331],[298.818,13.356],[298.861,13.359],[298.876,13.294],[298.865,13.203],[298.825,13.158],[298.796,13.142]]]}},{"type":"Feature","properties":{},"geometry":{"type":"Polygon","coordinates":[[[287.021,22.415],[287.055,22.416],[287.169,22.386],[287.237,22.344],[287.253,22.327],[287.216,22.291],[287.111,22.36],[287.019,22.369],[286.89,22.368],[286.838,22.381],[286.873,22.455],[286.959,22.429],[287.021,22.415]]]}},{"type":"Feature","properties":{},"geometry":{"type":"Polygon","coordinates":[[[291.197,12.045],[291.005,12.142],[290.846,12.298],[290.841,12.38],[290.882,12.373],[290.923,12.342],[290.987,12.231],[291.173,12.159],[291.249,12.06],[291.197,12.045]]]}},{"type":"Feature","properties":{},"geometry":{"type":"Polygon","coordinates":[[[288.335,21.752],[288.278,21.79],[288.17,21.791],[288.152,21.843],[288.194,21.852],[288.332,21.833],[288.363,21.788],[288.339,21.765],[288.335,21.752]]]}},{"type":"Feature","properties":{},"geometry":{"type":"Polygon","coordinates":[[[286.951,21.458],[286.937,21.515],[287.005,21.562],[287.084,21.507],[286.951,21.458]]]}},{"type":"Feature","properties":{},"geometry":{"type":"Polygon","coordinates":[[[288.103,21.83],[288.045,21.864],[288.036,21.892],[288.015,21.893],[287.981,21.918],[287.989,21.95],[288.068,21.952],[288.1,21.863],[288.12,21.84],[288.103,21.83]]]}},{"type":"Feature","properties":{},"geometry":{"type":"Polygon","coordinates":[[[287.781,21.796],[287.85,21.804],[287.856,21.793],[287.818,21.78],[287.809,21.77],[287.699,21.755],[287.665,21.758],[287.658,21.795],[287.667,21.851],[287.781,21.796]]]}},{"type":"Feature","properties":{},"geometry":{"type":"Polygon","coordinates":[[[298.94,8.847],[298.931,8.947],[298.95,8.974],[299.055,9.055],[299.084,9.07],[299.105,9.053],[299.1,9.032],[299.151,8.996],[299.139,8.95],[299.084,8.899],[299.002,8.867],[298.94,8.847]]]}},{"type":"Feature","properties":{},"geometry":{"type":"Polygon","coordinates":[[[279.849,-3.012],[279.754,-3.008],[279.727,-2.996],[279.728,-2.952],[279.75,-2.812],[279.776,-2.753],[279.854,-2.696],[279.919,-2.669],[280.003,-2.674],[280.091,-2.726],[279.987,-2.82],[279.929,-2.834],[279.907,-2.846],[279.868,-2.973],[279.849,-3.012]]]}},{"type":"Feature","properties":{},"geometry":{"type":"Polygon","coordinates":[[[280.89,8.21],[280.872,8.252],[280.904,8.295],[280.915,8.296],[280.935,8.254],[280.89,8.21]]]}},{"type":"Feature","properties":{},"geometry":{"type":"Polygon","coordinates":[[[281.034,1.245],[281.008,1.293],[281.077,1.349],[281.1,1.36],[281.091,1.253],[281.034,1.245]]]}},{"type":"Feature","properties":{},"geometry":{"type":"Polygon","coordinates":[[[281.859,2.52],[281.808,2.559],[281.79,2.609],[281.822,2.646],[281.862,2.634],[281.881,2.604],[281.886,2.542],[281.859,2.52]]]}},{"type":"Feature","properties":{},"geometry":{"type":"Polygon","coordinates":[[[299.059,9.106],[299.061,9.132],[299.093,9.179],[299.155,9.192],[299.179,9.208],[299.218,9.218],[299.241,9.216],[299.264,9.203],[299.21,9.177],[299.179,9.138],[299.059,9.106]]]}},{"type":"Feature","properties":{},"geometry":{"type":"Polygon","coordinates":[[[269.613,-0.773],[269.458,-0.676],[269.468,-0.581],[269.53,-0.517],[269.731,-0.485],[269.815,-0.545],[269.807,-0.659],[269.739,-0.742],[269.685,-0.757],[269.665,-0.772],[269.613,-0.773]]]}},{"type":"Feature","properties":{},"geometry":{"type":"Polygon","coordinates":[[[270.463,-0.952],[270.423,-0.934],[270.397,-0.913],[270.391,-0.889],[270.457,-0.827],[270.52,-0.793],[270.577,-0.722],[270.682,-0.68],[270.712,-0.69],[270.733,-0.705],[270.741,-0.728],[270.705,-0.786],[270.642,-0.826],[270.581,-0.911],[270.463,-0.952]]]}},{"type":"Feature","properties":{},"geometry":{"type":"Polygon","coordinates":[[[278.342,7.328],[278.23,7.37],[278.148,7.453],[278.141,7.48],[278.143,7.508],[278.188,7.592],[278.248,7.622],[278.271,7.621],[278.329,7.523],[278.29,7.486],[278.305,7.425],[278.387,7.38],[278.397,7.333],[278.342,7.328]]]}},{"type":"Feature","properties":{},"geometry":{"type":"Polygon","coordinates":[[[268.474,-0.478],[268.389,-0.444],[268.353,-0.391],[268.346,-0.311],[268.353,-0.284],[268.54,-0.256],[268.601,-0.322],[268.6,-0.421],[268.574,-0.461],[268.474,-0.478]]]}},{"type":"Feature","properties":{},"geometry":{"type":"Polygon","coordinates":[[[269.536,-1.342],[269.48,-1.299],[269.523,-1.221],[269.568,-1.24],[269.601,-1.262],[269.621,-1.292],[269.576,-1.34],[269.536,-1.342]]]}},{"type":"Feature","properties":{},"geometry":{"type":"Polygon","coordinates":[[[268.79,-0.039],[268.824,-0.223],[269.024,-0.417],[269.049,-0.525],[269.032,-0.576],[269.041,-0.595],[269.137,-0.672],[269.2,-0.752],[269.094,-0.941],[268.869,-1.02],[268.628,-1.017],[268.581,-0.997],[268.516,-0.925],[268.505,-0.861],[268.542,-0.8],[268.666,-0.706],[268.855,-0.623],[268.879,-0.559],[268.803,-0.497],[268.75,-0.374],[268.631,-0.287],[268.571,-0.023],[268.531,-0.01],[268.45,-0.047],[268.41,-0.015],[268.403,0.002],[268.491,0.062],[268.509,0.105],[268.639,0.126],[268.694,0.091],[268.728,0.025],[268.79,-0.039]]]}},{"type":"Feature","properties":{},"geometry":{"type":"Polygon","coordinates":[[[269.38,-0.364],[269.191,-0.329],[269.132,-0.271],[269.18,-0.192],[269.22,-0.16],[269.332,-0.19],[269.447,-0.278],[269.426,-0.334],[269.38,-0.364]]]}},{"type":"Feature","properties":{},"geometry":{"type":"Polygon","coordinates":[[[250.566,-27.171],[250.571,-27.116],[250.61,-27.068],[250.724,-27.096],[250.777,-27.101],[250.72,-27.14],[250.566,-27.171]]]}},{"type":"Feature","properties":{},"geometry":{"type":"Polygon","coordinates":[[[253.469,21.529],[253.393,21.561],[253.366,21.613],[253.361,21.698],[253.403,21.712],[253.464,21.676],[253.476,21.652],[253.498,21.611],[253.469,21.529]]]}},{"type":"Feature","properties":{},"geometry":{"type":"Polygon","coordinates":[[[249.025,18.72],[248.936,18.782],[248.96,18.83],[249.011,18.863],[249.058,18.802],[249.086,18.741],[249.025,18.72]]]}},{"type":"Feature","properties":{},"geometry":{"type":"Polygon","coordinates":[[[249.461,24.892],[249.41,24.908],[249.343,24.969],[249.297,25.047],[249.301,25.081],[249.31,25.088],[249.405,25.042],[249.433,25.003],[249.461,24.892]]]}},{"type":"Feature","properties":{},"geometry":{"type":"Polygon","coordinates":[[[250.173,24.148],[250.122,24.201],[250.1,24.331],[250.11,24.345],[250.206,24.183],[250.204,24.164],[250.195,24.151],[250.173,24.148]]]}},{"type":"Feature","properties":{},"geometry":{"type":"Polygon","coordinates":[[[246.837,29.035],[246.735,29.097],[246.504,29.308],[246.419,29.413],[246.406,29.463],[246.413,29.573],[246.492,29.56],[246.584,29.486],[246.624,29.417],[246.626,29.339],[246.798,29.302],[246.822,29.132],[246.844,29.052],[246.837,29.035]]]}},{"type":"Feature","properties":{},"geometry":{"type":"Polygon","coordinates":[[[245.273,31.701],[245.211,31.747],[245.215,31.79],[245.229,31.794],[245.291,31.757],[245.312,31.724],[245.306,31.706],[245.273,31.701]]]}},{"type":"Feature","properties":{},"geometry":{"type":"Polygon","coordinates":[[[244.816,28.037],[244.647,28.104],[244.74,28.221],[244.726,28.343],[244.766,28.368],[244.803,28.328],[244.851,28.172],[244.829,28.069],[244.816,28.037]]]}},{"type":"Feature","properties":{},"geometry":{"type":"Polygon","coordinates":[[[248.288,24.346],[247.987,24.533],[248.059,24.551],[248.143,24.538],[248.301,24.394],[248.288,24.346]]]}},{"type":"Feature","properties":{},"geometry":{"type":"Polygon","coordinates":[[[248.912,25.985],[248.906,25.974],[248.865,25.999],[248.796,25.85],[248.775,25.836],[248.817,26.041],[248.861,26.07],[248.909,26.076],[248.9,26.021],[248.912,25.985]]]}},{"type":"Feature","properties":{},"geometry":{"type":"Polygon","coordinates":[[[247.722,28.769],[247.645,28.773],[247.486,28.848],[247.469,28.894],[247.53,29.168],[247.576,29.204],[247.715,29.24],[247.737,29.207],[247.751,29.126],[247.797,29.005],[247.722,28.769]]]}},{"type":"Feature","properties":{},"geometry":{"type":"Polygon","coordinates":[[[247.923,24.535],[247.837,24.65],[247.825,24.73],[247.79,24.763],[247.703,24.79],[247.778,24.951],[247.841,25.286],[247.868,25.224],[247.802,24.885],[247.805,24.841],[247.836,24.8],[247.87,24.73],[247.874,24.654],[247.933,24.584],[247.943,24.546],[247.923,24.535]]]}},{"type":"Feature","properties":{},"geometry":{"type":"Polygon","coordinates":[[[124.288,10.601],[124.335,10.707],[124.371,10.691],[124.382,10.68],[124.381,10.633],[124.316,10.606],[124.288,10.601]]]}},{"type":"Feature","properties":{},"geometry":{"type":"Polygon","coordinates":[[[125.288,9.933],[125.159,10.063],[125.133,10.155],[125.176,10.151],[125.231,10.116],[125.281,9.982],[125.288,9.933]]]}},{"type":"Feature","properties":{},"geometry":{"type":"Polygon","coordinates":[[[122.948,7.386],[122.944,7.361],[122.84,7.315],[122.805,7.316],[122.797,7.393],[122.822,7.428],[122.871,7.397],[122.915,7.433],[122.937,7.409],[122.948,7.386]]]}},{"type":"Feature","properties":{},"geometry":{"type":"Polygon","coordinates":[[[125.769,6.906],[125.708,7.04],[125.683,7.073],[125.714,7.186],[125.783,7.131],[125.785,6.963],[125.769,6.906]]]}},{"type":"Feature","properties":{},"geometry":{"type":"Polygon","coordinates":[[[125.952,9.568],[125.922,9.621],[125.949,9.739],[125.968,9.759],[125.993,9.685],[125.971,9.594],[125.952,9.568]]]}},{"type":"Feature","properties":{},"geometry":{"type":"Polygon","coordinates":[[[124.483,11.486],[124.429,11.532],[124.36,11.666],[124.437,11.695],[124.511,11.687],[124.565,11.64],[124.622,11.55],[124.608,11.492],[124.483,11.486]]]}},{"type":"Feature","properties":{},"geometry":{"type":"Polygon","coordinates":[[[124.836,11.543],[124.807,11.558],[124.781,11.581],[124.744,11.659],[124.731,11.715],[124.788,11.683],[124.821,11.627],[124.854,11.595],[124.836,11.543]]]}},{"type":"Feature","properties":{},"geometry":{"type":"Polygon","coordinates":[[[134.795,-6.442],[134.795,-6.393],[134.823,-6.35],[134.852,-6.325],[134.886,-6.324],[134.82,-6.434],[134.795,-6.442]]]}},{"type":"Feature","properties":{},"geometry":{"type":"Polygon","coordinates":[[[134.657,-6.765],[134.631,-6.733],[134.629,-6.713],[134.663,-6.658],[134.698,-6.626],[134.736,-6.623],[134.726,-6.669],[134.674,-6.75],[134.657,-6.765]]]}},{"type":"Feature","properties":{},"geometry":{"type":"Polygon","coordinates":[[[127.938,-3.02],[127.85,-3.016],[127.834,-3.004],[127.938,-2.952],[127.988,-2.937],[127.938,-3.02]]]}},{"type":"Feature","properties":{},"geometry":{"type":"Polygon","coordinates":[[[127.629,-3.359],[127.531,-3.331],[127.488,-3.288],[127.53,-3.262],[127.554,-3.254],[127.606,-3.315],[127.629,-3.359]]]}},{"type":"Feature","properties":{},"geometry":{"type":"Polygon","coordinates":[[[124.042,-6.022],[124.006,-5.967],[123.972,-5.939],[123.976,-5.88],[124.023,-5.902],[124.051,-5.974],[124.042,-6.022]]]}},{"type":"Feature","properties":{},"geometry":{"type":"Polygon","coordinates":[[[123.623,-5.373],[123.583,-5.367],[123.55,-5.332],[123.541,-5.298],[123.543,-5.271],[123.561,-5.25],[123.627,-5.272],[123.623,-5.373]]]}},{"type":"Feature","properties":{},"geometry":{"type":"Polygon","coordinates":[[[120.672,-7.125],[120.641,-7.116],[120.633,-7.018],[120.746,-7.06],[120.782,-7.063],[120.774,-7.119],[120.672,-7.125]]]}},{"type":"Feature","properties":{},"geometry":{"type":"Polygon","coordinates":[[[122.946,-8.604],[122.888,-8.587],[122.904,-8.531],[122.933,-8.497],[123.011,-8.448],[123.089,-8.44],[123.138,-8.457],[123.153,-8.476],[123.03,-8.495],[122.977,-8.545],[122.946,-8.604]]]}},{"type":"Feature","properties":{},"geometry":{"type":"Polygon","coordinates":[[[117.534,-8.368],[117.49,-8.349],[117.506,-8.307],[117.482,-8.239],[117.491,-8.183],[117.546,-8.152],[117.665,-8.148],[117.669,-8.189],[117.556,-8.367],[117.534,-8.368]]]}},{"type":"Feature","properties":{},"geometry":{"type":"Polygon","coordinates":[[[129.687,31.64],[129.707,31.718],[129.787,31.787],[129.794,31.742],[129.718,31.657],[129.687,31.64]]]}},{"type":"Feature","properties":{},"geometry":{"type":"Polygon","coordinates":[[[121.164,28.062],[121.132,28.063],[121.134,28.135],[121.205,28.204],[121.234,28.181],[121.251,28.145],[121.251,28.086],[121.164,28.062]]]}},{"type":"Feature","properties":{},"geometry":{"type":"Polygon","coordinates":[[[113.564,22.758],[113.486,22.828],[113.463,22.832],[113.426,22.859],[113.404,22.903],[113.465,22.905],[113.521,22.852],[113.555,22.804],[113.564,22.758]]]}},{"type":"Feature","properties":{},"geometry":{"type":"Polygon","coordinates":[[[112.771,21.582],[112.742,21.618],[112.733,21.67],[112.713,21.698],[112.761,21.733],[112.782,21.772],[112.839,21.765],[112.863,21.753],[112.813,21.712],[112.801,21.695],[112.79,21.602],[112.771,21.582]]]}},{"type":"Feature","properties":{},"geometry":{"type":"Polygon","coordinates":[[[112.546,21.619],[112.525,21.623],[112.559,21.675],[112.648,21.71],[112.644,21.64],[112.546,21.619]]]}},{"type":"Feature","properties":{},"geometry":{"type":"Polygon","coordinates":[[[113.877,22.21],[113.852,22.22],[113.839,22.242],[113.882,22.28],[114.044,22.333],[114.003,22.278],[113.998,22.21],[113.877,22.21]]]}},{"type":"Feature","properties":{},"geometry":{"type":"Polygon","coordinates":[[[107.084,10.337],[107.078,10.387],[107.151,10.42],[107.177,10.446],[107.195,10.446],[107.168,10.397],[107.084,10.337]]]}},{"type":"Feature","properties":{},"geometry":{"type":"Polygon","coordinates":[[[103.281,10.68],[103.223,10.76],[103.223,10.782],[103.318,10.719],[103.281,10.68]]]}},{"type":"Feature","properties":{},"geometry":{"type":"Polygon","coordinates":[[[284.441,35.879],[284.466,35.819],[284.42,35.872],[284.338,36.0],[284.373,36.0],[284.441,35.879]]]}},{"type":"Feature","properties":{},"geometry":{"type":"Polygon","coordinates":[[[283.274,35.958],[283.389,35.944],[283.496,35.956],[283.642,35.953],[283.736,35.967],[283.793,35.991],[283.93,35.97],[283.94,35.879],[283.924,35.788],[283.916,35.691],[283.954,35.691],[283.999,35.722],[284.021,35.896],[284.146,35.96],[284.188,35.956],[284.228,35.9],[284.241,35.843],[284.255,35.765],[284.226,35.647],[284.034,35.508],[283.896,35.38],[283.826,35.354],[283.725,35.369],[283.61,35.401],[283.553,35.408],[283.51,35.397],[283.484,35.436],[283.468,35.508],[283.423,35.532],[283.389,35.53],[283.366,35.453],[283.259,35.431],[283.113,35.463],[282.96,35.527],[283.026,35.458],[283.405,35.33],[283.447,35.306],[283.487,35.27],[283.434,35.215],[283.392,35.153],[283.387,35.104],[283.372,35.073],[283.221,34.99],[283.139,35.005],[282.93,35.155],[283.025,35.025],[283.101,34.97],[283.255,34.941],[283.543,34.989],[283.638,34.937],[283.56,34.843],[283.483,34.777],[283.382,34.77],[283.293,34.752],[283.267,34.707],[283.203,34.704],[283.104,34.701],[282.95,34.697],[282.866,34.708],[282.748,34.616],[282.704,34.603],[282.642,34.62],[282.616,34.694],[282.588,34.731],[282.587,34.592],[282.598,34.555],[282.62,34.527],[282.482,34.451],[282.35,34.358],[282.303,34.332],[282.249,34.285],[282.139,34.149],[282.112,34.05],[282.072,33.94],[282.067,33.989],[282.074,34.073],[282.047,34.169],[282.029,33.993],[281.987,33.912],[281.594,33.918],[281.422,33.873],[281.159,33.724],[281.08,33.659],[280.862,33.406],[280.806,33.244],[280.762,33.312],[280.773,33.363],[280.774,33.405],[280.719,33.315],[280.771,33.185],[280.724,33.135],[280.58,33.043],[280.501,33.027],[280.413,33.001],[280.385,32.909],[280.265,32.825],[280.195,32.787],[280.067,32.81],[280.106,32.729],[280.059,32.667],[279.978,32.62],[279.877,32.589],[279.82,32.593],[279.77,32.577],[279.732,32.537],[279.637,32.501],[279.539,32.521],[279.428,32.534],[279.366,32.512],[279.47,32.475],[279.526,32.423],[279.514,32.352],[279.486,32.324],[279.421,32.287],[279.392,32.293],[279.374,32.326],[279.353,32.396],[279.322,32.381],[279.317,32.349],[279.291,32.337],[279.197,32.448],[279.202,32.363],[279.235,32.298],[279.266,32.265],[279.298,32.246],[279.306,32.216],[279.242,32.142],[279.209,32.126],[279.151,32.114],[279.118,32.069],[279.128,32.03],[279.077,31.945],[278.954,31.892],[278.917,31.894],[278.887,31.879],[278.904,31.841],[278.935,31.813],[278.934,31.788],[278.902,31.753],[278.838,31.744],[278.802,31.704],[278.813,31.667],[278.834,31.646],[278.83,31.61],[278.758,31.574],[278.741,31.539],[278.777,31.528],[278.804,31.539],[278.825,31.531],[278.781,31.472],[278.742,31.436],[278.705,31.371],[278.619,31.353],[278.622,31.332],[278.671,31.314],[278.712,31.264],[278.635,31.172],[278.587,31.179],[278.558,31.2],[278.54,31.127],[278.547,31.088],[278.529,31.009],[278.499,30.914],[278.48,30.875],[278.484,30.802],[278.496,30.731],[278.543,30.641],[278.614,30.27],[278.663,30.141],[278.75,29.794],[278.895,29.457],[279.1,29.05],[279.436,28.556],[279.476,28.486],[279.432,28.426],[279.419,28.365],[279.415,28.272],[279.427,28.181],[279.467,28.07],[279.543,27.901],[279.5,27.934],[279.39,28.178],[279.377,28.32],[279.393,28.523],[279.367,28.518],[279.346,28.452],[279.335,28.375],[279.306,28.345],[279.268,28.463],[279.271,28.516],[279.312,28.579],[279.3,28.601],[279.234,28.633],[279.22,28.683],[279.229,28.732],[279.191,28.759],[279.162,28.758],[279.182,28.636],[279.213,28.561],[279.251,28.381],[279.314,28.272],[279.35,28.181],[279.774,27.207],[279.874,27.083],[279.911,26.994],[279.95,26.808],[279.959,26.569],[279.889,26.132],[279.874,25.833],[279.864,25.843],[279.857,25.874],[279.841,25.878],[279.781,25.742],[279.699,25.619],[279.672,25.427],[279.633,25.331],[279.515,25.23],[279.442,25.232],[279.263,25.156],[279.138,25.176],[278.988,25.133],[278.89,25.138],[278.833,25.229],[278.841,25.269],[278.864,25.31],[278.902,25.319],[279.035,25.224],[279.06,25.264],[279.02,25.312],[278.943,25.338],[278.887,25.367],[278.773,25.583],[278.655,25.732],[278.635,25.831],[278.432,25.892],[278.285,25.983],[278.189,26.146],[278.133,26.435],[278.069,26.467],[278.041,26.49],[278.104,26.597],[278.171,26.687],[278.118,26.665],[278.079,26.631],[278.03,26.552],[277.994,26.54],[277.96,26.552],[277.922,26.704],[277.933,26.892],[277.987,26.962],[277.904,26.963],[277.819,26.937],[277.831,26.874],[277.819,26.84],[277.757,26.849],[277.71,26.871],[277.646,26.936],[277.559,27.06],[277.38,27.401],[277.345,27.449],[277.285,27.5],[277.313,27.515],[277.364,27.525],[277.479,27.678],[277.569,27.771],[277.599,27.835],[277.594,27.863],[277.554,27.903],[277.502,27.868],[277.479,27.878],[277.42,27.958],[277.364,27.981],[277.325,27.964],[277.366,27.898],[277.403,27.873],[277.389,27.777],[277.374,27.746],[277.339,27.718],[277.285,27.733],[277.257,27.709],[277.225,27.734],[277.192,27.777],[277.156,27.846],[277.251,28.237],[277.339,28.486],[277.349,28.77],[277.356,28.812],[277.349,28.887],[277.231,29.052],[276.71,29.452],[276.306,29.926],[275.956,30.104],[275.69,30.065],[275.644,30.029],[275.625,29.982],[275.641,29.929],[275.617,29.907],[275.546,29.91],[275.45,29.898],[275.199,29.773],[275.111,29.778],[275.031,29.745],[274.971,29.721],[274.814,29.708],[274.681,29.68],[274.624,29.695],[274.586,29.768],[274.586,29.842],[274.617,29.785],[274.664,29.74],[274.685,29.758],[274.693,29.798],[274.646,29.876],[274.496,29.976],[274.324,30.122],[274.377,30.117],[274.39,30.148],[274.337,30.189],[274.359,30.237],[274.396,30.287],[274.324,30.279],[274.259,30.244],[274.257,30.201],[274.244,30.167],[274.209,30.172],[274.144,30.214],[273.825,30.333],[273.546,30.399],[273.76,30.429],[273.876,30.406],[273.862,30.442],[273.834,30.464],[273.743,30.493],[273.626,30.482],[273.552,30.496],[273.477,30.467],[273.394,30.425],[273.32,30.403],[273.032,30.372],[272.799,30.339],[272.836,30.374],[272.876,30.397],[273.014,30.431],[273.035,30.502],[273.002,30.57],[272.966,30.554],[272.928,30.5],[272.881,30.539],[272.829,30.539],[272.815,30.454],[272.749,30.397],[272.719,30.339],[272.524,30.294],[272.499,30.309],[272.556,30.364],[272.552,30.394],[272.487,30.368],[272.378,30.265],[271.994,30.231],[272.015,30.254],[272.096,30.259],[272.21,30.292],[272.187,30.347],[272.143,30.407],[272.102,30.414],[272.076,30.45],[272.077,30.562],[272.051,30.627],[271.989,30.694],[271.968,30.681],[271.922,30.566],[271.883,30.415],[271.865,30.367],[271.751,30.363],[271.65,30.373],[271.308,30.355],[271.18,30.406],[271.127,30.416],[271.095,30.415],[270.946,30.368],[270.776,30.332],[270.736,30.344],[270.679,30.345],[270.556,30.223],[270.412,30.166],[270.046,30.269],[269.955,30.351],[269.874,30.369],[269.775,30.379],[269.668,30.278],[269.587,30.14],[269.715,30.065],[269.825,30.029],[270.006,30.059],[270.106,30.126],[270.188,30.124],[270.227,30.137],[270.263,30.172],[270.332,30.145],[270.335,30.117],[270.285,30.078],[270.223,30.046],[270.185,30.007],[270.256,29.93],[270.368,29.904],[270.41,29.915],[270.437,30.002],[270.506,30.058],[270.599,30.046],[270.586,30.011],[270.599,29.978],[270.642,29.921],[270.637,29.84],[270.646,29.82],[270.545,29.784],[270.469,29.772],[270.409,29.725],[270.441,29.698],[270.379,29.674],[270.338,29.684],[270.317,29.675],[270.311,29.646],[270.279,29.619],[270.325,29.539],[270.42,29.486],[270.486,29.42],[270.754,29.333],[270.819,29.336],[270.883,29.248],[270.935,29.218],[270.984,29.203],[270.979,29.143],[270.89,29.099],[270.867,29.046],[270.844,29.017],[270.805,29.054],[270.764,29.081],[270.669,28.999],[270.624,28.981],[270.646,29.07],[270.611,29.105],[270.557,29.194],[270.478,29.249],[270.423,29.268],[270.38,29.302],[270.328,29.317],[270.283,29.313],[270.208,29.333],[270.203,29.381],[270.182,29.416],[270.123,29.458],[269.841,29.537],[269.839,29.504],[269.859,29.48],[269.899,29.463],[269.948,29.431],[269.947,29.337],[269.926,29.297],[269.917,29.24],[269.899,29.182],[269.864,29.136],[269.787,29.105],[269.753,29.131],[269.698,29.256],[269.621,29.295],[269.498,29.3],[269.414,29.272],[269.323,29.151],[269.249,29.131],[268.997,29.194],[268.71,29.289],[268.717,29.321],[268.762,29.331],[268.849,29.318],[268.845,29.351],[268.756,29.457],[268.74,29.505],[268.751,29.564],[268.722,29.563],[268.669,29.514],[268.486,29.555],[268.435,29.605],[268.328,29.746],[268.176,29.751],[268.107,29.836],[267.983,29.8],[267.92,29.761],[267.865,29.699],[267.886,29.668],[267.941,29.617],[267.916,29.593],[267.739,29.557],[267.329,29.597],[267.209,29.635],[267.048,29.714],[266.824,29.779],[266.717,29.789],[266.612,29.777],[266.305,29.77],[266.234,29.753],[266.174,29.725],[266.134,29.756],[266.116,29.81],[266.152,29.819],[266.191,29.851],[266.227,29.914],[266.231,29.952],[266.206,29.977],[266.159,29.98],[266.054,29.815],[266.114,29.723],[266.11,29.689],[265.9,29.67],[265.426,29.485],[265.24,29.384],[265.25,29.418],[265.474,29.548],[265.395,29.568],[265.267,29.535],[265.222,29.548],[265.276,29.655],[265.258,29.75],[265.168,29.753],[265.11,29.677],[265.07,29.68],[265.018,29.713],[264.977,29.702],[265.007,29.531],[265.064,29.46],[265.112,29.371],[264.982,29.259],[264.861,29.168],[264.848,29.079],[264.727,28.964],[264.612,28.898],[264.344,28.745],[264.268,28.712],[264.147,28.64],[263.98,28.587],[263.819,28.502],[263.765,28.489],[263.868,28.561],[263.989,28.632],[263.885,28.622],[263.725,28.655],[263.627,28.657],[263.626,28.631],[263.551,28.594],[263.474,28.648],[263.44,28.684],[263.424,28.716],[263.392,28.723],[263.36,28.709],[263.475,28.489],[263.525,28.479],[263.579,28.457],[263.511,28.406],[263.438,28.367],[263.324,28.341],[263.226,28.422],[263.205,28.321],[263.193,28.22],[263.16,28.194],[263.108,28.158],[263.08,28.185],[263.067,28.224],[263.033,28.19],[262.985,28.163],[262.904,28.158],[262.844,28.144],[262.845,28.103],[262.859,28.061],[262.966,28.094],[262.927,27.986],[262.829,27.88],[262.748,27.854],[262.626,27.87],[262.596,27.859],[262.569,27.837],[262.711,27.671],[262.62,27.419],[262.561,27.328],[262.52,27.317],[262.476,27.314],[262.318,27.395],[262.232,27.458],[262.308,27.287],[262.515,27.237],[262.525,27.173],[262.524,27.118],[262.483,27.053],[262.445,26.967],[262.473,26.908],[262.506,26.76],[262.534,26.692],[262.565,26.486],[262.598,26.397],[262.786,26.068],[262.85,26.065],[262.86,26.03],[262.854,25.961],[262.836,25.755],[262.775,25.585],[262.576,25.233],[262.493,25.015],[262.332,24.39],[262.283,23.981],[262.271,23.788],[262.257,23.761],[262.273,23.732],[262.234,23.306],[262.255,22.942],[262.242,22.886],[262.183,22.776],[262.142,22.625],[262.158,22.557],[262.158,22.51],[262.218,22.279],[262.237,22.106],[262.415,21.809],[262.515,21.705],[262.64,21.615],[262.685,21.564],[262.663,21.438],[262.612,21.374],[262.591,21.273],[262.566,21.356],[262.576,21.465],[262.615,21.524],[262.617,21.567],[262.543,21.612],[262.41,21.762],[262.246,22.027],[262.362,21.604],[262.402,21.536],[262.433,21.508],[262.485,21.478],[262.499,21.432],[262.499,21.398],[262.643,21.104],[262.805,20.8],[262.814,20.717],[262.879,20.615],[263.291,20.188],[263.544,19.87],[263.632,19.567],[263.685,19.473],[263.71,19.344],[263.876,19.199],[263.927,19.106],[264.015,19.054],[264.087,18.897],[264.222,18.806],[264.19,18.804],[264.072,18.85],[264.08,18.82],[264.179,18.755],[264.373,18.691],[264.422,18.69],[264.345,18.724],[264.28,18.768],[264.303,18.775],[264.439,18.719],[264.818,18.701],[264.985,18.571],[265.202,18.515],[265.318,18.348],[265.454,18.175],[265.54,18.167],[265.608,18.166],[265.811,18.195],[266.127,18.304],[266.236,18.358],[266.448,18.43],[266.772,18.444],[266.873,18.423],[267.115,18.469],[267.231,18.524],[267.271,18.575],[267.29,18.612],[267.515,18.665],[267.559,18.675],[267.787,18.685],[267.897,18.704],[268.026,18.716],[268.12,18.638],[268.12,18.6],[268.057,18.563],[268.086,18.529],[268.197,18.471],[268.4,18.447],[268.466,18.457],[268.56,18.542],[268.725,18.624],[268.721,18.721],[268.692,18.773],[268.644,18.777],[268.632,18.806],[268.666,18.877],[268.657,18.901],[268.554,18.833],[268.531,18.833],[268.542,18.865],[268.563,18.89],[268.864,19.038],[268.941,19.098],[269.045,19.152],[269.261,19.352],[269.307,19.73],[269.35,19.796],[269.493,19.912],[269.508,19.947],[269.518,20.026],[269.514,20.224],[269.522,20.38],[269.516,20.556],[269.542,20.714],[269.565,20.758],[269.647,21.009],[269.817,21.121],[270.112,21.253],[270.18,21.275],[271.121,21.414],[271.253,21.448],[271.415,21.539],[271.533,21.569],[271.749,21.567],[271.815,21.579],[271.828,21.591],[271.829,21.604],[271.868,21.616],[271.993,21.604],[272.226,21.55],[272.311,21.536],[272.52,21.472],[272.749,21.447],[272.782,21.458],[272.812,21.477],[272.836,21.514],[272.812,21.546],[272.789,21.544],[272.751,21.527],[272.704,21.525],[272.613,21.551],[272.631,21.574],[272.724,21.572],[272.784,21.582],[272.872,21.621],[272.965,21.592],[273.088,21.463],[273.176,21.422],[273.183,21.234],[273.196,21.2],[273.228,21.151],[273.184,21.005],[273.135,20.885],[273.074,20.786],[272.94,20.631],[272.779,20.507],[272.579,20.231],[272.533,20.102],[272.534,19.999],[272.568,19.898],[272.558,19.862],[272.534,19.824],[272.493,19.827],[272.414,19.779],[272.312,19.637],[272.31,19.594],[272.355,19.554],[272.413,19.573],[272.488,19.575],[272.531,19.586],[272.575,19.583],[272.565,19.502],[272.517,19.444],[272.487,19.426],[272.433,19.416],[272.372,19.383],[272.341,19.352],[272.344,19.258],[272.378,19.25],[272.449,19.321],[272.491,19.317],[272.499,19.288],[272.406,19.046],[272.347,18.799],[272.266,18.655],[272.238,18.446],[272.196,18.357],[272.147,18.269],[272.118,18.274],[272.04,18.441],[271.961,18.484],[271.944,18.524],[271.989,18.727],[271.968,18.839],[271.926,18.834],[271.873,18.773],[271.803,18.72],[271.805,18.643],[271.724,18.515],[271.704,18.472],[271.651,18.359],[271.704,18.344],[271.753,18.355],[271.87,18.351],[271.915,18.226],[271.903,18.122],[271.793,17.846],[271.779,17.751],[271.728,17.61],[271.797,17.517],[271.733,17.393],[271.711,17.313],[271.706,17.192],[271.738,16.963],[271.687,16.633],[271.595,16.489],[271.539,16.434],[271.438,16.29],[271.305,16.248],[271.121,16.017],[271.088,15.956],[271.106,15.891],[271.16,15.869],[271.202,15.863],[271.291,15.807],[271.397,15.764],[271.464,15.85],[271.428,15.901],[271.402,15.927],[271.406,15.95],[271.772,15.729],[271.869,15.701],[271.945,15.765],[271.99,15.786],[272.093,15.863],[272.125,15.879],[272.298,15.911],[272.382,15.91],[272.455,15.832],[272.513,15.79],[272.623,15.826],[272.714,15.834],[273.093,15.762],[273.243,15.794],[273.519,15.801],[273.643,15.783],[273.819,15.885],[273.931,15.906],[274.064,15.953],[274.046,16.002],[274.014,16.024],[274.216,16.003],[274.516,15.9],[274.836,15.918],[274.952,15.974],[275.026,15.99],[275.354,15.884],[275.44,15.802],[275.508,15.794],[275.56,15.813],[275.574,15.829],[275.51,15.847],[275.48,15.873],[275.739,15.823],[276.225,15.437],[276.235,15.405],[276.027,15.52],[275.917,15.511],[275.889,15.492],[275.895,15.43],[275.905,15.401],[275.952,15.398],[275.987,15.414],[276.073,15.394],[276.129,15.353],[276.198,15.289],[276.24,15.22],[276.284,15.219],[276.328,15.261],[276.41,15.266],[276.464,15.219],[276.502,15.222],[276.449,15.294],[276.324,15.365],[276.354,15.368],[276.631,15.24],[276.709,15.079],[276.774,15.042],[276.842,14.993],[276.815,14.956],[276.784,14.932],[276.72,14.813],[276.698,14.802],[276.694,14.891],[276.656,14.902],[276.611,14.871],[276.586,14.825],[276.625,14.766],[276.659,14.765],[276.701,14.749],[276.812,14.34],[276.788,14.267],[276.719,14.154],[276.653,14.057],[276.588,13.996],[276.506,13.739],[276.433,13.32],[276.486,12.944],[276.459,12.596],[276.482,12.514],[276.489,12.412],[276.435,12.393],[276.404,12.396],[276.373,12.459],[276.376,12.515],[276.409,12.579],[276.422,12.667],[276.407,12.713],[276.375,12.613],[276.318,12.568],[276.282,12.553],[276.246,12.502],[276.284,12.407],[276.333,12.337],[276.349,12.287],[276.331,12.228],[276.32,12.024],[276.302,12.03],[276.284,12.057],[276.233,12.059],[276.227,11.977],[276.231,11.932],[276.187,11.896],[276.171,11.861],[276.207,11.836],[276.247,11.821],[276.295,11.825],[276.336,11.724],[276.348,11.642],[276.255,11.567],[276.223,11.504],[276.171,11.428],[276.141,11.354],[276.132,11.3],[276.168,11.131],[276.232,11.01],[276.286,10.934],[276.358,10.917],[276.383,10.877],[276.412,10.815],[276.425,10.735],[276.552,10.466],[276.653,10.315],[276.875,10.042],[276.971,9.991],[277.134,9.771],[277.19,9.735],[277.222,9.67],[277.39,9.616],[277.436,9.577],[277.5,9.523],[277.629,9.429],[277.637,9.382],[277.625,9.337],[277.66,9.209],[277.728,9.191],[277.795,9.215],[277.812,9.192],[277.799,9.168],[277.765,9.142],[277.756,9.031],[277.867,8.98],[277.922,8.935],[278.106,8.956],[278.174,8.944],[278.22,8.957],[278.169,9.046],[278.1,9.111],[278.106,9.14],[278.158,9.119],[278.197,9.074],[278.288,9.019],[278.454,8.827],[278.645,8.781],[278.796,8.787],[278.937,8.813],[279.161,8.887],[279.324,9.022],[279.453,9.082],[279.873,9.21],[280.022,9.344],[280.085,9.361],[280.145,9.378],[280.277,9.479],[280.348,9.558],[280.423,9.598],[280.645,9.569],[280.788,9.532],[280.888,9.537],[280.983,9.51],[281.025,9.453],[281.068,9.428],[281.303,9.435],[281.496,9.406],[281.917,9.236],[282.169,9.068],[282.303,8.889],[282.626,8.658],[282.656,8.637],[282.738,8.494],[282.87,8.401],[283.008,8.25],[283.064,8.147],[283.109,8.128],[283.148,8.09],[283.131,8.063],[283.088,8.033],[283.075,7.973],[283.103,7.939],[283.133,7.918],[283.213,7.932],[283.258,8.002],[283.228,8.311],[283.181,8.465],[283.128,8.513],[283.08,8.574],[283.112,8.62],[283.198,8.641],[283.311,8.695],[283.723,8.989],[283.865,9.266],[283.973,9.366],[284.095,9.431],[284.244,9.416],[284.361,9.45],[284.396,9.538],[284.365,9.658],[284.32,9.73],[284.363,9.834],[284.407,9.993],[284.404,10.126],[284.461,10.205],[284.442,10.236],[284.358,10.172],[284.292,10.143],[284.329,10.196],[284.446,10.328],[284.507,10.528],[284.554,10.611],[284.719,10.727],[284.752,10.783],[284.877,10.87],[285.078,11.058],[285.155,11.11],[285.546,10.989],[285.67,10.997],[285.648,10.975],[285.59,10.967],[285.508,10.934],[285.484,10.863],[285.54,10.787],[285.599,10.765],[285.65,10.814],[285.7,10.952],[285.781,11.105],[285.8,11.266],[285.857,11.321],[285.941,11.341],[286.09,11.309],[286.204,11.276],[286.323,11.271],[286.687,11.296],[287.278,11.712],[287.553,11.802],[287.725,11.889],[287.835,12.06],[287.864,12.189],[287.945,12.238],[288.03,12.238],[288.069,12.27],[288.081,12.309],[288.285,12.42],[288.403,12.434],[288.506,12.432],[288.738,12.335],[288.845,12.164],[288.863,12.046],[288.716,11.918],[288.68,11.862],[288.651,11.815],[288.585,11.755],[288.512,11.719],[288.131,11.627],[288.092,11.608],[288.043,11.57],[288.043,11.483],[288.053,11.414],[288.165,11.19],[288.209,11.135],[288.358,11.014],[288.324,10.997],[288.269,10.995],[288.31,10.835],[288.402,10.726],[288.406,10.657],[288.335,10.444],[288.206,10.316],[288.115,10.167],[288.044,10.108],[287.887,9.816],[288.007,9.642],[288.024,9.553],[288.127,9.428],[288.194,9.386],[288.239,9.336],[288.219,9.25],[288.26,9.134],[288.313,9.073],[288.38,9.048],[288.463,9.048],[288.702,9.126],[288.759,9.16],[288.795,9.222],[288.914,9.348],[288.922,9.511],[288.947,9.706],[288.918,9.833],[288.793,10.015],[288.738,10.144],[288.613,10.264],[288.537,10.469],[288.506,10.533],[288.482,10.622],[288.455,10.779],[288.539,10.836],[288.53,10.964],[288.736,11.0],[289.179,11.208],[289.454,11.261],[289.767,11.373],[289.84,11.428],[289.903,11.52],[289.951,11.53],[290.115,11.444],[290.195,11.474],[290.227,11.541],[290.183,11.672],[290.089,11.672],[289.807,11.625],[289.78,11.681],[289.78,11.73],[289.713,11.886],[289.755,12.004],[289.797,12.098],[289.878,12.137],[289.996,12.178],[290.086,12.115],[290.14,12.054],[290.169,11.996],[290.189,11.837],[290.238,11.676],[290.288,11.564],[290.368,11.48],[290.43,11.485],[290.474,11.5],[290.767,11.518],[290.945,11.461],[291.172,11.432],[291.384,11.309],[291.601,11.161],[291.657,11.053],[291.675,10.949],[291.728,10.88],[291.675,10.809],[291.704,10.689],[291.766,10.569],[291.86,10.493],[292.128,10.472],[292.419,10.524],[292.867,10.57],[293.011,10.611],[293.753,10.632],[293.894,10.575],[293.908,10.517],[293.91,10.473],[294.148,10.258],[294.344,10.228],[294.511,10.159],[294.683,10.122],[294.871,10.07],[294.977,10.077],[295.056,10.095],[295.15,10.098],[295.812,10.458],[296.166,10.449],[296.221,10.472],[296.268,10.503],[296.137,10.558],[295.842,10.579],[295.752,10.543],[295.702,10.635],[295.798,10.633],[296.127,10.664],[296.503,10.643],[296.81,10.709],[296.965,10.72],[297.053,10.707],[297.298,10.75],[297.758,10.7],[298.121,10.741],[298.079,10.681],[297.96,10.645],[297.767,10.634],[297.62,10.547],[297.306,10.563],[297.086,10.531],[297.157,10.507],[297.157,10.418],[297.187,10.4],[297.219,10.399],[297.294,10.333],[297.314,10.29],[297.338,10.199],[297.305,10.1],[297.259,10.056],[297.349,10.071],[297.4,10.117],[297.392,10.163],[297.4,10.217],[297.45,10.2],[297.485,10.176],[297.599,9.918],[297.68,9.783],[297.7,9.788],[297.719,9.793],[297.743,9.819],[297.779,9.883],[297.81,9.842],[297.828,9.827],[297.847,9.822],[297.83,9.879],[297.853,9.953],[297.845,9.979],[297.88,9.985],[297.923,9.975],[297.983,9.955],[298.091,9.87],[298.163,9.782],[298.169,9.733],[298.195,9.706],[298.241,9.677],[298.264,9.631],[298.268,9.702],[298.241,9.754],[298.234,9.814],[298.375,9.816],[298.411,9.895],[298.488,9.848],[298.691,9.633],[298.766,9.598],[298.987,9.556],[299.126,9.453],[299.208,9.361],[299.159,9.264],[299.029,9.215],[298.977,9.155],[298.947,9.095],[298.946,9.035],[298.907,8.966],[298.901,8.941],[298.878,8.843],[298.824,8.725],[298.753,8.6],[298.381,8.597],[298.473,8.546],[298.557,8.509],[298.696,8.41],[298.806,8.488],[298.964,8.493],[299.135,8.579],[299.199,8.592],[299.519,8.547],[299.596,8.61],[299.66,8.629],[299.833,8.617],[299.982,8.549],[300.0,8.541],[300.0,-36.0],[287.217,-36.0],[287.222,-35.979],[287.317,-35.877],[287.413,-35.76],[287.376,-35.586],[287.438,-35.505],[287.495,-35.447],[287.545,-35.341],[287.613,-35.24],[287.776,-35.096],[287.818,-34.92],[287.944,-34.616],[287.969,-34.421],[288.008,-34.288],[287.997,-34.165],[288.073,-34.016],[288.146,-33.89],[288.169,-33.82],[288.336,-33.653],[288.364,-33.519],[288.304,-33.429],[288.303,-33.289],[288.257,-33.095],[288.364,-33.023],[288.408,-32.97],[288.548,-32.66],[288.539,-32.538],[288.579,-32.387],[288.487,-32.208],[288.474,-31.806],[288.423,-31.496],[288.338,-31.17],[288.346,-30.987],[288.294,-30.759],[288.291,-30.628],[288.331,-30.33],[288.6,-30.143],[288.652,-29.933],[288.684,-29.65],[288.673,-29.443],[288.647,-29.35],[288.514,-29.198],[288.481,-28.926],[288.506,-28.855],[288.616,-28.779],[288.693,-28.672],[288.733,-28.508],[288.814,-28.378],[288.846,-28.064],[288.913,-27.814],[288.947,-27.727],[289.054,-27.618],[289.074,-27.589],[289.091,-27.505],[289.086,-27.308],[289.102,-27.188],[289.187,-26.951],[289.197,-26.841],[289.292,-26.597],[289.313,-26.422],[289.353,-26.329],[289.338,-26.225],[289.365,-25.993],[289.3,-25.861],[289.286,-25.784],[289.367,-25.546],[289.422,-25.488],[289.51,-25.376],[289.548,-25.252],[289.555,-25.173],[289.441,-24.779],[289.426,-24.644],[289.454,-24.332],[289.493,-24.13],[289.48,-23.969],[289.493,-23.886],[289.512,-23.782],[289.59,-23.656],[289.608,-23.566],[289.58,-23.529],[289.488,-23.483],[289.412,-23.368],[289.407,-23.255],[289.431,-23.173],[289.437,-23.057],[289.55,-23.034],[289.611,-22.97],[289.668,-22.849],[289.74,-22.556],[289.771,-22.193],[289.815,-21.975],[289.845,-21.867],[289.87,-21.641],[289.912,-21.493],[289.92,-21.357],[289.912,-21.253],[289.803,-20.725],[289.806,-20.531],[289.853,-20.23],[289.852,-19.805],[289.843,-19.706],[289.802,-19.613],[289.79,-19.487],[289.724,-19.268],[289.665,-18.828],[289.664,-18.595],[289.638,-18.398],[289.582,-18.346],[289.508,-18.278],[289.183,-18.053],[289.058,-17.932],[288.943,-17.876],[288.663,-17.683],[288.635,-17.621],[288.601,-17.422],[288.564,-17.366],[288.468,-17.294],[288.226,-17.199],[288.132,-17.151],[288.033,-17.064],[287.889,-17.003],[287.731,-16.876],[287.637,-16.775],[287.532,-16.708],[287.206,-16.615],[287.042,-16.521],[286.736,-16.389],[286.6,-16.304],[286.272,-16.202],[286.175,-16.153],[285.853,-15.912],[285.627,-15.834],[285.445,-15.699],[284.896,-15.412],[284.809,-15.32],[284.725,-15.178],[284.603,-15.094],[284.466,-14.899],[284.262,-14.785],[284.066,-14.634],[283.994,-14.496],[283.864,-14.32],[283.825,-14.227],[283.711,-14.133],[283.703,-13.948],[283.624,-13.863],[283.681,-13.821],[283.741,-13.803],[283.816,-13.515],[283.776,-13.371],[283.573,-13.11],[283.498,-12.984],[283.445,-12.823],[283.363,-12.728],[283.242,-12.527],[283.168,-12.349],[283.006,-12.219],[282.962,-12.173],[282.937,-12.107],[282.847,-12.06],[282.842,-11.923],[282.78,-11.663],[282.69,-11.532],[282.367,-11.288],[282.361,-11.194],[282.336,-11.022],[282.264,-10.837],[281.905,-10.261],[281.814,-10.089],[281.724,-9.81],[281.644,-9.652],[281.554,-9.371],[281.42,-9.157],[281.335,-8.971],[281.245,-8.74],[281.238,-8.617],[281.075,-8.405],[280.988,-8.21],[280.836,-8.047],[280.687,-7.923],[280.623,-7.836],[280.411,-7.419],[280.382,-7.296],[280.238,-7.067],[280.095,-6.902],[280.005,-6.769],[279.89,-6.65],[279.188,-6.282],[278.942,-6.129],[278.858,-6.057],[278.819,-5.942],[278.836,-5.875],[278.908,-5.812],[279.008,-5.861],[279.069,-5.841],[279.117,-5.759],[279.118,-5.635],[279.057,-5.475],[278.832,-5.167],[278.849,-5.102],[278.892,-5.028],[278.805,-4.879],[278.711,-4.761],[278.663,-4.67],[278.717,-4.322],[278.768,-4.234],[279.108,-3.882],[279.201,-3.731],[279.347,-3.638],[279.496,-3.496],[279.675,-3.388],[279.697,-3.375],[279.84,-3.324],[279.9,-3.274],[279.973,-3.228],[280.037,-3.158],[280.078,-3.09],[280.177,-2.777],[280.27,-2.579],[280.254,-2.485],[280.178,-2.357],[280.16,-2.168],[280.167,-2.111],[280.158,-2.067],[280.107,-2.146],[280.12,-2.424],[280.074,-2.549],[280.011,-2.579],[279.97,-2.557],[279.993,-2.354],[279.947,-2.391],[279.873,-2.528],[279.751,-2.631],[279.745,-2.665],[279.715,-2.707],[279.621,-2.668],[279.55,-2.626],[279.315,-2.397],[279.161,-2.349],[279.068,-2.269],[279.048,-2.235],[279.037,-2.189],[279.132,-2.141],[279.23,-2.077],[279.239,-1.935],[279.237,-1.823],[279.165,-1.632],[279.199,-1.383],[279.18,-1.286],[279.098,-1.079],[279.159,-0.975],[279.376,-0.899],[279.446,-0.848],[279.495,-0.684],[279.545,-0.585],[279.642,-0.625],[279.718,-0.621],[279.615,-0.584],[279.532,-0.436],[279.518,-0.368],[279.679,-0.166],[279.763,-0.113],[279.867,-0.006],[279.954,0.155],[279.975,0.41],[279.939,0.592],[279.912,0.785],[279.964,0.835],[280.096,0.86],[280.204,0.922],[280.259,0.98],[280.387,0.971],[280.535,1.06],[280.771,1.105],[281.1,1.206],[281.173,1.296],[281.14,1.455],[281.112,1.524],[280.975,1.624],[281.042,1.752],[281.207,1.849],[281.423,1.774],[281.45,1.924],[281.371,2.056],[281.383,2.307],[281.408,2.357],[281.465,2.424],[281.54,2.47],[281.583,2.483],[281.657,2.461],[281.704,2.51],[281.88,2.488],[281.933,2.509],[281.97,2.543],[282.013,2.569],[282.068,2.629],[282.099,2.699],[282.125,2.726],[282.186,2.716],[282.192,2.746],[282.223,2.787],[282.33,2.879],[282.329,2.919],[282.299,3.008],[282.306,3.04],[282.368,3.051],[282.441,3.076],[282.48,3.16],[282.528,3.234],[282.583,3.342],[282.643,3.349],[282.676,3.475],[282.757,3.585],[282.923,3.913],[282.873,3.906],[282.833,3.862],[282.788,3.867],[282.736,3.893],[282.752,4.041],[282.722,4.058],[282.642,3.945],[282.573,4.06],[282.566,4.131],[282.596,4.201],[282.591,4.248],[282.479,4.213],[282.484,4.256],[282.554,4.301],[282.586,4.348],[282.646,4.398],[282.672,4.475],[282.686,4.594],[282.714,4.722],[282.693,4.785],[282.661,4.839],[282.633,5.077],[282.641,5.215],[282.627,5.324],[282.598,5.416],[282.466,5.537],[282.675,5.676],[282.751,5.78],[282.655,5.995],[282.531,6.177],[282.527,6.286],[282.56,6.272],[282.602,6.275],[282.64,6.504],[282.631,6.576],[282.561,6.69],[282.474,6.693],[282.398,6.837],[282.354,6.87],[282.319,6.96],[282.196,7.137],[282.099,7.229],[282.07,7.256],[281.83,7.544],[281.622,7.9],[281.578,8.061],[281.632,8.071],[281.685,8.067],[281.713,8.092],[281.745,8.139],[281.719,8.248],[281.82,8.33],[281.858,8.386],[281.886,8.38],[281.952,8.285],[282.048,8.23],[282.166,8.151],[282.239,8.133],[282.147,8.216],[281.988,8.325],[281.943,8.397],[281.901,8.497],[281.838,8.454],[281.809,8.417],[281.777,8.397],[281.749,8.421],[281.744,8.454],[281.65,8.46],[281.626,8.489],[281.601,8.506],[281.612,8.443],[281.631,8.405],[281.621,8.359],[281.59,8.355],[281.564,8.403],[281.531,8.447],[281.486,8.628],[281.379,8.714],[281.33,8.742],[281.29,8.753],[281.23,8.811],[281.152,8.842],[281.045,8.933],[280.914,8.997],[280.753,9.02],[280.558,9.006],[280.493,8.97],[280.448,8.924],[280.428,8.903],[280.313,8.851],[280.269,8.775],[280.241,8.712],[280.184,8.639],[280.25,8.596],[279.874,8.35],[279.8,8.314],[279.631,8.289],[279.592,8.262],[279.541,8.214],[279.534,8.14],[279.542,8.077],[279.591,8.029],[279.634,7.998],[279.739,7.852],[279.925,7.667],[279.96,7.6],[279.989,7.5],[279.933,7.453],[279.889,7.433],[279.713,7.426],[279.652,7.386],[279.627,7.325],[279.561,7.275],[279.333,7.226],[279.154,7.22],[279.099,7.277],[279.085,7.438],[278.965,7.711],[278.936,7.9],[278.906,7.876],[278.842,7.854],[278.821,7.808],[278.805,7.668],[278.781,7.621],[278.732,7.625],[278.63,7.675],[278.496,7.721],[278.324,8.016],[278.306,8.071],[278.272,8.138],[278.14,8.165],[278.027,8.215],[277.903,8.223],[277.84,8.195],[277.776,8.23],[277.765,8.311],[277.635,8.275],[277.469,8.287],[277.32,8.322],[277.219,8.304],[277.134,8.246],[277.146,8.1],[277.121,8.071],[277.053,8.182],[276.959,8.288],[276.877,8.353],[276.87,8.505],[276.838,8.588],[276.714,8.664],[276.609,8.718],[276.53,8.707],[276.578,8.619],[276.702,8.507],[276.71,8.464],[276.708,8.406],[276.623,8.415],[276.548,8.438],[276.456,8.446],[276.395,8.48],[276.266,8.614],[276.358,8.729],[276.386,8.804],[276.384,8.96],[276.363,9.035],[276.263,9.15],[276.104,9.276],[275.882,9.379],[275.778,9.463],[275.517,9.526],[275.418,9.568],[275.341,9.647],[275.33,9.703],[275.357,9.789],[275.285,9.899],[274.975,10.116],[274.802,10.195],[274.764,10.242],[274.737,10.257],[274.763,10.107],[274.839,10.017],[275.037,9.933],[275.092,9.885],[275.114,9.821],[274.999,9.699],[274.94,9.668],[274.923,9.602],[274.885,9.582],[274.846,9.62],[274.685,9.811],[274.375,9.902],[274.319,9.959],[274.204,10.133],[274.15,10.292],[274.169,10.398],[274.297,10.563],[274.337,10.635],[274.329,10.68],[274.333,10.745],[274.285,10.791],[274.167,10.85],[274.092,10.898],[274.113,10.921],[274.248,10.985],[274.256,11.043],[274.256,11.062],[274.255,11.089],[274.171,11.199],[274.039,11.331],[273.531,11.738],[273.344,11.982],[273.244,12.157],[273.149,12.248],[272.875,12.434],[272.812,12.508],[272.54,12.758],[272.332,12.904],[272.33,12.966],[272.415,13.043],[272.457,13.04],[272.502,12.984],[272.576,12.921],[272.61,12.921],[272.661,12.95],[272.663,12.979],[272.667,13.085],[272.587,13.127],[272.542,13.215],[272.502,13.275],[272.515,13.311],[272.511,13.353],[272.398,13.386],[272.292,13.36],[272.231,13.377],[272.186,13.399],[272.162,13.386],[272.179,13.285],[272.122,13.224],[272.069,13.181],[271.977,13.169],[271.819,13.164],[271.583,13.214],[271.408,13.281],[271.314,13.281],[271.344,13.259],[271.418,13.245],[271.516,13.197],[271.488,13.184],[271.133,13.283],[270.722,13.478],[270.477,13.509],[270.196,13.56],[270.03,13.683],[269.905,13.737],[269.521,13.901],[269.393,13.929],[268.854,13.926],[268.623,13.99],[268.359,14.115],[268.181,14.228],[267.765,14.545],[267.735,14.568],[267.469,14.84],[267.191,15.139],[267.082,15.236],[266.976,15.31],[266.833,15.448],[266.459,15.75],[266.266,15.888],[266.084,16.054],[265.921,16.145],[265.76,16.205],[265.689,16.239],[265.626,16.285],[265.591,16.287],[265.574,16.226],[265.63,16.195],[265.697,16.169],[265.75,16.168],[265.807,16.146],[265.972,16.062],[265.999,16.019],[265.529,16.187],[265.338,16.202],[265.318,16.228],[265.413,16.316],[265.383,16.348],[265.349,16.352],[265.247,16.291],[265.209,16.287],[265.203,16.327],[265.207,16.365],[265.141,16.42],[265.1,16.417],[265.065,16.379],[264.976,16.306],[264.979,16.278],[265.154,16.247],[265.214,16.229],[265.201,16.21],[265.051,16.21],[264.866,16.177],[264.536,15.975],[264.228,15.888],[263.786,15.693],[263.591,15.683],[263.489,15.652],[263.192,15.726],[262.815,15.909],[262.245,15.967],[261.861,16.206],[261.48,16.305],[261.238,16.535],[261.092,16.545],[260.998,16.581],[260.652,16.665],[260.309,16.72],[259.975,16.921],[259.757,16.984],[259.568,17.064],[259.152,17.2],[258.998,17.276],[258.852,17.393],[258.615,17.514],[258.513,17.615],[258.4,17.652],[258.238,17.842],[258.153,17.922],[258.081,17.96],[258.004,17.973],[257.783,17.957],[257.453,18.041],[257.3,18.063],[256.981,18.187],[256.558,18.325],[256.42,18.484],[256.301,18.633],[256.088,18.828],[255.954,18.912],[255.723,19.011],[255.595,19.091],[255.397,19.153],[255.062,19.309],[254.955,19.443],[254.892,19.562],[254.714,19.706],[254.518,19.976],[254.468,20.075],[254.43,20.228],[254.384,20.316],[254.331,20.386],[254.358,20.436],[254.457,20.498],[254.623,20.512],[254.74,20.579],[254.755,20.634],[254.748,20.669],[254.673,20.753],[254.58,20.775],[254.508,20.777],[254.489,20.809],[254.544,20.844],[254.606,20.926],[254.698,21.027],[254.763,21.119],[254.775,21.25],[254.767,21.38],[254.791,21.491],[254.569,21.618],[254.543,21.672],[254.473,21.818],[254.351,21.988],[254.354,22.327],[254.208,22.627],[254.057,22.777],[253.978,22.829],[253.765,23.061],[253.598,23.196],[253.433,23.449],[253.271,23.611],[253.065,23.881],[252.915,24.016],[252.235,24.472],[252.273,24.472],[252.473,24.36],[252.506,24.369],[252.511,24.424],[252.488,24.489],[252.451,24.505],[252.398,24.49],[252.326,24.504],[252.29,24.525],[252.183,24.539],[252.049,24.615],[251.991,24.694],[251.985,24.783],[251.792,24.975],[251.719,25.082],[251.757,25.074],[251.808,25.031],[251.86,25.018],[251.92,25.018],[251.964,25.035],[251.949,25.067],[251.907,25.094],[251.626,25.194],[251.534,25.265],[251.304,25.383],[251.249,25.424],[251.213,25.538],[251.156,25.543],[251.107,25.512],[250.971,25.48],[250.937,25.517],[250.932,25.552],[251.027,25.588],[251.115,25.696],[251.113,25.733],[251.065,25.69],[250.992,25.642],[250.916,25.615],[250.804,25.593],[250.746,25.609],[250.696,25.633],[250.615,25.727],[250.574,26.033],[250.646,26.138],[250.729,26.243],[250.8,26.305],[250.841,26.258],[250.883,26.253],[250.854,26.306],[250.784,26.355],[250.759,26.405],[250.757,26.45],[250.724,26.534],[250.517,26.71],[250.324,26.697],[250.245,26.703],[250.172,26.77],[250.109,26.883],[250.078,26.978],[250.074,27.029],[250.056,27.079],[249.723,27.162],[249.623,27.233],[249.522,27.323],[249.481,27.396],[249.439,27.45],[249.407,27.544],[249.385,27.654],[249.422,27.796],[249.47,27.864],[249.241,27.915],[249.151,27.918],[249.079,27.889],[249.014,27.926],[248.879,27.967],[248.718,28.115],[248.528,28.384],[248.32,28.471],[248.253,28.564],[248.168,28.648],[248.093,28.752],[248.081,28.798],[248.059,28.823],[247.955,28.896],[247.838,29.019],[247.808,29.118],[247.777,29.269],[247.699,29.323],[247.622,29.348],[247.607,29.42],[247.611,29.46],[247.585,29.536],[247.427,29.72],[247.347,29.87],[247.303,29.917],[247.262,29.985],[247.241,30.126],[247.175,30.3],[247.048,30.51],[246.942,30.651],[246.89,30.793],[246.913,30.938],[246.895,31.027],[246.881,31.048],[246.892,31.077],[246.927,31.061],[246.957,31.087],[246.953,31.179],[246.916,31.207],[246.814,31.236],[246.769,31.256],[246.519,31.294],[246.377,31.346],[246.367,31.468],[246.3,31.523],[246.241,31.558],[246.052,31.629],[246.023,31.593],[245.997,31.525],[245.919,31.51],[245.851,31.507],[245.736,31.554],[245.451,31.734],[245.391,31.762],[245.302,31.777],[245.259,31.806],[245.066,31.901],[245.105,31.851],[245.16,31.799],[245.21,31.647],[245.152,31.538],[245.118,31.156],[245.155,31.08],[245.239,30.959],[245.297,30.765],[245.315,30.621],[245.367,30.507],[245.35,30.238],[245.37,30.156],[245.45,30.022],[245.597,29.896],[245.627,29.83],[245.821,29.734],[245.938,29.61],[246.171,29.439],[246.245,29.367],[246.455,29.102],[246.462,29.023],[246.5,28.927],[246.618,28.947],[246.671,28.873],[246.665,28.839],[246.679,28.813],[246.741,28.819],[246.794,28.799],[246.906,28.512],[246.966,28.473],[247.043,28.456],[247.129,28.424],[247.135,28.351],[247.132,28.292],[247.204,28.207],[247.192,28.092],[247.251,27.995],[247.242,27.901],[247.266,27.826],[247.447,27.657],[247.671,27.523],[247.717,27.347],[247.809,27.187],[247.902,27.146],[247.996,27.079],[247.984,27.01],[247.991,26.967],[248.117,26.84],[248.137,26.679],[248.246,26.573],[248.277,26.564],[248.301,26.581],[248.221,26.687],[248.183,26.756],[248.178,26.865],[248.205,26.88],[248.43,26.708],[248.454,26.579],[248.53,26.507],[248.535,26.408],[248.581,26.35],[248.595,26.265],[248.668,26.125],[248.67,25.931],[248.708,25.79],[248.85,25.573],[248.966,25.527],[248.986,25.42],[249.106,25.144],[249.244,24.995],[249.313,24.868],[249.323,24.789],[249.271,24.672],[249.265,24.59],[249.341,24.341],[249.453,24.214],[249.579,24.183],[249.6,24.165],[249.59,24.131],[249.633,24.1],[249.68,24.139],[249.703,24.195],[249.679,24.259],[249.675,24.306],[249.696,24.339],[249.737,24.345],[249.977,24.175],[250.017,24.109],[250.107,24.033],[250.189,23.939],[250.224,23.865],[250.289,23.804],[250.323,23.662],[250.49,23.598],[250.579,23.48],[250.585,23.406],[250.542,23.215],[250.504,23.16],[250.37,23.079],[250.272,22.982],[250.177,22.922],[250.077,22.886],[249.994,22.894],[249.914,23.005],[249.819,23.342],[249.756,23.412],[249.711,23.518],[249.637,23.605],[249.37,23.737],[249.235,23.877],[249.104,23.97],[248.964,24.105],[248.581,24.329],[248.422,24.443],[248.317,24.556],[248.25,24.554],[248.198,24.543],[248.178,24.573],[248.175,24.632],[248.152,24.67],[247.927,24.84],[247.881,24.934],[247.871,25.043],[247.922,25.324],[247.944,25.488],[247.93,25.573],[247.907,25.584],[247.885,25.63],[247.88,25.766],[247.826,25.913],[247.623,26.214],[247.474,26.273],[247.342,26.317],[246.979,26.583],[246.881,26.717],[246.857,26.792],[246.844,26.946],[246.794,26.857],[246.728,26.791],[246.574,26.796],[246.401,26.721],[246.299,26.791],[246.243,26.871],[246.159,26.967],[246.064,26.985],[246.004,26.988],[245.89,27.106],[245.798,27.144],[245.667,27.158],[245.555,27.218],[245.52,27.284],[245.502,27.376],[245.46,27.431],[245.284,27.54],[245.141,27.659],[245.006,27.736],[244.967,27.799],[244.964,27.842],[245.176,27.83],[245.43,27.784],[245.552,27.797],[245.627,27.841],[245.699,27.873],[245.711,27.839],[245.698,27.776],[245.767,27.718],[245.863,27.671],[245.931,27.676],[245.865,27.727],[245.825,27.831],[245.843,27.868],[245.842,27.92],[245.747,27.908],[245.734,27.934],[245.815,28.013],[245.907,28.221],[245.952,28.426],[245.854,28.605],[245.691,28.73],[245.336,29.095],[245.124,29.282],[245.063,29.352],[245.006,29.384],[244.834,29.427],[244.689,29.532],[244.435,29.68],[244.326,29.756],[244.251,29.936],[244.192,29.96],[244.21,30.084],[244.184,30.304],[244.142,30.36],[244.004,30.414],[243.971,30.564],[243.965,30.705],[243.938,30.804],[243.704,30.971],[243.69,31.051],[243.69,31.127],[243.667,31.203],[243.542,31.361],[243.39,31.499],[243.338,31.565],[243.332,31.699],[243.278,31.735],[243.298,31.744],[243.348,31.74],[243.376,31.758],[243.379,31.851],[243.152,31.997],[243.086,32.199],[242.965,32.305],[242.937,32.344],[242.872,32.533],[242.87,32.54],[242.863,32.649],[242.816,32.688],[242.757,32.664],[242.729,32.806],[242.744,32.873],[242.737,32.939],[242.681,33.1],[242.533,33.296],[242.211,33.538],[242.048,33.62],[241.919,33.722],[241.838,33.751],[241.736,33.759],[241.706,33.712],[241.59,33.744],[241.607,33.858],[241.494,34.017],[241.401,34.035],[241.168,34.024],[240.856,34.112],[240.764,34.164],[240.732,34.257],[240.586,34.339],[240.394,34.418],[240.287,34.4],[240.147,34.412],[239.947,34.469],[239.83,34.476],[239.604,34.46],[239.519,34.472],[239.44,34.544],[239.355,34.58],[239.373,34.669],[239.362,34.749],[239.375,34.812],[239.337,34.949],[239.366,35.076],[239.341,35.122],[239.293,35.158],[239.143,35.21],[239.115,35.275],[239.14,35.365],[239.1,35.425],[238.977,35.481],[238.862,35.607],[238.716,35.676],[238.656,35.792],[238.566,35.864],[238.535,35.927],[238.471,36.0],[283.278,36.0],[283.274,35.958]]]}},{"type":"Feature","properties":{},"geometry":{"type":"Polygon","coordinates":[[[126.159,34.707],[126.115,34.714],[126.071,34.783],[126.052,34.838],[126.008,34.867],[126.078,34.915],[126.169,34.83],[126.172,34.731],[126.159,34.707]]]}},{"type":"Feature","properties":{},"geometry":{"type":"Polygon","coordinates":[[[220.379,-8.948],[220.368,-8.899],[220.388,-8.872],[220.416,-8.86],[220.465,-8.875],[220.492,-8.897],[220.49,-8.916],[220.444,-8.94],[220.379,-8.948]]]}},{"type":"Feature","properties":{},"geometry":{"type":"Polygon","coordinates":[[[157.643,-8.794],[157.586,-8.783],[157.458,-8.73],[157.454,-8.706],[157.526,-8.697],[157.579,-8.704],[157.623,-8.735],[157.645,-8.759],[157.643,-8.794]]]}},{"type":"Feature","properties":{},"geometry":{"type":"Polygon","coordinates":[[[179.987,-16.541],[179.985,-16.522],[180.0,-16.489],[180.0,-16.54],[179.987,-16.541]]]}},{"type":"Feature","properties":{},"geometry":{"type":"Polygon","coordinates":[[[180.0,-16.168],[180.0,-16.156],[180.0,-16.153],[180.031,-16.126],[180.055,-16.126],[180.044,-16.149],[180.0,-16.168]]]}},{"type":"Feature","properties":{},"geometry":{"type":"Polygon","coordinates":[[[274.053,16.404],[274.039,16.43],[274.076,16.483],[274.122,16.514],[274.166,16.511],[274.156,16.488],[274.129,16.462],[274.053,16.404]]]}},{"type":"Feature","properties":{},"geometry":{"type":"Polygon","coordinates":[[[166.939,-0.551],[166.916,-0.546],[166.907,-0.524],[166.914,-0.499],[166.939,-0.489],[166.956,-0.497],[166.958,-0.517],[166.939,-0.551]]]}},{"type":"Feature","properties":{},"geometry":{"type":"Polygon","coordinates":[[[169.615,5.8],[169.591,5.802],[169.612,5.824],[169.627,5.856],[169.651,5.945],[169.7,5.977],[169.735,6.014],[169.726,5.976],[169.673,5.935],[169.635,5.83],[169.615,5.8]]]}},{"type":"Feature","properties":{},"geometry":{"type":"Polygon","coordinates":[[[172.906,3.096],[172.887,3.101],[172.963,3.149],[172.962,3.143],[172.97,3.129],[172.906,3.096]]]}},{"type":"Feature","properties":{},"geometry":{"type":"Polygon","coordinates":[[[172.77,3.013],[172.75,3.033],[172.777,3.034],[172.827,3.071],[172.887,3.074],[172.88,3.054],[172.844,3.051],[172.77,3.013]]]}},{"type":"Feature","properties":{},"geometry":{"type":"Polygon","coordinates":[[[173.024,1.823],[172.967,1.885],[172.933,1.926],[172.935,1.944],[172.95,1.933],[172.969,1.913],[172.982,1.897],[173.019,1.846],[173.024,1.823]]]}},{"type":"Feature","properties":{},"geometry":{"type":"Polygon","coordinates":[[[172.993,1.713],[173.02,1.727],[173.028,1.747],[173.024,1.809],[173.038,1.804],[173.043,1.779],[173.045,1.742],[173.029,1.717],[172.993,1.713]]]}},{"type":"Feature","properties":{},"geometry":{"type":"Polygon","coordinates":[[[173.087,0.973],[173.079,0.946],[173.061,0.915],[172.991,0.835],[172.97,0.843],[173.039,0.915],[173.065,0.963],[173.026,0.999],[173.01,0.991],[173.004,0.991],[172.99,1.025],[173.004,1.025],[173.033,1.013],[173.087,0.973]]]}},{"type":"Feature","properties":{},"geometry":{"type":"Polygon","coordinates":[[[174.476,-0.829],[174.464,-0.804],[174.48,-0.774],[174.453,-0.647],[174.408,-0.63],[174.381,-0.592],[174.394,-0.592],[174.439,-0.627],[174.475,-0.642],[174.495,-0.726],[174.509,-0.802],[174.476,-0.829]]]}},{"type":"Feature","properties":{},"geometry":{"type":"Polygon","coordinates":[[[174.779,-1.263],[174.756,-1.256],[174.748,-1.236],[174.741,-1.185],[174.717,-1.134],[174.744,-1.147],[174.767,-1.187],[174.773,-1.212],[174.779,-1.263]]]}},{"type":"Feature","properties":{},"geometry":{"type":"Polygon","coordinates":[[[168.815,7.294],[168.719,7.303],[168.675,7.322],[168.679,7.336],[168.755,7.322],[168.83,7.309],[168.815,7.294]]]}},{"type":"Feature","properties":{},"geometry":{"type":"Polygon","coordinates":[[[171.615,7.027],[171.688,7.028],[171.757,6.973],[171.73,6.977],[171.693,7.0],[171.659,7.01],[171.614,7.007],[171.593,7.016],[171.577,7.048],[171.615,7.027]]]}},{"type":"Feature","properties":{},"geometry":{"type":"Polygon","coordinates":[[[171.227,7.087],[171.394,7.111],[171.367,7.096],[171.305,7.081],[171.263,7.069],[171.235,7.069],[171.202,7.074],[171.096,7.109],[171.036,7.156],[171.05,7.172],[171.102,7.138],[171.227,7.087]]]}},{"type":"Feature","properties":{},"geometry":{"type":"Polygon","coordinates":[[[181.897,-14.325],[181.841,-14.312],[181.806,-14.255],[181.822,-14.232],[181.858,-14.243],[181.895,-14.284],[181.956,-14.303],[181.953,-14.318],[181.897,-14.325]]]}},{"type":"Feature","properties":{},"geometry":{"type":"Polygon","coordinates":[[[219.196,-17.876],[219.159,-17.873],[219.148,-17.867],[219.149,-17.831],[219.176,-17.788],[219.196,-17.752],[219.239,-17.718],[219.314,-17.684],[219.35,-17.67],[219.362,-17.678],[219.348,-17.683],[219.224,-17.754],[219.185,-17.804],[219.167,-17.838],[219.171,-17.849],[219.191,-17.857],[219.196,-17.876]]]}},{"type":"Feature","properties":{},"geometry":{"type":"Polygon","coordinates":[[[223.686,-18.566],[223.684,-18.545],[223.656,-18.535],[223.617,-18.514],[223.564,-18.489],[223.536,-18.485],[223.521,-18.471],[223.541,-18.463],[223.574,-18.474],[223.62,-18.497],[223.672,-18.519],[223.706,-18.544],[223.686,-18.566]]]}},{"type":"Feature","properties":{},"geometry":{"type":"Polygon","coordinates":[[[223.029,-18.361],[222.932,-18.265],[222.97,-18.273],[223.028,-18.342],[223.029,-18.361]]]}},{"type":"Feature","properties":{},"geometry":{"type":"Polygon","coordinates":[[[221.465,-20.876],[221.476,-20.851],[221.454,-20.795],[221.432,-20.787],[221.454,-20.771],[221.485,-20.813],[221.494,-20.857],[221.465,-20.876]]]}},{"type":"Feature","properties":{},"geometry":{"type":"Polygon","coordinates":[[[219.328,-18.416],[219.304,-18.399],[219.227,-18.364],[219.218,-18.334],[219.315,-18.38],[219.328,-18.416]]]}},{"type":"Feature","properties":{},"geometry":{"type":"Polygon","coordinates":[[[219.177,-18.217],[219.14,-18.199],[219.105,-18.148],[219.041,-18.085],[219.026,-18.059],[219.075,-18.084],[219.107,-18.121],[219.17,-18.189],[219.177,-18.217]]]}},{"type":"Feature","properties":{},"geometry":{"type":"Polygon","coordinates":[[[217.47,-16.107],[217.493,-16.028],[217.519,-16.018],[217.488,-16.096],[217.47,-16.107]]]}},{"type":"Feature","properties":{},"geometry":{"type":"Polygon","coordinates":[[[216.614,-16.669],[216.541,-16.635],[216.449,-16.621],[216.484,-16.612],[216.535,-16.614],[216.559,-16.62],[216.614,-16.669]]]}},{"type":"Feature","properties":{},"geometry":{"type":"Polygon","coordinates":[[[216.389,-16.64],[216.293,-16.581],[216.33,-16.581],[216.385,-16.618],[216.429,-16.635],[216.389,-16.64]]]}},{"type":"Feature","properties":{},"geometry":{"type":"Polygon","coordinates":[[[214.942,-15.901],[214.924,-15.858],[214.862,-15.788],[214.839,-15.757],[214.866,-15.762],[214.949,-15.856],[214.942,-15.901]]]}},{"type":"Feature","properties":{},"geometry":{"type":"Polygon","coordinates":[[[214.518,-16.347],[214.497,-16.346],[214.46,-16.295],[214.447,-16.251],[214.423,-16.201],[214.391,-16.165],[214.387,-16.132],[214.386,-16.079],[214.423,-16.16],[214.458,-16.225],[214.483,-16.278],[214.513,-16.33],[214.518,-16.347]]]}},{"type":"Feature","properties":{},"geometry":{"type":"Polygon","coordinates":[[[173.011,1.338],[173.029,1.359],[173.143,1.381],[173.153,1.388],[173.172,1.375],[173.171,1.363],[173.163,1.358],[173.106,1.357],[173.062,1.346],[173.038,1.342],[173.011,1.338]]]}},{"type":"Feature","properties":{},"geometry":{"type":"Polygon","coordinates":[[[287.377,20.014],[287.361,19.986],[287.26,20.003],[287.156,20.035],[287.122,20.027],[287.101,20.031],[287.04,20.062],[287.093,20.086],[287.149,20.094],[287.209,20.092],[287.336,20.038],[287.377,20.014]]]}},{"type":"Feature","properties":{},"geometry":{"type":"Polygon","coordinates":[[[142.17,26.616],[142.107,26.722],[142.125,26.726],[142.162,26.71],[142.202,26.649],[142.188,26.617],[142.17,26.616]]]}},{"type":"Feature","properties":{},"geometry":{"type":"Polygon","coordinates":[[[129.562,35.948],[129.485,35.687],[129.419,35.498],[129.329,35.333],[129.214,35.182],[129.077,35.123],[128.98,35.102],[128.796,35.094],[128.643,35.12],[128.511,35.101],[128.458,35.069],[128.419,35.016],[128.448,34.932],[128.444,34.87],[128.388,34.875],[128.276,34.911],[128.152,34.916],[128.095,34.934],[128.036,35.022],[127.977,35.019],[127.873,34.966],[127.715,34.955],[127.659,34.926],[127.639,34.89],[127.662,34.843],[127.742,34.783],[127.715,34.721],[127.632,34.69],[127.565,34.766],[127.524,34.84],[127.477,34.844],[127.404,34.823],[127.39,34.743],[127.423,34.688],[127.479,34.625],[127.401,34.553],[127.381,34.501],[127.325,34.463],[127.173,34.546],[127.195,34.605],[127.261,34.662],[127.269,34.72],[127.247,34.755],[127.031,34.607],[126.897,34.439],[126.826,34.451],[126.796,34.494],[126.755,34.512],[126.611,34.404],[126.584,34.318],[126.531,34.314],[126.508,34.351],[126.506,34.428],[126.482,34.494],[126.333,34.59],[126.264,34.673],[126.301,34.72],[126.426,34.695],[126.525,34.698],[126.505,34.738],[126.473,34.756],[126.539,34.779],[126.593,34.824],[126.548,34.837],[126.479,34.81],[126.421,34.823],[126.398,34.933],[126.327,35.045],[126.291,35.154],[126.361,35.217],[126.396,35.314],[126.46,35.456],[126.493,35.501],[126.582,35.534],[126.614,35.571],[126.565,35.59],[126.487,35.606],[126.488,35.647],[126.542,35.669],[126.602,35.714],[126.717,35.769],[126.753,35.872],[126.72,35.898],[126.647,35.922],[126.664,35.975],[126.683,36.0],[129.567,36.0],[129.562,35.948]]]}},{"type":"Feature","properties":{},"geometry":{"type":"Polygon","coordinates":[[[120.285,35.984],[120.219,35.935],[120.055,35.861],[120.027,35.799],[119.979,35.74],[119.912,35.693],[119.866,35.644],[119.811,35.618],[119.72,35.589],[119.608,35.47],[119.526,35.359],[119.43,35.301],[119.353,35.114],[119.216,35.012],[119.165,34.849],[119.201,34.748],[119.351,34.749],[119.427,34.714],[119.583,34.582],[119.77,34.496],[119.964,34.448],[120.201,34.326],[120.267,34.274],[120.323,34.169],[120.426,33.866],[120.5,33.716],[120.505,33.638],[120.616,33.491],[120.734,33.237],[120.871,33.017],[120.897,32.843],[120.853,32.764],[120.853,32.661],[120.99,32.567],[121.293,32.457],[121.342,32.425],[121.401,32.372],[121.404,32.206],[121.451,32.153],[121.491,32.121],[121.674,32.051],[121.751,31.993],[121.832,31.9],[121.856,31.816],[121.866,31.704],[121.764,31.7],[121.681,31.712],[121.352,31.859],[121.266,31.863],[121.146,31.842],[120.974,31.869],[120.792,32.032],[120.661,32.081],[120.52,32.106],[120.184,31.966],[120.099,31.976],[120.074,31.96],[120.036,31.936],[120.192,31.906],[120.347,31.952],[120.497,32.02],[120.716,31.984],[120.752,31.923],[120.788,31.82],[120.938,31.75],[121.055,31.719],[121.205,31.628],[121.351,31.485],[121.661,31.32],[121.786,31.163],[121.834,31.062],[121.878,30.917],[121.769,30.87],[121.675,30.864],[121.528,30.841],[121.419,30.79],[121.31,30.7],[120.998,30.558],[120.938,30.47],[120.897,30.393],[120.821,30.355],[120.63,30.391],[120.45,30.388],[120.246,30.284],[120.195,30.241],[120.229,30.25],[120.261,30.263],[120.353,30.247],[120.495,30.303],[120.633,30.133],[120.904,30.161],[121.159,30.302],[121.258,30.304],[121.341,30.282],[121.433,30.227],[121.678,29.979],[121.812,29.952],[121.944,29.894],[122.017,29.888],[122.083,29.87],[121.906,29.78],[121.677,29.584],[121.575,29.537],[121.506,29.485],[121.69,29.511],[121.822,29.605],[121.888,29.628],[121.941,29.606],[121.968,29.491],[121.918,29.135],[121.854,29.129],[121.791,29.226],[121.717,29.256],[121.656,29.236],[121.534,29.237],[121.487,29.193],[121.448,29.131],[121.521,29.118],[121.665,29.011],[121.68,28.953],[121.641,28.916],[121.54,28.932],[121.662,28.851],[121.63,28.768],[121.59,28.735],[121.519,28.714],[121.475,28.641],[121.538,28.521],[121.602,28.367],[121.61,28.292],[121.51,28.324],[121.355,28.23],[121.272,28.222],[121.217,28.346],[121.146,28.327],[121.098,28.291],[121.035,28.157],[120.959,28.037],[120.892,28.004],[120.813,28.013],[120.748,28.01],[120.763,27.977],[120.833,27.938],[120.833,27.891],[120.685,27.745],[120.661,27.688],[120.665,27.639],[120.588,27.581],[120.629,27.482],[120.608,27.412],[120.54,27.318],[120.469,27.256],[120.385,27.156],[120.279,27.097],[120.139,26.886],[120.097,26.781],[120.087,26.672],[120.043,26.634],[119.968,26.586],[119.882,26.61],[119.879,26.683],[119.842,26.689],[119.821,26.737],[119.815,26.798],[119.824,26.846],[119.789,26.831],[119.767,26.775],[119.71,26.729],[119.652,26.747],[119.588,26.785],[119.59,26.73],[119.624,26.676],[119.638,26.621],[119.726,26.609],[119.785,26.547],[119.831,26.45],[119.84,26.414],[119.876,26.371],[119.881,26.334],[119.797,26.3],[119.693,26.236],[119.567,26.127],[119.463,26.055],[119.37,26.054],[119.313,26.063],[119.232,26.104],[119.139,26.122],[119.264,25.975],[119.332,25.949],[119.418,25.954],[119.501,26.009],[119.619,26.004],[119.648,25.919],[119.617,25.823],[119.553,25.699],[119.539,25.591],[119.619,25.437],[119.622,25.391],[119.593,25.368],[119.499,25.409],[119.422,25.46],[119.344,25.446],[119.263,25.468],[119.18,25.45],[119.146,25.414],[119.169,25.356],[119.244,25.307],[119.286,25.232],[119.236,25.206],[119.025,25.223],[118.978,25.209],[118.914,25.127],[118.956,25.005],[118.909,24.929],[118.822,24.911],[118.708,24.85],[118.637,24.836],[118.64,24.809],[118.692,24.782],[118.719,24.746],[118.657,24.621],[118.56,24.58],[118.412,24.601],[118.295,24.573],[118.195,24.626],[118.087,24.627],[118.014,24.56],[118.006,24.482],[117.935,24.474],[117.897,24.48],[117.843,24.474],[117.848,24.432],[117.879,24.396],[118.024,24.38],[118.051,24.327],[118.056,24.246],[117.904,24.106],[117.839,24.012],[117.742,24.015],[117.668,23.939],[117.628,23.837],[117.579,23.857],[117.466,23.841],[117.433,23.792],[117.46,23.771],[117.462,23.736],[117.417,23.621],[117.368,23.589],[117.347,23.636],[117.331,23.709],[117.291,23.714],[117.225,23.647],[117.148,23.599],[117.083,23.579],[117.033,23.623],[116.911,23.647],[116.861,23.453],[116.76,23.383],[116.712,23.36],[116.629,23.354],[116.682,23.327],[116.699,23.278],[116.669,23.228],[116.586,23.218],[116.538,23.18],[116.52,23.007],[116.471,22.946],[116.346,22.941],[116.252,22.981],[116.222,22.95],[116.206,22.919],[116.157,22.887],[116.063,22.879],[115.852,22.802],[115.756,22.824],[115.64,22.853],[115.561,22.825],[115.535,22.765],[115.498,22.719],[115.383,22.719],[115.29,22.776],[115.196,22.817],[115.092,22.782],[115.012,22.709],[114.914,22.685],[114.896,22.64],[114.854,22.617],[114.75,22.626],[114.711,22.739],[114.652,22.755],[114.593,22.698],[114.572,22.654],[114.544,22.621],[114.554,22.529],[114.496,22.527],[114.42,22.583],[114.341,22.593],[114.266,22.541],[114.291,22.499],[114.285,22.458],[114.325,22.437],[114.335,22.396],[114.291,22.374],[114.288,22.325],[114.268,22.296],[114.139,22.348],[114.033,22.376],[113.937,22.365],[113.903,22.396],[113.896,22.428],[114.007,22.484],[114.015,22.512],[113.931,22.531],[113.828,22.607],[113.754,22.734],[113.661,22.802],[113.62,22.861],[113.603,22.969],[113.586,23.02],[113.592,23.077],[113.621,23.127],[113.52,23.102],[113.445,23.055],[113.46,22.996],[113.442,22.941],[113.331,22.912],[113.338,22.889],[113.345,22.865],[113.432,22.789],[113.45,22.726],[113.485,22.692],[113.553,22.594],[113.551,22.404],[113.589,22.35],[113.576,22.297],[113.548,22.223],[113.499,22.202],[113.416,22.178],[113.367,22.165],[113.328,22.145],[113.266,22.089],[113.149,22.075],[113.089,22.208],[113.008,22.119],[112.984,21.938],[112.954,21.907],[112.904,21.881],[112.809,21.945],[112.725,21.902],[112.661,21.859],[112.634,21.82],[112.586,21.777],[112.495,21.818],[112.421,21.881],[112.439,21.927],[112.429,21.958],[112.396,21.981],[112.36,21.978],[112.377,21.917],[112.39,21.801],[112.356,21.768],[112.305,21.742],[112.193,21.763],[112.117,21.806],[112.025,21.843],[111.944,21.85],[111.926,21.776],[111.873,21.717],[111.825,21.71],[111.776,21.719],[111.712,21.655],[111.682,21.608],[111.603,21.559],[111.392,21.535],[111.319,21.486],[111.221,21.494],[111.144,21.482],[111.101,21.485],[111.061,21.511],[111.017,21.512],[110.997,21.43],[110.878,21.396],[110.771,21.387],[110.652,21.279],[110.567,21.214],[110.504,21.207],[110.458,21.231],[110.435,21.327],[110.411,21.338],[110.397,21.248],[110.375,21.172],[110.331,21.131],[110.194,21.038],[110.154,20.945],[110.18,20.859],[110.365,20.838],[110.388,20.791],[110.371,20.752],[110.326,20.72],[110.313,20.672],[110.512,20.518],[110.518,20.46],[110.487,20.427],[110.45,20.355],[110.345,20.295],[110.123,20.264],[109.938,20.295],[109.883,20.364],[109.886,20.413],[109.932,20.399],[109.984,20.403],[109.968,20.448],[109.946,20.474],[109.861,20.514],[109.792,20.622],[109.805,20.711],[109.767,20.781],[109.726,20.839],[109.685,20.874],[109.663,20.917],[109.704,21.053],[109.681,21.132],[109.76,21.228],[109.78,21.337],[109.921,21.376],[109.931,21.481],[109.83,21.484],[109.759,21.56],[109.743,21.528],[109.687,21.525],[109.594,21.672],[109.566,21.691],[109.521,21.693],[109.544,21.538],[109.436,21.479],[109.347,21.454],[109.22,21.443],[109.149,21.426],[109.082,21.44],[109.098,21.487],[109.133,21.544],[109.102,21.59],[109.031,21.627],[108.922,21.624],[108.846,21.634],[108.772,21.63],[108.744,21.651],[108.675,21.725],[108.616,21.77],[108.589,21.816],[108.616,21.869],[108.594,21.901],[108.48,21.905],[108.481,21.829],[108.493,21.739],[108.526,21.671],[108.502,21.633],[108.444,21.607],[108.383,21.679],[108.355,21.697],[108.325,21.694],[108.302,21.622],[108.246,21.558],[108.146,21.565],[108.067,21.526],[107.973,21.508],[107.926,21.499],[107.809,21.497],[107.707,21.406],[107.637,21.368],[107.527,21.336],[107.41,21.285],[107.376,21.194],[107.373,21.128],[107.354,21.055],[107.165,20.949],[107.112,20.96],[107.075,20.999],[107.019,20.991],[106.981,20.971],[106.936,20.974],[106.886,20.95],[106.821,20.958],[106.76,20.991],[106.725,21.0],[106.683,21.0],[106.675,20.96],[106.737,20.806],[106.753,20.735],[106.551,20.527],[106.573,20.392],[106.518,20.289],[106.396,20.206],[106.166,19.992],[106.062,19.987],[105.984,19.939],[105.814,19.587],[105.812,19.467],[105.785,19.379],[105.791,19.294],[105.716,19.128],[105.639,19.057],[105.622,18.966],[105.732,18.779],[105.744,18.746],[105.808,18.646],[105.839,18.574],[105.888,18.502],[106.066,18.316],[106.145,18.259],[106.24,18.221],[106.412,18.053],[106.499,17.946],[106.459,17.874],[106.479,17.72],[106.356,17.765],[106.371,17.747],[106.517,17.663],[106.736,17.367],[106.926,17.221],[107.12,17.056],[107.18,16.898],[107.355,16.794],[107.549,16.643],[107.541,16.609],[107.593,16.568],[107.724,16.488],[107.803,16.403],[107.834,16.322],[107.882,16.31],[107.936,16.329],[107.991,16.337],[108.029,16.331],[108.088,16.243],[108.17,16.164],[108.209,16.091],[108.241,16.101],[108.267,16.09],[108.274,16.029],[108.286,15.989],[108.395,15.872],[108.447,15.763],[108.578,15.585],[108.674,15.484],[108.743,15.427],[108.821,15.378],[108.898,15.181],[108.94,15.001],[109.022,14.803],[109.085,14.716],[109.087,14.553],[109.137,14.384],[109.191,14.27],[109.207,14.154],[109.224,14.097],[109.245,14.053],[109.303,13.856],[109.288,13.765],[109.247,13.855],[109.252,13.591],[109.288,13.451],[109.272,13.279],[109.31,13.219],[109.377,13.025],[109.424,12.956],[109.42,12.719],[109.445,12.6],[109.381,12.671],[109.336,12.752],[109.274,12.709],[109.219,12.646],[109.305,12.391],[109.207,12.415],[109.216,12.073],[109.256,11.993],[109.259,11.955],[109.247,11.909],[109.22,11.959],[109.215,12.01],[109.199,11.999],[109.2,11.972],[109.167,11.912],[109.158,11.837],[109.193,11.773],[109.199,11.725],[109.173,11.665],[109.133,11.601],[109.04,11.593],[109.018,11.468],[108.987,11.336],[108.821,11.315],[108.7,11.199],[108.551,11.156],[108.419,11.041],[108.272,10.934],[108.176,10.92],[108.095,10.897],[108.001,10.72],[107.845,10.7],[107.564,10.555],[107.47,10.486],[107.384,10.459],[107.262,10.398],[107.235,10.42],[107.194,10.472],[107.088,10.498],[107.036,10.556],[107.021,10.631],[107.007,10.661],[106.984,10.618],[106.966,10.441],[106.947,10.4],[106.902,10.383],[106.813,10.433],[106.727,10.536],[106.606,10.465],[106.643,10.456],[106.698,10.462],[106.741,10.444],[106.778,10.376],[106.776,10.339],[106.757,10.296],[106.644,10.289],[106.492,10.304],[106.464,10.298],[106.602,10.232],[106.729,10.193],[106.785,10.151],[106.785,10.116],[106.714,10.06],[106.659,9.991],[106.658,9.949],[106.657,9.901],[106.596,9.86],[106.557,9.868],[106.449,9.94],[106.136,10.222],[106.184,10.142],[106.507,9.821],[106.564,9.716],[106.572,9.641],[106.539,9.604],[106.484,9.559],[106.378,9.556],[106.204,9.675],[105.926,9.962],[105.831,10.001],[106.112,9.674],[106.159,9.594],[106.206,9.502],[106.193,9.448],[106.168,9.397],[105.501,9.093],[105.401,8.962],[105.322,8.801],[105.191,8.711],[105.114,8.629],[104.892,8.583],[104.77,8.598],[104.896,8.747],[104.819,8.802],[104.815,9.185],[104.845,9.606],[104.903,9.816],[104.987,9.869],[105.093,9.901],[105.095,9.945],[105.084,9.996],[105.028,10.067],[104.966,10.101],[104.873,10.115],[104.802,10.203],[104.748,10.199],[104.663,10.17],[104.613,10.208],[104.594,10.267],[104.516,10.34],[104.426,10.411],[104.262,10.541],[103.937,10.587],[103.902,10.644],[103.871,10.655],[103.841,10.581],[103.662,10.509],[103.587,10.552],[103.532,10.605],[103.54,10.669],[103.592,10.721],[103.681,10.759],[103.722,10.89],[103.654,11.059],[103.595,11.108],[103.532,11.147],[103.467,11.084],[103.411,10.977],[103.354,10.922],[103.272,10.909],[103.153,10.914],[103.106,11.074],[103.091,11.211],[103.107,11.368],[103.125,11.461],[103.011,11.589],[103.004,11.711],[102.949,11.773],[102.932,11.742],[102.934,11.707],[102.912,11.704],[102.884,11.773],[102.792,11.889],[102.763,12.012],[102.655,12.149],[102.594,12.203],[102.575,12.158],[102.54,12.109],[102.434,12.179],[102.343,12.253],[102.259,12.394],[102.248,12.361],[102.23,12.332],[102.134,12.443],[102.034,12.532],[101.945,12.564],[101.889,12.593],[101.836,12.64],[101.724,12.689],[101.445,12.619],[101.09,12.674],[100.954,12.621],[100.898,12.654],[100.863,12.715],[100.896,12.818],[100.904,13.035],[100.946,13.187],[100.926,13.303],[100.947,13.358],[100.963,13.432],[100.907,13.462],[100.656,13.521],[100.603,13.568],[100.536,13.514],[100.236,13.484],[100.122,13.44],[100.017,13.353],[100.0,13.282],[100.0,36.0],[120.271,36.0],[120.285,35.984]]]}},{"type":"Feature","properties":{},"geometry":{"type":"Polygon","coordinates":[[[100.051,13.171],[100.09,13.046],[100.0,12.817],[100.0,13.232],[100.051,13.171]]]}},{"type":"Feature","properties":{},"geometry":{"type":"Polygon","coordinates":[[[100.006,12.355],[100.0,12.292],[100.0,12.4],[100.006,12.355]]]}},{"type":"Feature","properties":{},"geometry":{"type":"Polygon","coordinates":[[[100.056,8.511],[100.129,8.428],[100.154,8.443],[100.159,8.474],[100.163,8.508],[100.229,8.425],[100.279,8.269],[100.454,7.442],[100.504,7.337],[100.545,7.227],[100.439,7.281],[100.411,7.464],[100.38,7.542],[100.343,7.553],[100.284,7.552],[100.28,7.584],[100.324,7.644],[100.317,7.716],[100.257,7.775],[100.158,7.728],[100.161,7.599],[100.205,7.501],[100.371,7.28],[100.424,7.188],[100.49,7.161],[100.586,7.176],[100.702,7.082],[100.793,6.995],[101.018,6.861],[101.154,6.875],[101.302,6.908],[101.401,6.9],[101.498,6.865],[101.614,6.754],[101.799,6.475],[102.101,6.242],[102.274,6.203],[102.34,6.172],[102.534,5.863],[102.79,5.645],[102.899,5.564],[102.982,5.525],[103.097,5.408],[103.197,5.262],[103.416,4.85],[103.454,4.669],[103.469,4.393],[103.421,3.977],[103.362,3.769],[103.373,3.671],[103.454,3.521],[103.429,3.379],[103.445,3.261],[103.439,2.933],[103.485,2.837],[103.537,2.775],[103.812,2.58],[103.832,2.508],[103.968,2.261],[104.219,1.723],[104.288,1.481],[104.28,1.416],[104.25,1.389],[104.176,1.365],[104.115,1.412],[104.094,1.446],[104.101,1.488],[104.076,1.53],[104.016,1.579],[103.981,1.624],[103.991,1.55],[103.992,1.455],[103.915,1.447],[103.817,1.477],[103.695,1.45],[103.55,1.333],[103.48,1.329],[103.427,1.43],[103.4,1.498],[103.357,1.546],[102.897,1.792],[102.727,1.856],[102.548,2.042],[102.146,2.248],[101.89,2.449],[101.781,2.574],[101.52,2.684],[101.407,2.813],[101.351,2.839],[101.296,2.885],[101.354,3.011],[101.33,3.142],[101.3,3.253],[101.115,3.472],[101.025,3.625],[100.851,3.777],[100.782,3.864],[100.715,3.966],[100.757,4.002],[100.796,4.023],[100.76,4.097],[100.661,4.226],[100.615,4.373],[100.615,4.652],[100.473,5.044],[100.353,5.588],[100.374,5.778],[100.343,5.984],[100.263,6.183],[100.158,6.324],[100.119,6.442],[100.0,6.588],[100.0,8.577],[100.056,8.511]]]}},{"type":"Feature","properties":{},"geometry":{"type":"Polygon","coordinates":[[[200.227,-21.25],[200.187,-21.242],[200.16,-21.238],[200.158,-21.229],[200.168,-21.2],[200.189,-21.186],[200.232,-21.188],[200.26,-21.208],[200.263,-21.241],[200.259,-21.249],[200.227,-21.25]]]}},{"type":"Feature","properties":{},"geometry":{"type":"Polygon","coordinates":[[[187.516,-8.583],[187.512,-8.572],[187.506,-8.559],[187.501,-8.548],[187.503,-8.546],[187.513,-8.556],[187.519,-8.567],[187.521,-8.581],[187.516,-8.583]]]}},{"type":"Feature","properties":{},"geometry":{"type":"Polygon","coordinates":[[[188.811,-9.358],[188.807,-9.352],[188.8,-9.345],[188.796,-9.333],[188.798,-9.333],[188.806,-9.339],[188.811,-9.347],[188.814,-9.355],[188.811,-9.358]]]}},{"type":"Feature","properties":{},"geometry":{"type":"Polygon","coordinates":[[[187.792,-4.518],[187.806,-4.516],[187.819,-4.515],[187.811,-4.522],[187.785,-4.524],[187.772,-4.507],[187.788,-4.494],[187.802,-4.492],[187.804,-4.495],[187.803,-4.5],[187.796,-4.5],[187.785,-4.503],[187.785,-4.511],[187.792,-4.518]]]}},{"type":"Feature","properties":{},"geometry":{"type":"Polygon","coordinates":[[[188.335,-2.786],[188.36,-2.811],[188.372,-2.847],[188.372,-2.856],[188.353,-2.856],[188.329,-2.844],[188.313,-2.83],[188.304,-2.826],[188.302,-2.822],[188.322,-2.825],[188.345,-2.84],[188.361,-2.847],[188.36,-2.829],[188.34,-2.799],[188.327,-2.788],[188.312,-2.779],[188.294,-2.773],[188.282,-2.779],[188.275,-2.781],[188.272,-2.774],[188.275,-2.768],[188.281,-2.761],[188.302,-2.766],[188.335,-2.786]]]}},{"type":"Feature","properties":{},"geometry":{"type":"Polygon","coordinates":[[[188.91,-3.143],[188.903,-3.137],[188.908,-3.125],[188.912,-3.115],[188.919,-3.12],[188.915,-3.135],[188.91,-3.143]]]}},{"type":"Feature","properties":{},"geometry":{"type":"Polygon","coordinates":[[[188.757,-4.468],[188.745,-4.467],[188.738,-4.46],[188.738,-4.449],[188.748,-4.442],[188.761,-4.444],[188.768,-4.454],[188.767,-4.463],[188.757,-4.468]]]}},{"type":"Feature","properties":{},"geometry":{"type":"Polygon","coordinates":[[[185.499,-4.688],[185.499,-4.695],[185.493,-4.694],[185.476,-4.69],[185.471,-4.682],[185.483,-4.687],[185.489,-4.686],[185.477,-4.674],[185.467,-4.665],[185.459,-4.662],[185.459,-4.657],[185.469,-4.659],[185.487,-4.675],[185.499,-4.688]]]}},{"type":"Feature","properties":{},"geometry":{"type":"Polygon","coordinates":[[[205.041,-4.094],[205.029,-4.086],[205.005,-4.071],[204.985,-4.055],[204.985,-4.048],[205.013,-4.039],[205.049,-4.031],[205.057,-4.042],[205.05,-4.056],[205.044,-4.088],[205.041,-4.094]]]}},{"type":"Feature","properties":{},"geometry":{"type":"Polygon","coordinates":[[[208.209,-11.457],[208.193,-11.451],[208.184,-11.431],[208.181,-11.409],[208.187,-11.392],[208.197,-11.393],[208.209,-11.414],[208.217,-11.441],[208.209,-11.457]]]}},{"type":"Feature","properties":{},"geometry":{"type":"Polygon","coordinates":[[[204.113,-5.632],[204.086,-5.632],[204.072,-5.619],[204.071,-5.608],[204.081,-5.608],[204.089,-5.609],[204.128,-5.611],[204.138,-5.619],[204.136,-5.627],[204.113,-5.632]]]}},{"type":"Feature","properties":{},"geometry":{"type":"Polygon","coordinates":[[[181.454,-19.175],[181.426,-19.165],[181.404,-19.151],[181.401,-19.137],[181.411,-19.119],[181.432,-19.109],[181.443,-19.113],[181.437,-19.119],[181.424,-19.125],[181.426,-19.143],[181.443,-19.154],[181.459,-19.157],[181.465,-19.166],[181.454,-19.175]]]}},{"type":"Feature","properties":{},"geometry":{"type":"Polygon","coordinates":[[[180.202,-18.97],[180.188,-18.968],[180.17,-18.956],[180.161,-18.962],[180.154,-18.971],[180.151,-18.991],[180.149,-19.003],[180.135,-18.999],[180.133,-18.978],[180.137,-18.964],[180.144,-18.943],[180.169,-18.924],[180.2,-18.94],[180.202,-18.97]]]}},{"type":"Feature","properties":{},"geometry":{"type":"Polygon","coordinates":[[[181.29,-20.671],[181.285,-20.67],[181.277,-20.667],[181.271,-20.66],[181.269,-20.653],[181.272,-20.645],[181.275,-20.646],[181.281,-20.652],[181.286,-20.66],[181.288,-20.668],[181.29,-20.671]]]}},{"type":"Feature","properties":{},"geometry":{"type":"Polygon","coordinates":[[[281.017,-33.668],[281.011,-33.662],[281.021,-33.644],[281.062,-33.614],[281.112,-33.576],[281.123,-33.575],[281.141,-33.578],[281.162,-33.585],[281.215,-33.61],[281.231,-33.627],[281.225,-33.642],[281.196,-33.646],[281.017,-33.668]]]}},{"type":"Feature","properties":{},"geometry":{"type":"Polygon","coordinates":[[[131.15,3.022],[131.135,3.025],[131.137,3.039],[131.152,3.054],[131.172,3.061],[131.188,3.056],[131.186,3.042],[131.172,3.026],[131.15,3.022]]]}},{"type":"Feature","properties":{},"geometry":{"type":"Polygon","coordinates":[[[151.639,7.333],[151.578,7.338],[151.57,7.346],[151.575,7.351],[151.604,7.357],[151.608,7.375],[151.593,7.379],[151.606,7.389],[151.629,7.39],[151.643,7.379],[151.65,7.363],[151.648,7.346],[151.639,7.333]]]}},{"type":"Feature","properties":{},"geometry":{"type":"Polygon","coordinates":[[[151.864,7.427],[151.856,7.432],[151.86,7.457],[151.865,7.466],[151.882,7.467],[151.911,7.46],[151.913,7.454],[151.881,7.432],[151.864,7.427]]]}},{"type":"Feature","properties":{},"geometry":{"type":"Polygon","coordinates":[[[166.864,11.146],[166.845,11.153],[166.859,11.166],[166.888,11.169],[166.899,11.165],[166.89,11.153],[166.864,11.146]]]}},{"type":"Feature","properties":{},"geometry":{"type":"Polygon","coordinates":[[[177.082,-12.516],[177.019,-12.507],[177.006,-12.491],[177.026,-12.488],[177.068,-12.477],[177.118,-12.482],[177.127,-12.493],[177.121,-12.505],[177.082,-12.516]]]}},{"type":"Feature","properties":{},"geometry":{"type":"Polygon","coordinates":[[[174.622,-21.706],[174.593,-21.702],[174.587,-21.68],[174.604,-21.667],[174.628,-21.676],[174.63,-21.695],[174.622,-21.706]]]}},{"type":"Feature","properties":{},"geometry":{"type":"Polygon","coordinates":[[[179.201,-8.535],[179.196,-8.535],[179.201,-8.512],[179.198,-8.489],[179.199,-8.47],[179.203,-8.466],[179.212,-8.488],[179.217,-8.515],[179.214,-8.524],[179.201,-8.535]]]}},{"type":"Feature","properties":{},"geometry":{"type":"Polygon","coordinates":[[[178.693,-7.495],[178.687,-7.494],[178.674,-7.48],[178.667,-7.458],[178.677,-7.463],[178.69,-7.474],[178.695,-7.483],[178.693,-7.495]]]}},{"type":"Feature","properties":{},"geometry":{"type":"Polygon","coordinates":[[[178.377,-8.068],[178.371,-8.061],[178.379,-8.047],[178.387,-8.032],[178.39,-8.046],[178.377,-8.068]]]}},{"type":"Feature","properties":{},"geometry":{"type":"Polygon","coordinates":[[[169.542,-0.876],[169.523,-0.866],[169.526,-0.853],[169.539,-0.847],[169.555,-0.857],[169.551,-0.874],[169.542,-0.876]]]}},{"type":"Feature","properties":{},"geometry":{"type":"Polygon","coordinates":[[[231.7,-24.413],[231.679,-24.4],[231.658,-24.371],[231.65,-24.34],[231.67,-24.323],[231.696,-24.334],[231.709,-24.365],[231.71,-24.397],[231.7,-24.413]]]}},{"type":"Feature","properties":{},"geometry":{"type":"Polygon","coordinates":[[[273.304,21.191],[273.286,21.197],[273.264,21.233],[273.247,21.279],[273.261,21.28],[273.273,21.264],[273.286,21.239],[273.304,21.191]]]}},{"type":"Feature","properties":{},"geometry":{"type":"Polygon","coordinates":[[[278.191,24.542],[278.189,24.558],[278.232,24.577],[278.261,24.575],[278.26,24.554],[278.216,24.545],[278.191,24.542]]]}}]}