date,latitude,area,group_num
1874-05-11,-5.2,100.0,8500
1874-05-11,21.9,44.0,8800
1874-06-05,11.6,213.0,9000
1874-06-13,8.7,26.0,2760100
1874-06-15,-10.2,29.0,9200
1874-06-19,-9.5,250.0,9210
1874-06-24,21.1,62.0,9500
1874-06-25,10.1,428.0,9400
1874-06-30,-8.7,22.0,9700
1874-07-16,-10.5,537.0,10000
1874-07-18,10.5,168.0,10200
1874-07-23,5.2,231.0,10500
1874-08-08,9.1,656.0,10600
1874-08-11,11.8,123.0,10700
1874-08-11,-11.8,45.0,10900
1874-08-15,-14.2,96.0,2790100
1874-08-19,6.0,78.0,11600
1874-08-20,0.6,347.0,11000
1874-08-22,-20.3,79.0,11100
1874-08-24,11.1,44.0,11700
1874-08-25,-6.4,22.0,11400
1874-08-29,-15.3,168.0,11500
1874-09-04,2.6,69.0,11900
1874-09-12,-13.9,388.0,12100
1874-09-14,7.0,114.0,11910
1874-09-15,-13.3,48.0,12200
1874-09-25,3.6,52.0,12500
1874-09-28,20.3,18.0,12300
1874-09-28,-13.3,1002.0,12700
1874-09-29,-10.5,59.0,12600
1874-09-30,-8.1,285.0,12400
1875-01-16,-8.9,42.0,2840100
1875-01-25,5.5,57.0,14210
1875-01-25,11.0,39.0,14300
1875-01-26,17.5,27.0,2850100
1875-02-14,12.7,10.0,2850200
1875-02-18,17.9,478.0,14500
1875-02-20,20.3,49.0,2850300
1875-02-22,5.6,166.0,14700
1875-02-28,-12.1,9.0,14710
1875-03-01,6.4,11.0,14720
1875-03-02,-11.7,31.0,14600
1875-03-09,-17.0,179.0,14900
1875-03-10,15.4,247.0,14800
1875-03-10,-6.8,182.0,14910
1875-03-11,-3.6,224.0,15000
1875-03-12,6.8,13.0,2860100
1875-03-17,18.0,529.0,15100
1875-03-20,-7.1,18.0,15020
1875-03-21,-10.3,19.0,15010
1875-03-26,-13.9,215.0,15110
1875-03-29,-16.7,71.0,15210
1875-04-02,4.5,122.0,15200
1875-04-04,-13.5,11.0,2870100
1875-04-09,7.5,16.0,15310
1875-04-10,-13.7,434.0,15500
1875-04-14,5.6,79.0,15320
1875-04-20,8.3,79.0,15400
1875-04-20,12.3,30.0,15600
1875-04-25,-6.1,263.0,15610
1875-04-26,8.7,552.0,15700
1875-05-01,11.6,212.0,2880100
1875-05-22,8.6,13.0,2890100
1875-05-24,8.0,35.0,15900
1875-05-24,15.5,46.0,2890200
1875-06-11,-10.4,457.0,16000
1875-06-21,17.2,22.0,2900100
1875-06-24,5.8,157.0,16100
1875-06-27,-7.4,611.0,16200
1875-06-27,-11.6,170.0,16300
1875-06-30,9.9,11.0,2900200
1875-07-02,12.3,139.0,16400
1875-07-08,15.2,27.0,16410
1875-07-17,14.8,30.0,2910100
1875-07-24,21.7,12.0,16500
1875-08-05,8.4,200.0,16600
1875-08-20,9.4,102.0,16700
1875-08-21,6.9,382.0,16800
1875-08-30,-10.3,14.0,2920100
1875-09-09,-17.3,17.0,17000
1875-09-14,14.8,173.0,17100
1875-09-15,6.0,11.0,2930100
1875-09-27,-8.4,111.0,17300
1875-09-30,-15.8,14.0,17400
1876-01-05,-5.1,16.0,2960400
1876-01-12,10.4,24.0,19010
1876-01-20,-13.9,138.0,19300
1876-01-22,11.7,291.0,19100
1876-01-27,-17.0,96.0,19400
1876-01-29,-13.9,68.0,19200
1876-01-29,-7.7,62.0,19500
1876-02-10,-11.6,377.0,19600
1876-02-26,9.9,97.0,19700
1876-03-01,-5.6,72.0,19800
1876-03-07,7.2,26.0,19810
1876-03-09,-10.9,100.0,19900
1876-03-13,15.1,215.0,20000
1876-03-15,-6.2,8.0,20100
1876-03-17,-13.2,18.0,20200
1876-03-18,-8.9,121.0,20300
1876-03-22,7.8,24.0,20500
1876-03-30,14.8,189.0,20400
1876-03-30,13.0,14.0,20510
1876-04-04,-14.0,4.0,3000100
1876-04-06,-19.5,99.0,3010110
1876-04-08,14.0,19.0,20700
1876-04-09,12.2,7.0,20800
1876-04-13,2.6,26.0,3010200
1876-04-14,-6.5,46.0,20810
1876-04-17,-3.2,59.0,20830
1876-05-07,-13.6,229.0,20900
1876-05-25,-10.0,55.0,20910
1876-06-21,0.6,40.0,21000
1876-06-26,-7.9,6.0,3040100
1876-06-29,6.8,209.0,21020
1876-07-03,-6.7,299.0,21200
1876-07-04,-10.6,54.0,21100
1876-07-06,9.3,56.0,21400
1876-07-07,0.4,10.0,21300
1876-07-19,3.0,58.0,21500
1876-07-20,-7.4,22.0,21600
1876-07-21,-10.3,121.0,21700
1876-08-07,10.1,87.0,3050100
1876-08-16,-8.1,41.0,21900
1876-08-29,-9.9,27.0,22000
1876-09-05,-13.3,9.0,22100
1876-09-14,-9.3,157.0,22300
1876-09-18,11.4,31.0,3070100
1876-09-27,-5.9,403.0,22400
1877-01-06,6.5,58.0,3110100
1877-01-08,5.8,18.0,23120
1877-01-11,-8.5,46.0,23210
1877-01-22,9.5,207.0,23200
1877-01-25,11.9,156.0,23300
1877-01-26,-7.3,28.0,23400
1877-01-30,-7.2,9.0,23410
1877-02-17,9.0,146.0,23500
1877-02-26,7.8,112.0,23600
1877-03-05,-8.5,152.0,23610
1877-03-10,-9.8,40.0,23700
1877-03-22,-11.6,173.0,23800
1877-04-06,-12.6,63.0,23900
1877-04-20,-13.9,243.0,24000
1877-04-27,3.6,23.0,24100
1877-04-30,28.6,25.0,24300
1877-05-01,-7.5,28.0,24200
1877-05-07,-14.2,151.0,24500
1877-05-08,-1.9,20.0,24400
1877-05-17,9.8,25.0,24700
1877-05-18,8.6,14.0,24600
1877-05-26,-9.3,53.0,3160100
1877-06-03,-10.5,37.0,24900
1877-06-25,-12.8,70.0,3170100
1877-06-29,-12.7,97.0,25100
1877-07-03,10.6,31.0,25200
1877-07-14,-11.2,26.0,3180100
1877-07-18,-13.4,16.0,3180200
1877-08-03,12.1,20.0,25400
1877-08-22,7.9,116.0,25500
1877-09-04,9.5,117.0,25600
1877-09-12,-11.4,75.0,25700
1877-09-18,-4.4,12.0,25800
1877-09-25,-7.1,133.0,25900
1877-09-25,-2.7,5.0,3200100
1878-01-26,7.4,104.0,26600
1878-02-08,-7.6,15.0,26700
1878-02-08,-9.1,21.0,26800
1878-02-26,-1.7,4.0,3260100
1878-02-27,-10.7,8.0,3260200
1878-03-04,0.5,21.0,27000
1878-03-06,3.6,18.0,26900
1878-03-18,7.8,86.0,27100
1878-04-05,0.6,13.0,3270100
1878-05-31,4.4,13.0,27300
1878-06-06,9.7,27.0,27200
1878-06-10,-6.7,14.0,3300100
1878-06-29,13.3,94.0,27500
1878-07-26,15.3,11.0,3310100
1878-09-02,3.7,141.0,27700
1879-01-31,-23.9,7.0,27830
1879-04-18,-26.4,9.0,3410100
1879-04-23,-21.0,207.0,27900
1879-05-09,14.4,84.0,28100
1879-07-01,28.1,20.0,28300
1879-07-05,-26.5,74.0,28200
1879-07-16,5.5,72.0,28310
1879-08-13,-17.4,29.0,28400
1879-08-13,10.2,138.0,28500
1879-08-28,14.1,52.0,3460100
1879-09-07,28.6,148.0,28600
1879-09-24,29.3,96.0,28700
1880-01-04,-18.8,63.0,30110
1880-01-05,17.3,27.0,30120
1880-01-09,35.4,78.0,30300
1880-01-10,-23.8,8.0,3510100
1880-01-12,-18.7,12.0,3510200
1880-01-14,19.6,291.0,30100
1880-01-15,-15.5,444.0,30200
1880-01-15,-4.9,14.0,30510
1880-01-19,-13.5,74.0,30500
1880-01-21,-23.0,59.0,30600
1880-01-24,17.8,5.0,3510300
1880-01-26,17.9,14.0,3510400
1880-01-30,-15.4,194.0,30900
1880-02-03,27.6,257.0,31000
1880-02-11,20.7,90.0,30800
1880-02-13,18.0,162.0,31100
1880-02-21,-29.1,66.0,31200
1880-02-22,20.7,8.0,31220
1880-03-01,15.4,30.0,3520100
1880-03-03,15.9,63.0,31210
1880-03-09,-17.1,17.0,31230
1880-03-11,-22.8,78.0,31300
1880-03-13,-18.1,63.0,31600
1880-03-14,20.4,242.0,31400
1880-03-18,20.4,174.0,31500
1880-03-30,17.3,275.0,31700
1880-03-31,-28.7,84.0,31610
1880-04-01,-33.5,16.0,3540100
1880-04-05,17.2,20.0,31800
1880-04-16,-18.8,39.0,31900
1880-04-25,20.6,900.0,32000
1880-05-05,11.4,14.0,3550100
1880-05-07,-28.1,20.0,3550200
1880-05-12,16.9,9.0,32300
1880-05-14,25.8,494.0,32100
1880-05-14,24.1,18.0,32400
1880-05-20,23.9,70.0,32500
1880-05-24,13.8,74.0,32600
1880-05-24,19.7,19.0,3560100
1880-05-30,25.0,82.0,32700
1880-06-06,14.8,44.0,32800
1880-06-08,-21.4,42.0,32900
1880-06-15,23.3,161.0,33000
1880-06-15,24.1,29.0,33100
1880-06-27,-26.4,35.0,33310
1880-06-29,-26.3,3.0,33200
1880-06-29,23.3,20.0,3570100
1880-07-04,-17.4,190.0,33400
1880-07-09,-38.6,230.0,33300
1880-07-11,-20.8,10.0,33600
1880-07-13,-34.0,26.0,3580100
1880-07-21,23.5,33.0,33900
1880-07-26,25.4,40.0,34000
1880-07-26,13.1,8.0,34100
1880-07-27,23.8,229.0,33800
1880-08-07,23.6,83.0,34300
1880-08-08,-16.9,49.0,3590100
1880-08-08,-21.9,27.0,3590200
1880-08-09,21.6,166.0,34500
1880-08-09,-19.2,48.0,34600
1880-08-13,12.2,279.0,34200
1880-08-18,19.9,105.0,34700
1880-08-20,-16.6,101.0,34400
1880-08-24,21.7,36.0,34800
1880-08-28,9.6,189.0,35100
1880-08-28,-20.1,36.0,3590300
1880-09-02,23.8,218.0,34900
1880-09-02,18.7,34.0,35300
1880-09-03,-12.2,16.0,35200
1880-09-04,25.0,134.0,35400
1880-09-05,24.2,102.0,35600
1880-09-07,23.0,31.0,35800
1880-09-07,22.4,216.0,35900
1880-09-09,12.4,33.0,3600100
1880-09-15,-17.7,824.0,35500
1880-09-15,16.4,20.0,36000
1880-09-16,-17.4,658.0,35700
1880-09-18,25.2,11.0,3600200
1880-09-20,23.7,18.0,36500
1880-09-21,20.7,322.0,36200
1880-09-22,-19.5,79.0,36600
1880-09-24,-17.8,115.0,36800
1880-09-25,-20.9,16.0,36700
1880-09-25,-19.7,57.0,36900
1880-09-26,16.6,64.0,37000
1880-09-27,17.4,28.0,36100
1880-09-27,19.0,113.0,36400
1881-01-01,20.9,214.0,40300
1881-01-04,-17.1,262.0,40400
1881-01-05,-19.2,54.0,40500
1881-01-06,-30.7,73.0,40600
1881-01-13,23.3,42.0,3640100
1881-01-14,24.8,229.0,40700
1881-01-17,27.7,26.0,40910
1881-01-19,15.0,121.0,41020
1881-01-20,25.3,28.0,41010
1881-01-20,-16.5,19.0,3650100
1881-01-21,-18.4,25.0,40900
1881-01-22,20.3,181.0,40800
1881-01-23,-19.5,16.0,41000
1881-01-24,-25.1,91.0,41050
1881-01-28,14.1,89.0,41060
1881-01-28,-16.6,42.0,41300
1881-01-29,-16.4,16.0,41400
1881-01-30,-18.5,639.0,41040
1881-01-31,18.8,92.0,41500
1881-02-01,14.5,189.0,41100
1881-02-03,-32.3,16.0,3650200
1881-02-04,-12.5,324.0,41200
1881-02-06,16.2,346.0,41900
1881-02-08,21.7,389.0,41600
1881-02-09,17.9,12.0,3650300
1881-02-09,-19.8,9.0,3650400
1881-02-12,21.0,18.0,41800
1881-02-12,-20.3,35.0,42200
1881-02-13,18.8,62.0,41700
1881-02-18,16.2,26.0,3660100
1881-02-19,-20.7,67.0,42410
1881-02-19,-16.7,21.0,42500
1881-02-20,-14.1,153.0,42600
1881-02-23,16.9,17.0,42610
1881-02-24,21.9,150.0,42700
1881-02-26,20.2,50.0,42300
1881-02-27,-20.3,217.0,42400
1881-02-27,15.7,37.0,3660200
1881-02-27,17.2,36.0,3660300
1881-03-03,20.4,52.0,42800
1881-03-07,-17.9,6.0,42900
1881-03-08,13.8,113.0,43000
1881-03-08,-21.5,108.0,43100
1881-03-11,-18.5,12.0,43200
1881-03-11,18.0,22.0,43400
1881-03-12,-15.8,28.0,43600
1881-03-13,10.5,172.0,43700
1881-03-17,20.7,179.0,43300
1881-03-18,-19.2,192.0,43500
1881-03-18,9.6,14.0,3670100
1881-03-19,-28.2,45.0,3670200
1881-03-20,28.8,17.0,3670300
1881-03-21,-14.0,23.0,3670400
1881-03-22,7.3,31.0,3670500
1881-03-23,12.3,56.0,44110
1881-03-27,12.7,191.0,43900
1881-03-28,-19.0,14.0,44200
1881-03-28,17.3,55.0,44300
1881-03-29,14.6,7.0,3670600
1881-04-01,15.0,27.0,44700
1881-04-01,-21.5,95.0,44800
1881-04-01,-25.0,11.0,3670700
1881-04-02,16.8,21.0,3670800
1881-04-03,21.2,100.0,45100
1881-04-06,-29.6,248.0,44500
1881-04-06,-23.3,51.0,45200
1881-04-07,-18.3,16.0,45000
1881-04-07,-15.9,401.0,45300
1881-04-11,-20.1,13.0,45410
1881-04-12,13.1,18.0,45600
1881-04-17,-18.5,144.0,3680100
1881-04-18,-18.0,59.0,45700
1881-04-18,-9.0,8.0,46200
1881-04-18,-26.6,30.0,46300
1881-04-18,-21.7,4.0,3680200
1881-04-19,25.9,81.0,45400
1881-04-20,-23.2,194.0,45500
1881-04-21,-15.4,13.0,46400
1881-04-21,-10.2,65.0,3680300
1881-04-23,-23.2,82.0,45800
1881-04-23,19.9,24.0,45900
1881-04-26,20.9,149.0,46500
1881-04-26,15.5,26.0,3680400
1881-04-27,-16.5,242.0,46000
1881-04-29,8.0,160.0,46100
1881-04-30,21.4,30.0,46600
1881-05-01,24.5,43.0,3680500
1881-05-03,-23.5,60.0,46700
1881-05-05,-13.7,61.0,47100
1881-05-05,-11.8,11.0,3690100
1881-05-10,24.7,67.0,47000
1881-05-10,12.5,113.0,47200
1881-05-10,20.2,18.0,3690200
1881-05-11,-22.4,53.0,46900
1881-05-13,18.5,10.0,3690300
1881-05-14,6.2,12.0,47400
1881-05-19,22.3,8.0,47500
1881-05-19,24.8,21.0,3690400
1881-05-20,20.9,6.0,47800
1881-05-21,-16.3,7.0,3690500
1881-05-23,19.5,118.0,48200
1881-05-24,-31.6,32.0,47700
1881-05-25,-24.6,35.0,48000
1881-05-27,-10.7,546.0,48500
1881-05-28,-19.1,32.0,48400
1881-05-30,-26.8,318.0,48100
1881-05-30,31.9,27.0,3690600
1881-05-31,22.8,33.0,48700
1881-05-31,-25.7,9.0,3690700
1881-06-08,16.9,31.0,48800
1881-06-09,14.5,270.0,48900
1881-06-10,-29.4,65.0,49000
1881-06-10,-9.5,67.0,49100
1881-06-13,-22.2,172.0,49400
1881-06-13,22.6,15.0,3700100
1881-06-15,16.5,74.0,49200
1881-06-15,-27.0,159.0,49600
1881-06-15,4.3,73.0,3700200
1881-06-20,16.2,8.0,3700300
1881-06-23,-18.8,21.0,49500
1881-06-23,-10.0,50.0,50000
1881-06-23,25.8,515.0,50100
1881-06-23,-19.6,6.0,3700400
1881-06-24,28.5,110.0,50200
1881-06-25,14.7,368.0,49800
1881-06-27,12.6,193.0,50400
1881-06-27,14.3,254.0,50500
1881-06-28,23.4,181.0,50600
1881-07-01,23.0,135.0,50700
1881-07-03,-14.7,512.0,50300
1881-07-04,24.3,95.0,50800
1881-07-04,20.7,27.0,50900
1881-07-04,-19.7,8.0,51000
1881-07-04,16.7,25.0,51100
1881-07-05,-14.7,12.0,3710100
1881-07-05,-25.8,33.0,3710200
1881-07-07,17.2,46.0,3710300
1881-07-11,15.0,18.0,51400
1881-07-11,13.9,125.0,51700
1881-07-13,-22.3,13.0,52000
1881-07-13,-18.4,5.0,3710400
1881-07-15,14.0,264.0,51500
1881-07-18,18.5,382.0,52200
1881-07-19,-19.3,97.0,51600
1881-07-19,-13.8,39.0,51800
1881-07-23,14.3,75.0,52300
1881-07-24,-13.7,64.0,52700
1881-07-24,-14.3,83.0,52800
1881-07-24,13.0,28.0,3710500
1881-07-26,17.2,241.0,52400
1881-07-26,13.7,24.0,52900
1881-07-28,10.8,192.0,52100
1881-07-28,17.7,19.0,53300
1881-07-28,9.9,8.0,3720100
1881-07-30,-19.9,63.0,53500
1881-07-30,25.0,44.0,53600
1881-08-01,15.2,21.0,53700
1881-08-01,13.7,218.0,53800
1881-08-02,-16.9,94.0,53400
1881-08-03,23.7,218.0,52500
1881-08-03,-27.1,27.0,53900
1881-08-03,-18.7,30.0,54000
1881-08-04,27.2,449.0,52600
1881-08-04,18.8,153.0,53100
1881-08-04,18.6,79.0,53200
1881-08-06,24.1,16.0,54100
1881-08-06,-18.6,41.0,54200
1881-08-10,-24.0,4.0,3720200
1881-08-11,-17.4,7.0,54300
1881-08-11,-28.6,5.0,3720300
1881-08-13,-28.7,64.0,54600
1881-08-20,17.6,19.0,54700
1881-08-20,-14.0,11.0,3720400
1881-08-22,13.9,215.0,55000
1881-08-23,20.0,64.0,55400
1881-08-23,18.0,6.0,3730100
1881-08-25,-8.5,24.0,3730200
1881-08-26,-17.4,98.0,55700
1881-08-26,15.9,12.0,3730300
1881-08-29,-25.5,139.0,56100
1881-08-30,13.5,50.0,56000
1881-08-30,16.1,116.0,3730400
1881-09-01,28.6,144.0,54900
1881-09-01,22.9,53.0,55600
1881-09-01,-18.9,73.0,55900
1881-09-01,-20.2,22.0,3730500
1881-09-03,15.9,258.0,55200
1881-09-03,20.9,261.0,55300
1881-09-06,21.1,45.0,3730600
1881-09-07,-9.5,25.0,56300
1881-09-07,14.4,9.0,56500
1881-09-07,16.2,18.0,56700
1881-09-11,17.7,32.0,56900
1881-09-11,19.8,48.0,57000
1881-09-12,20.5,310.0,57200
1881-09-13,17.8,37.0,57300
1881-09-15,12.2,479.0,56600
1881-09-16,-3.6,87.0,56800
1881-09-19,10.7,134.0,57310
1881-09-19,15.1,107.0,57400
1881-09-19,21.4,217.0,57500
1881-09-22,22.6,26.0,3740100
1881-09-24,17.5,91.0,57100
1881-09-25,15.1,348.0,57600
1881-09-26,-25.2,9.0,57700
1881-09-29,-7.9,9.0,57800
1881-09-29,15.6,15.0,58000
1881-09-30,-16.2,11.0,57900
1882-01-01,25.1,15.0,63700
1882-01-01,-28.3,18.0,63900
1882-01-02,-25.4,84.0,63400
1882-01-04,-13.3,7.0,3770600
1882-01-05,18.5,51.0,64300
1882-01-06,-20.6,30.0,64100
1882-01-06,-17.7,11.0,3780100
1882-01-08,14.9,116.0,63800
1882-01-08,28.5,38.0,64500
1882-01-09,17.1,94.0,64200
1882-01-09,-28.3,37.0,3780200
1882-01-15,29.1,6.0,64900
1882-01-16,23.8,61.0,64700
1882-01-19,-17.2,145.0,65300
1882-01-20,14.2,473.0,64800
1882-01-20,-20.2,16.0,65200
1882-01-21,24.2,10.0,65100
1882-01-21,-26.7,50.0,65400
1882-01-23,15.7,28.0,65000
1882-01-23,15.9,6.0,65500
1882-01-24,-25.2,68.0,65600
1882-01-25,16.9,27.0,65700
1882-01-29,-20.3,30.0,3780300
1882-02-01,19.3,106.0,66200
1882-02-02,10.1,83.0,65900
1882-02-02,-9.0,14.0,66100
1882-02-02,12.5,2.0,3790100
1882-02-04,12.6,44.0,66600
1882-02-04,14.0,84.0,66700
1882-02-05,15.8,199.0,65800
1882-02-05,9.1,101.0,66800
1882-02-06,-15.4,36.0,66500
1882-02-08,-22.0,10.0,3790200
1882-02-12,-13.7,497.0,66400
1882-02-13,23.0,29.0,67500
1882-02-13,15.9,7.0,3790300
1882-02-13,5.1,9.0,3790400
1882-02-15,-18.3,54.0,67700
1882-02-15,-20.1,45.0,67800
1882-02-16,20.9,17.0,3790500
1882-02-17,-16.9,10.0,67100
1882-02-18,1.1,94.0,67600
1882-02-18,-13.4,32.0,68300
1882-02-18,15.9,8.0,3790600
1882-02-18,-15.9,10.0,3790700
1882-02-18,20.8,10.0,3790800
1882-02-20,10.4,74.0,67000
1882-02-22,-14.9,27.0,68400
1882-02-22,-13.0,86.0,68500
1882-02-24,-18.7,109.0,67200
1882-02-27,-14.0,207.0,68700
1882-02-27,21.8,7.0,3790900
1882-02-28,-18.3,13.0,3791000
1882-03-03,8.3,36.0,68900
1882-03-04,-9.9,12.0,3800100
1882-03-05,19.7,14.0,69000
1882-03-05,0.1,182.0,69100
1882-03-08,-14.7,18.0,69400
1882-03-08,8.5,20.0,69500
1882-03-09,-9.8,9.0,3800200
1882-03-10,-8.8,6.0,3800300
1882-03-11,-15.3,66.0,69200
1882-03-11,-16.9,179.0,69900
1882-03-12,23.5,151.0,69300
1882-03-13,11.7,8.0,3800400
1882-03-14,17.4,25.0,70100
1882-03-15,-16.0,42.0,69700
1882-03-15,-22.8,312.0,70200
1882-03-21,21.8,174.0,70400
1882-03-21,-10.3,361.0,70500
1882-03-22,-20.1,12.0,70700
1882-03-22,-14.0,9.0,3800500
1882-03-25,-5.4,300.0,70300
1882-03-26,-14.7,172.0,70800
1882-03-27,10.6,10.0,3800600
1882-03-29,25.4,77.0,71300
1882-03-30,11.3,172.0,70900
1882-03-30,-14.4,38.0,71500
1882-03-31,21.1,19.0,71000
1882-04-01,-19.7,18.0,71600
1882-04-01,19.0,21.0,71700
1882-04-04,-10.5,6.0,71100
1882-04-04,14.3,20.0,71400
1882-04-04,6.0,3.0,3810100
1882-04-06,16.6,20.0,72100
1882-04-07,-16.0,8.0,72300
1882-04-08,-14.9,8.0,3810200
1882-04-09,-8.7,69.0,72500
1882-04-10,-21.3,89.0,72600
1882-04-11,19.8,14.0,3810300
1882-04-13,2.5,121.0,71800
1882-04-13,-7.3,8.0,72000
1882-04-14,-21.4,65.0,73200
1882-04-14,20.8,17.0,3810400
1882-04-16,10.7,186.0,73400
1882-04-17,21.1,285.0,72200
1882-04-17,-11.6,203.0,73500
1882-04-18,15.1,11.0,73600
1882-04-19,-17.1,223.0,72800
1882-04-21,-18.7,70.0,73100
1882-04-21,7.1,124.0,73800
1882-04-24,-12.8,4.0,73300
1882-04-25,-28.6,718.0,72900
1882-04-27,15.1,284.0,73700
1882-04-27,10.7,24.0,73900
1882-04-27,12.0,9.0,74100
1882-04-30,15.4,26.0,74000
1882-04-30,14.9,58.0,74300
1882-05-01,23.5,1184.0,74400
1882-05-02,22.0,77.0,74600
1882-05-02,15.4,8.0,3820100
1882-05-03,19.2,4.0,74200
1882-05-03,20.4,127.0,74900
1882-05-03,5.5,9.0,3820200
1882-05-04,18.6,4.0,74700
1882-05-04,-19.3,36.0,75000
1882-05-05,-4.8,47.0,75200
1882-05-05,-16.0,15.0,3820300
1882-05-07,13.5,178.0,75400
1882-05-08,-6.4,5.0,75300
1882-05-08,-14.1,20.0,75500
1882-05-08,-13.7,73.0,75600
1882-05-10,16.6,216.0,75700
1882-05-10,-16.5,16.0,3820400
1882-05-12,9.8,404.0,76000
1882-05-13,-20.4,13.0,3820500
1882-05-18,18.9,27.0,76300
1882-05-20,11.4,6.0,3820600
1882-05-24,-30.1,281.0,75900
1882-05-26,-14.3,252.0,76200
1882-05-29,21.4,356.0,76700
1882-06-01,25.7,14.0,3830100
1882-06-03,16.6,15.0,77000
1882-06-03,-16.6,6.0,3830200
1882-06-03,14.9,10.0,3830300
1882-06-04,17.1,2.0,3830400
1882-06-06,15.3,129.0,76500
1882-06-07,-13.0,7.0,3830500
1882-06-07,-16.3,6.0,3830600
1882-06-09,-7.2,6.0,77400
1882-06-11,-13.2,47.0,77900
1882-06-12,25.3,5.0,77800
1882-06-14,21.5,62.0,78000
1882-06-20,-11.9,183.0,77700
1882-06-23,14.6,84.0,78300
1882-06-24,16.2,14.0,3840100
1882-06-26,14.9,58.0,78100
1882-06-29,-4.7,42.0,78900
1882-06-30,-22.7,35.0,79100
1882-07-01,18.1,40.0,79300
1882-07-02,-20.1,207.0,78700
1882-07-05,9.4,24.0,78500
1882-07-12,11.3,14.0,79500
1882-07-15,18.6,50.0,79800
1882-07-16,16.3,117.0,79400
1882-07-17,8.1,7.0,79600
1882-07-17,-11.1,6.0,3850100
1882-07-18,-17.5,41.0,80300
1882-07-18,-20.3,11.0,3850200
1882-07-21,10.7,59.0,80600
1882-07-25,14.1,309.0,79700
1882-07-27,-19.1,26.0,80200
1882-07-27,-11.3,113.0,80800
1882-08-03,16.6,10.0,3850300
1882-08-08,21.7,29.0,81000
1882-08-09,15.1,154.0,81200
1882-08-10,-17.4,8.0,3850400
1882-08-16,20.3,69.0,81100
1882-08-18,-6.6,4.0,81500
1882-08-18,13.0,198.0,81600
1882-08-20,12.0,4.0,82000
1882-08-20,-17.4,4.0,3860100
1882-08-22,-11.1,131.0,82100
1882-08-23,11.1,55.0,82200
1882-08-24,-22.3,329.0,81700
1882-08-29,-30.1,25.0,3860200
1882-08-30,17.2,9.0,3860300
1882-08-31,-11.6,14.0,82600
1882-08-31,20.6,273.0,82700
1882-09-02,-25.2,3.0,3860400
1882-09-02,-12.7,10.0,3860500
1882-09-09,10.8,56.0,83500
1882-09-09,18.9,27.0,3870100
1882-09-15,-13.5,11.0,3870200
1882-09-16,21.0,262.0,83700
1882-09-16,18.8,47.0,3870300
1882-09-20,-23.2,23.0,84200
1882-09-25,10.9,80.0,83800
1882-09-25,18.4,365.0,84700
1882-09-25,-23.2,1057.0,84800
1882-09-30,6.6,44.0,85000
1883-01-01,10.2,4.0,92100
1883-01-01,-16.4,124.0,92400
1883-01-01,14.1,29.0,92800
1883-01-01,-20.8,123.0,92900
1883-01-01,5.2,461.0,93000
1883-01-06,-27.7,88.0,92500
1883-01-07,-14.6,270.0,92000
1883-01-07,-10.8,30.0,92600
1883-01-10,-8.3,620.0,93300
1883-01-10,25.5,3.0,3910300
1883-01-11,-18.7,144.0,92700
1883-01-11,9.7,11.0,93100
1883-01-12,13.8,221.0,93400
1883-01-13,24.6,4.0,3910400
1883-01-14,8.7,42.0,93600
1883-01-16,-10.2,315.0,93800
1883-01-16,3.2,10.0,3910500
1883-01-23,18.9,38.0,93900
1883-01-23,-11.1,83.0,94000
1883-01-23,-14.1,11.0,3920100
1883-01-26,10.4,93.0,94400
1883-01-26,-9.2,9.0,3920200
1883-01-27,-13.1,149.0,94300
1883-01-27,-19.3,68.0,94600
1883-01-28,-14.5,10.0,3920300
1883-01-30,14.3,8.0,94900
1883-01-30,-16.3,13.0,3920400
1883-01-30,-13.1,8.0,3920500
1883-01-30,-3.9,12.0,3920600
1883-01-30,-8.2,8.0,3920700
1883-02-01,12.1,26.0,94800
1883-02-02,-5.3,10.0,3920800
1883-02-03,-27.6,57.0,94100
1883-02-03,-21.3,48.0,95600
1883-02-06,5.3,400.0,95900
1883-02-06,-8.4,67.0,96000
1883-02-06,4.8,13.0,3920900
1883-02-08,-23.0,91.0,95500
1883-02-09,4.4,69.0,96200
1883-02-12,11.5,231.0,95400
1883-02-13,-17.7,12.0,3921000
1883-02-13,15.5,22.0,3921100
1883-02-15,-5.9,183.0,96300
1883-02-16,15.1,6.0,3921200
1883-02-19,17.2,19.0,3930100
1883-02-20,-17.5,48.0,96100
1883-02-22,7.8,614.0,96400
1883-03-04,-12.3,48.0,97100
1883-03-07,-13.2,170.0,97300
1883-03-22,17.8,43.0,3940100
1883-03-28,13.4,669.0,98700
1883-03-31,-24.0,201.0,98400
1883-04-02,8.9,11.0,3940200
1883-04-06,-8.6,12.0,3940300
1883-04-22,7.8,31.0,3950100
1883-04-26,-4.1,76.0,100400
1883-04-29,4.4,11.0,101000
1883-05-03,-19.4,13.0,3950200
1883-05-03,-16.3,9.0,3950300
1883-05-06,-16.1,8.0,3950400
1883-05-07,13.4,25.0,3950500
1883-05-09,-15.7,13.0,102600
1883-05-12,12.0,10.0,3960100
1883-05-15,-5.4,48.0,3960200
1883-05-17,20.3,20.0,103200
1883-05-19,16.0,18.0,3960300
1883-05-23,-5.9,14.0,3960400
1883-05-29,9.2,9.0,3960500
1883-05-30,14.5,90.0,103900
1883-06-02,-10.7,298.0,104100
1883-06-03,-16.5,56.0,104300
1883-06-05,15.2,68.0,104400
1883-06-07,17.4,22.0,3970100
1883-06-11,-24.2,48.0,104900
1883-06-13,20.9,111.0,105100
1883-06-13,-8.2,11.0,3970200
1883-06-19,-15.4,14.0,3970300
1883-06-21,-19.3,25.0,3970400
1883-06-24,10.2,11.0,3970500
1883-06-25,13.8,18.0,3970600
1883-06-27,-10.0,457.0,105600
1883-06-27,-16.2,10.0,3970700
1883-07-11,-13.6,22.0,3980100
1883-07-19,5.1,8.0,3980200
1883-07-20,-9.3,31.0,106800
1883-07-20,-12.2,5.0,107600
1883-07-20,8.2,136.0,108400
1883-07-20,-2.8,14.0,3980300
1883-07-20,5.2,1.0,3980400
1883-07-27,-16.0,333.0,107400
1883-07-28,-16.2,42.0,107900
1883-07-31,5.6,17.0,3990100
1883-08-07,-14.7,33.0,3990200
1883-08-11,-13.0,21.0,3990300
1883-08-14,-16.5,362.0,3990400
1883-08-17,-10.8,34.0,110000
1883-08-17,-0.1,47.0,110100
1883-08-20,-9.5,65.0,109400
1883-09-01,-14.2,162.0,110300
1883-09-03,-4.5,286.0,110700
1883-09-03,-4.9,28.0,111100
1883-09-04,16.4,10.0,4000100
1883-09-05,-9.0,57.0,110600
1883-09-10,-19.3,214.0,110900
1883-09-10,10.6,43.0,111700
1883-09-10,18.5,4.0,4000200
1883-09-12,10.6,387.0,111900
1883-09-12,-17.9,7.0,4000300
1883-09-15,7.2,25.0,112000
1883-09-20,-22.5,278.0,111400
1883-09-20,-8.0,124.0,112200
1883-09-22,-7.4,5.0,4000400
1883-09-22,18.4,14.0,4000500
1884-01-02,-10.6,54.0,121600
1884-01-02,1.9,158.0,121700
1884-01-02,-16.4,80.0,121800
1884-01-02,11.1,258.0,123200
1884-01-03,-9.1,9.0,122600
1884-01-04,15.5,1097.0,123500
1884-01-05,-10.9,392.0,123700
1884-01-06,-12.8,13.0,124000
1884-01-06,-9.3,135.0,124100
1884-01-06,-6.3,8.0,4040300
1884-01-06,-13.6,7.0,4040400
1884-01-07,-17.8,146.0,123600
1884-01-07,13.1,50.0,124300
1884-01-07,8.0,11.0,4040500
1884-01-08,-27.7,3.0,4040600
1884-01-09,11.6,66.0,122900
1884-01-10,10.3,28.0,4040700
1884-01-15,-13.1,4.0,4050100
1884-01-19,-12.1,17.0,4050200
1884-01-22,-16.5,125.0,125900
1884-01-22,21.9,5.0,4050300
1884-01-24,10.4,37.0,126100
1884-01-25,-18.2,199.0,125100
1884-01-28,-18.0,229.0,126200
1884-01-28,-13.2,65.0,126300
1884-01-29,-11.0,94.0,125500
1884-01-30,-25.0,638.0,126700
1884-02-01,12.8,27.0,126900
1884-02-08,12.1,4.0,4060100
1884-02-08,-10.2,10.0,4060200
1884-02-09,8.4,203.0,127700
1884-02-10,8.0,135.0,126600
1884-02-10,-9.8,155.0,128100
1884-02-15,16.3,27.0,127300
1884-02-18,7.3,191.0,129100
1884-02-18,-21.9,4.0,4060300
1884-02-21,-7.1,63.0,129300
1884-02-25,-9.1,216.0,128400
1884-02-27,13.3,215.0,128800
1884-02-27,6.7,421.0,129800
1884-03-03,11.0,3.0,4060400
1884-03-06,-4.8,40.0,130900
1884-03-06,-16.2,148.0,131000
1884-03-07,-8.5,249.0,130200
1884-03-07,-8.4,78.0,131100
1884-03-09,13.1,284.0,131400
1884-03-10,-9.9,8.0,4070100
1884-03-11,-12.1,47.0,131500
1884-03-11,-9.8,114.0,132000
1884-03-11,-9.0,9.0,4070200
1884-03-14,-14.1,68.0,132200
1884-03-15,-13.1,266.0,132100
1884-03-15,-17.7,30.0,132500
1884-03-16,4.2,7.0,132600
1884-03-17,14.7,88.0,132700
1884-03-18,-8.2,311.0,133000
1884-03-18,13.8,36.0,4070300
1884-03-18,9.2,8.0,4070400
1884-03-20,-13.3,5.0,4070500
1884-03-20,-15.6,10.0,4070600
1884-03-21,6.6,14.0,4070700
1884-03-21,-18.7,5.0,4070800
1884-03-22,-12.2,481.0,133600
1884-03-24,14.4,18.0,132300
1884-03-24,13.7,11.0,133100
1884-03-24,12.7,25.0,133700
1884-03-24,9.5,42.0,133900
1884-03-24,9.9,4.0,4070900
1884-03-25,7.7,274.0,132400
1884-03-25,13.4,4.0,134000
1884-03-27,-7.2,5.0,134100
1884-03-29,-8.8,154.0,134200
1884-04-01,-18.1,3.0,4071000
1884-04-02,-14.6,77.0,134600
1884-04-02,-14.4,74.0,134800
1884-04-03,-12.0,11.0,134400
1884-04-03,-23.9,2.0,4080100
1884-04-04,-14.2,136.0,135200
1884-04-05,10.9,14.0,135300
1884-04-06,10.3,36.0,135400
1884-04-06,-18.1,39.0,135500
1884-04-07,-11.8,521.0,134300
1884-04-08,-9.6,22.0,135700
1884-04-09,8.4,69.0,135800
1884-04-11,9.3,24.0,4080200
1884-04-13,-9.4,38.0,136000
1884-04-14,-11.9,103.0,134700
1884-04-14,-7.5,7.0,4080300
1884-04-15,-16.6,13.0,135000
1884-04-15,-12.7,540.0,135100
1884-04-15,-21.1,23.0,135600
1884-04-15,-22.8,10.0,4080400
1884-04-16,16.2,6.0,4080500
1884-04-17,3.3,17.0,136200
1884-04-18,-20.5,14.0,136800
1884-04-18,-9.3,10.0,4080600
1884-04-22,10.4,17.0,136600
1884-04-24,-9.3,289.0,137000
1884-04-26,-9.0,40.0,136300
1884-04-27,-20.5,5.0,137200
1884-05-01,-13.8,189.0,136900
1884-05-01,-12.2,21.0,137400
1884-05-03,-12.2,353.0,137100
1884-05-03,-12.7,58.0,137500
1884-05-06,14.0,26.0,137700
1884-05-07,-14.3,719.0,137300
1884-05-07,9.1,43.0,137900
1884-05-07,9.0,190.0,138000
1884-05-08,-4.2,9.0,137800
1884-05-11,12.3,22.0,138300
1884-05-11,6.4,29.0,138400
1884-05-11,-8.5,41.0,138500
1884-05-12,10.0,11.0,4090100
1884-05-15,10.4,267.0,137600
1884-05-15,9.4,112.0,138200
1884-05-16,-3.9,35.0,139000
1884-05-17,-4.3,94.0,139200
1884-05-18,6.5,18.0,138700
1884-05-18,-9.9,275.0,139300
1884-05-19,12.7,9.0,139100
1884-05-21,-8.0,576.0,138100
1884-05-22,17.8,149.0,139400
1884-05-22,-15.4,202.0,139500
1884-05-23,-12.2,249.0,139600
1884-05-23,-24.4,43.0,139700
1884-05-24,-23.7,136.0,139800
1884-05-25,-4.0,11.0,4090200
1884-05-27,-3.0,146.0,138800
1884-05-28,-11.6,156.0,138900
1884-05-29,-16.7,5.0,4100100
1884-05-29,-7.8,14.0,4100200
1884-05-30,9.4,249.0,140300
1884-05-31,-17.7,64.0,140500
1884-06-03,14.0,47.0,140000
1884-06-03,-19.0,32.0,140600
1884-06-03,9.4,420.0,140700
1884-06-07,18.7,7.0,140800
1884-06-11,-15.0,62.0,140400
1884-06-11,-2.1,68.0,141000
1884-06-11,6.3,86.0,141100
1884-06-12,4.9,13.0,141200
1884-06-14,-8.0,23.0,141400
1884-06-14,7.5,15.0,4100300
1884-06-16,-6.0,108.0,140900
1884-06-22,-15.6,6.0,141800
1884-06-23,-5.9,5.0,141500
1884-06-23,-10.3,51.0,141700
1884-06-26,10.3,124.0,142000
1884-06-27,10.8,156.0,141600
1884-06-30,17.5,15.0,4110100
1884-07-03,-4.9,207.0,142400
1884-07-03,-7.4,65.0,142500
1884-07-03,8.3,89.0,142600
1884-07-05,10.4,347.0,142200
1884-07-08,-13.8,353.0,141900
1884-07-09,14.6,118.0,142100
1884-07-09,15.9,3.0,4110200
1884-07-09,6.1,17.0,4110300
1884-07-11,-8.1,36.0,143000
1884-07-12,-10.6,63.0,4110400
1884-07-12,9.7,20.0,4110500
1884-07-12,-10.3,6.0,4110600
1884-07-19,12.0,390.0,142700
1884-07-19,-9.2,56.0,143700
1884-07-19,9.8,5.0,4110700
1884-07-20,7.4,17.0,143400
1884-07-20,10.0,67.0,4120100
1884-07-27,-6.9,99.0,143600
1884-07-27,-3.8,429.0,143800
1884-07-27,-8.7,23.0,4120200
1884-07-31,-10.0,12.0,144000
1884-08-01,-15.2,33.0,144300
1884-08-02,17.4,58.0,4120300
1884-08-03,12.2,15.0,144800
1884-08-05,2.6,122.0,144100
1884-08-05,-11.1,158.0,144400
1884-08-05,-6.4,545.0,144500
1884-08-06,12.2,55.0,145000
1884-08-06,-6.3,98.0,145100
1884-08-06,-8.4,39.0,4120400
1884-08-10,7.3,143.0,144600
1884-08-13,-3.2,140.0,145500
1884-08-15,6.3,618.0,145200
1884-08-17,-11.5,38.0,145400
1884-08-17,14.0,37.0,145600
1884-08-20,-5.6,14.0,145300
1884-08-20,-19.5,70.0,145900
1884-08-20,-15.7,19.0,146000
1884-08-20,-15.0,30.0,146100
1884-08-20,-7.6,220.0,146300
1884-08-20,-19.0,8.0,4130100
1884-08-21,-12.8,11.0,145700
1884-08-22,-19.9,25.0,146400
1884-08-25,-9.6,15.0,146600
1884-08-25,-18.9,5.0,4130200
1884-08-26,-18.1,9.0,146700
1884-08-26,7.4,20.0,146800
1884-08-26,-10.9,101.0,146900
1884-08-27,5.0,530.0,145800
1884-08-28,-8.6,15.0,147000
1884-08-29,15.3,842.0,146500
1884-08-29,-19.0,83.0,147100
1884-09-03,-20.0,10.0,4130300
1884-09-04,-18.1,12.0,4130400
1884-09-06,18.6,10.0,4130500
1884-09-09,-13.7,148.0,147700
1884-09-16,16.2,348.0,148600
1884-09-17,13.3,1356.0,148000
1884-09-23,-12.3,354.0,149500
1884-09-23,5.6,19.0,4140100
1884-09-25,10.6,117.0,148500
1884-09-25,6.4,12.0,4140200
1885-01-01,9.4,398.0,156100
1885-01-01,11.4,9.0,156700
1885-01-02,-3.3,19.0,4180100
1885-01-05,2.0,67.0,156300
1885-01-09,-12.6,12.0,156600
1885-01-17,-18.7,8.0,157000
1885-01-22,0.9,10.0,4180200
1885-01-25,-3.2,300.0,157300
1885-01-29,-2.7,8.0,4190100
1885-02-08,-4.4,479.0,159200
1885-02-11,-3.7,487.0,158900
1885-02-13,-18.6,200.0,158700
1885-02-17,-14.8,38.0,159700
1885-02-18,10.8,8.0,4190200
1885-02-20,-0.2,47.0,160700
1885-02-20,-9.6,56.0,160800
1885-02-20,-16.9,5.0,4190300
1885-02-23,8.0,120.0,159600
1885-02-23,-5.8,23.0,160900
1885-02-24,16.5,23.0,161000
1885-02-25,-0.2,23.0,4200100
1885-02-26,-2.9,310.0,161200
1885-02-27,16.3,21.0,161300
1885-02-27,-18.8,25.0,161400
1885-02-28,17.5,23.0,161500
1885-03-02,17.8,5.0,4200200
1885-03-04,-15.9,283.0,161800
1885-03-09,-6.0,17.0,161900
1885-03-11,-16.0,25.0,162300
1885-03-11,9.7,251.0,162400
1885-03-19,4.3,22.0,4200300
1885-03-22,4.7,91.0,162200
1885-03-25,-20.2,169.0,163100
1885-03-26,-16.5,146.0,163200
1885-03-28,-16.5,14.0,4210100
1885-03-28,9.3,4.0,4210200
1885-04-01,-13.4,86.0,163600
1885-04-10,-10.6,16.0,4210300
1885-04-16,-4.8,179.0,164300
1885-04-18,7.1,185.0,163900
1885-04-19,-15.5,137.0,164500
1885-04-19,7.8,6.0,4220100
1885-04-21,-16.8,63.0,164700
1885-04-25,-21.7,6.0,4220200
1885-04-28,-15.8,51.0,165600
1885-04-28,-12.0,2.0,4220300
1885-04-28,-12.5,2.0,4220400
1885-04-30,11.4,369.0,165800
1885-05-01,-13.8,3.0,4220500
1885-05-01,-17.8,16.0,4220600
1885-05-02,15.7,38.0,165000
1885-05-03,-5.4,8.0,165900
1885-05-04,14.9,33.0,166300
1885-05-06,-9.0,189.0,166400
1885-05-08,16.3,18.0,4220700
1885-05-09,-10.0,382.0,165300
1885-05-09,-24.7,5.0,4220800
1885-05-10,-3.5,64.0,166600
1885-05-18,-8.4,80.0,167300
1885-05-20,-9.3,31.0,167600
1885-05-21,-6.5,21.0,4230100
1885-05-22,-3.8,17.0,167900
1885-05-23,-8.8,88.0,168200
1885-05-26,12.0,188.0,167000
1885-05-27,-2.0,48.0,168300
1885-05-29,-23.0,23.0,168500
1885-05-30,-12.1,108.0,167100
1885-05-30,13.6,336.0,167200
1885-06-01,-16.2,191.0,167800
1885-06-01,-10.3,355.0,169000
1885-06-03,-12.5,14.0,4230200
1885-06-04,-2.0,58.0,169200
1885-06-09,8.8,18.0,4230300
1885-06-12,-1.3,17.0,170000
1885-06-12,15.1,6.0,4230400
1885-06-14,4.9,103.0,169700
1885-06-14,8.6,134.0,170200
1885-06-14,-21.8,54.0,170300
1885-06-18,-14.7,389.0,169400
1885-06-20,-10.8,6.0,170800
1885-06-25,-20.6,5.0,4240100
1885-06-27,8.6,430.0,170600
1885-06-28,-8.4,60.0,171400
1885-07-03,-5.8,71.0,171300
1885-07-14,-7.7,53.0,172200
1885-07-14,2.6,7.0,4250100
1885-07-16,-6.9,12.0,172500
1885-07-16,-20.8,8.0,4250200
1885-07-17,-10.0,342.0,172800
1885-07-17,-13.7,4.0,4250300
1885-07-20,-10.0,186.0,171800
1885-07-24,-13.4,15.0,173200
1885-07-27,-21.4,207.0,173300
1885-07-28,-12.4,11.0,4250400
1885-08-07,-11.2,27.0,4260100
1885-08-08,15.6,21.0,4260200
1885-08-09,6.9,10.0,173600
1885-08-09,12.8,47.0,4260300
1885-08-10,6.8,60.0,174500
1885-08-14,-13.8,198.0,174800
1885-08-17,-11.1,122.0,173800
1885-08-19,-9.8,4.0,4260400
1885-08-20,-13.8,94.0,4260500
1885-08-23,-11.0,280.0,175400
1885-08-27,6.1,37.0,175610
1885-08-28,10.7,337.0,175700
1885-08-29,-6.8,11.0,4260600
1885-09-05,-12.2,21.0,4270100
1885-09-05,-11.2,6.0,4270200
1885-09-07,-5.6,43.0,175600
1885-09-16,-15.3,50.0,176500
1885-09-21,-2.9,202.0,176700
1885-09-21,7.3,197.0,176800
1885-09-25,12.1,117.0,177000
1885-09-26,-8.1,16.0,177100
1885-09-28,13.4,10.0,4270300
1886-01-04,-7.1,22.0,4310300
1886-01-08,-9.7,4.0,4310400
1886-01-10,-6.6,4.0,182300
1886-01-13,-11.8,122.0,182700
1886-01-15,-14.3,100.0,182100
1886-01-16,-2.7,43.0,183000
1886-01-17,-5.8,14.0,4320100
1886-01-21,-10.5,161.0,182800
1886-01-23,-8.3,11.0,4320200
1886-02-04,-7.0,13.0,4320300
1886-02-11,-14.9,18.0,183300
1886-02-11,-9.2,10.0,4320400
1886-02-16,-9.4,259.0,183500
1886-02-17,5.6,126.0,184000
1886-02-25,-9.1,35.0,184400
1886-02-26,5.6,8.0,4330100
1886-02-28,-16.7,283.0,184700
1886-03-03,-3.4,127.0,185100
1886-03-03,-8.8,194.0,185200
1886-03-04,-5.0,196.0,185300
1886-03-20,-12.8,12.0,185700
1886-03-23,1.0,203.0,185900
1886-03-29,-11.8,27.0,186100
1886-03-30,-8.7,18.0,186200
1886-03-31,-10.7,19.0,186300
1886-03-31,-4.6,217.0,186400
1886-04-07,8.1,8.0,186500
1886-04-19,8.9,52.0,187100
1886-04-20,10.1,25.0,187300
1886-04-23,-6.5,7.0,4350100
1886-04-26,4.3,62.0,186900
1886-05-01,-11.5,21.0,4350200
1886-05-03,-18.0,365.0,187400
1886-05-20,-10.2,15.0,4360100
1886-05-21,-11.0,287.0,188400
1886-05-24,10.6,138.0,188500
1886-05-24,-5.9,56.0,188600
1886-06-01,-12.8,241.0,188800
1886-06-06,5.1,5.0,4370100
1886-06-09,5.1,16.0,189500
1886-06-12,-14.3,377.0,189100
1886-06-17,-11.6,296.0,189700
1886-06-20,-3.5,34.0,189900
1886-06-24,8.6,111.0,189800
1886-06-27,11.0,61.0,190000
1886-06-27,-15.1,244.0,190100
1886-07-14,-12.4,9.0,4380100
1886-07-16,-18.9,13.0,190700
1886-07-25,-13.1,160.0,191000
1886-08-03,8.6,22.0,191400
1886-08-16,15.4,10.0,4390100
1886-08-20,-1.1,6.0,4390200
1886-08-26,-18.8,165.0,191900
1886-09-03,-8.5,19.0,192100
1886-09-09,12.3,32.0,192300
1886-09-10,12.8,145.0,192000
1886-09-14,-4.6,3.0,4400100
1886-09-26,-4.4,13.0,4410100
1886-09-30,-16.8,64.0,193000
1887-01-03,-8.2,52.0,194400
1887-01-20,-17.8,3.0,194700
1887-02-01,-19.1,5.0,4450100
1887-02-19,-3.1,14.0,4460100
1887-02-21,-8.6,79.0,195900
1887-02-23,8.5,11.0,4460200
1887-03-19,2.3,32.0,196300
1887-03-21,10.0,24.0,196400
1887-03-30,3.0,9.0,4480100
1887-04-12,16.2,40.0,196800
1887-04-15,-4.6,13.0,196900
1887-04-27,12.6,16.0,197000
1887-05-09,7.6,22.0,197600
1887-05-10,-4.9,39.0,197200
1887-05-11,-2.2,29.0,197700
1887-05-14,12.3,154.0,197300
1887-05-17,2.0,15.0,4490100
1887-05-21,-9.0,599.0,197800
1887-05-26,0.6,11.0,4500100
1887-05-30,11.4,10.0,4500200
1887-05-31,-8.2,10.0,4500300
1887-06-18,-7.5,311.0,198700
1887-06-18,-5.8,16.0,199000
1887-07-08,-11.9,105.0,199100
1887-07-11,-18.4,77.0,199300
1887-07-24,-13.4,18.0,199600
1887-07-29,-10.3,813.0,199500
1887-07-31,-5.4,247.0,199900
1887-08-13,9.3,81.0,200200
1887-08-16,-16.9,7.0,4530100
1887-08-20,-15.0,24.0,200400
1887-08-28,4.6,66.0,200500
1887-09-24,5.4,173.0,200800
1887-09-24,-15.1,14.0,4540100
1888-01-04,9.9,48.0,202700
1888-01-10,-8.7,49.0,202600
1888-01-10,0.9,115.0,202800
1888-01-10,-7.9,186.0,202900
1888-01-16,-12.9,40.0,203000
1888-01-18,-8.6,19.0,203100
1888-01-24,-3.1,10.0,203200
1888-02-02,-6.1,51.0,203300
1888-02-03,-8.0,14.0,4590100
1888-02-18,-3.9,177.0,203500
1888-03-01,-9.7,9.0,4600100
1888-03-09,2.1,50.0,203700
1888-03-10,11.7,16.0,203800
1888-03-16,-4.5,72.0,203900
1888-03-19,-2.5,3.0,4610100
1888-03-21,-10.1,65.0,204100
1888-03-25,-4.6,3.0,4610200
1888-03-31,-1.0,7.0,4610300
1888-04-01,7.3,23.0,204400
1888-04-03,2.8,48.0,204500
1888-04-16,-5.5,20.0,204600
1888-04-18,-6.7,15.0,4620100
1888-04-21,-3.0,62.0,204800
1888-04-24,-13.3,124.0,204900
1888-04-25,-2.4,27.0,205000
1888-04-28,-7.5,5.0,4620200
1888-05-11,-7.5,380.0,205200
1888-06-16,-4.7,5.0,205300
1888-06-19,-9.2,30.0,205400
1888-06-19,-12.7,11.0,205500
1888-06-29,5.5,40.0,205600
1888-07-06,-7.1,15.0,205800
1888-07-07,-11.5,45.0,205700
1888-07-15,5.6,17.0,206000
1888-07-17,-10.2,95.0,205900
1888-07-29,-4.5,12.0,206100
1888-08-01,-5.1,18.0,206200
1888-08-10,-8.0,2.0,206300
1888-08-22,-3.0,64.0,206400
1888-08-28,7.4,31.0,206500
1888-08-28,-5.5,229.0,206600
1888-08-31,-8.8,12.0,206700
1888-08-31,-3.3,10.0,4670100
1888-09-06,-1.0,30.0,206900
1888-09-06,-14.4,117.0,207000
1888-09-29,-3.6,22.0,207100
1889-01-16,9.8,41.0,208000
1889-02-01,-2.3,33.0,208100
1889-02-22,-7.4,32.0,208200
1889-03-05,-7.6,9.0,208300
1889-03-12,-4.7,13.0,4740100
1889-03-17,6.0,36.0,208500
1889-04-01,4.9,89.0,208600
1889-04-11,-1.3,23.0,208700
1889-05-05,-1.9,126.0,208800
1889-05-27,-7.1,17.0,4760100
1889-06-28,-5.4,287.0,209000
1889-06-29,-40.3,1.0,209100
1889-07-12,-7.4,280.0,209200
1889-07-20,-8.3,7.0,209300
1889-07-27,-23.8,69.0,209400
1889-07-29,-1.2,36.0,209600
1889-07-31,4.5,6.0,209500
1889-08-09,-7.9,116.0,209900
1889-08-11,-19.9,342.0,209700
1889-08-17,-6.6,320.0,209800
1889-08-27,-19.0,250.0,210000
1889-09-03,-9.3,8.0,210100
1889-09-08,-22.6,195.0,210200
1889-09-24,-20.3,204.0,210300
1890-01-06,6.0,23.0,4850100
1890-01-07,-9.8,17.0,211100
1890-01-09,-28.8,19.0,4850200
1890-01-22,22.7,215.0,211400
1890-01-30,24.9,5.0,211500
1890-02-28,-30.5,21.0,4870100
1890-03-04,32.7,322.0,211700
1890-03-12,19.8,10.0,4870200
1890-03-23,26.9,6.0,211900
1890-04-10,21.1,6.0,4880100
1890-04-13,25.4,11.0,212200
1890-04-17,-26.4,2.0,212100
1890-04-28,25.7,7.0,212300
1890-05-08,-29.5,6.0,212400
1890-05-11,22.0,34.0,4890100
1890-05-17,20.2,30.0,212600
1890-05-21,-8.9,9.0,212800
1890-05-22,-33.7,4.0,212700
1890-05-30,24.4,3.0,4900100
1890-06-09,-24.7,21.0,213000
1890-06-10,-25.9,15.0,4900200
1890-07-04,-23.3,111.0,213200
1890-07-14,-20.8,115.0,213300
1890-07-22,-34.8,6.0,213400
1890-07-22,-6.9,223.0,213500
1890-07-28,18.5,149.0,213600
1890-07-29,-21.7,32.0,213700
1890-08-05,-21.1,23.0,213800
1890-08-11,26.9,10.0,4930100
1890-08-28,-20.4,34.0,214000
1890-09-06,20.4,417.0,214100
1890-09-06,24.0,5.0,214500
1890-09-06,-22.8,12.0,4940100
1890-09-06,-19.8,16.0,4940200
1890-09-08,-24.3,20.0,214600
1890-09-09,-19.3,177.0,214200
1890-09-09,-28.6,4.0,4940300
1890-09-11,-22.8,8.0,214800
1890-09-15,-20.0,128.0,214900
1890-09-17,-26.9,99.0,215000
1890-09-24,21.7,32.0,215100
1890-09-30,20.6,102.0,215200
1891-01-01,28.6,14.0,216600
1891-01-02,28.2,18.0,4980100
1891-01-06,18.3,20.0,4980200
1891-01-15,-26.2,594.0,216900
1891-01-16,-32.5,41.0,217000
1891-01-19,-23.1,7.0,217200
1891-01-20,-24.5,27.0,217300
1891-01-21,16.7,21.0,217100
1891-01-25,18.9,258.0,217500
1891-01-28,28.1,131.0,217600
1891-01-29,-23.7,56.0,217400
1891-02-06,-29.0,24.0,4990100
1891-02-12,-17.8,10.0,217800
1891-02-13,-30.6,26.0,218100
1891-02-15,-23.0,172.0,218200
1891-02-17,15.0,213.0,217900
1891-02-17,-17.4,8.0,218000
1891-02-18,24.0,13.0,218400
1891-02-19,17.4,19.0,218500
1891-02-20,25.0,23.0,218600
1891-02-25,20.4,331.0,218300
1891-03-04,-19.9,25.0,218700
1891-03-05,16.1,116.0,219000
1891-03-05,24.8,7.0,5000100
1891-03-05,-19.3,7.0,5000200
1891-03-08,19.3,11.0,219100
1891-03-12,-19.1,34.0,5000300
1891-03-13,19.8,231.0,219300
1891-03-20,20.1,178.0,219400
1891-03-29,19.4,222.0,219500
1891-04-04,18.4,24.0,219600
1891-04-04,-23.7,3.0,219700
1891-04-14,-15.9,25.0,219800
1891-04-14,-36.4,13.0,220000
1891-04-16,22.1,12.0,220100
1891-04-16,-22.8,5.0,220200
1891-04-19,24.1,224.0,219900
1891-04-21,-19.4,203.0,220400
1891-04-25,25.1,44.0,220300
1891-04-26,16.4,403.0,220500
1891-04-29,32.4,25.0,220800
1891-05-01,24.4,230.0,220600
1891-05-01,-25.0,33.0,220900
1891-05-03,23.1,17.0,220700
1891-05-04,21.2,58.0,221000
1891-05-04,-25.4,175.0,221100
1891-05-04,-17.7,15.0,5020100
1891-05-05,20.4,8.0,5020200
1891-05-08,20.5,47.0,221400
1891-05-12,16.1,176.0,221600
1891-05-12,-20.4,306.0,221700
1891-05-16,25.7,52.0,5030100
1891-05-24,-18.9,10.0,5030200
1891-05-25,24.8,39.0,222200
1891-05-25,20.8,52.0,222500
1891-05-27,14.0,19.0,5030300
1891-05-28,15.3,61.0,221900
1891-05-28,19.8,85.0,222800
1891-06-01,22.9,41.0,223100
1891-06-02,-17.5,15.0,5030400
1891-06-02,19.3,7.0,5030500
1891-06-03,21.5,19.0,223000
1891-06-10,24.3,30.0,223500
1891-06-16,21.4,45.0,223400
1891-06-21,26.6,31.0,223900
1891-06-22,15.2,41.0,224600
1891-06-23,13.4,176.0,223600
1891-06-25,-30.3,39.0,224900
1891-06-26,17.5,201.0,223700
1891-06-27,22.5,11.0,225000
1891-06-28,29.2,8.0,225100
1891-07-01,-12.8,20.0,224800
1891-07-01,19.5,233.0,225200
1891-07-03,15.5,168.0,224400
1891-07-06,24.1,33.0,5050100
1891-07-08,15.5,43.0,225500
1891-07-11,-15.0,4.0,225700
1891-07-17,18.6,360.0,225400
1891-07-18,27.1,4.0,226100
1891-07-19,-13.8,9.0,226400
1891-07-19,22.3,6.0,5050200
1891-07-21,25.9,49.0,225600
1891-07-24,20.1,482.0,225800
1891-07-25,19.9,82.0,225900
1891-07-25,-21.6,151.0,226700
1891-07-25,22.1,22.0,226800
1891-07-27,-15.6,115.0,226900
1891-07-27,15.7,90.0,227000
1891-08-01,17.9,118.0,227200
1891-08-03,-18.7,116.0,227500
1891-08-03,-16.2,4.0,5060100
1891-08-04,23.6,433.0,227800
1891-08-04,16.4,8.0,5060200
1891-08-08,4.6,3.0,5060300
1891-08-08,16.1,13.0,5060400
1891-08-08,21.5,5.0,5060500
1891-08-09,-19.6,867.0,227100
1891-08-10,10.4,7.0,5060600
1891-08-16,14.3,27.0,228500
1891-08-19,27.0,138.0,228400
1891-08-22,18.9,5.0,5060700
1891-08-22,18.1,4.0,5060800
1891-08-27,14.5,34.0,228600
1891-08-31,24.3,320.0,229400
1891-09-02,28.2,219.0,229700
1891-09-02,19.0,5.0,5070100
1891-09-10,22.0,1154.0,229300
1891-09-10,14.4,290.0,229900
1891-09-11,15.6,54.0,229500
1891-09-13,15.3,14.0,5070200
1891-09-21,25.7,233.0,230100
1891-09-22,-33.2,4.0,5080100
1891-09-24,23.0,410.0,230600
1891-09-27,15.8,31.0,230800
1891-09-27,-20.9,30.0,5080200
1891-09-28,-26.3,273.0,231000
1891-09-28,25.2,177.0,231100
1892-01-01,27.1,26.0,238200
1892-01-02,24.7,15.0,238600
1892-01-03,18.4,75.0,237700
1892-01-05,-22.6,67.0,238500
1892-01-05,-22.2,11.0,5110500
1892-01-06,-18.3,9.0,5110600
1892-01-07,22.1,6.0,238000
1892-01-10,20.6,309.0,237600
1892-01-11,22.5,4.0,5120100
1892-01-12,-15.9,87.0,238400
1892-01-12,-15.4,4.0,5120200
1892-01-13,-18.5,264.0,239500
1892-01-14,-11.3,412.0,239700
1892-01-15,13.3,61.0,240000
1892-01-18,-21.8,16.0,240400
1892-01-18,-17.6,8.0,5120300
1892-01-21,-26.8,721.0,239000
1892-01-21,16.1,42.0,5120400
1892-01-22,21.6,60.0,240600
1892-01-22,-13.5,132.0,240800
1892-01-23,-19.7,57.0,240200
1892-01-23,27.7,11.0,5120500
1892-01-23,13.4,14.0,5120600
1892-01-24,18.6,43.0,240300
1892-01-27,27.9,184.0,239900
1892-01-28,-18.1,227.0,241200
1892-01-29,18.2,220.0,240500
1892-01-30,20.4,51.0,241300
1892-01-31,-12.2,53.0,241500
1892-01-31,-22.5,5.0,5120700
1892-02-01,22.3,68.0,241700
1892-02-06,17.1,10.0,5130100
1892-02-06,-18.8,18.0,5130200
1892-02-06,22.2,4.0,5130300
1892-02-11,-18.2,698.0,241900
1892-02-11,17.4,126.0,242600
1892-02-18,-30.1,1389.0,242100
1892-02-18,-14.6,70.0,243300
1892-02-19,25.2,171.0,243400
1892-02-22,9.1,53.0,242700
1892-02-23,14.7,23.0,242800
1892-02-25,15.2,124.0,242900
1892-02-25,12.2,18.0,243500
1892-02-26,19.3,113.0,243100
1892-02-28,-15.4,119.0,243600
1892-02-29,-15.7,36.0,5130400
1892-03-05,27.7,118.0,243800
1892-03-06,-18.9,91.0,243900
1892-03-09,-22.9,282.0,244200
1892-03-10,-26.4,29.0,244400
1892-03-12,-15.2,19.0,244300
1892-03-12,14.9,9.0,5140100
1892-03-14,-24.2,28.0,5140200
1892-03-17,-28.4,178.0,244000
1892-03-18,-21.0,15.0,5140300
1892-03-19,24.5,48.0,245300
1892-03-20,25.7,231.0,245400
1892-03-21,20.4,11.0,5140400
1892-03-24,22.5,33.0,244700
1892-03-24,-25.5,199.0,245900
1892-03-26,-33.6,18.0,5140500
1892-03-27,9.9,312.0,244800
1892-03-29,-16.1,130.0,245100
1892-03-29,-23.8,4.0,5140600
1892-03-31,16.4,6.0,246300
1892-03-31,-10.7,65.0,246700
1892-04-01,18.1,52.0,246800
1892-04-02,-20.8,21.0,5150100
1892-04-02,-25.3,11.0,5150200
1892-04-02,-22.0,12.0,5150300
1892-04-02,-25.2,10.0,5150400
1892-04-02,-31.5,7.0,5150500
1892-04-04,21.8,9.0,5150600
1892-04-04,20.6,6.0,5150700
1892-04-05,11.3,65.0,247700
1892-04-10,-13.6,27.0,248000
1892-04-11,11.1,233.0,248100
1892-04-15,21.4,117.0,248300
1892-04-21,-23.0,3.0,5150800
1892-04-22,-20.6,2.0,5150900
1892-04-24,-20.1,18.0,249300
1892-04-24,21.7,9.0,5151000
1892-04-25,-31.2,203.0,248400
1892-04-26,-13.7,309.0,248500
1892-04-26,-29.5,197.0,248700
1892-04-26,-20.0,5.0,249510
1892-04-27,-23.8,224.0,249600
1892-04-29,10.3,397.0,248600
1892-04-30,16.9,291.0,249100
1892-05-02,-19.9,72.0,250000
1892-05-03,17.5,39.0,249900
1892-05-03,-24.0,7.0,5160100
1892-05-05,-17.8,178.0,249200
1892-05-05,-32.6,6.0,5160200
1892-05-05,-17.2,21.0,5160300
1892-05-05,-29.3,4.0,5160400
1892-05-06,4.7,11.0,5160500
1892-05-07,-5.4,4.0,5160600
1892-05-08,18.1,8.0,5160700
1892-05-09,20.4,24.0,249700
1892-05-09,10.1,24.0,251200
1892-05-09,-26.2,15.0,5160800
1892-05-09,-30.4,5.0,5160900
1892-05-10,-13.4,1186.0,251500
1892-05-10,-9.8,29.0,5161000
1892-05-11,-21.5,13.0,251300
1892-05-12,-12.1,174.0,249800
1892-05-12,7.4,4.0,5161100
1892-05-14,32.0,5.0,5161200
1892-05-15,23.8,48.0,251600
1892-05-15,-9.6,6.0,5161300
1892-05-17,-17.7,3.0,252100
1892-05-18,-25.5,4.0,5161400
1892-05-20,-16.9,128.0,252800
1892-05-20,10.4,14.0,5161500
1892-05-21,-11.5,70.0,252500
1892-05-21,27.2,4.0,5161600
1892-05-23,-22.2,17.0,253300
1892-05-23,-19.0,180.0,253400
1892-05-25,9.7,370.0,251900
1892-05-25,-22.2,9.0,252600
1892-05-25,-5.1,10.0,5170100
1892-05-25,16.8,11.0,5170200
1892-05-25,-15.2,7.0,5170300
1892-05-26,-17.3,46.0,254000
1892-05-27,-17.0,109.0,254200
1892-06-04,4.8,4.0,254100
1892-06-05,20.9,112.0,254800
1892-06-09,14.1,3.0,5170400
1892-06-09,-12.9,5.0,5170500
1892-06-10,9.1,69.0,254300
1892-06-11,15.5,12.0,5170600
1892-06-11,-23.6,7.0,5170700
1892-06-13,-23.3,69.0,256100
1892-06-18,11.4,218.0,256500
1892-06-19,15.2,17.0,5180100
1892-06-20,-10.3,11.0,5180200
1892-06-22,-32.5,60.0,256000
1892-06-23,24.9,80.0,255900
1892-06-23,18.5,9.0,5180300
1892-06-26,21.5,406.0,256400
1892-06-29,-20.2,34.0,257300
1892-07-01,27.4,28.0,5180400
1892-07-04,10.9,1345.0,258100
1892-07-07,-31.6,799.0,258300
1892-07-08,10.7,21.0,5180500
1892-07-11,14.4,212.0,257800
1892-07-12,-21.7,9.0,5180600
1892-07-15,-9.9,178.0,258600
1892-07-18,21.0,4.0,5190100
1892-07-20,15.3,141.0,258700
1892-07-21,-24.5,21.0,259400
1892-07-21,-22.0,32.0,5190200
1892-07-21,11.3,8.0,5190300
1892-07-21,9.5,12.0,5190400
1892-07-25,14.4,283.0,259900
1892-07-26,10.7,237.0,260100
1892-07-26,10.7,80.0,260200
1892-07-27,-20.4,38.0,259600
1892-07-27,19.7,6.0,5190500
1892-07-28,-19.8,7.0,5190600
1892-07-29,20.1,6.0,5190700
1892-07-30,9.1,317.0,261100
1892-07-31,-22.1,412.0,261200
1892-08-01,-17.8,9.0,5170800
1892-08-05,-24.5,123.0,259700
1892-08-05,12.7,276.0,259800
1892-08-06,-15.8,38.0,260000
1892-08-06,-8.5,111.0,261700
1892-08-06,-2.3,7.0,5190900
1892-08-11,-7.3,124.0,262300
1892-08-13,21.1,160.0,262700
1892-08-13,-16.7,45.0,5200100
1892-08-16,-17.4,9.0,5200200
1892-08-18,-23.0,14.0,5200300
1892-08-18,-9.8,7.0,5200400
1892-08-20,12.9,172.0,263600
1892-08-20,-27.3,6.0,5200500
1892-08-22,10.1,205.0,262200
1892-08-23,-22.6,15.0,263400
1892-08-26,-24.4,34.0,264100
1892-08-26,-14.8,7.0,264200
1892-08-27,-22.4,164.0,264400
1892-08-29,21.2,76.0,263800
1892-08-31,18.4,33.0,5200600
1892-08-31,7.4,7.0,5200700
1892-09-01,11.1,3.0,5200800
1892-09-02,-12.2,72.0,264900
1892-09-03,8.2,653.0,263900
1892-09-04,24.6,6.0,5200900
1892-09-05,-39.8,4.0,5201000
1892-09-07,12.5,133.0,265300
1892-09-08,9.7,115.0,264300
1892-09-08,-4.1,8.0,5201100
1892-09-10,12.3,8.0,5210100
1892-09-10,7.7,6.0,5210200
1892-09-11,-21.0,109.0,266200
1892-09-11,22.7,10.0,5210300
1892-09-12,-21.0,5.0,5210400
1892-09-12,11.8,4.0,5210500
1892-09-12,-8.1,10.0,5210600
1892-09-15,-15.8,128.0,265500
1892-09-15,-22.2,6.0,5210700
1892-09-15,27.1,4.0,5210800
1892-09-17,5.5,31.0,267100
1892-09-18,14.3,785.0,267300
1892-09-20,-23.9,21.0,266100
1892-09-23,21.2,3.0,5210900
1892-09-24,-11.9,14.0,267600
1892-09-26,-23.0,64.0,267900
1892-09-26,-16.0,26.0,5211000
1892-09-26,5.9,13.0,5211100
1892-09-27,12.7,425.0,268100
1892-09-29,-27.6,71.0,268300
1892-09-30,-21.1,44.0,268200
1893-01-01,-16.4,60.0,278700
1893-01-01,-12.6,26.0,279400
1893-01-01,-31.1,30.0,279600
1893-01-01,25.5,3.0,280100
1893-01-01,-17.6,28.0,280300
1893-01-01,-22.8,8.0,280400
1893-01-01,-12.1,3.0,5250300
1893-01-02,-12.4,6.0,280500
1893-01-02,22.0,15.0,280600
1893-01-02,18.3,95.0,280800
1893-01-02,-15.1,11.0,5250400
1893-01-04,-16.8,10.0,280000
1893-01-05,-23.9,498.0,279200
1893-01-05,6.3,15.0,5250500
1893-01-07,-8.2,5.0,280900
1893-01-08,-24.5,37.0,279500
1893-01-08,10.1,29.0,279900
1893-01-10,24.1,506.0,281100
1893-01-10,-8.1,244.0,281300
1893-01-10,14.3,35.0,281400
1893-01-10,9.7,212.0,281500
1893-01-11,17.8,26.0,281200
1893-01-11,23.0,4.0,5250600
1893-01-11,7.1,9.0,5250700
1893-01-16,-17.6,25.0,281800
1893-01-16,-13.4,486.0,281900
1893-01-18,-9.4,165.0,282200
1893-01-18,-15.7,8.0,5250800
1893-01-23,-16.4,36.0,282000
1893-01-24,-11.8,55.0,282700
1893-01-25,-12.7,18.0,282800
1893-01-26,-25.0,93.0,282400
1893-01-26,14.5,57.0,283000
1893-01-26,26.7,65.0,283100
1893-01-28,-27.7,46.0,283200
1893-01-29,13.4,22.0,282300
1893-01-30,7.5,9.0,5260100
1893-01-30,-12.0,11.0,5260200
1893-02-02,-21.1,378.0,282500
1893-02-03,-14.4,18.0,283410
1893-02-04,16.9,166.0,282900
1893-02-05,-17.7,23.0,283700
1893-02-05,-9.8,383.0,283800
1893-02-06,-21.4,100.0,282600
1893-02-06,-18.0,6.0,283600
1893-02-06,-16.9,7.0,5260300
1893-02-09,-23.7,39.0,283500
1893-02-09,-16.0,115.0,284000
1893-02-11,13.7,218.0,284100
1893-02-11,-15.3,18.0,284400
1893-02-12,-15.7,435.0,284600
1893-02-12,-11.0,265.0,284700
1893-02-13,10.9,18.0,284500
1893-02-13,18.5,10.0,284900
1893-02-13,-18.7,110.0,285000
1893-02-13,-9.8,5.0,5260400
1893-02-16,-16.3,58.0,285100
1893-02-18,-10.8,24.0,284200
1893-02-18,12.5,13.0,285200
1893-02-18,14.7,172.0,285300
1893-02-20,-18.4,170.0,284300
1893-02-20,15.2,17.0,285400
1893-02-23,19.0,22.0,5270100
1893-02-24,-19.5,79.0,286100
1893-02-25,-22.2,29.0,286300
1893-02-26,11.3,3.0,5270200
1893-02-27,13.3,8.0,286200
1893-02-28,9.5,29.0,286000
1893-02-28,-14.3,58.0,286500
1893-03-03,10.1,406.0,285600
1893-03-03,-5.6,4.0,5270300
1893-03-05,-20.7,8.0,5270400
1893-03-09,-14.3,104.0,287900
1893-03-10,3.1,10.0,286700
1893-03-10,-24.5,29.0,287500
1893-03-10,-12.6,66.0,288000
1893-03-13,-15.0,40.0,288300
1893-03-14,11.5,17.0,287600
1893-03-16,-10.0,26.0,287800
1893-03-16,-14.3,8.0,288500
1893-03-16,-18.7,12.0,5270500
1893-03-17,16.1,80.0,288800
1893-03-17,14.3,101.0,288900
1893-03-17,9.3,58.0,289000
1893-03-17,-18.4,2.0,5270600
1893-03-17,17.8,7.0,5270700
1893-03-19,23.0,102.0,289300
1893-03-20,-17.6,17.0,5280100
1893-03-21,-19.3,5.0,5280200
1893-03-23,-14.3,16.0,289100
1893-03-23,-9.8,31.0,289700
1893-03-24,13.2,107.0,289800
1893-03-26,-21.3,11.0,5280300
1893-03-27,-29.7,12.0,5280400
1893-03-29,-14.8,204.0,289600
1893-03-30,10.5,203.0,289200
1893-03-30,14.1,8.0,290700
1893-03-30,9.8,44.0,290800
1893-04-02,-15.3,8.0,5280500
1893-04-03,-21.0,21.0,291300
1893-04-03,-29.4,11.0,5280600
1893-04-03,23.3,4.0,5280700
1893-04-03,15.4,22.0,5280800
1893-04-05,-20.2,315.0,289900
1893-04-07,-14.2,202.0,290600
1893-04-07,-11.4,53.0,291700
1893-04-07,14.3,4.0,5280900
1893-04-13,-16.0,78.0,292400
1893-04-13,14.2,117.0,292500
1893-04-14,-13.2,12.0,5281000
1893-04-15,-11.6,11.0,5290100
1893-04-17,7.5,20.0,292900
1893-04-18,-8.4,147.0,291400
1893-04-18,-18.8,5.0,5290200
1893-04-21,-17.5,177.0,292800
1893-04-22,-14.3,177.0,293900
1893-04-22,12.4,12.0,5290300
1893-04-22,1.0,8.0,5290400
1893-04-25,10.2,23.0,5290500
1893-04-26,-8.9,101.0,293400
1893-04-26,-18.1,15.0,5290600
1893-04-27,2.8,4.0,294600
1893-04-28,20.5,272.0,293100
1893-04-29,-19.7,172.0,295100
1893-04-29,-9.7,28.0,5290700
1893-05-01,25.3,17.0,295000
1893-05-01,-24.7,9.0,295200
1893-05-02,8.3,206.0,293800
1893-05-02,16.5,7.0,294000
1893-05-02,-17.8,5.0,294900
1893-05-02,18.9,8.0,5290800
1893-05-03,-7.4,41.0,295900
1893-05-08,-12.4,158.0,294800
1893-05-12,-20.2,9.0,296800
1893-05-13,11.3,68.0,296500
1893-05-13,21.4,46.0,296900
1893-05-14,-19.6,22.0,297000
1893-05-18,9.6,9.0,297600
1893-05-21,-28.9,77.0,297200
1893-05-22,-13.0,58.0,296700
1893-05-22,-13.8,72.0,298100
1893-05-22,23.2,56.0,298200
1893-05-22,-16.1,4.0,5300100
1893-05-25,-16.5,44.0,298800
1893-05-25,-8.8,16.0,5300200
1893-05-30,15.9,307.0,298000
1893-05-31,12.4,27.0,297700
1893-06-02,-27.1,26.0,299700
1893-06-03,12.9,3.0,5300300
1893-06-05,13.1,149.0,300400
1893-06-05,-12.4,230.0,300500
1893-06-07,-12.3,12.0,300700
1893-06-08,-20.7,85.0,299200
1893-06-09,-18.8,600.0,299500
1893-06-09,-15.7,9.0,300000
1893-06-10,-11.1,6.0,5310100
1893-06-11,17.5,123.0,299600
1893-06-12,12.0,9.0,5310200
1893-06-13,3.1,4.0,5310300
1893-06-14,16.0,54.0,301600
1893-06-14,-14.9,35.0,301700
1893-06-16,19.6,8.0,5310400
1893-06-17,9.4,6.0,5310500
1893-06-18,-9.7,232.0,300900
1893-06-19,15.6,157.0,301100
1893-06-19,21.5,6.0,5310600
1893-06-19,-16.1,15.0,5310700
1893-06-20,-20.5,368.0,301500
1893-06-20,-10.9,7.0,5310800
1893-06-22,13.8,14.0,301800
1893-06-22,15.0,11.0,302900
1893-06-22,-22.4,31.0,303000
1893-06-22,5.6,4.0,5310900
1893-06-25,17.6,176.0,302000
1893-06-25,-19.0,53.0,303400
1893-06-27,16.8,78.0,303600
1893-06-28,14.1,7.0,303700
1893-06-28,19.9,15.0,5311000
1893-06-28,12.5,4.0,5311100
1893-06-29,-17.9,338.0,304200
1893-07-01,-11.2,175.0,303200
1893-07-01,-19.0,11.0,5311200
1893-07-01,21.2,13.0,5311300
1893-07-02,-15.9,250.0,304600
1893-07-02,-18.5,5.0,5311400
1893-07-03,-12.4,220.0,304700
1893-07-03,-6.8,92.0,304800
1893-07-04,-22.9,8.0,304900
1893-07-04,-9.0,191.0,305000
1893-07-05,-11.4,8.0,5311500
1893-07-05,11.4,5.0,5311600
1893-07-06,-27.3,15.0,5320100
1893-07-07,-17.8,34.0,306000
1893-07-07,11.7,40.0,306100
1893-07-07,-17.6,4.0,5320200
1893-07-07,6.8,11.0,5320300
1893-07-07,17.0,3.0,5320400
1893-07-08,-5.6,16.0,306300
1893-07-08,13.9,97.0,306400
1893-07-08,-23.0,128.0,306500
1893-07-09,-21.6,48.0,306200
1893-07-09,5.0,173.0,306800
1893-07-10,-16.9,3.0,307000
1893-07-11,16.8,70.0,307100
1893-07-12,11.0,8.0,307200
1893-07-16,12.3,4.0,5320500
1893-07-17,-20.4,340.0,305400
1893-07-18,-32.3,46.0,307500
1893-07-19,-19.7,5.0,5320600
1893-07-19,-25.9,5.0,5320700
1893-07-20,34.7,28.0,308200
1893-07-20,-11.0,370.0,308300
1893-07-21,24.2,141.0,308400
1893-07-25,-26.3,11.0,308500
1893-07-25,-32.1,4.0,5320800
1893-07-25,-22.3,7.0,5320900
1893-07-25,-23.4,6.0,5321000
1893-07-26,-11.2,7.0,5321100
1893-07-27,21.3,6.0,5321200
1893-07-28,-29.1,34.0,309500
1893-07-30,-18.5,343.0,309700
1893-07-31,-21.5,223.0,307800
1893-07-31,-22.9,12.0,5321300
1893-07-31,20.6,4.0,5321400
1893-08-02,-14.3,67.0,310800
1893-08-03,-22.6,10.0,311000
1893-08-04,-26.9,163.0,309100
1893-08-04,-19.6,24.0,310000
1893-08-04,17.0,203.0,311200
1893-08-05,-17.7,32.0,311100
1893-08-06,5.0,37.0,311500
1893-08-06,15.0,46.0,311600
1893-08-07,-16.1,322.0,311800
1893-08-08,-18.4,6.0,5330100
1893-08-09,-17.4,36.0,311900
1893-08-10,-13.9,27.0,310500
1893-08-11,11.2,59.0,309800
1893-08-11,-10.9,8.0,312200
1893-08-11,11.7,7.0,312600
1893-08-12,14.4,724.0,310700
1893-08-12,-4.3,59.0,310900
1893-08-12,22.7,34.0,312700
1893-08-13,-20.0,18.0,5330200
1893-08-14,-11.0,335.0,313100
1893-08-15,-28.5,133.0,312400
1893-08-15,-10.5,79.0,313300
1893-08-15,-15.3,19.0,5330300
1893-08-16,-19.1,213.0,313500
1893-08-16,-17.9,17.0,5330400
1893-08-17,9.2,17.0,313800
1893-08-18,10.9,26.0,314000
1893-08-19,9.2,138.0,314300
1893-08-21,-13.1,186.0,314100
1893-08-21,-14.5,7.0,314400
1893-08-21,17.2,28.0,314700
1893-08-22,10.2,99.0,313000
1893-08-23,-11.1,15.0,5330500
1893-08-24,14.3,14.0,315000
1893-08-25,17.4,201.0,314600
1893-08-25,6.7,35.0,5330600
1893-08-26,-27.9,25.0,313900
1893-08-27,20.8,28.0,315300
1893-08-28,-8.3,212.0,313700
1893-08-28,-19.2,773.0,315600
1893-08-29,19.1,3.0,5330700
1893-08-29,-14.1,7.0,5330800
1893-08-30,-5.0,7.0,5340100
1893-08-31,8.9,4.0,5340200
1893-08-31,-18.1,19.0,5340300
1893-09-02,-20.8,11.0,5340400
1893-09-03,25.9,71.0,314900
1893-09-03,3.3,14.0,5340500
1893-09-04,-4.3,17.0,5340600
1893-09-06,-8.4,7.0,5340700
1893-09-08,-17.5,18.0,316900
1893-09-09,-10.3,163.0,315400
1893-09-09,14.3,372.0,315500
1893-09-10,7.7,44.0,317600
1893-09-11,-17.2,6.0,317500
1893-09-11,-22.9,254.0,317700
1893-09-12,-18.7,36.0,318100
1893-09-12,-17.5,7.0,5340800
1893-09-13,-28.6,13.0,318400
1893-09-14,-6.6,276.0,316800
1893-09-15,29.2,8.0,5340900
1893-09-18,-16.6,30.0,5341000
1893-09-19,-7.4,325.0,317300
1893-09-19,18.7,60.0,5341100
1893-09-21,-10.4,14.0,319400
1893-09-21,-28.9,15.0,5341200
1893-09-22,-7.6,17.0,319600
1893-09-22,-14.2,71.0,319700
1893-09-22,42.0,23.0,5341300
1893-09-23,22.3,7.0,5341400
1893-09-24,12.7,94.0,320100
1893-09-24,-11.1,126.0,320200
1893-09-26,-7.7,8.0,320500
1893-09-27,-7.7,93.0,318700
1893-09-28,13.2,19.0,319100
1893-09-29,3.5,236.0,320700
1894-01-02,16.2,22.0,332800
1894-01-02,21.7,4.0,5380800
1894-01-03,-9.1,25.0,5380900
1894-01-04,-9.9,4.0,334310
1894-01-04,8.5,10.0,5381000
1894-01-04,-9.0,13.0,5381100
1894-01-04,-14.1,10.0,5381200
1894-01-05,-13.4,273.0,332300
1894-01-05,25.2,168.0,335000
1894-01-06,-7.5,314.0,332500
1894-01-07,-6.5,188.0,332900
1894-01-09,-1.4,150.0,335200
1894-01-10,-7.4,7.0,5381300
1894-01-11,21.4,4.0,334300
1894-01-11,-12.4,73.0,335500
1894-01-12,7.3,20.0,5381400
1894-01-13,3.8,130.0,335800
1894-01-15,1.6,242.0,336400
1894-01-15,19.1,5.0,5390100
1894-01-15,-9.1,5.0,5390200
1894-01-16,-16.2,19.0,336500
1894-01-16,-2.3,94.0,336600
1894-01-19,-9.9,23.0,337000
1894-01-21,-16.1,37.0,336800
1894-01-21,-6.5,90.0,337200
1894-01-22,-12.8,886.0,335400
1894-01-23,11.3,194.0,335600
1894-01-23,-2.4,7.0,5390300
1894-01-25,10.7,63.0,338100
1894-01-26,-15.1,235.0,336000
1894-01-26,-6.0,174.0,336300
1894-01-26,15.7,226.0,337100
1894-01-26,10.6,18.0,337800
1894-01-28,-2.7,69.0,336700
1894-01-29,-30.1,84.0,337900
1894-01-29,-12.8,11.0,5390400
1894-01-29,11.6,11.0,5390500
1894-01-30,14.8,10.0,5390600
1894-02-02,15.3,111.0,338900
1894-02-02,-17.8,17.0,5390700
1894-02-03,-8.6,45.0,338000
1894-02-04,12.5,46.0,339000
1894-02-05,2.9,345.0,338600
1894-02-05,-10.7,64.0,339200
1894-02-06,-15.3,88.0,339400
1894-02-07,19.3,26.0,339500
1894-02-08,13.5,23.0,338700
1894-02-08,-14.4,25.0,339300
1894-02-08,4.4,15.0,339700
1894-02-08,-5.0,15.0,339800
1894-02-09,-22.9,6.0,339900
1894-02-10,-17.7,291.0,338500
1894-02-10,-14.1,202.0,340100
1894-02-13,14.1,15.0,339100
1894-02-13,-6.3,13.0,340600
1894-02-13,9.6,12.0,5400100
1894-02-14,18.7,4.0,340000
1894-02-14,23.1,62.0,340300
1894-02-14,11.6,10.0,340700
1894-02-15,-27.5,450.0,340800
1894-02-16,-8.5,8.0,5400200
1894-02-16,-15.4,8.0,5400300
1894-02-17,-19.2,8.0,340900
1894-02-18,-7.4,70.0,340400
1894-02-18,-26.8,162.0,341300
1894-02-19,10.5,24.0,339600
1894-02-19,-16.2,23.0,341500
1894-02-19,3.8,96.0,341600
1894-02-19,-16.5,209.0,341700
1894-02-20,-8.8,5.0,5400400
1894-02-20,-13.8,5.0,5400500
1894-02-22,17.6,225.0,340200
1894-02-22,-3.9,174.0,341400
1894-02-24,-27.6,1.0,341800
1894-02-24,-10.5,28.0,342400
1894-02-24,-15.9,5.0,5400600
1894-02-25,5.0,5.0,342200
1894-02-26,-16.4,4.0,5400700
1894-02-26,6.0,8.0,5400800
1894-02-26,19.2,7.0,5400900
1894-02-27,-18.4,10.0,5401000
1894-03-01,-31.4,753.0,341200
1894-03-01,-15.0,14.0,342000
1894-03-01,-16.6,11.0,5401100
1894-03-02,-19.0,12.0,5401200
1894-03-04,-24.1,10.0,342800
1894-03-05,-19.2,12.0,342900
1894-03-05,-22.7,48.0,343300
1894-03-05,-8.9,16.0,5401300
1894-03-05,-18.7,20.0,5401400
1894-03-06,-17.2,27.0,343700
1894-03-06,15.9,29.0,343800
1894-03-07,-8.9,16.0,343600
1894-03-08,-23.3,6.0,5401500
1894-03-08,-11.3,12.0,5401600
1894-03-10,16.7,90.0,344300
1894-03-12,6.4,16.0,343200
1894-03-12,-10.9,9.0,344400
1894-03-13,5.5,8.0,5410100
1894-03-16,-4.3,66.0,343900
1894-03-16,-15.7,11.0,344500
1894-03-16,4.6,12.0,344700
1894-03-17,8.4,11.0,344800
1894-03-19,-25.6,13.0,344900
1894-03-20,8.3,297.0,345000
1894-03-21,-4.7,32.0,344200
1894-03-21,-2.8,13.0,5410200
1894-03-21,12.7,7.0,5410300
1894-03-23,-14.5,17.0,5410400
1894-03-23,12.1,18.0,5410500
1894-03-23,-19.5,13.0,5410600
1894-03-25,25.3,55.0,345600
1894-03-26,13.7,14.0,345700
1894-03-27,-15.9,35.0,345900
1894-03-27,-21.2,40.0,346100
1894-03-28,6.5,10.0,345800
1894-03-28,7.0,155.0,5410700
1894-03-29,-19.5,6.0,5410800
1894-03-31,-12.8,61.0,346800
1894-03-31,-6.6,91.0,5410900
1894-03-31,15.9,7.0,5411000
1894-04-02,27.7,12.0,346300
1894-04-03,13.2,7.0,347200
1894-04-04,-10.9,20.0,347400
1894-04-04,18.0,97.0,347500
1894-04-06,-16.8,5.0,346700
1894-04-07,8.9,211.0,346000
1894-04-07,8.4,14.0,347600
1894-04-07,-17.0,2.0,5420100
1894-04-08,22.6,369.0,346400
1894-04-09,15.3,146.0,346500
1894-04-09,-24.5,13.0,5420200
1894-04-10,14.4,8.0,5420300
1894-04-11,-27.7,271.0,347300
1894-04-11,12.3,19.0,347700
1894-04-11,-1.9,6.0,5420400
1894-04-12,-10.9,32.0,348100
1894-04-12,-15.3,115.0,348500
1894-04-12,-16.4,3.0,5420500
1894-04-13,-15.7,48.0,347100
1894-04-14,-13.2,245.0,348600
1894-04-15,-6.3,15.0,348700
1894-04-16,16.9,969.0,347800
1894-04-19,-16.6,268.0,348800
1894-04-21,-18.8,84.0,349000
1894-04-22,-10.5,16.0,349100
1894-04-22,22.2,194.0,349300
1894-04-25,15.6,70.0,349500
1894-04-25,20.3,2.0,5420600
1894-04-26,-27.3,649.0,349600
1894-04-28,22.3,13.0,349700
1894-04-29,-4.6,131.0,349800
1894-04-30,-3.1,22.0,349900
1894-05-01,-29.1,49.0,348900
1894-05-01,10.1,50.0,350300
1894-05-01,17.8,193.0,350400
1894-05-01,31.3,8.0,5420700
1894-05-01,-15.3,7.0,5420800
1894-05-02,-17.6,10.0,350000
1894-05-03,-17.8,5.0,350500
1894-05-03,27.0,46.0,350600
1894-05-03,20.2,36.0,350700
1894-05-03,20.4,271.0,350800
1894-05-04,10.4,262.0,349200
1894-05-05,19.9,7.0,351000
1894-05-05,-20.1,7.0,5430100
1894-05-06,21.1,5.0,5430200
1894-05-09,6.1,9.0,351600
1894-05-09,4.0,7.0,5430300
1894-05-09,13.7,9.0,5430400
1894-05-10,23.8,13.0,351300
1894-05-11,-13.5,8.0,351700
1894-05-12,-5.4,12.0,351200
1894-05-12,12.2,26.0,5430500
1894-05-15,-14.4,11.0,5430600
1894-05-17,-17.0,68.0,352500
1894-05-18,10.9,7.0,352600
1894-05-18,-5.1,13.0,352800
1894-05-18,17.1,13.0,5430700
1894-05-19,-14.3,26.0,352900
1894-05-19,-18.7,44.0,353000
1894-05-20,18.5,15.0,352100
1894-05-20,-22.2,244.0,352200
1894-05-22,-16.0,1920.0,351800
1894-05-22,-3.0,13.0,353200
1894-05-24,-12.4,736.0,352000
1894-05-24,12.4,13.0,353300
1894-05-24,11.3,4.0,353500
1894-05-24,-8.9,4.0,5430800
1894-05-25,-14.1,272.0,352400
1894-05-25,-9.3,114.0,353100
1894-05-26,-20.2,14.0,353600
1894-05-26,14.2,67.0,353700
1894-05-28,11.4,17.0,353800
1894-05-28,-6.5,11.0,354000
1894-05-29,-3.9,7.0,354100
1894-05-29,8.8,3.0,354200
1894-05-29,-2.5,14.0,354300
1894-05-30,16.2,4.0,354400
1894-05-30,14.7,4.0,354500
1894-05-31,-23.1,19.0,353900
1894-06-01,16.1,4.0,354800
1894-06-01,14.2,4.0,5440100
1894-06-02,10.8,10.0,5440200
1894-06-03,10.2,12.0,5440300
1894-06-04,-18.8,74.0,355500
1894-06-05,0.5,34.0,354600
1894-06-05,-27.6,23.0,355100
1894-06-05,-15.8,28.0,355900
1894-06-05,17.0,9.0,5440400
1894-06-06,-12.6,311.0,356000
1894-06-07,-11.3,3.0,5440500
1894-06-08,-13.8,3.0,356200
1894-06-09,19.7,54.0,355700
1894-06-09,-15.9,4.0,356300
1894-06-09,5.9,4.0,356400
1894-06-10,15.9,76.0,354900
1894-06-10,-7.8,144.0,355300
1894-06-11,-15.5,11.0,5440600
1894-06-12,7.1,2.0,356600
1894-06-12,9.9,9.0,357300
1894-06-12,-14.6,2.0,5440700
1894-06-12,-15.3,5.0,5440800
1894-06-12,-19.9,9.0,5440900
1894-06-14,-10.9,2.0,356700
1894-06-14,-15.3,964.0,357500
1894-06-15,-12.8,74.0,355400
1894-06-16,6.1,28.0,355800
1894-06-16,-13.3,33.0,357600
1894-06-18,-18.7,964.0,357400
1894-06-18,10.8,24.0,357800
1894-06-19,-5.5,226.0,357000
1894-06-19,12.1,405.0,358100
1894-06-19,18.1,33.0,5441000
1894-06-20,18.6,4.0,5441100
1894-06-21,-1.5,84.0,358300
1894-06-22,9.1,1570.0,356500
1894-06-22,-13.4,114.0,357700
1894-06-23,-20.4,474.0,357900
1894-06-23,16.5,99.0,358500
1894-06-23,8.8,99.0,358600
1894-06-24,10.1,7.0,5441200
1894-06-26,-10.1,27.0,358400
1894-06-26,12.6,7.0,5450100
1894-06-28,12.2,13.0,358900
1894-06-29,0.8,34.0,359300
1894-06-30,19.7,15.0,359100
1894-06-30,16.0,5.0,5450200
1894-07-01,-4.9,5.0,359600
1894-07-01,6.4,94.0,359800
1894-07-01,26.7,17.0,5450300
1894-07-02,-11.6,61.0,359000
1894-07-02,11.2,193.0,359900
1894-07-03,-14.0,41.0,360300
1894-07-03,-7.6,3.0,5450400
1894-07-03,-2.2,10.0,5450500
1894-07-03,23.2,4.0,5450600
1894-07-04,-25.1,43.0,360500
1894-07-05,9.2,39.0,360700
1894-07-06,-11.9,20.0,359200
1894-07-06,9.9,417.0,361000
1894-07-06,8.7,8.0,5450700
1894-07-06,-16.7,4.0,5450800
1894-07-07,9.9,135.0,361300
1894-07-07,-13.1,7.0,5450900
1894-07-07,17.6,9.0,5451000
1894-07-08,9.4,28.0,361500
1894-07-09,16.8,10.0,359700
1894-07-10,-10.9,77.0,361600
1894-07-11,-18.9,34.0,362300
1894-07-11,-5.8,3.0,5451100
1894-07-11,-14.6,11.0,5451200
1894-07-11,9.8,6.0,5451300
1894-07-11,12.2,9.0,5451400
1894-07-11,15.5,5.0,5451500
1894-07-12,4.7,17.0,361400
1894-07-12,-12.7,2.0,362600
1894-07-12,-11.6,123.0,362800
1894-07-12,8.5,111.0,362900
1894-07-12,-10.6,150.0,363000
1894-07-12,-15.1,2.0,5451600
1894-07-13,-14.5,54.0,360600
1894-07-13,17.8,3.0,362100
1894-07-13,-15.9,9.0,363200
1894-07-13,23.3,4.0,5451700
1894-07-14,13.4,7.0,363300
1894-07-16,-18.6,182.0,360400
1894-07-16,-30.6,8.0,363600
1894-07-16,-25.7,102.0,5451800
1894-07-17,14.4,271.0,363800
1894-07-18,-10.8,168.0,362200
1894-07-19,-16.9,11.0,363900
1894-07-20,-10.1,10.0,364000
1894-07-21,14.0,7.0,5451900
1894-07-22,-20.9,4.0,364300
1894-07-23,-14.6,136.0,362400
1894-07-23,9.2,6.0,364400
1894-07-23,-21.7,153.0,364500
1894-07-24,-16.3,9.0,363500
1894-07-24,12.8,27.0,364600
1894-07-26,-17.6,8.0,5460100
1894-07-27,-22.3,8.0,364900
1894-07-28,-5.4,10.0,364800
1894-07-29,12.1,127.0,363700
1894-07-29,-11.0,30.0,365100
1894-07-29,12.1,147.0,365200
1894-07-29,22.8,5.0,5460200
1894-07-30,-11.7,10.0,365300
1894-07-31,-19.0,85.0,365400
1894-08-01,16.6,13.0,5460300
1894-08-02,19.0,246.0,364200
1894-08-02,-14.9,85.0,365600
1894-08-02,7.9,86.0,365800
1894-08-06,3.8,13.0,365900
1894-08-07,-14.1,78.0,366300
1894-08-08,-20.7,46.0,366400
1894-08-08,-23.8,17.0,366500
1894-08-09,-16.5,4.0,366000
1894-08-10,-16.1,21.0,366700
1894-08-11,-17.1,11.0,366600
1894-08-13,-13.2,16.0,367000
1894-08-14,15.3,26.0,365700
1894-08-14,-13.6,66.0,366100
1894-08-14,-10.8,25.0,366900
1894-08-14,-27.3,6.0,367100
1894-08-14,-19.6,68.0,367200
1894-08-15,-5.3,80.0,367400
1894-08-15,12.1,11.0,5460400
1894-08-16,-25.9,8.0,367500
1894-08-17,-12.2,50.0,367800
1894-08-17,17.6,220.0,367900
1894-08-17,5.7,9.0,5460500
1894-08-17,-17.9,12.0,5460600
1894-08-18,-11.3,28.0,366200
1894-08-18,-11.8,6.0,5460700
1894-08-20,5.2,5.0,5470100
1894-08-21,-16.5,2.0,5470200
1894-08-22,-17.6,9.0,368200
1894-08-22,6.8,23.0,368300
1894-08-22,-16.1,14.0,5470300
1894-08-23,5.5,172.0,366800
1894-08-26,8.6,87.0,368900
1894-08-26,8.8,5.0,5470400
1894-08-28,14.9,115.0,368600
1894-08-28,5.0,10.0,369100
1894-08-28,-10.3,7.0,5470500
1894-08-30,-11.5,19.0,369400
1894-08-30,20.9,3.0,5470600
1894-09-01,5.1,5.0,5470700
1894-09-01,-17.1,7.0,5470800
1894-09-04,-7.6,29.0,368700
1894-09-04,30.0,26.0,369900
1894-09-04,21.0,21.0,5470900
1894-09-05,-7.7,93.0,370000
1894-09-06,5.6,60.0,370300
1894-09-06,9.5,146.0,370400
1894-09-07,15.0,55.0,369200
1894-09-07,20.1,34.0,370500
1894-09-08,-10.1,54.0,370800
1894-09-08,-12.3,34.0,370900
1894-09-09,10.7,59.0,370600
1894-09-10,12.0,9.0,5471000
1894-09-11,17.7,12.0,5471100
1894-09-11,5.6,7.0,5471200
1894-09-11,-5.7,12.0,5471300
1894-09-12,-15.9,3.0,369700
1894-09-12,-3.9,22.0,371000
1894-09-12,-10.1,30.0,371600
1894-09-12,-11.3,32.0,5471400
1894-09-13,0.2,79.0,371700
1894-09-15,21.2,5.0,370700
1894-09-15,-7.9,39.0,371800
1894-09-15,0.2,92.0,371900
1894-09-18,-14.8,35.0,370100
1894-09-18,16.4,317.0,370200
1894-09-19,19.6,101.0,372100
1894-09-22,3.4,16.0,372200
1894-09-22,-17.4,35.0,372300
1894-09-23,3.7,76.0,372400
1894-09-24,-7.5,45.0,372000
1894-09-27,10.2,240.0,372500
1894-09-29,-13.5,470.0,372800
1894-09-30,-11.1,155.0,372600
1894-09-30,8.6,45.0,372700
1894-09-30,-9.3,65.0,373000
1894-09-30,6.3,8.0,5480100
1895-01-01,12.8,8.0,383800
1895-01-01,4.8,9.0,384500
1895-01-02,-15.1,11.0,383600
1895-01-02,14.2,34.0,384300
1895-01-02,-9.9,7.0,5510700
1895-01-02,-7.8,10.0,5510800
1895-01-03,19.2,16.0,5520100
1895-01-04,-23.0,32.0,385200
1895-01-04,-23.1,12.0,5520200
1895-01-05,8.4,118.0,5520300
1895-01-06,-3.2,15.0,385100
1895-01-06,-7.3,27.0,5520400
1895-01-08,16.4,60.0,384200
1895-01-11,10.3,78.0,384600
1895-01-11,-14.3,3.0,5520500
1895-01-12,-17.7,233.0,384700
1895-01-12,-16.8,8.0,385700
1895-01-13,10.8,178.0,385800
1895-01-13,-24.3,12.0,386000
1895-01-14,-26.8,12.0,386100
1895-01-15,-13.1,6.0,386300
1895-01-15,14.0,8.0,5520600
1895-01-15,21.7,6.0,5520700
1895-01-17,-13.9,39.0,385600
1895-01-17,10.6,15.0,386500
1895-01-17,10.7,15.0,386600
1895-01-17,11.7,250.0,386700
1895-01-18,19.1,13.0,5520800
1895-01-19,18.6,15.0,386800
1895-01-19,-19.5,6.0,5520900
1895-01-21,-4.6,9.0,387000
1895-01-23,-12.9,38.0,387400
1895-01-23,16.3,20.0,5521000
1895-01-26,15.2,29.0,387700
1895-01-26,-6.5,14.0,387800
1895-01-26,22.4,10.0,5521100
1895-01-27,-18.3,9.0,388000
1895-01-27,-3.5,16.0,5521200
1895-01-28,12.5,6.0,388200
1895-01-28,-19.2,97.0,388300
1895-01-29,7.1,33.0,388100
1895-01-29,17.5,16.0,388700
1895-01-29,14.1,5.0,5521300
1895-01-29,17.5,9.0,5521400
1895-01-31,-8.9,4.0,5530100
1895-02-01,-10.7,875.0,387200
1895-02-03,-3.8,237.0,388800
1895-02-03,16.6,9.0,5530200
1895-02-03,-8.2,5.0,5530300
1895-02-05,-17.5,120.0,387500
1895-02-05,-24.0,15.0,5530400
1895-02-07,-8.1,13.0,389600
1895-02-09,15.1,250.0,388400
1895-02-09,-9.3,271.0,389800
1895-02-10,10.9,127.0,389300
1895-02-10,13.6,5.0,5530500
1895-02-10,17.6,13.0,5530600
1895-02-11,-18.3,29.0,390100
1895-02-14,14.5,249.0,389200
1895-02-14,20.7,182.0,389400
1895-02-14,-17.7,8.0,389700
1895-02-15,-9.1,327.0,390300
1895-02-16,17.8,31.0,390200
1895-02-18,-4.0,101.0,390600
1895-02-19,-12.7,6.0,5530700
1895-02-20,-10.6,8.0,390800
1895-02-21,-17.4,4.0,390900
1895-02-21,9.1,55.0,391000
1895-02-23,13.3,46.0,391200
1895-02-24,6.0,9.0,390400
1895-02-24,-20.3,26.0,391500
1895-02-24,13.8,179.0,391600
1895-02-24,-22.7,7.0,5530800
1895-02-25,-6.4,19.0,391900
1895-02-25,-16.5,4.0,5530900
1895-02-25,16.2,7.0,5531000
1895-02-26,-23.7,29.0,392200
1895-02-26,6.3,125.0,392300
1895-02-26,-7.9,6.0,5531100
1895-02-28,-13.1,120.0,390500
1895-02-28,-8.4,104.0,391300
1895-03-01,-21.2,10.0,392000
1895-03-01,18.9,169.0,392800
1895-03-01,-6.6,6.0,5540100
1895-03-01,-5.8,9.0,5540200
1895-03-02,-3.7,54.0,392400
1895-03-04,-17.7,14.0,392600
1895-03-04,-21.9,13.0,5540300
1895-03-05,-3.3,102.0,392900
1895-03-05,19.5,72.0,393200
1895-03-05,16.2,26.0,5540400
1895-03-06,11.5,218.0,391100
1895-03-06,12.2,289.0,393400
1895-03-08,23.0,4.0,393500
1895-03-09,21.9,29.0,393600
1895-03-10,4.4,271.0,394000
1895-03-10,18.1,9.0,5540500
1895-03-13,6.6,24.0,394100
1895-03-16,-17.1,86.0,393800
1895-03-16,-11.5,195.0,393900
1895-03-16,-5.5,5.0,394500
1895-03-16,-7.4,4.0,5540600
1895-03-16,-21.5,6.0,5540700
1895-03-17,13.5,176.0,393300
1895-03-17,-12.7,26.0,5540800
1895-03-18,7.1,6.0,5540900
1895-03-19,18.6,559.0,394200
1895-03-20,-20.8,11.0,5541000
1895-03-20,-6.3,6.0,5541100
1895-03-23,11.5,43.0,395100
1895-03-23,-17.6,8.0,5541200
1895-03-24,12.6,44.0,395500
1895-03-25,-13.9,29.0,395400
1895-03-25,21.0,13.0,395600
1895-03-26,-4.9,6.0,395800
1895-03-27,-10.3,254.0,394600
1895-03-29,-4.7,111.0,394900
1895-03-29,8.7,53.0,395900
1895-03-31,-19.0,110.0,396000
1895-04-02,6.4,61.0,396300
1895-04-02,12.7,132.0,396400
1895-04-02,-5.5,3.0,5550100
1895-04-04,12.1,5.0,5550200
1895-04-05,18.2,389.0,395700
1895-04-05,-13.6,168.0,396800
1895-04-05,6.0,6.0,5550300
1895-04-07,-26.8,51.0,396100
1895-04-08,-13.3,5.0,396600
1895-04-08,-12.0,40.0,397100
1895-04-10,-10.9,20.0,397200
1895-04-10,-20.7,3.0,397400
1895-04-10,-9.1,220.0,397500
1895-04-11,7.7,106.0,396900
1895-04-11,16.8,11.0,397700
1895-04-11,-18.4,6.0,397800
1895-04-11,10.9,504.0,397900
1895-04-11,17.8,3.0,5550400
1895-04-12,18.5,12.0,397300
1895-04-13,4.6,78.0,397000
1895-04-13,-24.8,31.0,398200
1895-04-13,2.5,7.0,5550500
1895-04-15,-7.9,12.0,5550600
1895-04-16,-8.2,22.0,398300
1895-04-17,3.3,36.0,398000
1895-04-17,-14.7,14.0,5550700
1895-04-19,-14.6,2.0,398600
1895-04-19,12.9,14.0,398700
1895-04-21,17.8,46.0,399000
1895-04-22,-15.7,6.0,5560100
1895-04-24,10.2,36.0,399400
1895-04-24,-25.3,131.0,399500
1895-04-24,-17.2,25.0,5560200
1895-04-25,-27.5,61.0,399700
1895-04-26,-12.8,19.0,399100
1895-04-26,13.3,153.0,399900
1895-04-30,16.2,315.0,398800
1895-04-30,10.4,4.0,399800
1895-04-30,-33.5,2.0,5560300
1895-05-01,-10.3,9.0,400300
1895-05-02,23.6,293.0,398900
1895-05-02,-12.9,189.0,399600
1895-05-02,-29.0,3.0,400000
1895-05-02,-14.2,221.0,400500
1895-05-02,16.8,6.0,5560400
1895-05-03,-24.4,1.0,5560500
1895-05-04,2.7,21.0,400200
1895-05-05,16.9,6.0,5560600
1895-05-07,7.2,16.0,5560700
1895-05-07,15.3,16.0,5560800
1895-05-08,9.5,6.0,400900
1895-05-08,-6.6,23.0,401100
1895-05-08,12.0,13.0,401200
1895-05-09,14.4,11.0,401300
1895-05-10,8.9,33.0,401400
1895-05-11,-11.2,8.0,5560900
1895-05-12,-11.2,15.0,401800
1895-05-12,-17.9,202.0,401900
1895-05-13,-13.3,5.0,401600
1895-05-13,-11.6,6.0,402100
1895-05-13,14.4,196.0,402200
1895-05-13,-14.4,8.0,5561000
1895-05-14,-11.9,14.0,401700
1895-05-18,-13.0,52.0,402500
1895-05-19,3.0,88.0,402700
1895-05-19,-31.0,4.0,5570100
1895-05-21,16.9,2.0,5570200
1895-05-21,-17.1,2.0,5570300
1895-05-21,-1.9,3.0,5570400
1895-05-23,4.7,64.0,403500
1895-05-23,19.1,4.0,5570500
1895-05-24,15.3,67.0,403700
1895-05-24,28.4,7.0,5570600
1895-05-26,9.3,155.0,402300
1895-05-26,-19.3,14.0,403800
1895-05-27,11.5,27.0,403400
1895-05-27,-7.7,77.0,404200
1895-05-27,32.5,14.0,404300
1895-05-27,28.6,9.0,5570700
1895-05-27,-7.9,11.0,5570800
1895-05-27,-22.4,5.0,5570900
1895-05-28,-18.2,13.0,403200
1895-05-30,23.2,186.0,402400
1895-05-31,-23.4,209.0,402800
1895-05-31,14.9,266.0,404600
1895-06-02,17.4,36.0,404700
1895-06-02,-11.9,382.0,404800
1895-06-04,-16.8,14.0,404500
1895-06-05,-14.3,188.0,405200
1895-06-05,20.0,11.0,5571000
1895-06-06,-6.3,14.0,405000
1895-06-06,-15.2,177.0,405300
1895-06-10,-12.3,90.0,404400
1895-06-10,10.5,240.0,405500
1895-06-13,21.4,5.0,405400
1895-06-13,-6.0,21.0,405600
1895-06-13,22.5,102.0,405800
1895-06-14,21.2,18.0,405900
1895-06-15,-18.1,136.0,404900
1895-06-16,-25.1,103.0,406100
1895-06-18,25.1,2.0,5580100
1895-06-19,25.0,36.0,5580200
1895-06-20,11.3,11.0,5580300
1895-06-21,23.0,9.0,5580400
1895-06-22,14.5,573.0,406000
1895-06-22,5.5,4.0,5580500
1895-06-23,11.6,85.0,407200
1895-06-23,13.8,18.0,5580600
1895-06-23,20.9,32.0,5580700
1895-06-24,-10.7,26.0,407300
1895-06-25,21.5,72.0,405700
1895-06-26,-14.1,7.0,406800
1895-06-26,10.8,12.0,406900
1895-06-28,-10.4,9.0,407600
1895-06-29,16.7,270.0,406300
1895-06-30,-18.4,43.0,407700
1895-07-01,23.3,103.0,407400
1895-07-01,-10.9,12.0,5580800
1895-07-02,13.0,80.0,407900
1895-07-02,-16.5,268.0,408000
1895-07-03,-8.3,94.0,407500
1895-07-03,14.0,8.0,408200
1895-07-03,-4.8,2.0,5580900
1895-07-07,13.0,146.0,408500
1895-07-07,17.4,39.0,408600
1895-07-08,12.2,6.0,5581000
1895-07-09,-15.6,61.0,408300
1895-07-09,13.7,77.0,409100
1895-07-09,8.7,9.0,5581100
1895-07-09,12.2,14.0,5581200
1895-07-11,17.1,14.0,409200
1895-07-11,25.2,69.0,409400
1895-07-13,-11.6,57.0,409600
1895-07-15,-8.6,143.0,408700
1895-07-17,7.2,4.0,5590100
1895-07-17,26.8,4.0,5590200
1895-07-17,-11.9,9.0,5590300
1895-07-18,-5.7,128.0,408400
1895-07-18,17.6,9.0,409300
1895-07-20,21.1,13.0,5590400
1895-07-23,-13.6,59.0,409500
1895-07-23,23.1,25.0,410000
1895-07-23,18.8,27.0,410300
1895-07-23,17.8,5.0,5590500
1895-07-24,-11.1,36.0,410400
1895-07-31,16.6,38.0,410500
1895-08-01,-3.5,5.0,5590600
1895-08-02,-6.2,97.0,411200
1895-08-04,-15.7,14.0,410900
1895-08-04,-15.2,28.0,411300
1895-08-04,17.3,315.0,411400
1895-08-05,-4.7,15.0,411500
1895-08-07,9.0,7.0,5590700
1895-08-08,-17.2,4.0,5590800
1895-08-09,-8.5,80.0,410600
1895-08-09,-10.1,174.0,410700
1895-08-09,23.7,5.0,5600100
1895-08-10,-4.9,149.0,411100
1895-08-11,-13.6,24.0,412000
1895-08-12,9.1,17.0,412100
1895-08-13,10.3,481.0,411000
1895-08-14,18.1,347.0,411800
1895-08-14,8.2,54.0,412200
1895-08-14,17.5,485.0,412300
1895-08-16,-20.4,8.0,412400
1895-08-17,-10.3,10.0,412600
1895-08-17,-20.5,42.0,5600200
1895-08-18,-9.7,5.0,5600300
1895-08-19,23.3,4.0,5600400
1895-08-23,-17.0,18.0,5600500
1895-08-23,-8.4,7.0,5600600
1895-08-24,-8.9,126.0,413300
1895-08-25,-23.2,145.0,412900
1895-08-25,-10.1,4.0,413000
1895-08-25,-16.6,38.0,413400
1895-08-25,-5.5,62.0,413500
1895-08-27,-1.2,12.0,413700
1895-08-27,11.0,695.0,413900
1895-08-28,-10.7,12.0,413600
1895-08-28,11.5,6.0,5600700
1895-08-29,-14.4,3.0,5600800
1895-08-29,23.3,4.0,5600900
1895-08-30,-17.8,3.0,414100
1895-08-30,-24.0,17.0,5601000
1895-08-30,-10.3,10.0,5601100
1895-08-30,20.1,7.0,5601200
1895-08-30,-12.9,21.0,5601300
1895-08-31,-16.8,6.0,414500
1895-08-31,8.3,29.0,5601400
1895-08-31,-5.3,10.0,5601500
1895-09-01,20.8,14.0,415100
1895-09-02,12.0,217.0,415200
1895-09-03,13.9,4.0,5601600
1895-09-06,-10.7,92.0,413800
1895-09-06,-15.6,17.0,415600
1895-09-06,10.0,14.0,415700
1895-09-06,11.3,14.0,415800
1895-09-06,15.3,5.0,5610100
1895-09-07,-3.3,4.0,5610200
1895-09-10,-21.1,75.0,416100
1895-09-10,-4.0,6.0,5610300
1895-09-11,16.9,92.0,415400
1895-09-15,24.2,5.0,416200
1895-09-15,3.4,7.0,5610400
1895-09-16,23.6,84.0,416300
1895-09-16,17.1,11.0,417000
1895-09-16,-15.1,296.0,417100
1895-09-16,-18.7,23.0,5610500
1895-09-16,-4.0,4.0,5610600
1895-09-16,-10.0,2.0,5610700
1895-09-17,26.1,27.0,416800
1895-09-17,17.7,23.0,5610800
1895-09-19,9.6,62.0,416400
1895-09-20,-17.2,32.0,5610900
1895-09-22,16.4,10.0,417400
1895-09-22,13.3,23.0,417600
1895-09-23,1.1,38.0,417800
1895-09-24,-11.0,76.0,417300
1895-09-24,12.2,366.0,418000
1895-09-24,-8.6,14.0,5611000
1895-09-25,12.2,20.0,417700
1895-09-25,14.9,24.0,418200
1895-09-25,15.2,55.0,418300
1895-09-25,-16.6,32.0,418400
1895-09-25,-13.6,29.0,5611100
1895-09-26,-14.7,32.0,418500
1895-09-27,-16.2,8.0,5611200
1895-09-28,18.1,60.0,418700
1895-09-30,22.2,91.0,418900
1895-09-30,-0.6,8.0,5611300
1896-01-01,-10.4,366.0,425500
1896-01-01,-13.0,6.0,426400
1896-01-02,-13.6,150.0,425600
1896-01-02,8.8,28.0,426300
1896-01-04,-17.3,20.0,5650100
1896-01-06,18.3,22.0,427000
1896-01-06,6.9,83.0,427100
1896-01-06,-13.3,2.0,5650200
1896-01-07,11.4,44.0,426200
1896-01-07,-12.3,7.0,426700
1896-01-08,-14.0,4.0,5650300
1896-01-10,-20.7,6.0,426800
1896-01-10,-19.2,463.0,427200
1896-01-11,16.8,62.0,426500
1896-01-12,-4.2,30.0,427400
1896-01-14,16.1,16.0,427500
1896-01-16,-13.0,12.0,427600
1896-01-24,-19.0,157.0,427900
1896-01-26,-17.4,5.0,5660100
1896-01-28,-10.9,108.0,427700
1896-01-28,-20.6,56.0,428300
1896-01-29,-14.2,9.0,427800
1896-01-31,14.5,95.0,428400
1896-02-02,8.2,131.0,428100
1896-02-02,-11.3,10.0,428200
1896-02-05,-15.9,558.0,428500
1896-02-05,-12.0,59.0,428700
1896-02-07,19.8,4.0,5660200
1896-02-08,13.3,13.0,428600
1896-02-08,-21.2,27.0,428800
1896-02-09,18.4,34.0,429000
1896-02-13,-14.1,22.0,5660300
1896-02-15,4.3,9.0,5660400
1896-02-16,11.0,182.0,429300
1896-02-19,-14.4,542.0,429600
1896-02-20,9.4,16.0,5670100
1896-02-21,7.6,221.0,429100
1896-02-22,-7.2,15.0,429900
1896-02-22,-20.7,56.0,430000
1896-02-26,-8.9,30.0,429800
1896-02-26,13.1,26.0,430100
1896-02-29,15.0,525.0,429500
1896-03-02,13.5,49.0,430400
1896-03-03,9.4,13.0,430600
1896-03-06,-21.3,14.0,5670200
1896-03-08,-16.1,338.0,430500
1896-03-08,6.6,24.0,5670300
1896-03-09,12.2,14.0,5670400
1896-03-10,-20.1,334.0,430200
1896-03-13,-12.7,72.0,430300
1896-03-14,-11.9,45.0,431000
1896-03-15,-19.2,136.0,431100
1896-03-15,-16.6,18.0,5680100
1896-03-16,13.7,29.0,431400
1896-03-19,-6.1,44.0,431500
1896-03-20,-19.0,52.0,431700
1896-03-21,20.6,22.0,431300
1896-03-22,-14.8,23.0,431800
1896-03-23,-15.7,36.0,432000
1896-03-26,-17.8,15.0,431600
1896-03-28,-13.0,4.0,431900
1896-03-28,-11.6,14.0,5680200
1896-03-28,0.4,9.0,5680300
1896-03-30,-12.2,147.0,432600
1896-03-30,-18.2,125.0,432700
1896-03-30,-16.7,6.0,5680400
1896-03-31,-14.5,35.0,432900
1896-04-01,14.9,68.0,433200
1896-04-04,7.0,13.0,433100
1896-04-05,6.7,12.0,433000
1896-04-05,-6.8,26.0,433500
1896-04-05,-1.2,19.0,5680500
1896-04-06,14.7,130.0,432100
1896-04-06,7.7,151.0,432800
1896-04-07,14.3,4.0,5680600
1896-04-09,8.6,90.0,432500
1896-04-13,16.0,536.0,433300
1896-04-14,23.4,19.0,5690100
1896-04-18,-18.6,6.0,433900
1896-04-18,-17.5,4.0,5690200
1896-04-21,11.4,12.0,434200
1896-04-22,-13.7,40.0,434000
1896-04-23,-13.1,93.0,434100
1896-04-23,-8.1,57.0,434300
1896-04-25,16.6,46.0,434400
1896-04-28,3.6,6.0,5690300
1896-04-29,23.0,5.0,5690400
1896-04-30,-16.6,11.0,434500
1896-05-04,-21.2,14.0,434900
1896-05-05,-5.1,28.0,435000
1896-05-06,-9.8,174.0,434800
1896-05-08,-2.1,18.0,5700100
1896-05-10,-17.5,38.0,435200
1896-05-11,17.1,19.0,5700200
1896-05-14,-14.8,4.0,5700300
1896-05-18,-6.6,22.0,435500
1896-05-18,-13.5,19.0,5700400
1896-05-20,19.9,12.0,5700500
1896-05-21,-9.5,55.0,435900
1896-05-23,-18.8,68.0,435700
1896-05-25,16.9,11.0,436000
1896-05-27,-2.6,17.0,436200
1896-05-28,-17.1,20.0,436300
1896-06-02,-10.0,136.0,436500
1896-06-04,-10.2,374.0,436100
1896-06-05,-17.4,11.0,436600
1896-06-07,7.9,5.0,436700
1896-06-12,-20.1,250.0,436400
1896-06-13,14.2,12.0,5710100
1896-06-16,13.7,3.0,5710200
1896-06-16,-15.4,15.0,5710300
1896-06-16,-8.0,4.0,5710400
1896-06-18,-15.9,151.0,436800
1896-06-18,12.3,15.0,437100
1896-06-19,19.3,23.0,437500
1896-06-20,-14.9,384.0,436900
1896-06-23,-3.7,7.0,5710500
1896-06-25,-11.2,26.0,5710600
1896-06-26,-14.1,12.0,437900
1896-06-28,-22.1,310.0,437600
1896-06-30,-21.1,15.0,438100
1896-07-01,13.9,15.0,438200
1896-07-01,14.1,22.0,438300
1896-07-04,-14.9,36.0,438400
1896-07-05,13.0,7.0,438500
1896-07-06,-9.3,104.0,438000
1896-07-06,-15.0,119.0,438600
1896-07-06,-6.6,98.0,438700
1896-07-07,-16.2,64.0,438800
1896-07-08,-16.8,53.0,438900
1896-07-10,-16.4,31.0,439000
1896-07-11,-12.9,4.0,439100
1896-07-12,7.3,7.0,5720100
1896-07-12,2.4,7.0,5720200
1896-07-13,-20.8,501.0,439500
1896-07-13,-9.9,2.0,5720300
1896-07-14,-16.0,6.0,5720400
1896-07-14,-16.9,5.0,5720500
1896-07-14,10.1,16.0,5720600
1896-07-15,19.6,205.0,440000
1896-07-18,9.9,3.0,5720700
1896-07-19,10.1,16.0,440200
1896-07-22,-21.4,3.0,5720800
1896-07-25,-21.4,312.0,439900
1896-07-27,-8.9,21.0,440500
1896-07-29,-10.1,17.0,440300
1896-08-04,-15.8,14.0,5730100
1896-08-09,-19.2,292.0,440700
1896-08-13,-19.8,19.0,440800
1896-08-13,20.1,94.0,440900
1896-08-16,-12.8,18.0,441000
1896-08-17,4.2,6.0,441200
1896-08-17,-21.7,5.0,5730200
1896-08-20,16.0,8.0,5730300
1896-08-22,-9.4,16.0,441400
1896-08-27,2.5,112.0,441500
1896-08-30,-18.9,176.0,441700
1896-09-01,-12.3,6.0,5740100
1896-09-02,-18.8,24.0,5740200
1896-09-04,-11.3,472.0,441600
1896-09-05,4.1,9.0,5740300
1896-09-06,-5.5,15.0,442000
1896-09-07,-14.9,67.0,442200
1896-09-07,-20.9,10.0,5740400
1896-09-09,10.4,67.0,442600
1896-09-10,-0.1,8.0,5740500
1896-09-12,-16.1,138.0,442500
1896-09-12,17.6,12.0,5740600
1896-09-13,1.6,8.0,443100
1896-09-14,-16.6,85.0,442400
1896-09-14,14.6,28.0,442900
1896-09-16,16.7,25.0,5740700
1896-09-17,12.7,34.0,443400
1896-09-17,-0.3,3.0,5740800
1896-09-19,-11.8,298.0,443500
1896-09-21,-11.3,24.0,443600
1896-09-22,12.3,504.0,442800
1896-09-23,14.1,7.0,5750100
1896-09-24,21.3,7.0,5750200
1896-09-25,12.4,10.0,443800
1896-09-29,-14.4,17.0,444000
1897-01-01,-7.4,100.0,449300
1897-01-01,-12.5,14.0,5780500
1897-01-01,-11.8,4.0,5780600
1897-01-01,-0.2,7.0,5780700
1897-01-06,-18.9,52.0,449200
1897-01-10,-12.6,70.0,449100
1897-01-11,6.3,18.0,5790100
1897-01-13,-19.0,619.0,449900
1897-01-14,-8.4,87.0,450000
1897-01-15,-5.9,1841.0,449700
1897-01-15,-10.7,39.0,450200
1897-01-16,-18.3,13.0,5790200
1897-01-17,9.5,11.0,5790300
1897-01-20,-13.2,8.0,450100
1897-01-21,-15.3,12.0,5790400
1897-01-25,6.5,8.0,450700
1897-01-25,12.7,6.0,450800
1897-01-25,5.5,338.0,451000
1897-01-25,26.5,12.0,5790500
1897-01-26,7.7,281.0,450500
1897-01-26,-17.4,12.0,5790600
1897-01-28,18.6,7.0,451300
1897-01-28,-2.5,4.0,5790700
1897-01-28,16.5,12.0,5790800
1897-01-28,24.2,8.0,5790900
1897-01-28,14.4,8.0,5791000
1897-01-30,-5.0,521.0,451800
1897-01-31,4.3,19.0,451900
1897-01-31,-12.8,16.0,452100
1897-01-31,3.9,47.0,5791100
1897-02-02,12.7,43.0,452302
1897-02-03,2.2,7.0,452200
1897-02-07,13.5,189.0,452300
1897-02-08,-1.6,466.0,451700
1897-02-08,-11.8,35.0,452400
1897-02-10,-15.2,7.0,5800100
1897-02-12,4.6,24.0,5800200
1897-02-14,15.9,19.0,5800300
1897-02-16,-9.4,7.0,5800400
1897-02-19,-21.2,2.0,5800500
1897-02-21,6.2,251.0,452600
1897-02-22,12.3,492.0,453100
1897-02-24,-4.5,23.0,453300
1897-02-26,-6.7,377.0,453500
1897-02-26,-9.4,12.0,5800600
1897-03-03,18.6,2.0,5800700
1897-03-03,-14.8,9.0,5800800
1897-03-07,-2.2,518.0,453200
1897-03-07,-13.7,10.0,453900
1897-03-08,5.0,319.0,454100
1897-03-10,1.2,90.0,453600
1897-03-10,-2.4,3.0,454000
1897-03-10,-13.1,6.0,5810100
1897-03-13,4.9,101.0,454200
1897-03-13,-5.6,7.0,5810200
1897-03-16,4.3,27.0,454300
1897-03-16,9.4,3.0,5810300
1897-03-17,-4.4,74.0,5810400
1897-03-17,11.7,10.0,5810500
1897-03-22,-2.4,124.0,454900
1897-03-23,13.7,6.0,5810600
1897-03-24,13.3,44.0,455100
1897-03-25,-38.4,3.0,5810700
1897-03-26,-13.3,163.0,455300
1897-03-31,-11.0,39.0,455500
1897-04-01,-2.8,193.0,455600
1897-04-04,4.7,73.0,455900
1897-04-04,6.4,26.0,456000
1897-04-05,14.3,4.0,455800
1897-04-07,1.2,55.0,455700
1897-04-08,-4.8,6.0,456200
1897-04-09,4.0,98.0,455400
1897-04-09,-7.5,45.0,456100
1897-04-09,-8.4,16.0,456400
1897-04-10,-4.3,6.0,456500
1897-04-16,-6.5,14.0,456300
1897-04-18,2.4,21.0,456600
1897-04-21,3.1,7.0,456800
1897-04-22,5.3,171.0,456700
1897-04-25,5.8,19.0,456900
1897-04-25,5.0,14.0,457000
1897-04-27,3.7,22.0,5820100
1897-04-28,-13.4,237.0,457200
1897-05-01,3.1,227.0,457300
1897-05-01,-6.0,11.0,457400
1897-05-04,7.0,4.0,5830100
1897-05-20,1.6,62.0,457600
1897-05-24,-22.2,32.0,5830200
1897-05-25,-2.5,11.0,457700
1897-05-27,-16.5,68.0,458000
1897-05-31,10.0,5.0,5840100
1897-06-06,-9.1,399.0,457900
1897-06-09,-28.3,6.0,5840200
1897-06-16,-15.7,277.0,458300
1897-06-18,-2.5,5.0,5840300
1897-06-20,12.1,3.0,5840400
1897-06-21,-8.6,169.0,458800
1897-06-21,-5.4,2.0,5850100
1897-06-21,-11.9,9.0,5850200
1897-06-27,9.2,5.0,458900
1897-06-30,-0.9,14.0,5850300
1897-07-03,-10.3,117.0,459200
1897-07-07,-5.6,211.0,459400
1897-07-10,-3.6,47.0,459000
1897-07-10,-12.4,18.0,459300
1897-07-13,-5.3,2.0,459800
1897-07-13,-5.1,5.0,5850400
1897-07-15,-11.0,188.0,459500
1897-07-16,7.9,17.0,459600
1897-07-31,-9.7,250.0,460100
1897-07-31,8.0,24.0,460300
1897-07-31,-9.0,15.0,460400
1897-08-01,14.3,65.0,460000
1897-08-02,-5.8,512.0,460500
1897-08-05,-14.8,110.0,460600
1897-08-06,-9.5,8.0,460700
1897-08-10,20.2,14.0,460800
1897-08-14,-2.8,15.0,5870100
1897-08-16,-8.5,102.0,460900
1897-08-22,-15.4,23.0,461200
1897-08-25,8.6,28.0,461300
1897-08-27,-6.8,79.0,461100
1897-08-29,9.3,26.0,461400
1897-08-31,15.0,79.0,461700
1897-08-31,5.1,13.0,5870200
1897-09-01,-9.1,50.0,461800
1897-09-07,-8.3,1.0,462200
1897-09-09,-4.0,246.0,462000
1897-09-11,-5.7,108.0,461500
1897-09-13,-10.7,530.0,461900
1897-09-13,12.3,35.0,462300
1897-09-13,17.9,19.0,462400
1897-09-14,-8.9,10.0,462100
1897-09-14,-7.9,17.0,5880100
1897-09-15,10.5,196.0,462600
1897-09-19,-10.4,11.0,462700
1897-09-19,4.2,7.0,5880200
1897-09-21,-16.2,21.0,462800
1897-09-21,12.1,179.0,463100
1897-09-21,6.3,228.0,463200
1897-09-23,7.3,24.0,5880300
1897-09-26,-6.4,158.0,463400
1897-09-27,9.7,203.0,463500
1897-09-29,-9.0,76.0,463000
1897-09-29,-8.4,8.0,5880400
1897-09-30,14.4,20.0,463700
1898-01-01,-10.1,36.0,467200
1898-01-05,-15.0,14.0,467500
1898-01-07,13.1,102.0,467100
1898-01-10,6.1,90.0,467300
1898-01-13,-14.1,4.0,467600
1898-01-14,-8.2,320.0,467700
1898-01-15,8.9,71.0,467400
1898-01-16,11.4,195.0,467800
1898-01-19,4.9,331.0,468100
1898-01-19,-13.6,6.0,5920100
1898-01-24,-8.3,160.0,467900
1898-01-27,1.9,3.0,468200
1898-01-27,12.6,4.0,468300
1898-02-04,-11.9,62.0,468500
1898-02-07,-7.4,192.0,468700
1898-02-08,11.1,76.0,468600
1898-02-13,-9.2,13.0,468400
1898-02-13,-1.8,14.0,468900
1898-02-13,3.6,4.0,5930100
1898-02-15,-14.2,104.0,469100
1898-02-15,4.6,109.0,469200
1898-02-17,-12.0,57.0,469300
1898-02-19,-3.8,23.0,469400
1898-02-19,-3.1,14.0,469600
1898-02-20,-9.2,120.0,468800
1898-02-22,-6.8,86.0,469700
1898-02-26,-0.7,56.0,469500
1898-03-03,8.2,18.0,5940100
1898-03-04,-11.8,21.0,470000
1898-03-06,-12.2,2.0,470100
1898-03-06,11.6,545.0,470300
1898-03-12,-8.4,70.0,469800
1898-03-12,-20.0,6.0,470500
1898-03-16,-3.5,5.0,470600
1898-03-17,-14.0,844.0,470200
1898-03-18,-7.6,171.0,470400
1898-03-18,10.2,31.0,470800
1898-03-18,-7.0,21.0,5940200
1898-03-22,-2.7,11.0,5950100
1898-03-26,-12.8,42.0,471100
1898-03-26,-15.9,10.0,5950200
1898-03-31,-11.0,272.0,471300
1898-03-31,-15.9,6.0,5950300
1898-04-06,-14.5,16.0,471400
1898-04-09,-15.8,5.0,5950400
1898-04-14,-17.3,9.0,471500
1898-04-15,-15.4,9.0,5950500
1898-04-22,10.6,28.0,471800
1898-04-26,-13.7,25.0,472000
1898-04-26,20.3,22.0,5960100
1898-04-28,15.0,7.0,472100
1898-04-29,-11.4,8.0,472300
1898-05-02,-12.4,457.0,472200
1898-05-03,14.1,14.0,472400
1898-05-06,-12.9,118.0,472500
1898-05-06,-7.3,266.0,472600
1898-05-07,9.9,46.0,472700
1898-05-11,-9.9,8.0,472800
1898-05-14,-7.3,28.0,473000
1898-05-14,8.4,6.0,5970100
1898-05-14,-11.6,6.0,5970200
1898-05-17,-13.6,202.0,473200
1898-05-18,14.6,25.0,473300
1898-05-22,5.1,4.0,5970300
1898-05-25,5.6,15.0,473600
1898-05-27,-10.3,11.0,5970400
1898-05-29,-14.7,20.0,473500
1898-05-29,-18.7,16.0,473900
1898-06-01,10.3,20.0,474200
1898-06-03,-13.1,17.0,473700
1898-06-04,-15.4,38.0,474000
1898-06-04,14.1,15.0,474300
1898-06-08,4.4,8.0,474100
1898-06-11,-6.5,4.0,5980100
1898-06-16,17.1,43.0,474600
1898-06-17,12.3,36.0,474500
1898-06-18,11.9,5.0,474800
1898-06-18,11.2,8.0,5980200
1898-06-25,7.6,16.0,5980300
1898-06-26,-6.4,20.0,475100
1898-06-27,-12.1,24.0,5980400
1898-06-27,-12.6,4.0,5980500
1898-06-28,-8.9,4.0,5980600
1898-06-29,-11.9,5.0,5980700
1898-06-30,-10.4,30.0,474900
1898-07-02,-9.2,9.0,475600
1898-07-15,8.8,23.0,475700
1898-07-19,-11.5,74.0,475800
1898-07-25,-9.0,11.0,476000
1898-07-26,1.6,41.0,475900
1898-07-27,9.5,9.0,5990100
1898-07-29,-9.8,4.0,5990200
1898-08-01,13.4,91.0,476800
1898-08-01,9.3,6.0,5990300
1898-08-01,7.6,9.0,5990400
1898-08-03,-7.3,7.0,476200
1898-08-07,-13.3,15.0,476400
1898-08-11,10.3,229.0,476500
1898-08-13,-9.7,220.0,476900
1898-08-14,10.6,8.0,6000100
1898-08-16,-11.7,8.0,477100
1898-08-18,10.4,98.0,477000
1898-08-19,-11.5,20.0,477300
1898-08-21,-3.4,8.0,6000200
1898-08-23,-4.1,65.0,477500
1898-08-23,-12.0,16.0,477600
1898-08-27,-10.1,92.0,477700
1898-08-31,13.5,13.0,6010100
1898-09-01,-10.1,31.0,6010200
1898-09-07,11.8,75.0,477800
1898-09-09,-7.2,6.0,6010300
1898-09-09,-18.4,4.0,6010400
1898-09-15,-12.2,597.0,478100
1898-09-17,-10.6,5.0,478500
1898-09-19,4.1,11.0,478400
1898-09-24,-5.3,122.0,478600
1898-09-24,5.1,24.0,478700
1898-09-27,11.8,55.0,478800
1898-09-28,-5.8,172.0,478900
1898-09-29,-7.5,150.0,479000
1898-09-30,-12.3,716.0,479100
1899-01-01,-7.7,157.0,482600
1899-01-01,5.4,2.0,6050200
1899-01-02,-11.1,15.0,482300
1899-01-04,-11.8,9.0,6050300
1899-01-05,-13.4,182.0,482900
1899-01-07,9.4,14.0,6050400
1899-01-09,13.7,20.0,483100
1899-01-10,-5.5,16.0,482700
1899-01-16,-10.1,20.0,6060100
1899-01-19,-16.3,105.0,483200
1899-01-21,8.0,2.0,6060200
1899-01-22,-7.2,25.0,483500
1899-01-24,-11.9,69.0,483600
1899-01-30,-2.8,22.0,483700
1899-02-01,-11.3,23.0,483800
1899-02-19,-7.5,12.0,483900
1899-02-22,-11.2,22.0,6070100
1899-03-02,-16.4,3.0,6070200
1899-03-03,-13.2,8.0,6070300
1899-03-04,-5.2,361.0,484100
1899-03-11,15.1,15.0,484400
1899-03-20,-4.1,94.0,484600
1899-03-24,5.7,30.0,484700
1899-03-27,-9.9,347.0,484500
1899-03-27,-12.4,351.0,484800
1899-04-03,-8.8,12.0,484900
1899-04-09,-7.8,116.0,485000
1899-04-10,4.1,27.0,485100
1899-04-12,-10.8,64.0,485200
1899-04-17,-6.9,21.0,485300
1899-04-20,10.8,59.0,485400
1899-04-23,-12.7,89.0,485500
1899-05-12,-8.4,37.0,485600
1899-06-01,-12.9,28.0,485700
1899-06-04,6.1,49.0,485800
1899-06-12,6.3,49.0,485900
1899-06-12,-13.4,29.0,486100
1899-06-16,-9.9,47.0,486200
1899-06-17,-10.3,16.0,486000
1899-06-23,6.0,336.0,486300
1899-07-04,-10.2,293.0,486500
1899-07-08,7.5,3.0,486400
1899-07-14,-10.6,3.0,486600
1899-07-14,2.3,18.0,486700
1899-07-29,-11.3,20.0,486800
1899-07-29,-14.1,16.0,487000
1899-07-30,-12.9,15.0,486900
1899-08-01,-10.6,10.0,487100
1899-08-28,-8.6,7.0,487200
1899-08-30,-10.0,5.0,6140100
1899-09-04,2.9,11.0,6140200
1899-09-04,-11.2,5.0,6140300
1899-09-13,-12.5,7.0,487600
1899-09-18,-4.7,14.0,487700
1899-09-22,-8.9,8.0,6150100
1899-09-26,-12.6,84.0,488000
1899-09-30,3.3,22.0,487900
1900-01-02,-9.0,29.0,490000
1900-01-12,9.5,109.0,490100
1900-01-16,11.2,5.0,490200
1900-01-24,-10.6,25.0,490400
1900-01-24,38.4,26.0,6190100
1900-01-29,-34.7,3.0,6190200
1900-02-04,9.6,179.0,490700
1900-02-04,11.6,261.0,490800
1900-02-06,4.6,135.0,490500
1900-02-08,-10.0,27.0,491000
1900-02-12,-5.9,11.0,491100
1900-02-13,-10.1,13.0,490900
1900-02-14,6.2,9.0,6200100
1900-03-05,4.1,10.0,491300
1900-03-06,-0.8,9.0,491400
1900-03-11,-11.6,427.0,491500
1900-03-25,9.0,4.0,491600
1900-03-30,9.6,55.0,491800
1900-04-07,-10.5,103.0,491700
1900-04-08,7.7,51.0,491900
1900-04-19,4.5,47.0,492000
1900-04-26,5.1,13.0,492200
1900-04-27,-5.8,8.0,492400
1900-04-27,-9.2,37.0,492500
1900-04-29,-12.1,6.0,492100
1900-04-29,-5.5,3.0,492300
1900-05-05,5.0,21.0,492600
1900-05-08,-8.1,38.0,492700
1900-05-15,-7.3,16.0,492800
1900-05-21,4.1,104.0,492900
1900-06-03,-7.5,95.0,493000
1900-06-19,-7.4,33.0,493200
1900-06-24,3.4,108.0,493100
1900-07-01,-6.7,434.0,493300
1900-07-04,10.5,86.0,493400
1900-07-15,-7.3,83.0,493500
1900-07-20,10.7,14.0,493600
1900-08-07,4.9,17.0,493700
1900-08-11,0.6,85.0,493800
1900-09-03,8.6,30.0,494000
1900-09-04,-22.4,107.0,493900
1900-09-05,-5.8,140.0,494100
1901-01-14,-10.2,7.0,6320100
1901-02-04,-8.4,58.0,494900
1901-03-03,-5.2,16.0,495000
1901-03-10,1.5,40.0,495100
1901-03-10,9.0,31.0,495200
1901-05-31,8.5,213.0,495300
1901-06-03,28.4,3.0,6370100
1901-06-25,-19.6,101.0,495600
1901-06-26,10.4,21.0,495500
1901-07-08,-2.1,4.0,6390100
1901-07-22,-1.6,11.0,495800
1901-09-12,36.4,7.0,6400100
1902-01-10,26.7,7.0,6450100
1902-01-15,-7.6,61.0,496300
1902-02-13,-8.4,11.0,6470100
1902-03-02,-26.3,8.0,6470200
1902-03-05,19.7,19.0,6470300
1902-03-07,24.6,15.0,496700
1902-03-14,23.1,209.0,496800
1902-05-05,27.4,6.0,6470400
1902-05-21,23.7,14.0,6480100
1902-05-26,27.6,12.0,6510100
1902-06-04,25.4,21.0,497200
1902-06-23,27.3,13.0,6520100
1902-07-04,24.6,10.0,6520200
1902-08-07,-25.7,7.0,6530100
1902-08-17,22.0,19.0,497700
1902-08-20,38.6,25.0,6540100
1902-08-24,19.0,12.0,6540200
1902-09-21,20.1,100.0,498100
1902-09-22,-20.9,313.0,498200
1902-09-23,21.8,5.0,498000
1903-01-03,17.8,16.0,6590100
1903-01-07,23.7,72.0,499900
1903-01-07,13.3,12.0,500000
1903-01-18,-13.9,26.0,500100
1903-01-26,24.9,14.0,500200
1903-02-04,-18.5,44.0,500300
1903-02-06,-17.5,35.0,500400
1903-02-09,22.7,111.0,500500
1903-02-10,23.5,128.0,500600
1903-02-23,19.8,129.0,500800
1903-02-24,-23.7,14.0,500900
1903-02-25,-18.3,19.0,500700
1903-03-03,-24.1,7.0,501000
1903-03-09,9.5,9.0,6610100
1903-03-12,-21.5,7.0,501200
1903-03-22,19.9,139.0,501400
1903-03-26,-17.1,260.0,501500
1903-04-02,21.5,204.0,501300
1903-04-02,-19.7,506.0,501700
1903-04-03,25.0,20.0,501600
1903-04-07,22.8,12.0,6620100
1903-04-08,18.9,24.0,501900
1903-04-19,23.0,30.0,502000
1903-04-19,-18.0,25.0,502100
1903-04-22,-16.1,12.0,502200
1903-04-22,-14.7,115.0,502300
1903-04-25,21.7,7.0,6630100
1903-04-26,16.5,21.0,502600
1903-04-28,19.9,16.0,502700
1903-04-29,-18.0,12.0,6630200
1903-04-30,-19.9,17.0,503000
1903-05-02,-14.5,18.0,503100
1903-05-03,-19.3,4.0,502900
1903-05-05,20.2,75.0,502400
1903-05-07,-19.8,6.0,6630300
1903-05-12,17.6,8.0,503300
1903-05-16,-30.3,50.0,503400
1903-05-20,18.9,118.0,503500
1903-05-25,-2.1,12.0,6640100
1903-05-27,16.4,6.0,503900
1903-05-28,15.6,30.0,503800
1903-05-30,17.4,14.0,503600
1903-06-05,21.6,25.0,6640200
1903-06-08,-15.6,7.0,6640300
1903-06-08,-12.7,32.0,6640400
1903-06-08,34.1,12.0,6640500
1903-06-13,-31.5,33.0,504500
1903-06-14,-13.8,20.0,504600
1903-06-16,-20.9,177.0,504400
1903-06-16,20.8,85.0,504800
1903-06-18,19.0,8.0,504900
1903-06-23,-24.8,16.0,505000
1903-06-27,18.8,60.0,504700
1903-06-28,22.2,59.0,505100
1903-06-30,-18.9,269.0,505300
1903-07-05,-22.2,6.0,505200
1903-07-11,-29.9,24.0,505600
1903-07-14,-19.1,58.0,505400
1903-07-16,17.0,134.0,505500
1903-07-18,18.7,3.0,6660100
1903-07-21,-21.2,30.0,505700
1903-07-21,-22.1,43.0,505900
1903-07-24,13.9,13.0,505800
1903-07-26,-32.8,7.0,6660200
1903-07-27,-21.2,30.0,6660300
1903-07-29,-15.9,7.0,506500
1903-07-29,-17.6,3.0,6660400
1903-07-29,-17.8,5.0,6660500
1903-07-30,24.7,260.0,506100
1903-07-31,27.0,12.0,506300
1903-08-02,14.1,27.0,506700
1903-08-06,-23.5,101.0,506900
1903-08-10,-21.7,31.0,507100
1903-08-12,-17.8,54.0,507300
1903-08-14,18.6,35.0,507400
1903-08-15,-23.5,7.0,506800
1903-08-16,-22.6,15.0,507000
1903-08-19,16.7,13.0,6670100
1903-08-20,-15.4,3.0,507600
1903-08-21,20.2,11.0,507200
1903-08-21,25.6,12.0,507700
1903-08-24,-22.1,12.0,6670200
1903-08-24,13.6,7.0,6670300
1903-08-27,-23.5,32.0,508000
1903-09-01,-24.9,2.0,6670400
1903-09-09,17.7,11.0,508200
1903-09-09,-17.9,104.0,508300
1903-09-12,-17.7,3.0,6680100
1903-09-15,15.1,13.0,508500
1903-09-16,-23.5,13.0,508600
1903-09-18,18.7,12.0,508700
1903-09-29,12.1,334.0,508800
1903-09-30,-23.2,22.0,508900
1904-01-01,-22.3,64.0,514000
1904-01-01,-19.3,74.0,514400
1904-01-01,0.8,5.0,6720200
1904-01-02,-24.7,7.0,6720300
1904-01-04,18.3,174.0,514600
1904-01-09,-14.9,79.0,514200
1904-01-11,-24.3,6.0,6720400
1904-01-11,18.6,5.0,6720500
1904-01-11,19.3,7.0,6720600
1904-01-13,11.4,9.0,514700
1904-01-13,20.0,289.0,515100
1904-01-17,24.4,5.0,6730100
1904-01-22,12.6,16.0,515600
1904-01-22,-12.2,8.0,6730200
1904-01-23,20.1,6.0,6730300
1904-01-24,19.8,20.0,6730400
1904-01-24,20.6,11.0,6730500
1904-01-25,22.7,123.0,515200
1904-01-27,-25.0,4.0,6730600
1904-01-28,-14.0,498.0,515400
1904-01-31,-22.1,61.0,516000
1904-02-04,21.2,35.0,516300
1904-02-04,12.9,199.0,516400
1904-02-05,-29.1,4.0,6730700
1904-02-06,20.6,27.0,516200
1904-02-08,24.5,3.0,6730800
1904-02-11,-14.9,10.0,516700
1904-02-13,20.6,9.0,6740100
1904-02-16,-13.4,3.0,6740200
1904-02-17,19.2,20.0,517000
1904-02-22,-16.6,9.0,517200
1904-02-28,11.0,32.0,517300
1904-03-02,-11.3,215.0,517100
1904-03-03,19.8,13.0,6740300
1904-03-04,-19.5,18.0,517600
1904-03-04,-21.5,11.0,517700
1904-03-06,-13.7,192.0,517400
1904-03-08,-16.5,9.0,518100
1904-03-08,11.8,14.0,6740400
1904-03-09,12.3,12.0,518000
1904-03-12,16.7,120.0,517900
1904-03-19,11.2,260.0,518600
1904-03-19,-8.4,8.0,6750100
1904-03-21,-16.2,87.0,518200
1904-03-22,19.3,29.0,518700
1904-03-22,-15.8,19.0,518800
1904-03-23,21.5,11.0,6750200
1904-03-24,12.4,16.0,6750300
1904-03-24,-19.8,10.0,6750400
1904-03-25,16.5,6.0,518400
1904-03-25,15.4,102.0,519500
1904-03-25,18.3,7.0,6750500
1904-03-26,10.3,121.0,518300
1904-03-26,-20.9,33.0,519000
1904-03-28,13.6,15.0,519700
1904-03-29,18.6,18.0,519800
1904-03-29,12.6,95.0,519900
1904-03-30,24.0,18.0,519400
1904-03-31,-21.4,9.0,519600
1904-04-06,16.6,19.0,6750600
1904-04-10,-19.8,12.0,520300
1904-04-10,6.6,52.0,520400
1904-04-12,17.6,81.0,520000
1904-04-14,17.8,191.0,520600
1904-04-14,19.1,6.0,6760100
1904-04-20,23.1,9.0,520700
1904-04-21,-16.3,68.0,520200
1904-04-21,14.6,23.0,521000
1904-04-22,19.1,6.0,6760200
1904-04-23,11.4,8.0,6760300
1904-04-26,-7.8,38.0,520800
1904-04-28,-21.1,73.0,521300
1904-05-02,23.8,18.0,521500
1904-05-03,-12.6,196.0,520900
1904-05-04,17.7,8.0,521400
1904-05-04,16.6,33.0,521600
1904-05-06,10.2,18.0,6770100
1904-05-07,14.1,3.0,522000
1904-05-07,-15.2,10.0,522100
1904-05-08,-15.7,12.0,522600
1904-05-08,9.8,9.0,6770200
1904-05-11,-21.5,215.0,521800
1904-05-11,9.3,14.0,522300
1904-05-11,23.0,46.0,522700
1904-05-12,-23.2,110.0,522400
1904-05-12,-14.6,85.0,522800
1904-05-13,19.8,10.0,521700
1904-05-16,-23.0,22.0,522500
1904-05-16,12.4,16.0,522900
1904-05-16,20.1,39.0,523300
1904-05-16,21.5,85.0,6770300
1904-05-17,18.6,5.0,523100
1904-05-17,11.7,12.0,6770400
1904-05-20,13.4,74.0,523500
1904-05-21,-13.9,3.0,523600
1904-05-21,-15.8,13.0,6770500
1904-05-22,18.2,74.0,523200
1904-05-25,8.4,64.0,523900
1904-05-25,-11.7,18.0,6770600
1904-05-26,-19.9,86.0,524000
1904-05-27,17.3,30.0,6770700
1904-05-28,-20.3,18.0,524100
1904-05-28,-23.0,93.0,524300
1904-05-29,14.6,7.0,6770800
1904-05-31,-13.0,29.0,524400
1904-06-03,21.5,14.0,524600
1904-06-07,-22.7,31.0,524800
1904-06-09,-22.2,10.0,524700
1904-06-10,11.9,45.0,525100
1904-06-14,14.2,32.0,524900
1904-06-14,-22.0,104.0,525400
1904-06-16,19.9,128.0,525000
1904-06-19,-20.2,17.0,525500
1904-06-19,19.4,38.0,525600
1904-06-25,-15.2,29.0,525200
1904-06-25,12.4,73.0,525300
1904-06-25,-19.6,20.0,525800
1904-06-25,-13.7,6.0,6780100
1904-06-27,-17.6,4.0,6780200
1904-06-30,15.4,48.0,526200
1904-07-03,-22.8,21.0,526100
1904-07-03,-17.2,10.0,526300
1904-07-08,-21.1,176.0,525900
1904-07-08,14.2,124.0,526400
1904-07-13,16.6,17.0,526500
1904-07-14,13.3,24.0,526600
1904-07-16,16.2,7.0,526700
1904-07-19,-6.6,6.0,6790100
1904-07-20,-11.6,17.0,526800
1904-07-20,-14.9,74.0,527000
1904-07-21,19.7,310.0,527300
1904-07-22,24.3,101.0,527500
1904-07-22,-11.7,47.0,6790200
1904-07-23,-19.6,40.0,527700
1904-07-23,-23.7,16.0,6790300
1904-07-25,13.0,11.0,527200
1904-07-25,14.7,94.0,527800
1904-07-27,-18.1,63.0,526900
1904-07-27,10.2,30.0,528000
1904-07-28,12.3,4.0,527900
1904-08-02,26.6,102.0,528300
1904-08-04,-17.1,175.0,528100
1904-08-04,12.4,201.0,528500
1904-08-06,-20.8,17.0,528400
1904-08-07,-13.5,158.0,528600
1904-08-08,11.1,10.0,528200
1904-08-08,-11.0,6.0,6800100
1904-08-09,-16.6,15.0,6800200
1904-08-10,15.5,9.0,528900
1904-08-11,-17.9,148.0,529100
1904-08-15,11.1,35.0,529000
1904-08-15,12.7,34.0,529200
1904-08-17,8.5,20.0,529300
1904-08-19,13.1,62.0,529500
1904-08-20,-25.5,55.0,529400
1904-08-24,-14.7,43.0,529800
1904-08-25,19.7,4.0,529700
1904-08-26,-18.9,661.0,530000
1904-08-29,-21.1,22.0,530100
1904-09-02,-17.0,468.0,529600
1904-09-02,19.0,7.0,529900
1904-09-02,-24.2,6.0,6810100
1904-09-03,-22.0,31.0,530300
1904-09-04,-5.9,2.0,6810200
1904-09-05,4.1,4.0,6810300
1904-09-07,16.9,4.0,6810400
1904-09-08,21.5,9.0,530800
1904-09-13,18.4,26.0,530900
1904-09-14,-16.2,165.0,530700
1904-09-14,19.5,22.0,531000
1904-09-17,-30.0,14.0,6810500
1904-09-20,21.0,54.0,531200
1904-09-20,18.4,42.0,531500
1904-09-20,16.4,3.0,6820100
1904-09-21,31.1,30.0,531600
1904-09-24,-14.5,6.0,531800
1904-09-25,-21.7,200.0,531300
1904-09-26,-23.5,344.0,531700
1904-09-27,-21.4,108.0,531900
1905-01-06,-15.7,393.0,541300
1905-01-06,11.4,13.0,541700
1905-01-07,12.4,31.0,541800
1905-01-07,-14.6,41.0,541900
1905-01-07,17.8,101.0,542000
1905-01-07,21.2,123.0,542100
1905-01-08,-7.1,40.0,542200
1905-01-09,-10.8,3.0,6860100
1905-01-14,-18.1,15.0,541600
1905-01-14,20.5,133.0,542800
1905-01-17,20.8,6.0,542500
1905-01-17,-16.3,27.0,542900
1905-01-18,-25.5,19.0,6860200
1905-01-19,-24.6,33.0,6860300
1905-01-20,20.8,4.0,6860400
1905-01-20,33.5,7.0,6860500
1905-01-21,-16.1,65.0,543400
1905-01-22,11.1,369.0,542400
1905-01-24,15.0,33.0,542600
1905-01-25,-12.2,264.0,542700
1905-01-25,-19.2,12.0,543600
1905-01-25,-10.0,7.0,543700
1905-01-25,-15.0,28.0,543800
1905-01-25,-13.4,15.0,6860600
1905-01-28,-27.2,12.0,544000
1905-02-02,-15.4,19.0,543900
1905-02-03,-10.3,28.0,544300
1905-02-03,-28.6,158.0,544400
1905-02-04,-27.5,118.0,544600
1905-02-04,21.9,217.0,544700
1905-02-04,-16.2,6.0,6870100
1905-02-05,8.9,212.0,544800
1905-02-07,27.9,6.0,6870200
1905-02-08,14.7,220.0,545300
1905-02-09,21.1,108.0,545500
1905-02-09,10.9,104.0,545600
1905-02-09,-12.4,71.0,545700
1905-02-10,-14.9,1252.0,544100
1905-02-11,19.4,63.0,544900
1905-02-11,-14.1,26.0,545400
1905-02-11,10.2,22.0,6870300
1905-02-11,11.0,16.0,6870400
1905-02-12,9.3,35.0,546400
1905-02-12,8.6,26.0,6870500
1905-02-13,22.1,17.0,546200
1905-02-13,9.6,10.0,546500
1905-02-14,12.7,434.0,544200
1905-02-14,-7.3,31.0,545000
1905-02-14,-8.7,56.0,545900
1905-02-15,8.8,186.0,545800
1905-02-16,-22.3,13.0,546600
1905-02-16,18.2,14.0,546700
1905-02-17,15.0,6.0,546800
1905-02-17,-14.9,80.0,546900
1905-02-19,20.9,174.0,545200
1905-02-20,6.9,79.0,547000
1905-02-27,-30.4,44.0,547200
1905-03-01,10.0,767.0,547300
1905-03-03,13.8,44.0,6880100
1905-03-04,14.2,171.0,547400
1905-03-04,-7.1,32.0,547800
1905-03-04,-17.8,7.0,6880200
1905-03-09,16.6,42.0,6880300
1905-03-10,-15.1,217.0,547100
1905-03-10,17.5,25.0,547700
1905-03-10,23.7,11.0,6880400
1905-03-14,-23.7,79.0,548100
1905-03-16,-23.9,79.0,548300
1905-03-17,-7.2,38.0,548400
1905-03-19,-15.5,49.0,548500
1905-03-21,7.3,60.0,548600
1905-03-22,6.4,25.0,6880500
1905-03-23,-11.3,19.0,548200
1905-03-23,19.7,15.0,548800
1905-03-25,-15.9,698.0,548900
1905-03-31,30.4,18.0,549000
1905-04-02,11.0,8.0,549300
1905-04-02,8.5,11.0,6890100
1905-04-03,18.9,240.0,549400
1905-04-04,-23.9,7.0,549500
1905-04-04,18.1,58.0,549600
1905-04-07,18.0,12.0,549100
1905-04-07,31.6,52.0,6890200
1905-04-07,-9.5,25.0,6890300
1905-04-09,5.8,36.0,550000
1905-04-09,4.4,14.0,6890400
1905-04-10,-21.6,90.0,550100
1905-04-10,-21.4,7.0,550200
1905-04-12,-13.6,97.0,550500
1905-04-12,-18.1,7.0,6890500
1905-04-14,-7.0,17.0,6890600
1905-04-15,23.4,6.0,550400
1905-04-16,-12.6,5.0,550900
1905-04-16,-11.8,2.0,6890700
1905-04-16,-28.4,3.0,6890800
1905-04-17,18.4,19.0,6890900
1905-04-19,-17.0,9.0,6891000
1905-04-20,11.6,28.0,551200
1905-04-23,18.4,125.0,551300
1905-04-28,-16.2,17.0,551400
1905-04-28,-16.9,10.0,551600
1905-04-28,18.7,20.0,6900100
1905-04-29,-20.0,5.0,6900200
1905-05-01,15.0,4.0,551800
1905-05-01,7.3,15.0,6900300
1905-05-02,-13.2,10.0,552200
1905-05-02,17.3,4.0,6900400
1905-05-07,-21.8,24.0,552500
1905-05-09,-6.0,10.0,6900500
1905-05-11,16.6,13.0,552700
1905-05-11,16.1,34.0,552800
1905-05-11,-15.1,217.0,552900
1905-05-12,22.4,250.0,551900
1905-05-12,8.1,7.0,6900600
1905-05-13,-19.4,30.0,552300
1905-05-13,17.5,8.0,553200
1905-05-13,13.4,6.0,553300
1905-05-13,13.3,7.0,6900700
1905-05-14,7.1,94.0,553400
1905-05-14,-19.7,4.0,553500
1905-05-15,12.6,303.0,552400
1905-05-17,27.0,19.0,553700
1905-05-17,23.4,30.0,6900800
1905-05-20,17.4,14.0,6900900
1905-05-28,13.7,17.0,553900
1905-05-31,13.2,94.0,554300
1905-05-31,-13.9,4.0,6910100
1905-06-01,6.4,184.0,554000
1905-06-03,-11.0,131.0,554400
1905-06-04,-5.8,312.0,554600
1905-06-04,21.3,4.0,6910200
1905-06-05,17.8,18.0,554700
1905-06-07,-16.1,127.0,555000
1905-06-07,6.2,6.0,6910300
1905-06-08,-16.0,205.0,555300
1905-06-08,-10.2,4.0,6910400
1905-06-09,-19.9,39.0,554800
1905-06-11,9.6,40.0,554200
1905-06-11,12.9,78.0,555400
1905-06-11,16.1,2.0,6910500
1905-06-11,28.2,3.0,6910600
1905-06-12,-14.1,7.0,555800
1905-06-12,-11.6,5.0,6910700
1905-06-14,-23.3,103.0,555900
1905-06-15,-19.9,28.0,554610
1905-06-16,5.0,6.0,556200
1905-06-16,-17.2,9.0,6910800
1905-06-17,-16.2,2.0,556000
1905-06-18,-16.0,4.0,6920100
1905-06-19,18.6,21.0,555200
1905-06-21,13.2,1.0,6920200
1905-06-21,12.7,3.0,6920300
1905-06-26,17.7,9.0,556700
1905-06-27,4.1,12.0,556800
1905-06-30,-14.1,87.0,556900
1905-06-30,-17.4,19.0,557100
1905-07-01,-17.4,22.0,557400
1905-07-01,20.3,8.0,6920400
1905-07-01,-12.7,2.0,6920500
1905-07-02,7.0,611.0,556400
1905-07-02,-7.7,18.0,557000
1905-07-02,11.6,9.0,557600
1905-07-02,-16.8,6.0,6920600
1905-07-03,-13.8,24.0,557900
1905-07-03,31.1,5.0,6920700
1905-07-04,-9.6,20.0,6920800
1905-07-04,10.0,3.0,6920900
1905-07-04,18.6,4.0,6921000
1905-07-05,-16.4,20.0,558500
1905-07-05,13.2,8.0,6921100
1905-07-06,-12.7,9.0,558400
1905-07-09,-16.9,4.0,6921200
1905-07-10,8.2,9.0,558800
1905-07-10,13.3,954.0,558900
1905-07-12,11.9,5.0,559200
1905-07-12,-11.3,182.0,559300
1905-07-13,-11.7,87.0,557700
1905-07-14,14.9,3.0,559000
1905-07-14,-14.6,75.0,559400
1905-07-15,7.8,196.0,559500
1905-07-16,29.4,7.0,559100
1905-07-16,16.8,6.0,6930100
1905-07-17,-16.5,786.0,558600
1905-07-19,9.2,56.0,559800
1905-07-21,8.8,21.0,560000
1905-07-22,-0.3,28.0,559900
1905-07-23,10.9,3.0,6930200
1905-07-25,13.9,184.0,559700
1905-07-26,-12.0,4.0,560200
1905-07-29,-19.7,6.0,6930300
1905-07-29,-10.6,7.0,6930400
1905-07-31,-13.1,180.0,560800
1905-07-31,-18.9,348.0,6930500
1905-07-31,-21.2,5.0,6930600
1905-08-01,18.6,14.0,561000
1905-08-01,-16.6,567.0,561100
1905-08-02,-6.1,8.0,560900
1905-08-02,6.5,16.0,6930700
1905-08-02,-10.2,1.0,6930800
1905-08-03,-6.6,73.0,561400
1905-08-04,5.9,25.0,561700
1905-08-06,11.2,800.0,562000
1905-08-06,-23.1,10.0,6930900
1905-08-07,9.2,31.0,561500
1905-08-07,23.8,34.0,561600
1905-08-08,14.3,285.0,562200
1905-08-08,-21.4,3.0,6931000
1905-08-09,17.1,19.0,561800
1905-08-11,16.0,83.0,560700
1905-08-12,8.6,5.0,6940100
1905-08-14,22.7,4.0,6940200
1905-08-15,23.4,45.0,6940300
1905-08-17,9.9,101.0,562700
1905-08-19,20.4,91.0,563000
1905-08-20,8.0,7.0,562900
1905-08-20,14.6,10.0,563200
1905-08-20,23.2,19.0,563300
1905-08-21,16.8,13.0,6940400
1905-08-22,10.1,11.0,563600
1905-08-23,15.4,4.0,6940500
1905-08-24,6.8,5.0,562600
1905-08-24,5.9,159.0,562800
1905-08-24,15.3,273.0,563800
1905-08-25,-10.4,207.0,563100
1905-08-25,18.3,5.0,563500
1905-08-28,12.3,10.0,564000
1905-08-29,9.4,172.0,564300
1905-08-29,18.3,8.0,6940600
1905-08-30,8.0,25.0,564400
1905-08-31,-33.3,42.0,564800
1905-08-31,-13.3,3.0,6940700
1905-08-31,-2.1,2.0,6940800
1905-09-01,11.8,4.0,564500
1905-09-01,17.8,19.0,564900
1905-09-04,15.7,30.0,565200
1905-09-04,13.5,113.0,565300
1905-09-04,11.8,10.0,6940900
1905-09-05,-29.9,10.0,565000
1905-09-05,5.1,29.0,565400
1905-09-07,4.0,87.0,565500
1905-09-08,13.0,176.0,564100
1905-09-08,-12.6,10.0,565410
1905-09-08,-13.3,308.0,565800
1905-09-08,-8.3,15.0,6950100
1905-09-09,-18.1,316.0,563900
1905-09-10,14.5,16.0,565700
1905-09-10,-15.9,202.0,565900
1905-09-12,11.2,8.0,6950200
1905-09-13,-13.5,191.0,566200
1905-09-21,14.8,100.0,566000
1905-09-22,-21.7,13.0,566300
1905-09-22,15.2,6.0,6950300
1905-09-23,13.2,37.0,566500
1905-09-27,-12.6,65.0,566800
1905-09-28,15.1,109.0,566600
1905-09-28,20.9,862.0,567200
1905-09-29,27.0,27.0,566700
1905-09-29,12.6,128.0,566900
1905-09-30,-17.8,30.0,567000
1905-09-30,9.5,42.0,567100
1905-09-30,6.4,68.0,567300
1906-01-02,14.2,59.0,576700
1906-01-02,-25.9,5.0,6990100
1906-01-03,-13.8,32.0,576500
1906-01-03,10.6,72.0,576900
1906-01-05,13.1,6.0,6990200
1906-01-06,-11.0,281.0,576600
1906-01-06,6.1,22.0,577200
1906-01-08,13.7,38.0,577400
1906-01-08,9.2,392.0,577500
1906-01-08,8.5,6.0,6990300
1906-01-09,12.8,29.0,577700
1906-01-10,11.3,18.0,577000
1906-01-12,17.9,71.0,577800
1906-01-14,6.8,16.0,577710
1906-01-15,13.3,7.0,577600
1906-01-17,-12.4,18.0,6990400
1906-01-18,9.5,10.0,6990500
1906-01-20,12.3,26.0,577900
1906-01-20,13.2,24.0,578300
1906-01-20,14.5,16.0,6990600
1906-01-20,7.6,6.0,6990700
1906-01-21,4.1,14.0,578600
1906-01-21,-10.3,17.0,578700
1906-01-22,-7.4,84.0,578800
1906-01-23,-12.8,8.0,7000100
1906-01-26,17.6,969.0,579100
1906-01-26,-21.2,20.0,7000200
1906-01-27,-13.8,12.0,7000300
1906-01-30,-11.1,482.0,578500
1906-02-01,14.9,21.0,579000
1906-02-01,22.3,10.0,579500
1906-02-04,6.1,56.0,579400
1906-02-04,8.4,278.0,579800
1906-02-04,-16.2,10.0,7000400
1906-02-05,-7.6,31.0,579600
1906-02-05,-7.2,32.0,580000
1906-02-06,-27.1,12.0,7000500
1906-02-06,-16.3,3.0,7000600
1906-02-07,5.1,19.0,7000700
1906-02-08,21.5,5.0,7000800
1906-02-14,19.9,55.0,579820
1906-02-14,-10.4,181.0,580200
1906-02-15,12.0,26.0,580100
1906-02-15,-25.4,39.0,7000900
1906-02-15,-22.3,41.0,7001000
1906-02-16,-17.9,18.0,7001100
1906-02-18,16.5,186.0,580600
1906-02-18,-6.5,17.0,7001200
1906-02-20,-7.5,34.0,580500
1906-02-22,6.6,5.0,7010100
1906-02-24,24.2,24.0,7010200
1906-02-24,31.4,13.0,7010300
1906-02-24,-20.2,6.0,7010400
1906-02-27,-14.3,6.0,580700
1906-02-27,9.1,8.0,581200
1906-02-28,12.9,196.0,580300
1906-02-28,12.0,10.0,7010500
1906-03-02,-6.9,115.0,580900
1906-03-02,-13.4,124.0,581500
1906-03-02,17.3,5.0,7010600
1906-03-03,17.7,2.0,7010700
1906-03-03,7.3,13.0,7010800
1906-03-04,14.4,150.0,581000
1906-03-06,4.8,444.0,581600
1906-03-07,-7.1,5.0,7010900
1906-03-09,20.2,16.0,581400
1906-03-10,14.0,28.0,7011000
1906-03-10,7.4,24.0,7011100
1906-03-11,19.6,5.0,7011200
1906-03-14,-12.0,6.0,582010
1906-03-14,-8.5,72.0,7011300
1906-03-15,-8.6,9.0,582110
1906-03-16,19.3,377.0,581700
1906-03-16,18.9,105.0,582100
1906-03-17,-6.0,19.0,581800
1906-03-17,-8.5,390.0,582200
1906-03-17,24.8,8.0,7011400
1906-03-18,12.8,305.0,582600
1906-03-19,22.7,52.0,582000
1906-03-19,8.4,36.0,582700
1906-03-19,15.0,342.0,582800
1906-03-19,13.5,18.0,583300
1906-03-22,-13.0,48.0,583100
1906-03-24,-12.0,13.0,582400
1906-03-25,-27.9,66.0,582300
1906-03-25,-16.8,61.0,583400
1906-03-27,-17.8,17.0,582500
1906-03-27,-11.6,5.0,582900
1906-03-27,-6.2,10.0,583200
1906-03-27,-10.7,14.0,583500
1906-03-30,-6.3,4.0,583800
1906-04-01,-9.1,102.0,583000
1906-04-01,6.0,20.0,583600
1906-04-02,19.8,14.0,7020100
1906-04-02,-19.2,11.0,7020200
1906-04-04,12.6,16.0,583900
1906-04-04,7.5,56.0,584100
1906-04-04,18.7,25.0,584700
1906-04-04,19.3,8.0,584800
1906-04-04,-6.2,9.0,7020300
1906-04-07,-12.7,429.0,583700
1906-04-07,12.1,28.0,584200
1906-04-07,7.7,25.0,585000
1906-04-07,8.2,9.0,7020400
1906-04-07,12.0,17.0,7020500
1906-04-07,-18.6,4.0,7020600
1906-04-08,-14.8,7.0,7020700
1906-04-09,7.9,88.0,585300
1906-04-12,19.6,90.0,584300
1906-04-14,15.7,448.0,585500
1906-04-15,15.1,37.0,7030100
1906-04-17,22.7,46.0,584900
1906-04-18,-18.6,12.0,585200
1906-04-18,11.2,15.0,585400
1906-04-18,15.3,61.0,585600
1906-04-20,-13.2,3.0,7030200
1906-04-22,-21.2,6.0,585700
1906-04-22,13.8,14.0,7030300
1906-04-23,10.9,99.0,585800
1906-04-23,9.4,6.0,7030400
1906-04-23,10.3,3.0,7030500
1906-04-25,20.2,56.0,586000
1906-04-26,-29.9,28.0,7030600
1906-04-26,-14.5,4.0,7030700
1906-04-27,14.8,78.0,7030800
1906-05-03,12.3,16.0,586300
1906-05-04,11.4,199.0,585900
1906-05-04,8.8,148.0,586500
1906-05-04,-20.8,342.0,586600
1906-05-04,-6.8,7.0,7030900
1906-05-05,25.2,6.0,586400
1906-05-07,10.3,28.0,586800
1906-05-09,15.2,18.0,586510
1906-05-13,21.0,4.0,7031000
1906-05-18,11.9,559.0,586700
1906-05-18,8.8,292.0,587000
1906-05-22,13.3,52.0,586900
1906-05-25,16.7,103.0,587300
1906-05-25,26.0,86.0,587400
1906-05-27,17.0,118.0,587500
1906-05-27,-12.4,16.0,587600
1906-05-29,-11.4,51.0,587700
1906-05-29,-17.0,5.0,7040100
1906-05-31,14.8,21.0,587800
1906-06-01,-11.5,3.0,7040200
1906-06-02,8.1,63.0,587200
1906-06-02,-26.8,19.0,588100
1906-06-02,11.7,14.0,7040300
1906-06-02,-14.1,10.0,7040400
1906-06-03,-17.2,7.0,588200
1906-06-04,12.8,333.0,587100
1906-06-04,-20.9,52.0,588300
1906-06-04,17.7,109.0,588400
1906-06-05,14.1,221.0,588500
1906-06-05,11.7,3.0,7040500
1906-06-06,19.5,13.0,588410
1906-06-06,-9.0,20.0,7040600
1906-06-14,19.7,190.0,588600
1906-06-14,11.8,15.0,7050100
1906-06-15,9.5,7.0,588810
1906-06-16,14.9,44.0,588820
1906-06-16,-16.4,17.0,588910
1906-06-17,-14.9,29.0,588700
1906-06-21,4.4,59.0,589200
1906-06-22,-25.7,80.0,589000
1906-06-22,-17.0,36.0,589120
1906-06-23,-15.2,49.0,589110
1906-06-24,-19.8,10.0,589100
1906-06-26,10.9,26.0,590000
1906-06-26,15.1,34.0,7050200
1906-06-27,10.4,46.0,588800
1906-06-27,16.7,27.0,589700
1906-06-27,13.7,21.0,589900
1906-06-30,12.7,58.0,588900
1906-07-02,13.1,30.0,590200
1906-07-03,13.9,33.0,590310
1906-07-05,5.4,208.0,589300
1906-07-05,21.4,39.0,589600
1906-07-05,5.9,60.0,590700
1906-07-06,4.7,6.0,590600
1906-07-07,10.6,137.0,589400
1906-07-07,-9.9,366.0,589500
1906-07-09,10.4,13.0,590100
1906-07-10,12.0,19.0,590400
1906-07-10,-13.4,11.0,591000
1906-07-10,-7.5,9.0,7060100
1906-07-11,21.3,579.0,589800
1906-07-11,16.4,31.0,590500
1906-07-11,16.9,345.0,591200
1906-07-12,21.4,331.0,590300
1906-07-12,8.8,68.0,591300
1906-07-12,10.3,12.0,591500
1906-07-12,-17.6,25.0,591600
1906-07-12,20.1,157.0,591700
1906-07-14,-10.9,5.0,591100
1906-07-14,8.3,66.0,592000
1906-07-15,18.6,111.0,590800
1906-07-16,24.2,13.0,590900
1906-07-16,8.8,14.0,592200
1906-07-18,3.6,175.0,591400
1906-07-18,-13.7,19.0,591900
1906-07-18,2.5,280.0,592400
1906-07-20,4.3,65.0,592600
1906-07-21,-20.4,62.0,592500
1906-07-22,8.9,51.0,592800
1906-07-23,17.8,18.0,592100
1906-07-23,-9.3,36.0,592900
1906-07-23,14.2,10.0,7060200
1906-07-23,-20.1,18.0,7060300
1906-07-24,-11.2,109.0,591800
1906-07-26,-1.6,6.0,593200
1906-07-27,16.7,20.0,593120
1906-07-27,23.7,29.0,7060400
1906-07-27,23.9,47.0,7060500
1906-07-30,3.7,98.0,592300
1906-07-30,19.4,19.0,7060600
1906-07-31,-8.9,17.0,593000
1906-07-31,14.0,12.0,593400
1906-08-05,-15.4,599.0,593300
1906-08-05,16.4,10.0,7070100
1906-08-06,18.0,26.0,593600
1906-08-07,21.7,361.0,593100
1906-08-10,3.5,13.0,593700
1906-08-13,-21.6,58.0,7070200
1906-08-15,8.2,10.0,593900
1906-08-17,-16.1,30.0,594000
1906-08-17,6.0,36.0,594300
1906-08-18,-17.6,31.0,593800
1906-08-18,-19.6,25.0,7070300
1906-08-19,18.9,108.0,593500
1906-08-22,22.4,321.0,594600
1906-08-24,-17.5,25.0,594700
1906-08-24,-10.3,32.0,595100
1906-08-25,11.9,21.0,594200
1906-08-25,5.9,33.0,594500
1906-08-26,-12.9,12.0,595400
1906-08-27,-17.7,6.0,7070400
1906-08-29,-8.5,31.0,595500
1906-08-29,5.5,209.0,595600
1906-08-30,13.4,7.0,595300
1906-08-30,14.6,20.0,595700
1906-08-30,-9.0,11.0,595800
1906-09-01,-16.7,271.0,594400
1906-09-01,-5.2,182.0,595000
1906-09-01,8.5,10.0,595900
1906-09-01,17.2,82.0,596000
1906-09-02,-9.2,165.0,595200
1906-09-07,11.0,12.0,7080100
1906-09-08,-8.4,10.0,596200
1906-09-08,14.0,10.0,596400
1906-09-08,9.3,13.0,596500
1906-09-10,26.5,4.0,596300
1906-09-10,4.4,239.0,596600
1906-09-14,5.3,148.0,596700
1906-09-15,-22.4,59.0,596100
1906-09-15,-18.9,27.0,596900
1906-09-16,-7.4,42.0,597000
1906-09-20,20.4,6.0,597100
1906-09-21,-12.4,17.0,597200
1906-09-22,11.6,6.0,7080200
1906-09-24,9.2,113.0,596800
1906-09-24,12.2,19.0,597300
1906-09-24,4.7,10.0,597600
1906-09-26,-20.2,6.0,598300
1906-09-27,-10.7,27.0,597700
1906-09-27,6.3,3.0,597800
1906-09-27,-21.8,16.0,597900
1906-09-27,17.8,4.0,598100
1906-09-27,-9.3,10.0,7090100
1906-09-29,-17.3,146.0,597500
1906-09-29,-26.9,35.0,598500
1906-09-30,7.1,9.0,598400
1907-01-01,13.6,8.0,605600
1907-01-01,17.8,10.0,606500
1907-01-01,8.6,84.0,606600
1907-01-02,-14.6,3.0,607100
1907-01-03,8.5,40.0,606100
1907-01-03,-14.6,8.0,606300
1907-01-03,-14.1,18.0,607000
1907-01-03,12.5,8.0,7120300
1907-01-04,13.7,7.0,7120400
1907-01-05,13.5,18.0,7120500
1907-01-06,7.5,754.0,606700
1907-01-06,-17.3,10.0,606800
1907-01-06,9.5,10.0,607200
1907-01-07,-7.5,5.0,605800
1907-01-07,-13.1,11.0,606200
1907-01-08,13.6,75.0,607400
1907-01-08,-14.1,115.0,607500
1907-01-08,-15.3,460.0,607600
1907-01-09,7.0,397.0,605900
1907-01-09,-20.6,215.0,607700
1907-01-10,-11.0,183.0,7120600
1907-01-13,1.6,12.0,608000
1907-01-13,13.0,10.0,608300
1907-01-13,10.2,18.0,7130100
1907-01-13,15.3,20.0,7130200
1907-01-14,9.2,8.0,607900
1907-01-15,17.9,19.0,7130300
1907-01-16,10.4,10.0,608200
1907-01-16,23.2,23.0,608600
1907-01-16,19.4,56.0,608700
1907-01-16,-16.0,67.0,608800
1907-01-16,-14.7,26.0,608900
1907-01-16,17.5,14.0,7130400
1907-01-16,-9.9,5.0,7130500
1907-01-21,-14.2,71.0,608100
1907-01-21,8.4,243.0,609300
1907-01-21,-3.3,10.0,7130600
1907-01-21,2.4,22.0,7130700
1907-01-23,25.4,12.0,7130800
1907-01-24,10.1,6.0,609700
1907-01-25,17.4,355.0,609400
1907-01-25,8.9,296.0,609800
1907-01-27,21.9,8.0,609310
1907-01-27,15.1,4.0,7130900
1907-01-28,12.6,66.0,610000
1907-01-29,12.6,324.0,610100
1907-01-31,8.2,13.0,609600
1907-01-31,5.2,32.0,7131000
1907-02-01,5.4,135.0,609000
1907-02-01,10.9,12.0,7131100
1907-02-01,-11.6,6.0,7131200
1907-02-03,1.4,71.0,610200
1907-02-03,9.5,5.0,7131300
1907-02-04,-9.2,9.0,610210
1907-02-04,-11.6,9.0,610410
1907-02-05,-17.3,87.0,610500
1907-02-05,-12.6,42.0,610600
1907-02-05,-3.9,175.0,610700
1907-02-07,21.8,693.0,609900
1907-02-08,14.3,40.0,611000
1907-02-11,-17.4,153.0,611200
1907-02-13,-14.2,398.0,610400
1907-02-13,-5.4,26.0,610900
1907-02-13,13.9,148.0,611300
1907-02-15,22.4,8.0,7140100
1907-02-15,-18.0,8.0,7140200
1907-02-16,-13.9,705.0,610300
1907-02-16,15.0,256.0,611100
1907-02-16,5.6,66.0,611500
1907-02-18,-7.3,25.0,611600
1907-02-19,-18.0,157.0,610800
1907-02-19,-12.6,12.0,7140300
1907-02-21,15.2,74.0,612000
1907-02-21,-7.3,323.0,612100
1907-02-23,-8.6,15.0,612200
1907-02-24,23.0,328.0,612300
1907-02-25,21.4,364.0,611320
1907-02-25,5.7,21.0,612400
1907-02-26,13.8,100.0,612500
1907-02-26,-6.2,6.0,7140400
1907-02-27,9.9,291.0,611900
1907-02-28,-12.8,538.0,611800
1907-02-28,5.8,117.0,612700
1907-02-28,-12.8,25.0,613000
1907-02-28,8.5,193.0,613100
1907-03-01,3.5,264.0,611700
1907-03-01,14.9,27.0,613300
1907-03-02,12.9,157.0,613400
1907-03-02,-19.7,2.0,7140500
1907-03-03,-15.5,86.0,613500
1907-03-03,-13.8,304.0,613600
1907-03-05,9.2,17.0,612800
1907-03-05,-17.5,179.0,613900
1907-03-05,-5.9,14.0,7140600
1907-03-07,-15.9,10.0,612900
1907-03-07,-9.1,36.0,613700
1907-03-07,-13.5,75.0,614200
1907-03-07,9.1,14.0,7140700
1907-03-08,12.2,3.0,7150100
1907-03-09,15.0,19.0,7150200
1907-03-10,14.9,24.0,614400
1907-03-11,-5.1,129.0,613800
1907-03-12,-14.9,7.0,613810
1907-03-15,9.4,33.0,615100
1907-03-15,-9.8,94.0,615200
1907-03-15,-11.7,8.0,7150300
1907-03-16,-24.9,26.0,614600
1907-03-16,-25.9,26.0,614700
1907-03-16,9.4,14.0,7150400
1907-03-17,-16.0,289.0,614000
1907-03-17,-14.7,6.0,615300
1907-03-17,0.5,15.0,615400
1907-03-18,-20.1,107.0,614800
1907-03-19,-12.8,5.0,614500
1907-03-25,9.5,274.0,615000
1907-03-26,14.3,10.0,7150500
1907-03-26,5.4,6.0,7150600
1907-03-29,-19.4,19.0,615500
1907-03-29,12.2,139.0,615600
1907-03-29,9.3,19.0,7150700
1907-03-31,11.3,389.0,615900
1907-04-01,-11.2,91.0,616000
1907-04-02,-16.5,125.0,616100
1907-04-03,-19.3,14.0,7150800
1907-04-04,-18.4,15.0,615700
1907-04-05,-16.0,410.0,616400
1907-04-05,-14.4,12.0,7160100
1907-04-08,-20.8,9.0,7160200
1907-04-10,15.5,150.0,615800
1907-04-11,-14.0,5.0,7160300
1907-04-13,10.0,28.0,616900
1907-04-15,-6.0,45.0,616500
1907-04-18,12.8,127.0,617000
1907-04-19,-10.8,400.0,616800
1907-04-19,7.6,70.0,617200
1907-04-19,14.0,44.0,617600
1907-04-20,-11.7,19.0,617100
1907-04-21,21.0,37.0,617400
1907-04-22,-15.4,12.0,7160400
1907-04-24,-6.2,5.0,617800
1907-04-26,-17.1,11.0,617700
1907-04-28,-1.1,2.0,617900
1907-04-28,9.6,36.0,7160500
1907-05-01,-6.0,14.0,617500
1907-05-03,-22.1,10.0,618000
1907-05-03,-11.2,711.0,618400
1907-05-03,15.0,4.0,7170100
1907-05-07,-9.3,3.0,618410
1907-05-07,9.0,2.0,7170200
1907-05-09,16.8,16.0,618200
1907-05-10,-7.8,155.0,618100
1907-05-14,6.7,24.0,618800
1907-05-15,5.4,393.0,618500
1907-05-16,8.2,120.0,618900
1907-05-17,13.8,9.0,7170300
1907-05-19,-11.3,8.0,618700
1907-05-19,-5.9,21.0,619000
1907-05-20,4.9,52.0,619100
1907-05-22,18.6,6.0,619200
1907-05-24,-12.7,177.0,619300
1907-05-25,-18.6,56.0,619400
1907-05-25,11.9,50.0,619500
1907-05-27,-13.5,5.0,7170400
1907-05-29,13.4,5.0,619510
1907-05-29,-15.8,189.0,619700
1907-06-02,13.8,29.0,619800
1907-06-05,-12.6,10.0,620010
1907-06-07,-11.3,6.0,620000
1907-06-08,-18.5,177.0,620100
1907-06-09,-10.6,7.0,619900
1907-06-10,10.7,99.0,620200
1907-06-10,-21.5,22.0,620400
1907-06-13,-14.8,1138.0,620500
1907-06-17,-18.6,8.0,7180100
1907-06-18,7.6,35.0,620300
1907-06-25,3.0,39.0,620900
1907-06-27,-7.4,8.0,620800
1907-07-03,11.8,10.0,621000
1907-07-03,-6.8,11.0,621200
1907-07-05,14.8,11.0,7190100
1907-07-11,-4.7,398.0,621600
1907-07-12,3.3,508.0,621100
1907-07-12,-14.1,25.0,621700
1907-07-15,7.8,62.0,621300
1907-07-17,12.8,15.0,621400
1907-07-21,-15.9,48.0,621900
1907-07-22,-2.9,4.0,622200
1907-07-23,-17.8,282.0,621500
1907-07-23,-18.6,64.0,621800
1907-07-24,6.9,135.0,622300
1907-07-25,-28.5,13.0,622310
1907-07-25,-9.5,6.0,7200100
1907-07-26,13.3,3.0,622100
1907-07-26,-15.4,4.0,7200200
1907-07-27,9.7,124.0,622500
1907-07-28,-8.0,79.0,622600
1907-07-29,-9.6,80.0,622700
1907-07-30,-13.2,10.0,622330
1907-08-01,-7.0,225.0,622000
1907-08-02,-17.0,7.0,622800
1907-08-03,-9.5,9.0,622900
1907-08-05,-13.9,174.0,623200
1907-08-07,-19.2,232.0,623300
1907-08-08,3.3,172.0,623000
1907-08-13,9.0,240.0,623100
1907-08-14,-24.0,766.0,623600
1907-08-14,-8.4,20.0,7200300
1907-08-15,-7.8,146.0,623800
1907-08-16,18.6,32.0,623500
1907-08-18,-11.4,9.0,623330
1907-08-18,-14.1,25.0,623700
1907-08-19,-13.8,186.0,623900
1907-08-21,6.3,4.0,624010
1907-08-22,15.7,284.0,623400
1907-08-24,-13.0,32.0,623910
1907-08-27,8.1,624.0,624100
1907-08-28,10.3,11.0,7210100
1907-08-29,-8.5,13.0,624000
1907-08-29,-17.6,18.0,624200
1907-08-30,15.9,13.0,7210200
1907-09-02,-18.7,34.0,624400
1907-09-05,-12.8,11.0,624600
1907-09-05,-8.1,8.0,7210300
1907-09-06,-8.6,111.0,624700
1907-09-07,15.7,65.0,624900
1907-09-09,-15.9,121.0,624300
1907-09-09,-11.6,26.0,624800
1907-09-09,9.4,43.0,625300
1907-09-10,-14.1,18.0,625000
1907-09-10,9.0,3.0,625310
1907-09-12,-9.1,15.0,625400
1907-09-12,-6.1,25.0,7210400
1907-09-13,6.0,62.0,624500
1907-09-14,26.1,99.0,625100
1907-09-17,11.3,16.0,625800
1907-09-18,-6.3,107.0,625200
1907-09-18,-13.3,16.0,626200
1907-09-18,-14.3,188.0,626300
1907-09-18,-3.5,9.0,7220100
1907-09-18,14.0,6.0,7220200
1907-09-21,-13.8,35.0,626400
1907-09-22,-21.8,204.0,625500
1907-09-23,10.7,14.0,626100
1907-09-24,7.2,735.0,625600
1907-09-25,-17.3,95.0,626700
1907-09-25,6.2,22.0,7220300
1907-09-26,9.2,12.0,626600
1907-09-27,8.0,26.0,626900
1907-09-27,-9.2,57.0,627000
1907-09-28,5.6,183.0,625900
1907-09-28,-11.0,8.0,626810
1907-09-29,-16.3,143.0,626000
1907-09-30,-15.4,123.0,626310
1907-09-30,8.9,1211.0,626500
1907-09-30,6.2,168.0,626800
1907-09-30,-13.5,121.0,627100
1908-01-01,18.7,21.0,632900
1908-01-01,21.2,33.0,632910
1908-01-01,9.0,12.0,633100
1908-01-01,10.0,4.0,633120
1908-01-01,-6.1,303.0,633300
1908-01-01,-7.7,7.0,633400
1908-01-02,13.2,113.0,633500
1908-01-02,8.8,49.0,633600
1908-01-02,8.7,90.0,633700
1908-01-02,-7.8,15.0,7260100
1908-01-02,-7.0,7.0,7260200
1908-01-03,7.4,63.0,633900
1908-01-03,12.3,31.0,634000
1908-01-05,7.8,15.0,634010
1908-01-05,-19.4,55.0,634100
1908-01-05,-6.7,24.0,634300
1908-01-05,-16.6,125.0,634400
1908-01-05,24.6,10.0,7260300
1908-01-05,-4.9,4.0,7260400
1908-01-06,-6.5,24.0,7260500
1908-01-09,-5.1,518.0,634200
1908-01-10,20.1,69.0,634600
1908-01-11,-10.2,49.0,634800
1908-01-11,-4.4,353.0,634900
1908-01-11,2.3,4.0,7260600
1908-01-11,-19.9,10.0,7260700
1908-01-14,11.4,252.0,633800
1908-01-17,2.4,7.0,7260800
1908-01-18,-17.7,12.0,635000
1908-01-18,-9.2,8.0,7260900
1908-01-19,-18.0,50.0,635100
1908-01-19,-8.4,6.0,635310
1908-01-22,9.8,70.0,635400
1908-01-24,15.7,15.0,7261000
1908-01-27,-9.5,312.0,635300
1908-01-27,-5.5,8.0,7261100
1908-01-29,23.1,174.0,635600
1908-01-30,11.1,18.0,635700
1908-02-01,14.4,7.0,7270100
1908-02-01,6.6,5.0,7270200
1908-02-04,-14.0,143.0,636000
1908-02-06,-15.4,200.0,635900
1908-02-08,-3.7,13.0,7270300
1908-02-09,-2.5,33.0,636100
1908-02-09,14.8,47.0,636300
1908-02-09,10.4,230.0,636400
1908-02-11,13.6,3.0,636200
1908-02-11,-6.1,21.0,636500
1908-02-11,-7.2,14.0,636600
1908-02-12,25.9,42.0,636700
1908-02-12,-10.6,83.0,636800
1908-02-18,-15.3,110.0,7270400
1908-02-19,-13.5,11.0,637100
1908-02-20,-15.6,145.0,637200
1908-02-23,8.9,8.0,7270500
1908-02-24,10.4,30.0,637000
1908-02-27,-18.9,26.0,7280100
1908-02-29,-6.8,364.0,637400
1908-03-04,-15.3,70.0,637700
1908-03-05,14.0,51.0,637600
1908-03-06,-18.0,7.0,637710
1908-03-07,-2.8,100.0,637900
1908-03-08,-6.7,102.0,637800
1908-03-10,-7.7,16.0,638200
1908-03-10,-14.5,31.0,7280200
1908-03-14,-9.0,10.0,638100
1908-03-14,9.2,128.0,638300
1908-03-15,-3.4,91.0,638500
1908-03-15,-8.0,98.0,638600
1908-03-16,-15.6,300.0,638400
1908-03-18,8.1,11.0,638700
1908-03-19,8.0,26.0,638800
1908-03-20,-11.0,21.0,638210
1908-04-01,10.8,35.0,638900
1908-04-01,-9.3,98.0,639100
1908-04-03,-14.0,152.0,639400
1908-04-03,-15.4,11.0,639500
1908-04-03,-7.6,6.0,639610
1908-04-03,-19.2,13.0,639900
1908-04-03,-8.2,9.0,7290100
1908-04-04,-14.9,87.0,639600
1908-04-04,-14.0,7.0,639700
1908-04-05,-8.6,174.0,639800
1908-04-09,-7.8,292.0,640100
1908-04-10,-17.6,243.0,639200
1908-04-10,8.9,5.0,7290200
1908-04-11,-8.3,124.0,639000
1908-04-11,8.4,9.0,640000
1908-04-11,10.8,51.0,640300
1908-04-12,18.0,12.0,640200
1908-04-12,-15.4,2.0,7290300
1908-04-13,-14.5,264.0,639300
1908-04-13,-6.5,13.0,639820
1908-04-15,-15.6,9.0,640400
1908-04-18,-3.2,72.0,640600
1908-04-20,3.5,10.0,641100
1908-04-21,10.5,96.0,640800
1908-04-21,-11.9,12.0,641000
1908-04-22,-14.0,10.0,640900
1908-04-23,-6.8,183.0,640500
1908-04-23,-18.7,24.0,641300
1908-04-23,-9.0,19.0,7300100
1908-04-24,-17.1,171.0,641400
1908-04-25,-18.8,346.0,641500
1908-04-25,-14.5,10.0,641700
1908-04-27,-9.3,87.0,641600
1908-04-28,-11.4,85.0,641900
1908-04-29,-4.3,10.0,642100
1908-04-29,-2.5,21.0,7300200
1908-04-30,-6.9,69.0,640700
1908-04-30,4.0,30.0,642200
1908-05-05,7.1,66.0,642300
1908-05-06,12.5,230.0,642400
1908-05-06,7.5,22.0,642500
1908-05-08,13.8,59.0,641800
1908-05-09,5.9,31.0,642600
1908-05-09,-8.8,46.0,643000
1908-05-09,-12.3,37.0,643100
1908-05-10,-7.7,11.0,643300
1908-05-11,-14.7,207.0,642000
1908-05-11,-2.1,80.0,642700
1908-05-11,-6.4,87.0,642900
1908-05-12,8.4,19.0,7300300
1908-05-12,9.8,6.0,7300400
1908-05-13,-5.5,51.0,642800
1908-05-13,-5.8,190.0,643200
1908-05-15,8.0,25.0,643700
1908-05-15,8.9,11.0,7300500
1908-05-22,-21.7,16.0,643800
1908-05-23,-21.3,18.0,643900
1908-05-25,12.4,223.0,643600
1908-05-25,-16.9,3.0,7310100
1908-05-26,-16.0,137.0,644000
1908-05-27,-3.2,593.0,644100
1908-05-28,7.4,48.0,644300
1908-05-30,-7.4,6.0,644200
1908-05-30,8.0,13.0,7310200
1908-05-31,12.2,46.0,644500
1908-05-31,-10.9,120.0,644600
1908-05-31,11.5,23.0,644700
1908-05-31,-10.3,314.0,644800
1908-06-02,-9.6,7.0,644900
1908-06-02,-20.8,2.0,7310300
1908-06-03,-3.7,5.0,644110
1908-06-03,9.2,12.0,645000
1908-06-07,-11.7,3.0,7310400
1908-06-09,10.6,129.0,645300
1908-06-11,-16.5,68.0,645100
1908-06-13,10.1,27.0,645400
1908-06-13,6.3,10.0,645500
1908-06-16,-2.7,66.0,645600
1908-06-16,5.9,97.0,645700
1908-06-19,12.7,8.0,645800
1908-06-19,-9.5,9.0,645900
1908-06-20,-6.3,6.0,645610
1908-06-20,-6.6,7.0,7320100
1908-06-21,10.6,17.0,646000
1908-06-21,6.2,11.0,7320200
1908-06-23,-6.3,5.0,7320300
1908-06-23,-8.6,12.0,7320400
1908-06-23,21.0,6.0,7320500
1908-06-24,-15.4,342.0,646500
1908-06-28,12.7,16.0,646600
1908-06-29,-20.9,127.0,646300
1908-07-01,-2.2,17.0,646800
1908-07-01,-11.3,3.0,7320600
1908-07-02,-11.5,7.0,646900
1908-07-04,-2.5,66.0,646400
1908-07-04,-21.7,19.0,647000
1908-07-04,9.6,33.0,647100
1908-07-05,10.0,131.0,647200
1908-07-07,11.4,43.0,647300
1908-07-11,-21.5,10.0,647500
1908-07-13,15.0,9.0,7330100
1908-07-14,14.1,12.0,647600
1908-07-14,-19.7,143.0,647800
1908-07-15,-21.8,223.0,648100
1908-07-17,-12.7,15.0,648300
1908-07-17,-13.4,28.0,648400
1908-07-17,-6.1,52.0,648500
1908-07-19,-14.8,33.0,648000
1908-07-22,10.3,44.0,648700
1908-07-22,12.0,19.0,648800
1908-07-22,-18.3,150.0,648900
1908-07-25,-0.1,58.0,648200
1908-07-25,14.3,58.0,648600
1908-07-28,-5.3,10.0,7330200
1908-07-29,-14.6,131.0,649000
1908-08-05,-10.1,20.0,649300
1908-08-08,-16.7,9.0,649600
1908-08-08,-7.9,4.0,7340100
1908-08-09,-7.8,39.0,649310
1908-08-11,7.4,207.0,649200
1908-08-11,-16.6,110.0,649700
1908-08-13,12.5,361.0,649100
1908-08-13,-6.6,389.0,649400
1908-08-14,1.9,21.0,650400
1908-08-15,-10.3,11.0,649800
1908-08-16,12.4,5.0,650100
1908-08-17,16.7,65.0,650500
1908-08-18,14.8,24.0,650200
1908-08-19,-6.0,1070.0,649900
1908-08-23,-13.7,48.0,650000
1908-08-23,9.1,19.0,650800
1908-08-24,-20.9,10.0,650600
1908-08-24,5.7,7.0,7340200
1908-08-25,-13.7,429.0,651100
1908-08-26,-16.7,60.0,650300
1908-08-26,-13.0,16.0,651200
1908-08-26,18.7,72.0,651300
1908-08-27,-15.9,60.0,651600
1908-08-27,1.2,10.0,7340300
1908-08-28,-18.5,22.0,650700
1908-08-28,-8.1,6.0,651500
1908-08-28,5.3,11.0,7340400
1908-09-02,-5.2,353.0,651900
1908-09-02,18.5,10.0,7340500
1908-09-06,9.4,230.0,651000
1908-09-06,-5.0,9.0,652100
1908-09-07,-9.6,10.0,651110
1908-09-07,13.0,19.0,651800
1908-09-09,-6.5,349.0,651700
1908-09-09,-16.7,14.0,7350100
1908-09-10,7.9,15.0,652300
1908-09-10,-2.7,207.0,652500
1908-09-16,12.0,578.0,652000
1908-09-16,12.7,98.0,652200
1908-09-17,-13.6,17.0,652800
1908-09-17,-14.9,6.0,7350200
1908-09-18,-11.1,55.0,652400
1908-09-18,-12.9,123.0,652900
1908-09-18,16.1,121.0,653000
1908-09-19,-16.2,58.0,652700
1908-09-19,6.4,29.0,653200
1908-09-19,-14.8,21.0,7350300
1908-09-20,9.6,182.0,653300
1908-09-24,-6.3,51.0,653500
1908-09-25,6.5,145.0,7350400
1908-09-25,-14.9,10.0,7350500
1908-09-26,10.4,46.0,652600
1908-09-26,-11.3,14.0,7350600
1908-09-27,13.7,5.0,7350700
1908-09-28,-12.3,183.0,653700
1908-09-28,6.0,24.0,7350800
1908-09-28,21.3,16.0,7350900
1908-09-29,1.6,3.0,7351000
1908-09-29,7.4,8.0,7351100
1908-09-30,7.3,117.0,653400
1908-09-30,-15.4,45.0,653800
1908-09-30,-5.7,362.0,653900
1908-09-30,11.0,346.0,654000
1909-01-01,9.0,57.0,659300
1909-01-01,13.7,28.0,659600
1909-01-03,17.1,33.0,659000
1909-01-04,15.9,23.0,7390100
1909-01-05,7.4,8.0,7390200
1909-01-09,10.2,455.0,659100
1909-01-09,-10.8,24.0,660000
1909-01-09,-17.7,47.0,660100
1909-01-10,10.4,281.0,659200
1909-01-10,9.3,37.0,659700
1909-01-11,-16.6,9.0,659800
1909-01-14,-13.4,221.0,660300
1909-01-14,-12.2,10.0,7390300
1909-01-18,9.9,267.0,659900
1909-01-22,-16.5,40.0,660500
1909-01-23,8.9,640.0,660600
1909-01-23,-9.4,145.0,660700
1909-01-24,10.0,322.0,660800
1909-01-26,-2.6,178.0,660200
1909-01-26,8.9,245.0,660900
1909-01-28,7.3,228.0,660400
1909-01-28,7.2,17.0,661400
1909-01-29,17.5,36.0,7400100
1909-01-29,7.9,14.0,7400200
1909-02-03,-5.2,14.0,661100
1909-02-04,11.9,96.0,661500
1909-02-08,-15.5,212.0,661000
1909-02-08,-18.1,18.0,661600
1909-02-10,-6.7,4.0,661700
1909-02-10,-3.1,81.0,661800
1909-02-11,-11.7,8.0,7400300
1909-02-13,-10.1,10.0,662300
1909-02-14,-5.9,4.0,662200
1909-02-15,10.1,12.0,7410100
1909-02-16,-18.7,119.0,661900
1909-02-20,-20.3,183.0,662500
1909-02-21,-20.0,64.0,662600
1909-02-22,-8.8,58.0,662000
1909-02-22,10.3,240.0,662700
1909-02-23,-16.1,154.0,662800
1909-02-24,9.9,106.0,662100
1909-02-26,-10.6,5.0,7410200
1909-02-28,-3.2,7.0,663300
1909-03-05,9.1,734.0,663100
1909-03-06,8.9,189.0,662710
1909-03-06,3.8,20.0,663500
1909-03-07,-6.7,105.0,662900
1909-03-07,-3.2,23.0,663400
1909-03-07,-18.7,10.0,7410300
1909-03-08,-8.9,297.0,663000
1909-03-08,-9.4,122.0,663700
1909-03-09,1.9,107.0,663200
1909-03-12,-4.4,29.0,7410400
1909-03-14,-18.6,36.0,663600
1909-03-16,-13.5,6.0,7420100
1909-03-19,-13.1,30.0,664100
1909-03-19,-20.9,110.0,664300
1909-03-19,8.3,193.0,664400
1909-03-19,-21.1,35.0,664500
1909-03-23,-4.6,40.0,664800
1909-03-23,15.2,19.0,7420200
1909-03-28,-13.0,135.0,664900
1909-03-28,-22.4,7.0,7420300
1909-03-29,-7.6,40.0,665000
1909-03-29,10.0,183.0,665200
1909-03-30,10.6,413.0,664200
1909-03-30,-10.7,118.0,664600
1909-03-31,-9.3,1.0,664810
1909-04-02,10.3,291.0,664700
1909-04-03,-16.0,2.0,665300
1909-04-09,-10.6,472.0,665100
1909-04-13,-6.7,34.0,665400
1909-04-14,8.4,117.0,665500
1909-04-16,-6.7,5.0,7430100
1909-04-16,-4.6,15.0,7430200
1909-04-17,-9.1,49.0,665600
1909-04-17,8.5,23.0,665900
1909-04-18,-6.5,179.0,666000
1909-04-19,9.1,178.0,666100
1909-04-21,-15.0,8.0,666200
1909-04-22,-15.7,469.0,665800
1909-04-24,-10.7,59.0,666300
1909-05-01,-16.7,27.0,666400
1909-05-04,3.2,69.0,666500
1909-05-05,8.8,210.0,666700
1909-05-07,-13.6,97.0,666600
1909-05-07,-13.8,240.0,666800
1909-05-07,-17.9,820.0,666900
1909-05-18,-17.9,48.0,667100
1909-05-21,11.2,13.0,667000
1909-05-21,2.4,16.0,667300
1909-05-22,-16.4,87.0,667400
1909-05-28,-16.0,23.0,667200
1909-05-29,-8.4,13.0,667500
1909-06-04,-15.2,48.0,667700
1909-06-06,-18.7,121.0,667800
1909-06-09,6.5,8.0,7450100
1909-06-10,-2.1,217.0,667600
1909-06-14,-6.2,35.0,7450200
1909-06-15,-6.6,19.0,667900
1909-06-18,-8.6,9.0,668100
1909-06-19,-10.4,463.0,668000
1909-06-21,4.6,29.0,668200
1909-06-23,10.3,110.0,668210
1909-06-23,13.6,17.0,7450300
1909-06-23,-16.9,5.0,7450400
1909-06-25,-0.7,185.0,668600
1909-06-28,-12.6,113.0,668300
1909-06-30,5.5,10.0,668700
1909-07-01,-10.0,16.0,7460100
1909-07-07,-19.8,11.0,668800
1909-07-08,-8.8,81.0,668900
1909-07-12,9.8,17.0,7460200
1909-07-14,-5.4,18.0,669200
1909-07-15,5.7,187.0,669300
1909-07-18,14.3,19.0,669400
1909-07-19,5.9,35.0,669000
1909-07-19,11.3,109.0,669700
1909-07-19,-5.2,47.0,669800
1909-07-19,-14.6,23.0,7460300
1909-07-22,15.2,278.0,669900
1909-07-26,-14.3,4.0,669810
1909-07-27,3.3,244.0,670000
1909-07-30,6.2,338.0,669500
1909-07-30,15.0,46.0,670200
1909-08-04,-4.5,13.0,670100
1909-08-04,10.0,74.0,670500
1909-08-10,-12.4,22.0,670300
1909-08-10,-18.7,5.0,670400
1909-08-11,3.1,28.0,670700
1909-08-11,-10.6,14.0,7470100
1909-08-12,4.0,18.0,7470200
1909-08-13,10.2,69.0,671000
1909-08-14,6.6,114.0,671100
1909-08-15,-7.3,3.0,670800
1909-08-15,-19.3,50.0,671200
1909-08-16,-13.4,12.0,670600
1909-08-20,-9.0,24.0,671300
1909-08-20,-11.9,4.0,671400
1909-08-22,2.6,13.0,7470300
1909-08-27,-14.5,121.0,671600
1909-08-27,-12.5,10.0,671700
1909-08-29,-16.9,18.0,671800
1909-08-29,-7.2,28.0,7480100
1909-08-31,-4.4,20.0,671900
1909-08-31,10.0,65.0,672100
1909-09-11,-13.6,11.0,672500
1909-09-13,-19.3,9.0,672210
1909-09-14,-12.7,123.0,672200
1909-09-14,-2.1,709.0,672300
1909-09-14,13.8,6.0,672400
1909-09-15,16.2,51.0,672600
1909-09-17,-6.4,351.0,672800
1909-09-17,-2.9,18.0,7480200
1909-09-20,7.8,26.0,7490100
1909-09-22,11.4,21.0,673000
1909-09-25,15.3,12.0,7490200
1909-09-28,-16.6,44.0,672900
1909-09-28,4.3,14.0,673200
1909-09-28,-11.6,324.0,673300
1909-09-28,-0.9,753.0,673400
1910-01-01,-15.9,14.0,7520200
1910-01-02,8.6,7.0,679700
1910-01-02,-11.0,18.0,7520300
1910-01-03,-10.4,7.0,679800
1910-01-04,9.6,117.0,679100
1910-01-05,-7.3,7.0,680000
1910-01-06,-15.1,358.0,679300
1910-01-07,4.9,8.0,7530100
1910-01-08,4.6,176.0,679600
1910-01-08,2.4,63.0,680400
1910-01-09,-16.6,72.0,680200
1910-01-10,-4.8,184.0,680500
1910-01-18,-8.6,49.0,680600
1910-01-20,7.7,11.0,680700
1910-01-20,-11.1,6.0,7530200
1910-01-22,-12.7,3.0,7530300
1910-01-23,-6.1,24.0,681000
1910-01-23,5.8,90.0,681100
1910-01-26,-2.8,13.0,7530400
1910-01-27,-13.3,10.0,681200
1910-02-03,-12.9,148.0,680800
1910-02-03,-16.2,189.0,680900
1910-02-15,-4.0,19.0,681400
1910-02-17,-9.2,63.0,681600
1910-02-21,8.8,39.0,682000
1910-02-22,-13.7,466.0,681300
1910-02-22,-18.9,22.0,681900
1910-02-22,2.0,5.0,7540100
1910-02-23,-15.3,31.0,681500
1910-02-26,-10.9,42.0,682100
1910-02-28,-6.4,453.0,681700
1910-02-28,-11.1,5.0,7540200
1910-03-01,-9.2,63.0,681800
1910-03-04,-13.2,6.0,682400
1910-03-05,-15.6,395.0,682200
1910-03-08,18.5,573.0,682300
1910-03-08,2.7,35.0,682500
1910-03-15,-7.7,67.0,682700
1910-03-16,5.4,7.0,7550100
1910-03-21,-12.9,177.0,682600
1910-03-23,16.0,133.0,682800
1910-03-25,-17.3,8.0,683100
1910-03-25,22.7,24.0,7550200
1910-03-26,-7.7,96.0,682900
1910-03-28,12.3,20.0,683000
1910-04-09,-8.1,149.0,683200
1910-04-11,-2.8,48.0,683300
1910-04-15,-5.4,11.0,683500
1910-04-16,-12.5,38.0,7560100
1910-04-17,-6.2,17.0,7560200
1910-04-18,9.8,21.0,683400
1910-04-18,-13.6,25.0,7560300
1910-04-20,9.7,36.0,683900
1910-04-23,11.0,17.0,684000
1910-04-26,-7.5,9.0,7570100
1910-04-29,2.2,321.0,684200
1910-04-29,4.3,114.0,684300
1910-05-04,10.9,13.0,684400
1910-05-07,5.2,14.0,7570200
1910-05-12,-11.4,195.0,684700
1910-05-12,-4.4,45.0,7570300
1910-05-13,-13.7,64.0,684800
1910-05-13,-13.0,41.0,684900
1910-05-13,9.1,10.0,7570400
1910-05-19,-15.8,67.0,684500
1910-05-19,-18.1,29.0,685000
1910-05-19,-20.3,7.0,685100
1910-05-20,3.4,24.0,7570500
1910-05-21,7.0,56.0,685210
1910-05-23,-11.6,29.0,685300
1910-05-23,-11.1,9.0,7570600
1910-05-24,-15.3,21.0,7580100
1910-05-25,3.2,148.0,685500
1910-05-28,-5.6,11.0,7580200
1910-05-30,8.6,9.0,7580300
1910-06-01,-7.4,19.0,7580400
1910-06-03,-8.1,13.0,685800
1910-06-04,-15.1,5.0,7580500
1910-06-05,11.4,41.0,685600
1910-06-09,-11.2,78.0,685900
1910-06-10,-14.3,31.0,686000
1910-06-15,-9.4,5.0,685910
1910-06-23,-6.2,134.0,686100
1910-06-28,-4.6,622.0,686200
1910-06-30,9.0,70.0,686400
1910-06-30,7.9,60.0,686500
1910-07-01,-10.5,57.0,686300
1910-07-04,-5.4,21.0,686600
1910-07-06,10.2,6.0,686700
1910-07-06,-4.1,5.0,7590100
1910-07-12,8.0,31.0,686800
1910-07-12,-4.7,128.0,686900
1910-07-17,16.9,9.0,687000
1910-07-26,-11.1,9.0,687100
1910-07-27,15.9,16.0,687200
1910-07-27,-6.2,275.0,687300
1910-08-05,-17.1,16.0,687500
1910-08-08,-12.4,22.0,7600100
1910-08-10,-12.6,10.0,687600
1910-08-15,-15.3,304.0,687400
1910-08-19,-13.4,41.0,687700
1910-08-26,-16.2,10.0,687800
1910-08-27,-8.8,4.0,7610100
1910-09-06,-8.7,666.0,687900
1910-09-07,-12.6,74.0,688100
1910-09-07,-13.2,22.0,688200
1910-09-11,-16.0,158.0,688000
1910-09-18,8.5,12.0,688400
1910-09-21,-13.3,10.0,688300
1910-09-21,-6.1,369.0,688600
1910-09-22,-8.6,21.0,688800
1910-09-22,1.5,11.0,7620100
1910-09-23,-7.0,43.0,688900
1910-09-24,-10.7,61.0,689000
1910-09-25,-3.3,21.0,7620200
1910-09-26,-12.7,87.0,689300
1910-09-27,-10.2,101.0,688500
1910-09-27,-8.2,8.0,689200
1910-09-27,-15.2,1139.0,689400
1910-09-30,2.4,3.0,7620300
1910-09-30,-5.0,8.0,7620400
1910-09-30,-6.6,9.0,7620500
1911-01-03,-4.4,139.0,692100
1911-01-30,-20.0,14.0,692200
1911-02-09,-11.2,68.0,692500
1911-02-10,-1.6,16.0,692400
1911-02-10,-13.2,34.0,692700
1911-02-12,-13.8,40.0,692600
1911-02-20,1.4,7.0,7680100
1911-02-26,1.0,194.0,692800
1911-03-02,-13.9,43.0,692900
1911-03-05,-14.3,25.0,7680200
1911-03-07,8.2,10.0,7680300
1911-03-07,-12.4,7.0,7680400
1911-03-08,-8.1,33.0,693200
1911-03-11,-14.4,140.0,692910
1911-03-13,1.7,31.0,7680500
1911-03-16,-8.1,6.0,693400
1911-03-24,-9.5,20.0,693600
1911-04-01,10.2,273.0,693800
1911-04-03,9.1,14.0,693900
1911-04-06,-1.8,235.0,693700
1911-04-09,-8.0,17.0,7690100
1911-04-15,-8.8,175.0,694000
1911-04-21,-1.9,136.0,694200
1911-04-23,-10.6,102.0,694500
1911-04-24,-2.9,25.0,694300
1911-04-25,-8.3,5.0,7700100
1911-04-28,-13.8,15.0,694510
1911-04-30,-12.2,17.0,7700200
1911-05-02,-14.1,21.0,694700
1911-05-04,-5.7,156.0,694400
1911-05-05,-9.2,68.0,694900
1911-05-09,-10.2,59.0,694800
1911-05-20,-6.7,64.0,695000
1911-05-21,-10.2,7.0,7710100
1911-06-03,9.8,8.0,695200
1911-06-05,8.1,176.0,695100
1911-06-21,-8.5,4.0,695300
1911-06-23,9.9,14.0,7720100
1911-06-29,-13.5,14.0,695500
1911-06-30,0.3,19.0,695600
1911-07-02,-7.2,18.0,7720200
1911-07-12,6.5,22.0,695800
1911-07-25,-12.6,15.0,695900
1911-07-29,4.5,7.0,7730100
1911-08-01,-11.4,12.0,696000
1911-08-05,-11.6,53.0,696100
1911-08-14,10.2,51.0,696200
1911-08-17,1.7,21.0,696300
1911-09-01,6.6,174.0,696400
1911-09-04,-4.5,23.0,696500
1911-09-22,8.0,5.0,7750100
1912-03-04,-6.2,3.0,7810100
1912-03-07,-12.0,188.0,697700
1912-04-01,11.9,5.0,7820100
1912-04-09,-7.7,13.0,697900
1912-04-14,-11.2,685.0,698000
1912-04-21,12.3,18.0,7830100
1912-04-30,-10.3,47.0,698200
1912-04-30,-8.6,14.0,698300
1912-05-04,-10.6,5.0,7840100
1912-05-04,-15.0,17.0,7840200
1912-05-07,-5.6,12.0,7840300
1912-05-10,-13.8,5.0,698500
1912-05-13,9.5,8.0,7840400
1912-05-13,-7.2,7.0,7840500
1912-05-14,14.0,5.0,7840600
1912-05-26,-8.1,12.0,698800
1912-06-02,-6.8,171.0,698900
1912-06-03,-11.1,71.0,699000
1912-06-16,-4.2,5.0,7850100
1912-06-17,-6.5,204.0,699200
1912-06-18,9.9,24.0,7850200
1912-06-25,-15.1,10.0,699300
1912-07-02,-12.8,9.0,699400
1912-07-02,-6.7,4.0,7860100
1912-07-13,-2.0,6.0,699500
1912-07-17,-5.5,5.0,699600
1912-08-28,-4.0,8.0,7880100
1912-09-06,-4.5,13.0,699800
1912-09-08,-7.4,17.0,699810
1912-09-14,-8.4,39.0,7890100
1912-09-20,-9.1,159.0,699900
1912-09-25,-5.3,21.0,700100
1913-01-02,26.5,138.0,700800
1913-01-15,-13.9,22.0,700900
1913-01-16,16.2,20.0,701000
1913-01-25,-8.9,8.0,701100
1913-02-19,31.2,36.0,701200
1913-02-20,32.6,22.0,701300
1913-03-13,-35.3,17.0,701400
1913-04-07,-1.7,12.0,701500
1913-07-09,28.2,6.0,701600
1913-09-09,4.4,31.0,701700
1914-01-01,-22.6,142.0,702300
1914-01-03,0.9,2.0,8060100
1914-01-04,22.1,8.0,702200
1914-01-05,24.2,20.0,8060200
1914-01-06,-23.6,10.0,8060300
1914-01-09,-5.0,11.0,8060400
1914-02-04,25.0,13.0,8070100
1914-02-06,-12.6,33.0,702500
1914-02-18,21.4,3.0,8080100
1914-02-21,-15.1,4.0,8080200
1914-02-27,-26.2,6.0,8080300
1914-03-12,14.0,20.0,702800
1914-03-12,-17.0,5.0,8080400
1914-03-18,45.0,72.0,702900
1914-03-30,29.0,297.0,703000
1914-04-12,-25.3,17.0,703100
1914-04-20,-29.2,7.0,8100100
1914-04-22,-25.7,58.0,703300
1914-04-23,21.9,12.0,8100200
1914-04-24,-23.6,32.0,703200
1914-04-24,-11.7,12.0,703500
1914-04-27,29.8,24.0,8100300
1914-04-28,25.9,254.0,703800
1914-05-03,18.8,480.0,703600
1914-05-04,-19.4,7.0,703610
1914-05-04,27.3,6.0,8100400
1914-05-05,31.9,11.0,8100500
1914-05-05,23.4,5.0,8100600
1914-05-06,-35.3,13.0,8100700
1914-05-22,21.5,21.0,8110100
1914-05-24,20.6,7.0,8110200
1914-05-25,27.4,9.0,704200
1914-05-29,-24.0,9.0,704500
1914-06-08,28.3,90.0,704600
1914-06-13,-15.4,73.0,704900
1914-06-13,-34.9,17.0,8120100
1914-06-22,-22.5,445.0,704700
1914-07-02,-20.5,9.0,705000
1914-07-02,-34.2,25.0,705100
1914-07-02,-34.3,39.0,705200
1914-07-07,-33.2,6.0,8130100
1914-07-11,-20.5,27.0,705400
1914-07-13,26.2,2.0,8130200
1914-07-16,-26.9,15.0,705600
1914-07-21,-19.0,20.0,705700
1914-07-29,-23.9,14.0,8140100
1914-07-30,23.0,3.0,8140200
1914-07-31,-20.8,8.0,705800
1914-08-16,19.2,10.0,8140300
1914-08-16,-22.1,19.0,8140400
1914-08-18,-18.6,7.0,706100
1914-08-18,-30.3,6.0,706400
1914-08-24,-27.5,70.0,706500
1914-08-26,19.0,393.0,706000
1914-08-31,16.9,18.0,706600
1914-09-08,-18.9,293.0,706700
1914-09-11,-29.6,148.0,706900
1914-09-12,-27.7,8.0,707000
1914-09-12,21.1,7.0,8150100
1914-09-19,29.2,9.0,707200
1914-09-22,16.6,270.0,706800
1914-09-24,22.9,65.0,707300
1915-01-01,-14.0,27.0,712600
1915-01-02,20.1,6.0,8190500
1915-01-04,-23.0,11.0,712200
1915-01-04,-15.6,6.0,8190600
1915-01-05,25.7,106.0,712900
1915-01-05,-15.9,8.0,8190700
1915-01-05,18.8,7.0,8190800
1915-01-06,-26.0,11.0,8190900
1915-01-07,21.1,8.0,8191000
1915-01-11,10.0,9.0,8200100
1915-01-12,15.7,355.0,712700
1915-01-12,21.1,46.0,713800
1915-01-12,-23.7,13.0,8200200
1915-01-15,23.9,141.0,714000
1915-01-16,16.2,35.0,714200
1915-01-16,15.8,103.0,714300
1915-01-16,26.5,9.0,8200300
1915-01-17,-19.4,31.0,713700
1915-01-17,17.4,9.0,713900
1915-01-19,16.2,23.0,8200400
1915-01-19,-21.9,12.0,8200500
1915-01-20,9.0,18.0,8200600
1915-01-22,25.6,8.0,8200700
1915-01-23,19.0,14.0,8200800
1915-01-25,-20.8,9.0,8200900
1915-01-28,13.6,3.0,8201000
1915-01-29,26.7,28.0,714900
1915-01-29,29.2,27.0,715000
1915-01-29,18.5,11.0,8201100
1915-01-29,22.7,12.0,8201200
1915-01-29,0.5,3.0,8201300
1915-01-30,-1.5,7.0,8201400
1915-01-31,-20.5,182.0,715800
1915-01-31,-20.0,6.0,8201500
1915-02-01,-15.0,4.0,8201600
1915-02-03,13.6,12.0,715200
1915-02-04,-22.2,12.0,716200
1915-02-04,-13.8,31.0,716300
1915-02-05,-19.2,33.0,716400
1915-02-05,-19.9,232.0,716500
1915-02-08,29.0,19.0,716800
1915-02-09,-21.8,8.0,716600
1915-02-09,20.6,20.0,717100
1915-02-09,10.6,61.0,717200
1915-02-10,-21.9,13.0,717000
1915-02-10,9.9,7.0,8210100
1915-02-11,-19.5,12.0,8210200
1915-02-12,20.4,154.0,716100
1915-02-13,-22.2,429.0,716000
1915-02-14,25.0,19.0,716700
1915-02-15,-32.9,11.0,8210300
1915-02-16,-20.1,2.0,717500
1915-02-20,22.9,259.0,716900
1915-02-20,-23.1,8.0,718000
1915-02-20,15.3,9.0,8210400
1915-02-20,11.8,3.0,8210500
1915-02-20,9.1,2.0,8210600
1915-02-21,13.1,121.0,718100
1915-02-22,-24.3,5.0,8210700
1915-02-23,-19.2,137.0,718300
1915-02-24,14.4,2.0,8210800
1915-02-27,-19.8,5.0,718600
1915-02-27,-23.5,4.0,8210900
1915-02-28,-23.5,198.0,719000
1915-02-28,20.1,5.0,8211000
1915-03-01,-14.9,2.0,8211100
1915-03-02,0.3,2.0,8211200
1915-03-03,-23.7,2.0,719600
1915-03-03,20.4,3.0,8211300
1915-03-04,22.1,73.0,719700
1915-03-05,-24.4,3.0,719500
1915-03-05,16.6,57.0,720000
1915-03-05,38.8,10.0,8220100
1915-03-05,-26.5,5.0,8220200
1915-03-06,28.9,4.0,720200
1915-03-07,26.1,40.0,718500
1915-03-07,15.7,132.0,720300
1915-03-07,24.6,169.0,720400
1915-03-07,-23.8,6.0,8220300
1915-03-09,-21.2,9.0,719300
1915-03-11,-18.6,92.0,718700
1915-03-13,15.5,7.0,8220400
1915-03-15,15.8,3.0,720310
1915-03-15,29.1,5.0,8220500
1915-03-15,-0.4,6.0,8220600
1915-03-16,15.9,14.0,721000
1915-03-17,15.1,7.0,8220700
1915-03-18,-0.9,4.0,8220800
1915-03-18,-21.8,2.0,8220900
1915-03-20,-21.6,103.0,720600
1915-03-20,21.4,9.0,721400
1915-03-21,15.9,4.0,8221000
1915-03-22,26.3,119.0,721600
1915-03-26,-18.3,11.0,720900
1915-03-26,31.7,7.0,8221100
1915-03-27,-16.6,12.0,8221200
1915-03-29,-18.1,16.0,722000
1915-03-29,23.3,58.0,722100
1915-03-29,-28.9,2.0,8221300
1915-03-29,25.2,2.0,8221400
1915-03-30,20.4,1133.0,722300
1915-03-30,16.7,103.0,722400
1915-03-31,16.4,89.0,722500
1915-04-02,-30.0,11.0,722200
1915-04-02,20.9,46.0,722700
1915-04-03,22.8,129.0,722800
1915-04-04,22.8,23.0,722900
1915-04-06,-27.6,10.0,8230100
1915-04-06,-24.4,4.0,8230200
1915-04-06,8.0,14.0,8230300
1915-04-10,-23.1,10.0,8230400
1915-04-11,-19.1,65.0,723400
1915-04-12,19.6,15.0,723200
1915-04-12,2.0,7.0,8230500
1915-04-12,25.7,4.0,8230600
1915-04-12,-30.8,5.0,8230700
1915-04-13,-16.2,196.0,722600
1915-04-13,23.4,10.0,723800
1915-04-15,-22.2,9.0,8230800
1915-04-16,-27.0,140.0,723900
1915-04-18,-21.2,5.0,724100
1915-04-19,-29.6,13.0,724300
1915-04-19,-27.1,21.0,724400
1915-04-19,18.5,26.0,8230900
1915-04-20,-27.5,2.0,724600
1915-04-21,0.6,7.0,8231000
1915-04-22,-30.2,4.0,8231100
1915-04-22,-30.0,5.0,8231200
1915-04-23,21.6,8.0,8231300
1915-04-23,-9.2,7.0,8231400
1915-04-23,-18.1,6.0,8231500
1915-04-24,11.0,2.0,8231600
1915-04-25,-13.6,13.0,8231700
1915-04-26,19.0,597.0,725500
1915-04-27,-21.4,16.0,724000
1915-04-27,16.3,55.0,725800
1915-04-27,20.5,2.0,8231800
1915-04-28,-28.2,60.0,724500
1915-04-28,15.8,203.0,726000
1915-04-28,-15.7,124.0,726100
1915-04-30,21.3,125.0,726300
1915-05-01,8.6,29.0,726200
1915-05-02,16.6,5.0,726400
1915-05-03,13.8,4.0,726500
1915-05-03,10.1,16.0,726700
1915-05-05,17.8,3.0,8240100
1915-05-06,18.4,34.0,726900
1915-05-07,-24.7,2.0,725900
1915-05-07,21.3,267.0,726600
1915-05-07,-12.9,4.0,8240200
1915-05-08,-20.7,11.0,725600
1915-05-08,-17.9,3.0,8240300
1915-05-08,-23.1,6.0,8240400
1915-05-09,-12.7,6.0,726800
1915-05-10,35.2,6.0,8240500
1915-05-14,19.6,14.0,727400
1915-05-16,34.1,21.0,8240600
1915-05-18,15.0,17.0,8240700
1915-05-20,19.9,97.0,727900
1915-05-20,21.7,107.0,728000
1915-05-20,23.1,6.0,8240800
1915-05-20,-21.0,8.0,8240900
1915-05-22,18.5,24.0,728100
1915-05-22,21.7,760.0,728200
1915-05-24,-23.0,18.0,728400
1915-05-24,20.1,121.0,728500
1915-05-24,23.5,15.0,728600
1915-05-25,-29.5,5.0,728300
1915-05-29,32.3,7.0,8250100
1915-05-30,17.5,117.0,728700
1915-05-30,22.5,6.0,728800
1915-05-30,25.4,8.0,728900
1915-06-03,21.4,89.0,729000
1915-06-03,-24.0,174.0,729100
1915-06-09,-18.3,4.0,8250200
1915-06-10,23.0,33.0,729200
1915-06-11,19.0,5.0,729400
1915-06-12,1.2,128.0,729900
1915-06-12,-6.6,3.0,8250300
1915-06-12,34.9,3.0,8250400
1915-06-12,12.8,5.0,8250500
1915-06-12,23.4,3.0,8250600
1915-06-13,-18.0,176.0,730000
1915-06-14,19.4,61.0,730300
1915-06-16,16.8,16.0,730700
1915-06-16,-18.9,5.0,8250700
1915-06-17,-18.7,10.0,730100
1915-06-17,-18.5,7.0,730900
1915-06-19,-19.8,36.0,730600
1915-06-19,21.7,155.0,731200
1915-06-19,-23.3,296.0,731300
1915-06-19,-23.4,4.0,8250800
1915-06-19,23.1,3.0,8250900
1915-06-21,-11.3,3.0,8260100
1915-06-22,-18.2,16.0,730200
1915-06-22,22.7,6.0,731600
1915-06-23,-24.0,21.0,731800
1915-06-23,17.4,7.0,8260200
1915-06-24,-24.3,332.0,730800
1915-06-25,16.4,5.0,8260300
1915-06-26,-19.5,12.0,8260400
1915-06-27,19.2,76.0,730400
1915-06-27,19.1,2.0,8260500
1915-06-28,20.2,19.0,731500
1915-06-28,15.8,72.0,732400
1915-06-29,-0.4,3.0,8260600
1915-06-30,17.7,4.0,732500
1915-07-01,-16.2,5.0,731900
1915-07-01,10.2,12.0,8260700
1915-07-02,13.4,4.0,8260800
1915-07-02,18.2,3.0,8260900
1915-07-02,-36.7,12.0,8261000
1915-07-05,-18.8,37.0,732300
1915-07-07,-22.4,93.0,732900
1915-07-07,-21.5,7.0,8261100
1915-07-08,26.6,25.0,8261200
1915-07-08,4.4,5.0,8261300
1915-07-08,27.4,4.0,8261400
1915-07-08,10.2,3.0,8261500
1915-07-09,-21.2,6.0,733700
1915-07-10,-25.6,247.0,733900
1915-07-10,-19.6,2.0,8261600
1915-07-11,17.2,214.0,734100
1915-07-12,18.9,34.0,734000
1915-07-12,18.8,101.0,734300
1915-07-13,-19.2,5.0,733600
1915-07-13,-21.3,108.0,734200
1915-07-13,-15.9,6.0,8261700
1915-07-14,19.2,9.0,8261800
1915-07-15,19.1,6.0,734600
1915-07-16,-13.6,5.0,8261900
1915-07-17,-21.4,511.0,733000
1915-07-17,-23.1,3.0,8262000
1915-07-18,20.8,9.0,735200
1915-07-19,-19.6,3.0,735300
1915-07-19,-20.2,204.0,735400
1915-07-20,-24.7,3.0,735100
1915-07-20,-21.9,6.0,735500
1915-07-21,-19.2,80.0,735800
1915-07-21,-14.3,2.0,8270100
1915-07-21,-25.0,8.0,8270200
1915-07-23,19.3,12.0,735000
1915-07-23,-20.3,22.0,736000
1915-07-24,-28.3,36.0,735900
1915-07-26,-27.1,3.0,736300
1915-07-26,-25.1,2.0,8270300
1915-07-27,14.9,22.0,734800
1915-07-27,-16.5,20.0,736100
1915-07-27,18.4,200.0,736500
1915-07-28,-18.0,12.0,736600
1915-07-29,-20.8,12.0,736700
1915-07-29,-17.2,710.0,736800
1915-07-30,21.9,23.0,737000
1915-07-30,-24.8,2.0,8270400
1915-07-31,11.2,4.0,8270500
1915-07-31,32.3,3.0,8270600
1915-07-31,-23.0,6.0,8270700
1915-08-01,-19.8,6.0,8270800
1915-08-02,-8.2,2.0,8270900
1915-08-03,13.6,6.0,8271000
1915-08-04,-19.8,4.0,738100
1915-08-05,18.8,6.0,737400
1915-08-05,-18.0,4.0,737700
1915-08-07,21.1,83.0,736400
1915-08-07,-13.7,10.0,738300
1915-08-07,18.0,173.0,738400
1915-08-09,5.0,4.0,738000
1915-08-09,12.5,26.0,738200
1915-08-09,9.6,5.0,8271100
1915-08-09,-24.1,6.0,8271200
1915-08-10,-25.2,21.0,737900
1915-08-10,-25.5,7.0,738800
1915-08-10,-29.5,31.0,739000
1915-08-10,-16.0,2.0,8271300
1915-08-11,21.7,8.0,738500
1915-08-12,-20.6,19.0,739200
1915-08-15,-17.0,14.0,739100
1915-08-15,-18.2,266.0,739300
1915-08-16,5.5,8.0,739800
1915-08-16,-31.3,3.0,8280100
1915-08-17,-31.3,3.0,739600
1915-08-19,-26.6,2.0,8280200
1915-08-20,17.2,17.0,739400
1915-08-21,-24.8,6.0,740000
1915-08-22,18.5,71.0,740100
1915-08-22,21.0,22.0,8280300
1915-08-22,22.5,5.0,8280400
1915-08-23,-28.0,8.0,740300
1915-08-23,22.0,17.0,740500
1915-08-26,15.6,85.0,739700
1915-08-26,24.8,5.0,740800
1915-08-27,24.2,20.0,8280500
1915-08-28,22.9,614.0,741100
1915-08-28,-24.8,2.0,8280600
1915-08-29,-20.4,7.0,741300
1915-08-30,-15.9,349.0,741800
1915-08-31,-20.5,67.0,741400
1915-08-31,18.7,1.0,8280700
1915-08-31,-10.4,11.0,8280800
1915-09-01,-16.1,6.0,741600
1915-09-01,-23.3,12.0,8280900
1915-09-01,-19.6,3.0,8281000
1915-09-02,-19.4,10.0,741200
1915-09-02,-26.2,8.0,741500
1915-09-02,24.7,17.0,8281100
1915-09-02,-19.5,5.0,8281200
1915-09-02,-2.3,9.0,8281300
1915-09-03,21.7,123.0,740600
1915-09-03,-18.3,18.0,742300
1915-09-03,-22.4,64.0,742400
1915-09-05,-16.7,71.0,740700
1915-09-06,-25.1,40.0,742500
1915-09-07,17.6,7.0,743000
1915-09-07,29.1,5.0,8281400
1915-09-07,-26.7,13.0,8281500
1915-09-08,-26.1,3.0,742800
1915-09-08,-21.8,10.0,743100
1915-09-08,11.4,7.0,8281600
1915-09-09,-19.6,5.0,742600
1915-09-09,-13.6,4.0,8281700
1915-09-09,16.3,4.0,8281800
1915-09-10,20.6,6.0,8281900
1915-09-12,-16.5,11.0,742000
1915-09-12,17.7,7.0,743800
1915-09-12,-23.2,7.0,8290100
1915-09-13,-30.6,4.0,743900
1915-09-13,-33.9,19.0,744000
1915-09-14,7.4,18.0,8290200
1915-09-14,-3.3,8.0,8290300
1915-09-14,11.3,9.0,8290400
1915-09-17,21.6,105.0,744500
1915-09-17,30.0,9.0,8290500
1915-09-20,11.6,122.0,744600
1915-09-22,11.1,146.0,743600
1915-09-22,26.1,9.0,8290600
1915-09-24,18.6,26.0,744800
1915-09-26,-23.7,29.0,744900
1915-09-26,-16.5,166.0,745000
1915-09-28,-39.4,2.0,8290700
1915-09-28,17.8,3.0,8290800
1915-09-28,25.4,8.0,8290900
1915-09-29,22.0,8.0,745500
1915-09-29,7.9,3.0,8291000
1915-09-30,22.8,37.0,745100
1916-01-01,-20.4,55.0,757500
1916-01-01,-28.3,6.0,758800
1916-01-01,-23.1,6.0,8330500
1916-01-01,-9.4,5.0,8330600
1916-01-02,-12.7,3.0,8330700
1916-01-04,-14.1,215.0,759400
1916-01-05,15.6,7.0,759300
1916-01-05,18.2,5.0,8330800
1916-01-07,8.0,13.0,758600
1916-01-07,21.2,71.0,759100
1916-01-08,-18.2,115.0,758100
1916-01-08,13.6,39.0,758400
1916-01-08,7.7,4.0,8330900
1916-01-08,-18.9,6.0,8331000
1916-01-11,34.8,12.0,759600
1916-01-12,-18.3,32.0,759200
1916-01-12,-13.0,5.0,759700
1916-01-12,-29.8,3.0,8331100
1916-01-14,13.3,12.0,8331200
1916-01-15,-14.8,2.0,8331300
1916-01-16,11.3,11.0,759900
1916-01-16,-22.9,15.0,8331400
1916-01-17,12.1,5.0,759800
1916-01-18,9.8,98.0,759500
1916-01-18,7.4,27.0,760300
1916-01-19,-19.7,18.0,760000
1916-01-19,13.0,3.0,760200
1916-01-19,7.4,8.0,760400
1916-01-19,19.4,7.0,8331500
1916-01-19,13.0,6.0,8331600
1916-01-19,10.5,5.0,8331700
1916-01-20,27.8,45.0,760100
1916-01-20,-21.2,3.0,760700
1916-01-20,-23.1,8.0,760800
1916-01-21,16.5,68.0,760500
1916-01-21,11.9,4.0,760900
1916-01-22,20.4,188.0,761000
1916-01-22,-2.0,5.0,8331800
1916-01-23,23.4,363.0,760600
1916-01-24,34.0,30.0,761200
1916-01-25,17.0,8.0,761300
1916-01-25,-24.8,2.0,8340100
1916-01-26,-13.0,8.0,761400
1916-01-27,-21.8,11.0,761500
1916-01-27,22.0,16.0,761600
1916-01-27,26.1,2.0,8340200
1916-01-30,-16.6,10.0,761700
1916-01-30,9.9,1.0,8340300
1916-01-31,-18.7,13.0,8340400
1916-02-01,14.1,148.0,761100
1916-02-01,-18.3,8.0,8340500
1916-02-02,-8.7,13.0,762100
1916-02-02,-13.2,2.0,8340600
1916-02-02,11.3,3.0,8340700
1916-02-02,4.0,7.0,8340800
1916-02-03,35.8,6.0,8340900
1916-02-04,-19.9,191.0,761900
1916-02-04,31.7,10.0,762000
1916-02-05,15.7,31.0,762300
1916-02-05,23.1,24.0,8341000
1916-02-06,-18.0,5.0,8341100
1916-02-09,-13.6,237.0,761800
1916-02-09,25.4,13.0,762900
1916-02-09,15.3,4.0,763000
1916-02-09,-15.6,147.0,763100
1916-02-09,11.4,3.0,8341200
1916-02-10,-25.9,4.0,762700
1916-02-10,13.0,8.0,763200
1916-02-11,10.6,3.0,763300
1916-02-11,5.5,10.0,8341300
1916-02-12,-19.5,396.0,762400
1916-02-12,-16.7,28.0,763500
1916-02-13,25.7,2.0,8341400
1916-02-14,11.3,30.0,762200
1916-02-14,19.9,32.0,762500
1916-02-14,28.6,10.0,763600
1916-02-16,11.6,96.0,762600
1916-02-17,14.8,116.0,762800
1916-02-17,-21.0,6.0,8341500
1916-02-18,17.1,136.0,763700
1916-02-18,4.4,2.0,8341600
1916-02-19,-20.0,133.0,764000
1916-02-19,11.0,8.0,8341700
1916-02-19,-20.3,2.0,8341800
1916-02-21,-21.7,37.0,763900
1916-02-21,-19.8,2.0,764100
1916-02-21,-17.5,10.0,8341900
1916-02-22,10.8,16.0,763400
1916-02-24,-20.2,7.0,764300
1916-02-24,19.5,11.0,764400
1916-02-24,10.5,8.0,764500
1916-02-24,-13.3,192.0,764600
1916-02-24,-10.5,3.0,8350100
1916-02-25,-19.2,68.0,763800
1916-02-25,12.3,3.0,764200
1916-02-26,-11.5,20.0,764800
1916-02-26,-16.2,131.0,764900
1916-02-27,-22.4,6.0,764700
1916-02-28,-21.2,3.0,8350200
1916-02-28,14.7,10.0,8350300
1916-02-28,-21.0,4.0,8350400
1916-02-29,19.4,6.0,8350500
1916-03-02,-17.7,71.0,765200
1916-03-05,-23.1,5.0,765300
1916-03-05,16.3,2.0,765500
1916-03-05,-14.0,6.0,765600
1916-03-05,14.4,6.0,765700
1916-03-05,-21.3,8.0,8350600
1916-03-06,16.5,5.0,765900
1916-03-06,18.0,6.0,766000
1916-03-07,-24.7,224.0,765400
1916-03-07,21.8,6.0,765800
1916-03-07,-12.6,5.0,766100
1916-03-07,10.6,4.0,766200
1916-03-10,14.8,2.0,766300
1916-03-10,25.4,13.0,8350700
1916-03-10,27.2,10.0,8350800
1916-03-10,20.5,4.0,8350900
1916-03-11,-22.0,7.0,8351000
1916-03-11,-19.2,12.0,8351100
1916-03-12,10.5,3.0,8351200
1916-03-13,-15.7,13.0,765610
1916-03-13,-20.5,11.0,8351300
1916-03-14,-17.9,424.0,765000
1916-03-14,18.6,229.0,765100
1916-03-15,-9.4,7.0,8351400
1916-03-15,-20.4,8.0,8351500
1916-03-16,-32.7,16.0,766600
1916-03-16,16.1,18.0,8351600
1916-03-16,16.9,7.0,8351700
1916-03-16,2.9,5.0,8351800
1916-03-17,-19.9,37.0,766800
1916-03-17,-9.3,8.0,8351900
1916-03-18,16.5,8.0,8352000
1916-03-19,10.7,13.0,766700
1916-03-19,-14.4,4.0,766900
1916-03-20,34.3,42.0,766400
1916-03-20,-22.7,4.0,766500
1916-03-20,18.3,6.0,8360100
1916-03-21,-18.8,19.0,767000
1916-03-21,-20.9,13.0,767400
1916-03-23,13.0,17.0,8360200
1916-03-24,-13.3,15.0,767200
1916-03-25,16.2,17.0,767300
1916-03-28,15.4,29.0,767700
1916-03-28,-11.2,43.0,767800
1916-03-29,17.4,240.0,767900
1916-03-29,25.0,3.0,8360300
1916-03-30,-21.6,24.0,768000
1916-03-31,10.1,818.0,768100
1916-04-01,15.6,192.0,767100
1916-04-01,-24.4,3.0,8360400
1916-04-02,-18.2,12.0,8360500
1916-04-03,-13.4,4.0,8360600
1916-04-04,19.7,133.0,768300
1916-04-04,15.8,122.0,768600
1916-04-05,-27.5,285.0,767500
1916-04-05,19.0,4.0,8360700
1916-04-06,20.6,157.0,767600
1916-04-06,-16.4,3.0,768400
1916-04-06,-16.0,20.0,768700
1916-04-08,-16.2,18.0,768200
1916-04-08,10.7,6.0,768500
1916-04-08,-18.5,133.0,768800
1916-04-09,9.1,33.0,769100
1916-04-10,-20.8,46.0,768900
1916-04-10,18.3,1.0,769000
1916-04-10,-21.1,3.0,769400
1916-04-10,26.5,3.0,8360800
1916-04-12,15.6,3.0,8360900
1916-04-12,-24.0,9.0,8361000
1916-04-12,-12.4,4.0,8361100
1916-04-13,-11.4,43.0,769300
1916-04-13,15.9,19.0,769600
1916-04-13,13.3,13.0,8361200
1916-04-13,10.2,3.0,8361300
1916-04-15,15.6,7.0,8361400
1916-04-17,1.7,46.0,769500
1916-04-17,13.6,4.0,8370100
1916-04-18,24.7,23.0,769700
1916-04-19,-18.8,42.0,769200
1916-04-19,10.2,5.0,769900
1916-04-19,15.6,3.0,770000
1916-04-20,13.1,4.0,769800
1916-04-20,21.4,301.0,770100
1916-04-20,-28.0,171.0,770200
1916-04-21,28.2,3.0,8370200
1916-04-22,-19.4,5.0,770300
1916-04-25,19.2,2.0,770400
1916-04-25,25.5,4.0,8370300
1916-04-25,-14.2,3.0,8370400
1916-04-25,-5.5,2.0,8370500
1916-04-25,1.6,10.0,8370600
1916-04-26,17.4,9.0,8370700
1916-04-26,-21.1,5.0,8370800
1916-04-27,9.8,11.0,770600
1916-04-29,9.6,370.0,770800
1916-04-29,-15.0,344.0,770900
1916-04-30,-39.0,2.0,8370900
1916-05-01,21.7,4.0,771200
1916-05-02,9.9,2.0,8371000
1916-05-03,-17.4,15.0,771400
1916-05-04,-15.3,3.0,770500
1916-05-04,-16.5,11.0,771000
1916-05-06,12.9,4.0,770700
1916-05-06,-16.3,16.0,771300
1916-05-06,23.8,60.0,771500
1916-05-06,-20.6,34.0,771600
1916-05-07,-15.3,4.0,8371100
1916-05-08,2.0,3.0,8371200
1916-05-10,-17.4,1.0,8371300
1916-05-11,-20.5,60.0,772000
1916-05-12,13.3,353.0,771100
1916-05-12,-11.1,33.0,771800
1916-05-13,25.3,33.0,772100
1916-05-13,-14.7,13.0,8371400
1916-05-13,-22.7,6.0,8371500
1916-05-14,-17.8,12.0,771900
1916-05-16,8.4,31.0,772200
1916-05-17,26.1,43.0,772300
1916-05-18,-22.4,11.0,771700
1916-05-18,-26.1,11.0,772400
1916-05-21,12.5,197.0,772800
1916-05-21,20.0,9.0,8380100
1916-05-22,-15.3,83.0,772900
1916-05-23,5.9,7.0,773000
1916-05-24,10.6,7.0,773200
1916-05-25,-20.8,43.0,773100
1916-05-27,12.6,4.0,8380200
1916-05-28,14.5,17.0,772500
1916-05-28,-14.5,11.0,8380300
1916-05-31,21.1,26.0,772600
1916-05-31,-16.2,15.0,773310
1916-05-31,14.2,27.0,773400
1916-05-31,14.1,3.0,8380400
1916-05-31,14.4,3.0,8380500
1916-05-31,-11.8,13.0,8380600
1916-06-01,-12.8,648.0,772700
1916-06-03,22.4,2.0,8380700
1916-06-04,12.8,55.0,773600
1916-06-04,-18.8,4.0,8380800
1916-06-05,-18.9,4.0,8380900
1916-06-06,12.4,97.0,773500
1916-06-06,14.2,87.0,773700
1916-06-07,11.0,180.0,773300
1916-06-07,-16.7,3.0,8381000
1916-06-08,10.8,1025.0,773800
1916-06-08,-21.8,60.0,773900
1916-06-08,6.6,403.0,774000
1916-06-08,-21.5,2.0,8381100
1916-06-08,7.2,7.0,8381200
1916-06-09,-24.8,8.0,774300
1916-06-10,-18.6,34.0,774100
1916-06-10,-14.8,2.0,774400
1916-06-11,-18.9,6.0,774200
1916-06-11,26.0,10.0,8390100
1916-06-13,21.4,10.0,774010
1916-06-16,-12.8,633.0,774500
1916-06-17,18.6,27.0,8390200
1916-06-18,16.7,8.0,774700
1916-06-18,18.5,7.0,8390300
1916-06-20,11.6,129.0,774900
1916-06-21,25.6,50.0,775000
1916-06-21,10.0,72.0,775300
1916-06-21,12.0,133.0,775400
1916-06-21,-19.0,3.0,775800
1916-06-21,-21.6,4.0,8390400
1916-06-22,12.2,56.0,774600
1916-06-22,-18.9,56.0,775500
1916-06-22,9.8,20.0,775610
1916-06-23,11.1,346.0,775600
1916-06-24,8.8,1.0,8390500
1916-06-25,-20.1,3.0,8390600
1916-06-27,-20.1,3.0,775510
1916-06-27,-8.0,5.0,8390700
1916-06-27,-22.5,4.0,8390800
1916-06-27,-24.8,3.0,8390900
1916-06-28,-20.4,105.0,776100
1916-06-29,16.8,215.0,774800
1916-06-29,-14.9,117.0,775900
1916-06-30,19.6,66.0,775200
1916-06-30,-12.5,96.0,775700
1916-07-02,8.0,5.0,776000
1916-07-02,5.8,15.0,776400
1916-07-03,12.3,127.0,775100
1916-07-03,-22.5,6.0,8391000
1916-07-05,18.3,18.0,776200
1916-07-05,-26.3,94.0,776300
1916-07-05,-32.5,17.0,776600
1916-07-05,6.7,113.0,776700
1916-07-05,-19.6,2.0,8391100
1916-07-05,-21.4,25.0,8391200
1916-07-07,-15.7,9.0,776500
1916-07-07,-13.6,21.0,776800
1916-07-11,5.2,8.0,777000
1916-07-12,5.9,6.0,8400100
1916-07-14,16.8,147.0,777100
1916-07-14,-40.7,1.0,8400200
1916-07-14,7.7,3.0,8400300
1916-07-14,15.4,3.0,8400400
1916-07-18,-24.5,8.0,8400500
1916-07-19,13.3,236.0,776900
1916-07-19,16.1,9.0,777300
1916-07-20,21.5,14.0,777500
1916-07-20,11.9,366.0,777700
1916-07-20,-15.8,4.0,8400600
1916-07-20,-19.6,4.0,8400700
1916-07-21,13.0,91.0,777900
1916-07-21,16.4,4.0,8400800
1916-07-21,-11.2,2.0,8400900
1916-07-23,23.0,16.0,777400
1916-07-23,5.5,61.0,778000
1916-07-24,-19.1,10.0,778100
1916-07-24,-10.2,5.0,8401000
1916-07-24,-13.8,9.0,8401100
1916-07-25,8.5,13.0,778200
1916-07-25,30.6,6.0,8401200
1916-07-27,8.0,257.0,777200
1916-07-28,11.3,111.0,778300
1916-07-28,17.0,22.0,778400
1916-07-29,13.7,38.0,777800
1916-07-30,13.9,192.0,777600
1916-07-30,12.8,3.0,8401300
1916-07-31,-25.9,27.0,778500
1916-07-31,28.9,19.0,8401400
1916-08-01,22.1,5.0,778700
1916-08-01,-16.5,11.0,8401500
1916-08-01,-19.4,3.0,8401600
1916-08-01,21.1,3.0,8401700
1916-08-01,-31.4,6.0,8401800
1916-08-01,24.0,5.0,8401900
1916-08-01,-23.4,4.0,8402000
1916-08-02,11.7,66.0,778600
1916-08-02,18.3,5.0,778800
1916-08-03,12.7,128.0,778900
1916-08-04,-1.7,5.0,8410100
1916-08-06,-10.4,36.0,779300
1916-08-06,20.1,11.0,8410200
1916-08-07,-19.9,20.0,779400
1916-08-08,15.1,15.0,779000
1916-08-08,18.9,13.0,779200
1916-08-09,14.0,20.0,779100
1916-08-09,-18.3,8.0,779410
1916-08-11,9.3,231.0,779600
1916-08-12,-20.8,10.0,8410300
1916-08-12,34.0,10.0,8410400
1916-08-13,27.4,2.0,8410500
1916-08-14,36.6,15.0,779500
1916-08-14,7.5,8.0,779900
1916-08-15,-20.9,13.0,8410600
1916-08-16,-15.6,93.0,779700
1916-08-16,23.8,9.0,779800
1916-08-16,8.1,41.0,780000
1916-08-16,9.9,34.0,780100
1916-08-16,10.7,35.0,780200
1916-08-17,18.8,5.0,8410700
1916-08-18,41.1,3.0,8410800
1916-08-19,19.2,1.0,780310
1916-08-19,11.5,2.0,780320
1916-08-19,9.1,5.0,780400
1916-08-19,13.3,1.0,8410900
1916-08-22,18.6,52.0,780500
1916-08-24,19.9,533.0,780300
1916-08-24,-21.3,5.0,8411000
1916-08-24,15.6,4.0,8411100
1916-08-26,13.6,1.0,8411200
1916-08-28,-17.7,13.0,780700
1916-08-28,-23.3,8.0,8411300
1916-08-29,-8.0,65.0,780600
1916-08-29,7.1,34.0,780800
1916-08-29,-35.0,17.0,8411400
1916-08-29,-11.8,14.0,8411500
1916-08-31,18.0,15.0,780900
1916-09-03,11.6,17.0,781100
1916-09-03,14.4,10.0,781300
1916-09-03,-16.8,10.0,8420100
1916-09-07,14.6,26.0,781500
1916-09-07,18.0,351.0,781600
1916-09-08,8.9,50.0,781400
1916-09-08,17.7,24.0,781700
1916-09-08,18.4,417.0,781800
1916-09-08,9.0,10.0,8420200
1916-09-08,11.9,4.0,8420300
1916-09-08,13.6,2.0,8420400
1916-09-09,-12.8,37.0,781200
1916-09-09,-20.1,2.0,8420500
1916-09-10,-21.4,118.0,781000
1916-09-10,-21.1,21.0,781900
1916-09-10,26.5,271.0,782000
1916-09-12,11.6,8.0,782100
1916-09-12,19.2,5.0,782300
1916-09-12,22.1,42.0,782400
1916-09-13,11.6,34.0,782500
1916-09-14,-13.1,77.0,782600
1916-09-14,-17.9,159.0,782700
1916-09-14,-13.0,51.0,782800
1916-09-14,20.1,4.0,8420600
1916-09-16,-15.4,4.0,782900
1916-09-16,15.9,1.0,8420700
1916-09-16,18.9,2.0,8420800
1916-09-16,15.4,2.0,8420900
1916-09-16,11.9,11.0,8421000
1916-09-16,-15.8,10.0,8421100
1916-09-17,22.4,5.0,782200
1916-09-17,19.6,160.0,783000
1916-09-17,22.3,4.0,8421200
1916-09-18,-17.7,15.0,783200
1916-09-19,9.7,8.0,783210
1916-09-19,-22.1,2.0,8421300
1916-09-21,18.4,524.0,783100
1916-09-21,-9.6,7.0,783400
1916-09-22,20.1,20.0,783500
1916-09-24,24.7,165.0,783300
1916-09-25,-23.0,2.0,783600
1916-09-25,11.5,2.0,8421400
1916-09-26,-21.6,19.0,783700
1916-09-26,-22.3,8.0,783800
1916-09-26,22.0,6.0,783900
1916-09-26,19.4,7.0,8421500
1916-09-26,-21.7,4.0,8421600
1916-09-27,6.4,2.0,8430100
1916-09-28,18.2,14.0,8430200
1916-09-29,-15.0,12.0,784000
1917-01-01,-17.4,14.0,792200
1917-01-01,25.5,5.0,792400
1917-01-01,-12.6,5.0,792500
1917-01-01,-22.9,2.0,792800
1917-01-01,-12.7,12.0,793200
1917-01-03,-22.0,147.0,791800
1917-01-03,-11.4,10.0,792300
1917-01-03,10.0,6.0,793000
1917-01-03,-22.6,7.0,793100
1917-01-03,-21.7,3.0,793300
1917-01-03,8.6,14.0,8460400
1917-01-04,15.3,3.0,8460500
1917-01-05,8.5,118.0,792000
1917-01-05,25.1,5.0,793400
1917-01-05,15.0,4.0,8460600
1917-01-06,-22.2,10.0,793600
1917-01-06,17.0,31.0,793700
1917-01-08,16.2,10.0,794300
1917-01-08,27.9,5.0,8460700
1917-01-08,-22.7,4.0,8460800
1917-01-09,14.9,1242.0,792600
1917-01-09,-25.1,2.0,794500
1917-01-09,-18.3,2.0,8460900
1917-01-10,13.9,4.0,793800
1917-01-10,-10.7,2.0,794600
1917-01-10,-28.4,2.0,8461000
1917-01-11,13.5,456.0,792900
1917-01-11,11.3,17.0,793500
1917-01-11,17.1,49.0,794400
1917-01-13,13.5,16.0,794000
1917-01-13,-20.1,87.0,795000
1917-01-14,22.2,489.0,793900
1917-01-14,-22.2,10.0,794700
1917-01-14,-16.0,23.0,794800
1917-01-14,27.7,18.0,795100
1917-01-16,-22.4,9.0,795200
1917-01-18,15.0,8.0,794100
1917-01-18,12.0,42.0,794200
1917-01-18,-17.1,10.0,795300
1917-01-20,19.4,96.0,794900
1917-01-20,17.0,5.0,795400
1917-01-20,-17.0,23.0,795800
1917-01-21,12.0,119.0,796000
1917-01-22,-23.6,2.0,8470100
1917-01-23,-17.7,10.0,8470200
1917-01-23,-24.3,2.0,8470300
1917-01-25,14.4,26.0,796200
1917-01-26,12.5,30.0,796400
1917-01-27,-20.0,4.0,795900
1917-01-27,-24.5,6.0,796500
1917-01-27,-27.0,1.0,8470400
1917-01-27,9.8,3.0,8470500
1917-01-28,7.0,11.0,796100
1917-01-28,5.8,8.0,796700
1917-01-28,20.5,9.0,796800
1917-01-29,-10.4,56.0,795500
1917-01-29,8.8,20.0,796600
1917-01-30,26.0,109.0,795600
1917-01-30,-27.3,52.0,795700
1917-01-30,23.2,324.0,796900
1917-01-30,1.6,141.0,797000
1917-01-31,-17.6,14.0,796300
1917-01-31,13.9,5.0,8470600
1917-02-01,17.2,4.0,797100
1917-02-01,18.4,9.0,8470700
1917-02-01,30.6,6.0,8470800
1917-02-02,14.2,5.0,797400
1917-02-03,-23.4,20.0,797200
1917-02-03,7.2,3.0,797300
1917-02-04,29.0,29.0,797500
1917-02-04,12.8,9.0,797800
1917-02-04,6.0,131.0,797900
1917-02-05,19.4,57.0,798000
1917-02-06,-8.8,5.0,798100
1917-02-06,14.2,16.0,8470900
1917-02-08,25.2,112.0,797600
1917-02-08,-13.6,7.0,798200
1917-02-09,-23.1,13.0,798400
1917-02-10,21.6,16.0,798500
1917-02-10,12.9,1.0,8480100
1917-02-11,-25.1,119.0,798600
1917-02-12,-17.8,7.0,8480200
1917-02-13,16.0,96.0,798300
1917-02-13,22.8,20.0,798700
1917-02-14,-15.0,6.0,799200
1917-02-15,-8.6,3.0,798800
1917-02-15,-26.8,2.0,798900
1917-02-16,-18.7,621.0,797700
1917-02-16,-25.9,2.0,8480300
1917-02-17,11.4,4.0,8480400
1917-02-17,-30.0,4.0,8480500
1917-02-18,-5.0,28.0,799100
1917-02-18,-22.0,8.0,799400
1917-02-20,18.7,15.0,799700
1917-02-21,-12.2,4.0,799600
1917-02-21,8.2,6.0,799800
1917-02-21,18.3,2.0,8480600
1917-02-22,-16.5,147.0,799000
1917-02-24,21.9,165.0,799900
1917-02-24,-14.0,2.0,8480700
1917-02-25,-10.6,7.0,799300
1917-02-25,-17.1,8.0,799500
1917-02-25,-21.7,35.0,800000
1917-02-25,8.0,2.0,8480800
1917-02-27,11.8,24.0,800300
1917-02-28,-28.0,7.0,800100
1917-02-28,-20.5,10.0,800400
1917-02-28,-5.5,5.0,8480900
1917-03-01,-14.7,61.0,800600
1917-03-02,32.7,3.0,8481000
1917-03-03,12.5,8.0,800500
1917-03-03,17.4,8.0,8481100
1917-03-04,18.3,3.0,8481200
1917-03-05,10.0,56.0,800700
1917-03-05,32.5,51.0,801100
1917-03-08,23.5,352.0,800900
1917-03-08,19.2,7.0,8481300
1917-03-08,15.9,4.0,8481400
1917-03-10,24.0,223.0,800200
1917-03-10,-9.4,17.0,801400
1917-03-10,18.9,11.0,801500
1917-03-11,13.3,71.0,801000
1917-03-11,4.2,16.0,801800
1917-03-11,6.2,33.0,801900
1917-03-13,-15.3,23.0,802100
1917-03-13,11.0,2.0,8490100
1917-03-14,-14.9,157.0,800800
1917-03-14,13.6,8.0,802000
1917-03-14,13.0,117.0,802300
1917-03-15,18.8,34.0,802200
1917-03-16,-29.4,6.0,802600
1917-03-16,6.6,2.0,8490200
1917-03-16,-26.5,7.0,8490300
1917-03-17,19.2,172.0,801200
1917-03-17,-10.7,95.0,801300
1917-03-17,5.8,21.0,801600
1917-03-17,20.4,45.0,801700
1917-03-19,9.4,179.0,802500
1917-03-19,-14.2,2.0,802800
1917-03-20,7.1,173.0,803100
1917-03-22,4.3,36.0,803200
1917-03-22,-26.4,3.0,8490400
1917-03-23,10.9,9.0,803300
1917-03-23,13.1,38.0,803400
1917-03-23,12.7,104.0,803500
1917-03-24,23.7,52.0,803700
1917-03-25,-10.7,199.0,802400
1917-03-26,23.0,162.0,803800
1917-03-26,9.9,43.0,803900
1917-03-27,50.8,2.0,8490500
1917-03-27,-16.4,2.0,8490600
1917-03-28,-18.3,23.0,802700
1917-03-28,-15.7,4.0,8490700
1917-03-29,21.4,6.0,8490800
1917-03-29,11.2,3.0,8490900
1917-03-30,13.2,4.0,8491000
1917-03-31,17.0,217.0,802900
1917-03-31,8.0,114.0,803000
1917-03-31,13.0,7.0,8491100
1917-04-01,8.8,2.0,803600
1917-04-02,5.2,42.0,804200
1917-04-03,-15.3,11.0,804000
1917-04-04,-21.8,2.0,804300
1917-04-05,-25.4,8.0,8491200
1917-04-06,-9.3,1.0,804400
1917-04-07,-19.4,3.0,804100
1917-04-09,-9.4,109.0,804600
1917-04-10,15.4,30.0,804500
1917-04-12,-14.5,49.0,805100
1917-04-13,-9.7,48.0,805200
1917-04-13,5.5,5.0,8500100
1917-04-14,6.1,48.0,805300
1917-04-14,18.6,8.0,8500200
1917-04-14,-30.6,5.0,8500300
1917-04-18,-17.4,16.0,805700
1917-04-19,-13.5,25.0,804800
1917-04-19,4.2,7.0,8500400
1917-04-19,30.5,3.0,8500500
1917-04-20,18.0,237.0,804700
1917-04-20,20.6,3.0,8500600
1917-04-22,10.0,455.0,804900
1917-04-22,-16.3,12.0,805000
1917-04-23,21.3,3.0,8500700
1917-04-23,6.6,2.0,8500800
1917-04-24,6.2,5.0,806000
1917-04-24,23.4,2.0,8500900
1917-04-24,-15.4,2.0,8501000
1917-04-25,22.4,13.0,806100
1917-04-26,-28.8,32.0,805400
1917-04-26,21.1,86.0,805600
1917-04-26,-22.4,67.0,806300
1917-04-26,7.9,12.0,8501100
1917-04-26,-30.3,4.0,8501200
1917-04-27,-13.6,8.0,806400
1917-04-28,15.4,573.0,805500
1917-04-29,-23.1,2.0,806600
1917-04-30,11.3,29.0,805800
1917-04-30,-18.7,30.0,806900
1917-05-01,11.2,6.0,807000
1917-05-01,14.8,9.0,8501300
1917-05-03,24.4,25.0,806800
1917-05-03,19.5,11.0,807200
1917-05-04,-17.7,31.0,805900
1917-05-05,18.3,135.0,807300
1917-05-05,-13.6,6.0,8510100
1917-05-06,13.6,19.0,807400
1917-05-07,-20.7,136.0,806200
1917-05-07,-22.7,16.0,806500
1917-05-07,23.4,52.0,807700
1917-05-08,18.4,109.0,807100
1917-05-10,-25.0,6.0,8510200
1917-05-11,-17.3,170.0,806700
1917-05-11,-27.5,28.0,808000
1917-05-13,18.0,39.0,808200
1917-05-13,17.7,23.0,808300
1917-05-13,12.1,3.0,8510300
1917-05-15,-11.6,10.0,807500
1917-05-15,14.7,6.0,808400
1917-05-16,14.2,4.0,8510400
1917-05-17,26.0,3.0,8510500
1917-05-19,9.3,258.0,807600
1917-05-20,-15.0,80.0,807800
1917-05-20,-17.7,30.0,807900
1917-05-20,9.7,47.0,808100
1917-05-22,-23.1,22.0,808900
1917-05-22,-19.6,8.0,8510600
1917-05-23,-18.8,37.0,809100
1917-05-23,6.3,70.0,809200
1917-05-24,8.6,5.0,808500
1917-05-24,-20.2,266.0,809000
1917-05-25,-17.2,7.0,808600
1917-05-25,19.2,118.0,808800
1917-05-25,-14.2,436.0,809700
1917-05-25,-20.4,2.0,8510700
1917-05-26,9.9,5.0,809600
1917-05-27,8.8,20.0,808700
1917-05-27,9.3,34.0,810000
1917-05-27,-18.2,621.0,810100
1917-05-27,24.2,3.0,8510800
1917-05-28,-25.1,7.0,8510900
1917-05-29,8.2,14.0,809800
1917-05-30,-21.7,25.0,809400
1917-05-31,-22.1,96.0,810300
1917-05-31,9.8,1.0,8520100
1917-06-02,15.0,5.0,810200
1917-06-02,15.0,26.0,8520200
1917-06-04,16.7,97.0,809300
1917-06-04,-9.3,88.0,810600
1917-06-05,-5.8,122.0,809500
1917-06-06,-6.0,114.0,809900
1917-06-06,16.0,4.0,8520300
1917-06-07,-25.3,39.0,810700
1917-06-07,3.4,8.0,8520400
1917-06-07,-15.6,3.0,8520500
1917-06-08,19.0,406.0,810800
1917-06-09,21.1,34.0,8520600
1917-06-09,-29.5,4.0,8520700
1917-06-10,-17.3,4.0,811000
1917-06-11,-8.8,77.0,810500
1917-06-11,21.4,51.0,811300
1917-06-11,-19.2,200.0,811400
1917-06-11,-10.6,3.0,8520800
1917-06-13,16.1,4.0,811600
1917-06-13,-21.4,10.0,8520900
1917-06-13,10.7,4.0,8521000
1917-06-14,14.8,149.0,810900
1917-06-14,20.8,10.0,811800
1917-06-14,9.7,222.0,811900
1917-06-15,10.9,121.0,810400
1917-06-15,19.2,16.0,811500
1917-06-15,10.7,12.0,812100
1917-06-15,18.6,4.0,8521100
1917-06-16,10.0,5.0,8521200
1917-06-17,22.1,3.0,8521300
1917-06-17,26.4,3.0,8521400
1917-06-18,-28.6,13.0,812200
1917-06-18,23.5,1.0,8521500
1917-06-20,10.6,234.0,811200
1917-06-20,-2.7,20.0,811700
1917-06-20,5.0,5.0,8521600
1917-06-20,5.7,5.0,8521700
1917-06-21,-14.4,80.0,811100
1917-06-21,17.1,7.0,812800
1917-06-21,11.8,8.0,8521800
1917-06-22,10.3,6.0,8521900
1917-06-23,-2.4,4.0,8522000
1917-06-23,-1.5,3.0,8522100
1917-06-23,5.2,5.0,8522200
1917-06-24,18.0,8.0,812300
1917-06-24,-5.4,1.0,8522300
1917-06-25,12.9,28.0,812000
1917-06-25,-18.4,28.0,813000
1917-06-25,-20.6,6.0,813200
1917-06-26,5.0,13.0,813400
1917-06-26,-24.5,4.0,8530100
1917-06-27,11.6,26.0,813600
1917-06-28,-16.2,10.0,813700
1917-06-28,-10.2,13.0,813800
1917-06-28,13.2,15.0,8530200
1917-06-29,14.0,340.0,812400
1917-06-29,-8.5,2.0,8530300
1917-06-30,-8.6,5.0,813100
1917-06-30,10.4,36.0,814000
1917-06-30,-12.6,150.0,814100
1917-07-01,-24.4,141.0,812500
1917-07-01,-8.5,112.0,812600
1917-07-01,-21.0,119.0,813300
1917-07-02,11.3,128.0,812700
1917-07-02,-9.5,3.0,8530400
1917-07-05,19.0,149.0,812900
1917-07-05,9.5,12.0,814400
1917-07-05,14.2,8.0,814500
1917-07-05,16.2,17.0,8530500
1917-07-06,10.5,456.0,813500
1917-07-06,16.8,13.0,814700
1917-07-06,-8.8,5.0,8530600
1917-07-07,-20.4,14.0,813900
1917-07-07,18.0,214.0,814900
1917-07-07,14.4,1.0,8530700
1917-07-07,15.0,16.0,8530800
1917-07-09,19.4,17.0,814300
1917-07-10,15.6,4.0,815200
1917-07-10,10.2,81.0,815300
1917-07-10,19.0,2.0,8530900
1917-07-10,21.8,1.0,8531000
1917-07-11,-13.8,48.0,814200
1917-07-11,13.0,8.0,815500
1917-07-12,6.6,3.0,815400
1917-07-13,-19.8,81.0,814600
1917-07-13,13.9,11.0,815800
1917-07-13,-9.2,25.0,815900
1917-07-13,-17.7,92.0,816000
1917-07-13,15.0,5.0,8531100
1917-07-14,14.2,285.0,816100
1917-07-14,13.8,1.0,8531200
1917-07-15,4.2,3.0,8531300
1917-07-15,12.2,3.0,8531400
1917-07-15,-25.2,4.0,8531500
1917-07-15,11.9,1.0,8531600
1917-07-15,9.9,3.0,8531700
1917-07-16,14.1,141.0,816200
1917-07-16,13.2,8.0,8531800
1917-07-17,7.0,59.0,814800
1917-07-17,-11.3,106.0,815700
1917-07-17,-23.1,112.0,816300
1917-07-19,7.7,94.0,815000
1917-07-20,21.1,163.0,815100
1917-07-20,8.4,18.0,815600
1917-07-20,-19.3,7.0,816500
1917-07-21,-14.6,225.0,816800
1917-07-22,-12.2,4.0,816400
1917-07-22,10.8,70.0,816600
1917-07-22,-8.1,4.0,8531900
1917-07-25,14.2,36.0,817000
1917-07-25,-5.4,4.0,8540100
1917-07-25,13.6,8.0,8540200
1917-07-25,9.7,5.0,8540300
1917-07-27,17.1,3.0,8540400
1917-07-28,6.0,82.0,817300
1917-07-30,-13.0,23.0,817600
1917-07-31,-17.7,2.0,8540500
1917-08-01,10.5,159.0,816700
1917-08-01,-18.3,4.0,8540600
1917-08-03,-14.2,341.0,817100
1917-08-03,16.1,32.0,817200
1917-08-03,18.5,580.0,818100
1917-08-03,10.4,3.0,8540700
1917-08-03,-22.5,1.0,8540800
1917-08-03,-18.7,4.0,8540900
1917-08-04,14.6,274.0,816900
1917-08-04,13.9,98.0,818300
1917-08-04,12.1,20.0,818500
1917-08-05,9.1,18.0,817400
1917-08-05,23.2,23.0,817500
1917-08-05,-14.2,7.0,817800
1917-08-05,2.0,65.0,818800
1917-08-06,19.8,25.0,819100
1917-08-06,-13.1,36.0,819200
1917-08-06,9.1,59.0,819300
1917-08-06,12.3,137.0,819400
1917-08-07,-25.8,2.0,817900
1917-08-07,24.8,11.0,819600
1917-08-07,16.5,22.0,819700
1917-08-07,10.2,1.0,8541000
1917-08-07,15.9,4.0,8541100
1917-08-08,14.8,101.0,818600
1917-08-08,-16.5,206.0,819900
1917-08-08,28.3,3.0,8541200
1917-08-09,-13.8,101.0,818200
1917-08-09,5.1,3.0,819000
1917-08-09,-18.6,8.0,820000
1917-08-10,0.4,127.0,818900
1917-08-10,-18.9,105.0,819800
1917-08-10,16.7,126.0,820300
1917-08-10,19.1,20.0,8541300
1917-08-10,24.8,6.0,8541400
1917-08-11,15.6,22.0,817700
1917-08-11,-23.1,3.0,818700
1917-08-11,22.6,1.0,8541500
1917-08-11,19.0,1.0,8541600
1917-08-12,7.5,578.0,820500
1917-08-13,-25.2,9.0,820400
1917-08-13,-17.6,29.0,820600
1917-08-13,-10.8,67.0,820800
1917-08-14,-14.1,713.0,819500
1917-08-15,-23.0,125.0,818000
1917-08-15,1.7,6.0,8541700
1917-08-15,15.0,3.0,8541800
1917-08-16,-10.7,121.0,818400
1917-08-16,10.7,144.0,820900
1917-08-17,15.7,2.0,821200
1917-08-17,14.2,448.0,821300
1917-08-17,-20.8,2.0,8541900
1917-08-17,28.3,2.0,8542000
1917-08-17,7.4,5.0,8542100
1917-08-18,15.0,270.0,820100
1917-08-18,3.6,17.0,8542200
1917-08-19,29.0,1.0,821100
1917-08-19,13.4,26.0,821400
1917-08-19,39.9,3.0,8542300
1917-08-19,4.5,2.0,8542400
1917-08-19,-8.3,2.0,8542500
1917-08-21,-15.7,179.0,820200
1917-08-21,15.7,15.0,821600
1917-08-23,-24.1,48.0,821000
1917-08-23,-11.9,6.0,821700
1917-08-23,10.7,2.0,821800
1917-08-25,-25.7,171.0,820700
1917-08-25,-12.7,35.0,821900
1917-08-25,-14.1,6.0,822000
1917-08-25,0.5,110.0,822100
1917-08-27,8.3,14.0,822300
1917-08-27,5.8,26.0,822600
1917-08-27,-20.8,5.0,8550100
1917-08-28,-18.0,6.0,8550200
1917-08-29,25.7,7.0,822700
1917-08-31,16.7,130.0,823100
1917-09-01,16.2,422.0,822200
1917-09-01,-25.4,14.0,8550300
1917-09-02,-16.7,415.0,821500
1917-09-02,-8.5,8.0,823200
1917-09-02,15.0,10.0,823300
1917-09-02,-9.7,4.0,823400
1917-09-02,-12.3,22.0,823500
1917-09-03,13.8,3.0,822400
1917-09-03,16.2,3.0,823800
1917-09-03,23.5,2.0,8550400
1917-09-04,-23.0,2.0,8550500
1917-09-05,-16.6,258.0,822900
1917-09-05,4.7,3.0,823600
1917-09-05,-16.5,125.0,823900
1917-09-05,27.5,1.0,8550600
1917-09-06,-23.6,24.0,822500
1917-09-06,25.0,2.0,824000
1917-09-06,6.9,6.0,824100
1917-09-06,11.4,5.0,824200
1917-09-06,32.0,2.0,8550700
1917-09-07,9.7,183.0,824300
1917-09-07,3.6,3.0,8550800
1917-09-08,9.3,11.0,823700
1917-09-08,7.8,55.0,824400
1917-09-08,14.7,6.0,8550900
1917-09-08,-6.7,3.0,8551000
1917-09-08,20.1,2.0,8551100
1917-09-10,-13.9,107.0,822800
1917-09-10,-6.4,8.0,824500
1917-09-10,-24.8,34.0,824700
1917-09-11,-21.7,3.0,824600
1917-09-11,17.1,3.0,8551200
1917-09-11,23.4,4.0,8551300
1917-09-12,-10.7,23.0,823000
1917-09-12,8.8,5.0,824800
1917-09-12,24.3,603.0,825000
1917-09-14,-13.3,184.0,825200
1917-09-14,19.2,1.0,8551400
1917-09-14,2.9,1.0,8551500
1917-09-15,-25.0,253.0,824900
1917-09-15,13.6,3.0,825400
1917-09-15,-11.6,33.0,825500
1917-09-16,27.7,11.0,825100
1917-09-16,-13.1,19.0,825600
1917-09-16,13.8,862.0,825700
1917-09-17,9.3,17.0,825300
1917-09-17,16.2,3.0,825800
1917-09-17,-17.1,260.0,826000
1917-09-17,7.7,3.0,8560100
1917-09-22,-22.4,27.0,826100
1917-09-22,21.1,12.0,826500
1917-09-22,-7.3,14.0,826600
1917-09-22,-20.8,2.0,8560200
1917-09-22,7.5,2.0,8560300
1917-09-23,33.5,34.0,8560400
1917-09-24,-17.8,11.0,826400
1917-09-25,7.4,4.0,826700
1917-09-25,-16.4,166.0,827000
1917-09-26,12.4,270.0,825900
1917-09-26,-18.3,4.0,8560500
1917-09-26,25.1,3.0,8560600
1917-09-26,25.2,7.0,8560700
1917-09-27,15.4,13.0,826200
1917-09-27,-28.9,5.0,8560800
1917-09-28,5.8,5.0,8560900
1917-09-29,-4.2,9.0,827100
1917-09-29,-11.9,6.0,8561000
1917-09-30,-6.8,24.0,826300
1917-09-30,7.2,180.0,826800
1917-09-30,-15.9,18.0,826900
1917-09-30,-17.1,7.0,827200
1917-09-30,15.3,5.0,8561100
1918-01-01,-19.5,9.0,838600
1918-01-02,2.3,304.0,837400
1918-01-02,-10.2,62.0,837500
1918-01-02,12.1,17.0,838200
1918-01-02,-13.3,5.0,838400
1918-01-02,11.0,4.0,8590900
1918-01-04,6.3,109.0,838900
1918-01-05,-7.7,360.0,837700
1918-01-05,7.1,214.0,837800
1918-01-06,8.5,3.0,839100
1918-01-06,12.0,4.0,8600100
1918-01-07,-8.9,5.0,838800
1918-01-07,-18.0,46.0,839200
1918-01-08,10.1,202.0,838300
1918-01-09,8.0,4.0,8600200
1918-01-10,-27.2,15.0,839300
1918-01-10,-9.3,6.0,839400
1918-01-12,-14.2,2.0,8600300
1918-01-13,7.2,418.0,838700
1918-01-13,-30.6,13.0,839600
1918-01-13,-25.8,14.0,839800
1918-01-14,-13.0,3.0,839500
1918-01-14,-15.4,1086.0,840000
1918-01-14,-6.4,89.0,840100
1918-01-16,3.4,11.0,840300
1918-01-17,-24.8,2.0,840400
1918-01-17,-9.3,2.0,840500
1918-01-17,2.0,161.0,840600
1918-01-17,15.0,9.0,8600400
1918-01-18,15.4,158.0,839000
1918-01-18,3.6,10.0,839700
1918-01-19,17.9,2.0,8600500
1918-01-22,21.5,149.0,839900
1918-01-22,-11.3,3.0,8600600
1918-01-23,-21.9,3.0,840800
1918-01-23,10.5,142.0,841300
1918-01-25,16.2,18.0,840700
1918-01-25,2.4,3.0,841100
1918-01-26,14.7,7.0,841400
1918-01-26,13.9,23.0,841600
1918-01-26,-14.4,3.0,8600700
1918-01-27,16.6,65.0,840200
1918-01-27,3.6,3.0,8600800
1918-01-27,-19.6,7.0,8600900
1918-01-28,8.1,216.0,841900
1918-01-29,7.1,22.0,841000
1918-01-29,-17.7,312.0,841200
1918-01-29,-31.0,118.0,842200
1918-01-31,13.2,147.0,842000
1918-02-01,-8.5,8.0,840900
1918-02-01,14.1,7.0,841800
1918-02-01,13.6,153.0,842300
1918-02-02,-19.6,234.0,842100
1918-02-02,-16.4,7.0,842400
1918-02-03,-17.3,82.0,841500
1918-02-04,-10.3,10.0,841700
1918-02-04,14.8,13.0,842600
1918-02-05,-14.1,5.0,842500
1918-02-06,13.3,30.0,842700
1918-02-08,-12.3,7.0,8610100
1918-02-08,18.0,4.0,8610200
1918-02-09,-21.4,6.0,842900
1918-02-09,2.9,4.0,8610300
1918-02-10,-14.0,32.0,843000
1918-02-10,-16.3,3.0,8610400
1918-02-11,17.7,15.0,843100
1918-02-11,20.2,3.0,843200
1918-02-11,2.7,528.0,843300
1918-02-12,19.2,7.0,8610500
1918-02-13,-16.2,205.0,843400
1918-02-14,18.0,11.0,843500
1918-02-15,24.8,12.0,843600
1918-02-15,-19.4,6.0,8610600
1918-02-17,-20.5,6.0,843700
1918-02-17,-20.1,8.0,843800
1918-02-17,-19.6,161.0,843900
1918-02-18,-7.7,40.0,842800
1918-02-18,23.6,6.0,8610700
1918-02-20,27.2,6.0,8610800
1918-02-21,7.4,114.0,844000
1918-02-23,14.5,24.0,844100
1918-02-23,-17.1,8.0,8610900
1918-02-24,-21.8,3.0,844200
1918-02-25,-23.5,4.0,8611000
1918-02-26,-13.3,102.0,844600
1918-02-26,10.7,3.0,8611100
1918-02-27,15.0,8.0,844300
1918-03-01,13.7,9.0,844500
1918-03-03,3.1,8.0,844800
1918-03-05,-21.1,40.0,844700
1918-03-06,-8.0,15.0,845000
1918-03-07,5.9,12.0,844900
1918-03-08,-8.0,244.0,845100
1918-03-08,-16.0,13.0,845200
1918-03-08,18.6,315.0,845300
1918-03-09,6.1,57.0,844400
1918-03-09,3.8,1.0,8620100
1918-03-09,-17.6,3.0,8620200
1918-03-10,-18.2,8.0,845500
1918-03-10,2.6,24.0,845600
1918-03-11,-24.7,5.0,845900
1918-03-11,18.1,10.0,8620300
1918-03-12,14.7,3.0,845700
1918-03-12,-8.0,2.0,845800
1918-03-13,-12.1,30.0,8620400
1918-03-13,26.5,6.0,8620500
1918-03-14,11.0,6.0,8620600
1918-03-15,-19.9,7.0,845400
1918-03-17,23.7,135.0,846100
1918-03-17,14.8,15.0,8620700
1918-03-17,6.0,9.0,8620800
1918-03-18,8.1,258.0,846200
1918-03-19,14.1,94.0,846700
1918-03-19,-18.0,205.0,846800
1918-03-19,-12.4,4.0,8620900
1918-03-19,4.2,18.0,8621000
1918-03-19,-24.7,8.0,8621100
1918-03-20,8.7,3.0,846300
1918-03-20,6.6,25.0,846600
1918-03-20,-19.5,168.0,847000
1918-03-21,6.8,18.0,846000
1918-03-21,-13.0,24.0,846500
1918-03-21,-4.5,11.0,847100
1918-03-23,3.8,11.0,846400
1918-03-23,-15.3,18.0,847200
1918-03-23,-24.1,8.0,8621200
1918-03-23,-12.4,2.0,8621300
1918-03-24,-10.9,28.0,846900
1918-03-24,-21.8,17.0,847400
1918-03-25,7.6,33.0,847500
1918-03-26,-18.2,9.0,8630100
1918-03-28,-14.9,39.0,847600
1918-03-31,13.0,806.0,847900
1918-03-31,-15.3,26.0,848000
1918-04-01,-14.8,6.0,8630200
1918-04-02,18.5,64.0,848200
1918-04-02,6.6,140.0,848300
1918-04-03,-25.0,15.0,847700
1918-04-04,-3.9,241.0,847300
1918-04-04,2.8,6.0,848500
1918-04-06,15.8,31.0,848800
1918-04-07,-25.7,36.0,847800
1918-04-07,3.3,3.0,848700
1918-04-07,-16.0,4.0,8630300
1918-04-07,8.6,3.0,8630400
1918-04-08,-9.7,17.0,848100
1918-04-09,27.4,401.0,848400
1918-04-11,20.2,14.0,849100
1918-04-11,18.8,3.0,8630500
1918-04-11,9.5,3.0,8630600
1918-04-13,-11.9,8.0,849500
1918-04-13,17.4,2.0,8630700
1918-04-13,10.2,5.0,8630800
1918-04-15,17.3,74.0,848600
1918-04-15,-22.7,11.0,849400
1918-04-15,-21.0,6.0,8630900
1918-04-16,5.8,30.0,849600
1918-04-18,10.5,5.0,849000
1918-04-18,-10.1,2.0,849700
1918-04-19,-1.4,34.0,848900
1918-04-19,-5.6,161.0,850000
1918-04-20,2.5,97.0,849200
1918-04-20,-15.0,5.0,849300
1918-04-21,-15.3,24.0,8631000
1918-04-24,-21.8,13.0,849800
1918-04-24,-25.4,2.0,850300
1918-04-24,12.7,2.0,8640100
1918-04-25,-12.4,23.0,850400
1918-04-25,-26.8,2.0,850500
1918-04-25,-8.4,22.0,850600
1918-04-25,26.5,149.0,850700
1918-04-26,-9.6,156.0,849900
1918-04-26,13.8,171.0,850800
1918-04-27,18.2,75.0,850900
1918-04-27,-23.7,13.0,8640200
1918-04-29,-12.5,7.0,8640300
1918-04-30,-21.8,192.0,851200
1918-05-01,-9.9,47.0,851000
1918-05-01,-25.8,4.0,8640400
1918-05-02,22.0,139.0,851400
1918-05-02,13.7,260.0,851500
1918-05-02,13.5,8.0,8640500
1918-05-03,-12.7,27.0,851100
1918-05-03,17.3,165.0,851700
1918-05-04,-23.0,171.0,850100
1918-05-04,2.9,17.0,851800
1918-05-05,-8.9,412.0,850200
1918-05-05,0.4,149.0,851900
1918-05-06,12.8,283.0,851300
1918-05-06,-16.7,64.0,852000
1918-05-06,24.7,26.0,852100
1918-05-07,4.4,6.0,852200
1918-05-08,6.5,43.0,852300
1918-05-08,3.6,8.0,8640600
1918-05-10,12.7,39.0,852500
1918-05-10,-12.4,11.0,852600
1918-05-11,11.8,11.0,8640700
1918-05-12,-22.7,115.0,852800
1918-05-12,17.1,3.0,8640800
1918-05-12,16.5,7.0,8640900
1918-05-13,1.9,3.0,852400
1918-05-13,10.9,6.0,8641000
1918-05-13,-9.8,4.0,8641100
1918-05-14,11.0,88.0,852900
1918-05-14,6.1,23.0,853000
1918-05-14,2.5,8.0,8641200
1918-05-14,22.9,6.0,8641300
1918-05-15,16.9,362.0,851600
1918-05-17,-4.7,27.0,852700
1918-05-17,27.1,13.0,8641400
1918-05-19,12.5,3.0,853100
1918-05-20,12.6,2.0,8650100
1918-05-22,-8.8,24.0,853500
1918-05-22,-21.8,10.0,8650200
1918-05-23,-16.5,9.0,853400
1918-05-24,-17.7,19.0,853700
1918-05-25,-20.8,20.0,853600
1918-05-25,11.6,6.0,854000
1918-05-25,2.8,5.0,854100
1918-05-26,-11.0,21.0,853800
1918-05-26,12.6,46.0,854200
1918-05-26,-15.0,7.0,8650300
1918-05-26,-16.8,16.0,8650400
1918-05-28,-24.7,6.0,854300
1918-05-28,19.1,4.0,8650500
1918-05-29,21.4,31.0,854600
1918-05-29,14.8,9.0,854700
1918-05-30,-26.0,30.0,854800
1918-05-30,14.2,31.0,8650600
1918-05-31,-18.8,9.0,855000
1918-05-31,-8.5,21.0,855100
1918-05-31,2.8,9.0,855200
1918-05-31,-8.4,8.0,855300
1918-05-31,-8.7,9.0,855400
1918-06-01,-8.5,170.0,853200
1918-06-01,-12.3,918.0,853300
1918-06-01,-14.7,4.0,853900
1918-06-01,9.1,66.0,855500
1918-06-02,12.0,4.0,855700
1918-06-02,11.7,13.0,855900
1918-06-02,-9.6,9.0,8650700
1918-06-03,15.6,235.0,854400
1918-06-03,-24.1,4.0,855600
1918-06-05,-14.0,8.0,856100
1918-06-06,14.4,11.0,856200
1918-06-06,-10.6,1.0,8650800
1918-06-06,11.0,4.0,8650900
1918-06-07,-20.8,25.0,854500
1918-06-07,-18.5,4.0,8651000
1918-06-08,-18.9,11.0,856000
1918-06-08,-20.2,7.0,8651100
1918-06-09,13.0,4.0,8651200
1918-06-11,13.3,246.0,855800
1918-06-11,4.2,3.0,8651300
1918-06-12,16.8,191.0,854900
1918-06-13,19.2,35.0,856300
1918-06-15,-21.1,4.0,8651400
1918-06-16,-12.0,15.0,856400
1918-06-18,13.0,4.0,8660200
1918-06-19,3.1,11.0,856700
1918-06-19,-4.7,27.0,856800
1918-06-19,21.5,4.0,8660300
1918-06-20,-10.8,16.0,856600
1918-06-22,29.1,32.0,857000
1918-06-22,-14.2,32.0,8660400
1918-06-22,-11.8,8.0,8660500
1918-06-23,-13.3,33.0,856900
1918-06-25,18.4,4.0,8660600
1918-06-26,-13.0,152.0,856500
1918-06-26,4.0,117.0,857100
1918-06-26,-20.8,79.0,857200
1918-06-26,12.4,5.0,8660700
1918-06-27,9.1,101.0,857400
1918-06-28,10.4,115.0,857600
1918-06-28,11.7,5.0,8660800
1918-06-29,7.4,3.0,857700
1918-06-29,19.9,4.0,8660900
1918-06-30,11.9,44.0,858100
1918-06-30,-7.0,2.0,8661000
1918-07-01,-1.8,14.0,857800
1918-07-01,-23.0,13.0,8661100
1918-07-02,-11.6,5.0,8661200
1918-07-03,-14.5,281.0,858500
1918-07-03,14.7,209.0,858600
1918-07-03,10.5,3.0,8661300
1918-07-04,-26.5,4.0,8661400
1918-07-04,10.5,3.0,8661500
1918-07-05,-8.3,21.0,858400
1918-07-07,5.3,66.0,857500
1918-07-07,13.9,16.0,857900
1918-07-07,5.6,20.0,858000
1918-07-07,-16.2,7.0,858700
1918-07-09,16.0,33.0,857300
1918-07-09,-19.2,12.0,859000
1918-07-09,-11.1,76.0,859200
1918-07-10,11.3,26.0,858300
1918-07-10,-9.1,9.0,8661600
1918-07-11,3.8,31.0,858800
1918-07-11,1.6,13.0,859400
1918-07-12,4.4,13.0,859500
1918-07-13,11.6,134.0,858200
1918-07-13,-17.8,18.0,858900
1918-07-13,-13.3,16.0,859800
1918-07-13,11.8,2.0,8670100
1918-07-15,5.7,65.0,860000
1918-07-15,-1.1,3.0,8670200
1918-07-15,-4.3,3.0,8670300
1918-07-16,-11.1,23.0,859100
1918-07-16,-19.8,6.0,859600
1918-07-16,10.1,2.0,8670400
1918-07-16,0.7,4.0,8670500
1918-07-16,-16.9,2.0,8670600
1918-07-17,-11.2,4.0,8670700
1918-07-18,-19.9,20.0,859300
1918-07-20,-11.5,107.0,859700
1918-07-21,13.8,337.0,860200
1918-07-21,3.9,14.0,8670800
1918-07-21,-13.0,4.0,8670900
1918-07-22,-16.1,63.0,860600
1918-07-24,-12.6,7.0,860400
1918-07-24,13.8,14.0,860800
1918-07-24,5.8,26.0,860900
1918-07-24,8.4,4.0,861000
1918-07-25,8.3,9.0,8671000
1918-07-26,13.8,62.0,860500
1918-07-26,7.2,10.0,861100
1918-07-27,8.8,388.0,859900
1918-07-27,7.4,13.0,861400
1918-07-27,10.6,134.0,861500
1918-07-27,-1.2,4.0,8671100
1918-07-27,19.2,7.0,8671200
1918-07-28,-14.1,144.0,860100
1918-07-28,20.7,30.0,861700
1918-07-28,-16.5,10.0,8671300
1918-07-29,15.9,14.0,8671400
1918-07-29,-9.1,4.0,8671500
1918-07-29,-14.3,4.0,8671600
1918-07-29,15.1,3.0,8671700
1918-07-29,10.2,16.0,8671800
1918-07-29,6.7,4.0,8671900
1918-07-29,-7.7,5.0,8672000
1918-07-30,19.3,110.0,860300
1918-07-30,-26.2,7.0,860700
1918-07-30,-12.8,19.0,861800
1918-07-30,-25.5,11.0,8672100
1918-07-31,11.5,3.0,8672200
1918-07-31,0.5,5.0,8672300
1918-08-01,-8.1,16.0,8672400
1918-08-01,6.8,17.0,8672500
1918-08-01,11.5,4.0,8672600
1918-08-02,-21.3,66.0,861600
1918-08-02,14.8,13.0,862000
1918-08-02,-21.0,241.0,862100
1918-08-02,-18.5,6.0,8672700
1918-08-02,9.2,20.0,8672800
1918-08-03,-20.4,5.0,862200
1918-08-03,-9.9,144.0,862300
1918-08-03,12.4,6.0,8672900
1918-08-04,-18.6,20.0,8673000
1918-08-04,13.3,5.0,8673100
1918-08-04,7.5,11.0,8673200
1918-08-05,13.8,170.0,862400
1918-08-05,19.2,4.0,8673300
1918-08-06,16.9,181.0,861200
1918-08-07,6.0,113.0,861300
1918-08-08,16.5,143.0,862600
1918-08-08,-11.6,72.0,862700
1918-08-09,-6.0,21.0,862500
1918-08-09,18.5,16.0,862800
1918-08-11,-6.3,18.0,863200
1918-08-12,-18.2,53.0,862900
1918-08-12,20.2,13.0,863400
1918-08-12,-14.1,133.0,863500
1918-08-12,0.6,4.0,8680100
1918-08-13,-20.6,282.0,861900
1918-08-13,7.6,6.0,863700
1918-08-13,17.1,3.0,863800
1918-08-13,-13.6,45.0,863900
1918-08-13,14.4,36.0,864000
1918-08-13,-11.3,4.0,8680200
1918-08-14,-7.0,9.0,863300
1918-08-14,-19.5,18.0,863600
1918-08-15,15.0,14.0,8680300
1918-08-16,15.7,8.0,864200
1918-08-16,6.2,6.0,8680400
1918-08-17,-17.7,331.0,864300
1918-08-18,17.7,9.0,864500
1918-08-18,-18.5,144.0,864600
1918-08-18,17.7,10.0,8680500
1918-08-18,16.6,5.0,8680600
1918-08-19,-12.7,21.0,863000
1918-08-19,7.6,81.0,864800
1918-08-20,4.4,7.0,865000
1918-08-20,6.0,117.0,865200
1918-08-21,21.6,11.0,864100
1918-08-22,-11.9,13.0,865300
1918-08-22,-0.4,4.0,865400
1918-08-23,8.6,231.0,863100
1918-08-23,11.9,212.0,864400
1918-08-23,10.4,14.0,864900
1918-08-23,8.3,4.0,865500
1918-08-23,5.0,11.0,865600
1918-08-24,10.8,19.0,865700
1918-08-25,0.7,4.0,8680700
1918-08-27,-8.3,149.0,864700
1918-08-28,21.1,31.0,865900
1918-08-28,11.4,4.0,8680800
1918-08-29,6.0,9.0,865800
1918-08-29,-20.5,38.0,866000
1918-08-31,-10.8,31.0,866300
1918-08-31,-12.7,15.0,8680900
1918-09-01,22.0,7.0,866400
1918-09-01,-22.0,125.0,866500
1918-09-02,16.5,235.0,865100
1918-09-02,23.9,4.0,866200
1918-09-02,21.4,3.0,866600
1918-09-03,6.3,43.0,866100
1918-09-04,-15.0,21.0,866700
1918-09-04,6.0,6.0,8681000
1918-09-05,12.6,26.0,866800
1918-09-06,11.6,130.0,866900
1918-09-06,-18.0,23.0,8690100
1918-09-07,8.5,70.0,867000
1918-09-07,-17.9,14.0,8690200
1918-09-08,13.6,59.0,867200
1918-09-09,24.3,56.0,867100
1918-09-10,-12.5,3.0,867300
1918-09-10,3.9,4.0,8690300
1918-09-11,-4.2,18.0,8690400
1918-09-11,4.9,4.0,8690500
1918-09-11,12.8,2.0,8690600
1918-09-12,21.0,4.0,8690700
1918-09-13,-8.0,5.0,867800
1918-09-14,-11.6,7.0,8690800
1918-09-15,-27.8,10.0,867400
1918-09-15,19.5,137.0,867900
1918-09-16,-16.9,56.0,867700
1918-09-17,-9.6,134.0,868100
1918-09-17,1.3,16.0,8690900
1918-09-18,-14.2,12.0,867500
1918-09-18,-7.2,161.0,868200
1918-09-18,7.0,3.0,8691000
1918-09-21,-15.3,379.0,867600
1918-09-21,11.3,7.0,8691100
1918-09-21,15.6,4.0,8691200
1918-09-21,-12.7,3.0,8691300
1918-09-22,-7.9,50.0,868400
1918-09-23,-11.1,2.0,868500
1918-09-23,13.8,5.0,8691400
1918-09-23,-8.8,5.0,8691500
1918-09-24,-6.6,4.0,8691600
1918-09-25,13.8,9.0,8691700
1918-09-25,-14.5,8.0,8691800
1918-09-26,-13.4,9.0,868700
1918-09-26,15.5,6.0,8691900
1918-09-27,12.7,6.0,868900
1918-09-27,9.6,253.0,869000
1918-09-27,22.4,21.0,8692000
1918-09-27,0.7,3.0,8692100
1918-09-29,15.0,123.0,868000
1918-09-29,16.8,11.0,869200
1918-09-29,-12.2,19.0,8692200
1918-09-29,-19.7,6.0,8692300
1918-09-30,7.6,149.0,868300
1918-09-30,6.3,101.0,868600
1918-09-30,-19.5,19.0,868800
1918-09-30,12.3,587.0,869100
1919-01-01,12.1,8.0,878400
1919-01-01,14.0,3.0,879000
1919-01-01,-14.1,3.0,8730600
1919-01-02,-8.8,216.0,879100
1919-01-03,-18.6,8.0,878300
1919-01-03,-11.0,14.0,878800
1919-01-03,4.5,10.0,879200
1919-01-04,-9.4,4.0,879300
1919-01-04,27.2,5.0,8730700
1919-01-09,-18.1,61.0,879600
1919-01-11,-7.8,258.0,879800
1919-01-12,-18.3,65.0,879700
1919-01-12,-17.6,10.0,879900
1919-01-12,3.4,3.0,8730800
1919-01-13,12.6,76.0,880000
1919-01-14,-21.5,11.0,880100
1919-01-14,-6.1,61.0,880200
1919-01-15,-17.3,7.0,880300
1919-01-16,11.0,575.0,879400
1919-01-16,18.0,12.0,880400
1919-01-17,15.2,83.0,879500
1919-01-17,10.4,8.0,880700
1919-01-17,-11.9,2.0,8730900
1919-01-18,-6.0,3.0,880600
1919-01-18,2.8,4.0,880800
1919-01-19,7.3,43.0,881000
1919-01-19,14.6,8.0,8731000
1919-01-20,-16.5,12.0,880500
1919-01-20,18.4,14.0,8740100
1919-01-21,-8.8,3.0,880900
1919-01-21,-13.6,139.0,881100
1919-01-21,23.9,7.0,8740200
1919-01-25,-16.3,8.0,881200
1919-01-25,-18.5,10.0,8740300
1919-01-26,2.4,6.0,8740400
1919-01-27,13.2,9.0,881300
1919-01-27,-11.1,28.0,8740500
1919-01-27,-10.6,3.0,8740600
1919-01-27,13.5,9.0,8740700
1919-01-28,-28.4,3.0,8740800
1919-01-30,-14.2,36.0,881400
1919-01-30,-18.1,15.0,881600
1919-01-31,-5.6,121.0,881800
1919-01-31,-14.2,3.0,8740900
1919-02-01,-5.6,39.0,881500
1919-02-01,13.4,195.0,882100
1919-02-02,14.1,172.0,882400
1919-02-04,25.5,50.0,881700
1919-02-04,10.2,2.0,882600
1919-02-04,-15.2,7.0,882700
1919-02-05,7.8,94.0,882200
1919-02-06,12.0,111.0,882900
1919-02-07,12.1,73.0,882500
1919-02-07,14.0,7.0,883100
1919-02-07,23.2,11.0,883200
1919-02-07,-18.4,3.0,8741000
1919-02-10,-3.9,6.0,883000
1919-02-10,-17.3,4.0,8741100
1919-02-11,7.4,213.0,881900
1919-02-12,-14.6,10.0,882000
1919-02-12,21.4,12.0,882800
1919-02-12,6.7,5.0,8741200
1919-02-13,11.9,45.0,882300
1919-02-15,4.0,10.0,8741300
1919-02-16,24.9,11.0,883600
1919-02-16,8.8,114.0,883700
1919-02-16,3.6,7.0,8741400
1919-02-20,9.2,392.0,883300
1919-02-21,-11.0,24.0,883800
1919-02-21,-18.0,8.0,8750100
1919-02-22,12.6,280.0,883900
1919-02-22,-14.9,7.0,8750200
1919-02-23,16.5,40.0,883500
1919-02-24,28.9,14.0,884100
1919-02-24,-21.2,5.0,8750300
1919-02-25,-18.7,39.0,884300
1919-02-26,7.4,11.0,884400
1919-02-26,-8.5,6.0,8750400
1919-02-27,-5.5,124.0,883400
1919-02-28,-6.2,111.0,884500
1919-03-01,23.5,5.0,884000
1919-03-02,7.2,9.0,884600
1919-03-03,6.5,14.0,884800
1919-03-03,-2.8,7.0,8750500
1919-03-04,10.0,27.0,884700
1919-03-04,8.2,110.0,885000
1919-03-06,-7.3,14.0,884900
1919-03-06,-4.9,46.0,8750600
1919-03-07,15.0,37.0,885100
1919-03-07,9.3,542.0,885300
1919-03-08,6.6,85.0,884200
1919-03-08,7.0,13.0,885200
1919-03-10,-12.2,20.0,885400
1919-03-10,16.0,620.0,885500
1919-03-10,-18.4,259.0,885600
1919-03-13,-16.5,23.0,885700
1919-03-14,-6.5,104.0,885800
1919-03-20,2.4,9.0,885900
1919-03-21,-7.0,119.0,886000
1919-03-22,13.8,70.0,886100
1919-03-23,-20.0,506.0,886200
1919-03-23,-17.6,86.0,886300
1919-03-23,7.6,4.0,8760100
1919-03-24,3.6,15.0,886400
1919-03-25,-6.0,14.0,886500
1919-03-25,1.2,4.0,8760200
1919-03-25,-3.9,12.0,8760300
1919-03-26,-29.3,4.0,8760400
1919-03-27,-1.3,8.0,886800
1919-03-27,-20.8,139.0,886900
1919-03-28,22.6,7.0,8760500
1919-03-29,12.5,11.0,8760600
1919-03-29,-23.7,4.0,8760700
1919-03-30,-7.0,3.0,887000
1919-03-30,6.3,293.0,887100
1919-03-31,-6.8,12.0,886700
1919-03-31,-18.4,7.0,8760800
1919-04-01,-14.4,19.0,887200
1919-04-02,5.4,23.0,887300
1919-04-02,8.8,11.0,887400
1919-04-02,11.0,18.0,8760900
1919-04-03,-12.9,3.0,8761000
1919-04-03,-23.2,3.0,8761100
1919-04-05,6.2,8.0,886600
1919-04-06,-5.0,5.0,8761200
1919-04-06,-9.9,5.0,8761300
1919-04-06,-9.5,8.0,8761400
1919-04-07,-6.4,10.0,887600
1919-04-07,-8.5,14.0,887900
1919-04-08,15.0,5.0,8761500
1919-04-10,8.6,7.0,887500
1919-04-10,-4.9,15.0,8761600
1919-04-11,8.8,8.0,887700
1919-04-12,-7.0,4.0,8770100
1919-04-13,16.3,3.0,8770200
1919-04-14,-28.5,2.0,8770300
1919-04-15,15.2,137.0,887800
1919-04-15,-11.6,8.0,888000
1919-04-15,8.1,6.0,888200
1919-04-16,13.6,8.0,888300
1919-04-17,-8.5,5.0,8770400
1919-04-22,3.1,66.0,888100
1919-04-22,6.0,5.0,8770500
1919-04-24,-12.4,165.0,888800
1919-04-28,14.7,90.0,888600
1919-04-29,-14.3,118.0,888500
1919-04-29,-3.3,5.0,8770600
1919-04-29,14.6,7.0,8770700
1919-04-30,-19.9,15.0,888700
1919-04-30,12.2,3.0,889100
1919-05-01,-16.4,18.0,889200
1919-05-02,-19.1,239.0,888400
1919-05-04,-14.6,4.0,889400
1919-05-04,15.4,8.0,889600
1919-05-06,-11.4,3.0,8770800
1919-05-07,-9.4,8.0,889800
1919-05-08,-12.7,5.0,8770900
1919-05-09,6.7,184.0,888900
1919-05-09,-16.8,196.0,889000
1919-05-10,-6.1,18.0,8780100
1919-05-11,4.4,2.0,8780200
1919-05-14,-5.7,122.0,889300
1919-05-15,7.5,676.0,889500
1919-05-15,-5.5,214.0,890100
1919-05-17,-7.1,22.0,889900
1919-05-17,-20.1,112.0,890300
1919-05-18,-17.4,61.0,889700
1919-05-18,-13.8,83.0,890500
1919-05-19,1.6,18.0,890400
1919-05-19,-16.5,10.0,890600
1919-05-19,19.9,3.0,8780300
1919-05-20,-19.6,3.0,8780400
1919-05-24,9.3,122.0,890900
1919-05-25,14.5,894.0,890000
1919-05-25,-25.7,3.0,8780500
1919-05-26,-6.9,141.0,890200
1919-05-27,-13.0,7.0,891100
1919-05-27,-11.6,39.0,891200
1919-05-27,8.0,10.0,891300
1919-05-28,-18.2,413.0,890700
1919-05-29,-6.1,14.0,890800
1919-05-29,-20.2,11.0,891000
1919-05-30,17.1,61.0,891800
1919-06-02,-7.0,233.0,892000
1919-06-02,-19.6,7.0,892100
1919-06-04,-12.7,19.0,892300
1919-06-05,14.2,4.0,891500
1919-06-05,12.7,7.0,891600
1919-06-05,13.3,9.0,8780600
1919-06-06,-6.7,41.0,891400
1919-06-06,-14.6,15.0,8790100
1919-06-07,-21.9,11.0,892400
1919-06-07,-14.0,3.0,8790200
1919-06-07,16.5,3.0,8790300
1919-06-08,6.9,165.0,892200
1919-06-08,12.9,5.0,8790400
1919-06-09,10.7,14.0,892700
1919-06-09,13.2,536.0,892800
1919-06-10,-9.3,6.0,892500
1919-06-10,20.5,5.0,893000
1919-06-10,-17.6,279.0,893100
1919-06-10,-7.3,93.0,893200
1919-06-11,7.4,144.0,891700
1919-06-11,21.4,206.0,891900
1919-06-12,-17.4,803.0,893500
1919-06-12,4.4,2.0,8790500
1919-06-13,-15.9,54.0,892600
1919-06-13,-9.4,37.0,893300
1919-06-13,12.2,50.0,893600
1919-06-13,-4.2,68.0,893700
1919-06-14,14.7,55.0,892900
1919-06-14,-20.5,13.0,893900
1919-06-14,-6.3,4.0,8790600
1919-06-15,18.5,9.0,893400
1919-06-16,13.9,4.0,8790700
1919-06-16,-4.4,2.0,8790800
1919-06-17,-22.1,4.0,8790900
1919-06-18,10.0,5.0,893800
1919-06-18,6.3,8.0,894100
1919-06-18,10.0,6.0,894400
1919-06-18,-2.0,2.0,8791000
1919-06-19,-6.0,4.0,8791100
1919-06-21,-9.0,91.0,894900
1919-06-22,12.4,20.0,895100
1919-06-24,14.7,74.0,894300
1919-06-24,-15.3,5.0,895300
1919-06-25,16.2,8.0,895400
1919-06-26,7.4,190.0,894000
1919-06-26,-16.6,50.0,894500
1919-06-26,8.0,45.0,895800
1919-06-27,-8.5,130.0,894200
1919-06-27,20.1,27.0,894600
1919-06-28,-18.6,5.0,896100
1919-06-28,-18.2,3.0,8791200
1919-06-28,-4.5,3.0,8791300
1919-06-28,-11.6,3.0,8791400
1919-06-29,13.6,38.0,895000
1919-06-29,7.7,230.0,895500
1919-06-29,-7.6,35.0,896200
1919-06-30,-7.2,108.0,894700
1919-06-30,-12.5,423.0,894800
1919-06-30,-7.4,13.0,895600
1919-06-30,5.1,4.0,8791500
1919-06-30,5.6,18.0,8791600
1919-07-02,8.8,119.0,896500
1919-07-02,-9.5,9.0,8791700
1919-07-03,-4.4,16.0,895900
1919-07-03,5.8,6.0,896000
1919-07-04,5.1,221.0,895200
1919-07-04,-9.6,7.0,8800100
1919-07-05,-15.3,291.0,895700
1919-07-05,-7.3,10.0,896300
1919-07-05,-13.3,3.0,8800200
1919-07-05,-20.1,3.0,8800300
1919-07-07,-18.3,7.0,8800400
1919-07-10,12.2,12.0,8800500
1919-07-11,-13.6,102.0,896700
1919-07-11,-18.6,12.0,896800
1919-07-11,7.1,52.0,896900
1919-07-11,-18.1,2.0,8800600
1919-07-12,20.9,9.0,8800700
1919-07-12,-17.9,9.0,8800800
1919-07-12,-5.6,8.0,8800900
1919-07-13,10.0,137.0,896400
1919-07-13,-15.3,5.0,8801000
1919-07-14,8.0,100.0,897100
1919-07-15,-7.6,60.0,897200
1919-07-15,-13.3,396.0,897300
1919-07-15,16.3,7.0,8801100
1919-07-16,-15.7,9.0,897000
1919-07-17,20.0,19.0,897500
1919-07-18,-9.9,53.0,897600
1919-07-18,-8.5,109.0,897700
1919-07-19,-3.9,9.0,8801200
1919-07-20,-9.3,321.0,896600
1919-07-20,-8.3,9.0,897400
1919-07-20,-12.4,135.0,897900
1919-07-21,-13.0,360.0,898100
1919-07-23,-12.4,3.0,898000
1919-07-24,9.4,3.0,898400
1919-07-24,-13.5,5.0,8801300
1919-07-25,-16.1,7.0,898500
1919-07-25,-18.0,11.0,898600
1919-07-26,-1.6,3.0,898300
1919-07-27,-4.5,18.0,898700
1919-07-28,4.6,60.0,897800
1919-07-28,7.0,57.0,898800
1919-07-29,13.0,8.0,898200
1919-07-30,-17.7,3.0,899000
1919-07-30,-15.6,88.0,899100
1919-07-31,-15.3,12.0,898900
1919-08-01,23.3,4.0,8810100
1919-08-02,4.7,6.0,899200
1919-08-04,9.8,5.0,899500
1919-08-04,-10.5,98.0,899600
1919-08-04,-18.6,4.0,8810200
1919-08-05,16.2,4.0,899700
1919-08-05,-7.1,97.0,899800
1919-08-06,19.6,8.0,899900
1919-08-07,-16.8,29.0,899300
1919-08-07,-7.2,360.0,900000
1919-08-07,22.5,1.0,8810300
1919-08-07,-1.2,3.0,8810400
1919-08-09,18.6,12.0,900100
1919-08-09,-2.8,2.0,8810500
1919-08-09,-5.0,2.0,8810600
1919-08-11,-14.2,214.0,900200
1919-08-11,-0.8,7.0,8810700
1919-08-11,-10.8,8.0,8810800
1919-08-11,-21.5,2.0,8810900
1919-08-12,4.2,9.0,900400
1919-08-13,41.9,3.0,8811000
1919-08-14,-18.4,5.0,900300
1919-08-14,9.3,3.0,900600
1919-08-15,-7.1,435.0,899400
1919-08-15,-9.7,99.0,900800
1919-08-15,-11.2,5.0,8811100
1919-08-17,-10.2,32.0,901000
1919-08-18,-15.3,46.0,900900
1919-08-20,-11.6,3.0,901200
1919-08-21,-15.3,192.0,901500
1919-08-22,24.0,38.0,901300
1919-08-22,-6.0,23.0,901600
1919-08-22,12.5,5.0,8811200
1919-08-23,16.9,42.0,901400
1919-08-25,3.1,309.0,900500
1919-08-25,-1.8,137.0,900700
1919-08-25,10.3,111.0,901100
1919-08-25,5.7,20.0,901800
1919-08-27,-18.0,28.0,901900
1919-08-30,-7.2,52.0,902100
1919-08-31,-6.5,152.0,901700
1919-08-31,16.8,33.0,902300
1919-09-03,-18.1,5.0,902200
1919-09-03,-6.6,8.0,902500
1919-09-04,14.8,6.0,8820100
1919-09-06,-10.1,4.0,902600
1919-09-06,-15.9,228.0,902700
1919-09-07,10.2,7.0,902400
1919-09-07,0.4,2.0,8820200
1919-09-08,-15.9,593.0,902000
1919-09-08,-8.5,6.0,902900
1919-09-08,-2.0,575.0,903000
1919-09-08,1.5,486.0,903100
1919-09-09,-12.7,13.0,903200
1919-09-10,-18.9,13.0,902800
1919-09-10,-14.5,3.0,8820300
1919-09-11,-11.8,10.0,8820400
1919-09-12,-18.9,5.0,8820500
1919-09-12,16.7,6.0,8820600
1919-09-13,-3.4,5.0,903300
1919-09-15,-9.6,18.0,903400
1919-09-15,-9.5,5.0,8820700
1919-09-16,9.7,5.0,8820800
1919-09-18,6.0,6.0,903500
1919-09-18,-15.0,230.0,903600
1919-09-18,11.9,4.0,8820900
1919-09-20,11.6,285.0,903800
1919-09-22,-15.1,79.0,903900
1919-09-23,-12.4,265.0,904000
1919-09-24,-2.7,19.0,8830100
1919-09-24,-9.2,5.0,8830200
1919-09-25,-7.0,171.0,904100
1919-09-27,-15.6,4.0,8830300
1919-09-28,7.1,3.0,904200
1919-09-28,-14.9,259.0,904300
1919-09-29,-7.4,20.0,903700
1919-09-29,20.9,22.0,904400
1919-09-29,2.7,10.0,904500
1919-09-29,13.0,6.0,8830400
1920-01-01,-14.9,31.0,909202
1920-01-04,7.1,14.0,909605
1920-01-06,19.5,18.0,8860500
1920-01-07,-7.4,852.0,909502
1920-01-08,13.3,197.0,909701
1920-01-08,11.0,14.0,909801
1920-01-10,12.1,27.0,910005
1920-01-10,-15.0,24.0,910101
1920-01-11,2.8,290.0,910202
1920-01-12,-15.8,11.0,910305
1920-01-14,-16.8,18.0,910401
1920-01-18,6.4,30.0,910601
1920-01-18,-17.1,6.0,8870100
1920-01-20,15.0,4.0,8870200
1920-01-20,-16.5,2.0,8870300
1920-01-20,-16.5,4.0,8870400
1920-01-21,-15.9,134.0,909901
1920-01-21,-4.7,340.0,910804
1920-01-21,-9.7,4.0,8870500
1920-01-22,8.7,26.0,910705
1920-01-22,17.2,24.0,910901
1920-01-23,8.2,14.0,911101
1920-01-23,-15.6,3.0,8870600
1920-01-23,13.3,3.0,8870700
1920-01-24,-13.6,4.0,911005
1920-01-29,-11.7,5.0,8870800
1920-01-30,-19.8,222.0,910502
1920-01-31,-9.9,49.0,911305
1920-02-01,-3.3,19.0,911202
1920-02-02,6.4,2.0,8870900
1920-02-02,11.9,3.0,8871000
1920-02-03,-8.8,33.0,911401
1920-02-04,9.9,4.0,8871100
1920-02-05,-11.4,2.0,8871200
1920-02-06,7.4,46.0,911602
1920-02-07,5.5,17.0,8880100
1920-02-08,11.1,29.0,911701
1920-02-10,5.0,335.0,911802
1920-02-11,-21.1,26.0,912002
1920-02-12,-15.9,34.0,911502
1920-02-12,-8.3,106.0,912101
1920-02-13,-18.0,209.0,912202
1920-02-14,14.1,3.0,912302
1920-02-14,5.5,123.0,912501
1920-02-16,-23.7,5.0,8880200
1920-02-16,-15.0,5.0,8880300
1920-02-16,-11.6,2.0,8880400
1920-02-17,-6.1,94.0,912701
1920-02-17,7.4,2.0,8880500
1920-02-19,4.5,167.0,911903
1920-02-19,-8.5,5.0,8880600
1920-02-20,13.3,4.0,8880700
1920-02-20,13.9,3.0,8880800
1920-02-21,-13.0,9.0,912905
1920-02-21,-14.6,13.0,913005
1920-02-23,18.9,7.0,912402
1920-02-23,13.6,64.0,913105
1920-02-25,-19.6,113.0,912605
1920-02-26,-9.3,9.0,913205
1920-02-26,-2.4,10.0,913405
1920-02-26,-13.5,5.0,8880900
1920-02-27,-9.4,6.0,8881000
1920-02-28,16.9,95.0,912802
1920-02-28,-13.0,2.0,8881100
1920-03-01,-5.7,7.0,913505
1920-03-02,-9.7,6.0,8881200
1920-03-04,18.0,35.0,913805
1920-03-05,-18.2,58.0,8890100
1920-03-06,-10.2,175.0,913302
1920-03-07,6.7,48.0,913901
1920-03-07,3.1,9.0,8890200
1920-03-09,-6.8,55.0,8890300
1920-03-11,-8.0,7.0,8890400
1920-03-13,18.0,296.0,913602
1920-03-13,-16.5,2.0,8890500
1920-03-14,9.6,560.0,913702
1920-03-14,4.4,6.0,8890600
1920-03-14,17.8,4.0,8890700
1920-03-15,10.9,172.0,914002
1920-03-15,-12.7,54.0,914201
1920-03-15,-5.6,416.0,914303
1920-03-15,-18.2,4.0,8890800
1920-03-16,-14.8,89.0,914102
1920-03-16,-9.9,21.0,8890900
1920-03-17,-2.1,9.0,8891000
1920-03-17,-8.4,5.0,8891100
1920-03-20,-10.2,5.0,914805
1920-03-20,8.6,5.0,8891200
1920-03-20,-10.7,4.0,8891300
1920-03-21,10.5,23.0,8891400
1920-03-22,-9.3,8.0,8891500
1920-03-23,-16.8,11.0,914602
1920-03-23,-7.2,10.0,914705
1920-03-24,-15.0,2.0,914905
1920-03-24,9.0,314.0,915001
1920-03-24,-6.0,20.0,915105
1920-03-25,-8.3,13.0,8891600
1920-03-26,-10.6,60.0,914502
1920-03-26,22.4,3.0,8891700
1920-03-29,-5.8,339.0,914401
1920-03-29,8.8,27.0,915201
1920-03-31,-13.6,6.0,915305
1920-04-06,4.5,4.0,915502
1920-04-06,1.4,8.0,915601
1920-04-06,6.0,3.0,8900100
1920-04-07,14.5,4.0,8900200
1920-04-07,14.5,2.0,8900300
1920-04-07,11.9,2.0,8900400
1920-04-08,-6.2,2.0,8900500
1920-04-09,11.9,21.0,915401
1920-04-10,-6.4,573.0,915701
1920-04-13,-5.0,99.0,915801
1920-04-14,-10.5,3.0,8900600
1920-04-16,5.5,3.0,8900700
1920-04-16,2.4,4.0,8900800
1920-04-17,5.1,3.0,8900900
1920-04-20,3.9,6.0,8901000
1920-04-21,-8.8,2.0,8901100
1920-04-22,-12.3,2.0,8901200
1920-04-23,-5.5,14.0,915905
1920-04-25,10.7,137.0,916101
1920-04-26,14.4,5.0,8901300
1920-04-27,13.0,4.0,916202
1920-04-28,-5.5,6.0,8910100
1920-04-28,2.0,7.0,8910200
1920-04-29,11.9,5.0,916005
1920-04-30,13.0,7.0,916405
1920-05-01,4.3,34.0,916302
1920-05-01,-15.8,14.0,916605
1920-05-02,8.9,6.0,916705
1920-05-02,-9.3,6.0,916805
1920-05-03,-8.0,88.0,917002
1920-05-04,11.6,9.0,916505
1920-05-04,-5.4,28.0,917101
1920-05-04,-10.8,112.0,917205
1920-05-04,20.4,6.0,8910300
1920-05-06,9.4,12.0,916905
1920-05-06,14.8,20.0,8910400
1920-05-08,-4.8,55.0,917401
1920-05-08,15.8,4.0,8910500
1920-05-10,19.3,20.0,917705
1920-05-10,-9.1,2.0,8910600
1920-05-11,-17.1,3.0,917502
1920-05-11,-7.5,5.0,8910700
1920-05-12,-3.1,6.0,917302
1920-05-15,15.6,385.0,917801
1920-05-15,-13.0,8.0,918005
1920-05-16,-4.2,3.0,917905
1920-05-17,21.3,57.0,918102
1920-05-17,1.5,6.0,8910800
1920-05-19,-16.0,2.0,8910900
1920-05-20,20.1,4.0,917602
1920-05-21,-14.2,3.0,8911000
1920-05-22,7.8,431.0,918201
1920-05-25,-9.3,10.0,918302
1920-05-25,9.2,8.0,918405
1920-05-26,13.5,25.0,918602
1920-05-27,9.5,4.0,8920100
1920-05-28,5.1,14.0,918502
1920-05-30,13.7,115.0,918902
1920-05-31,-11.0,166.0,918802
1920-05-31,17.4,3.0,8920200
1920-06-01,5.8,168.0,918702
1920-06-01,-5.8,9.0,919102
1920-06-03,7.9,10.0,8920300
1920-06-03,10.4,5.0,8920400
1920-06-04,-12.0,30.0,919201
1920-06-06,14.9,66.0,919002
1920-06-08,21.4,9.0,919402
1920-06-09,10.0,40.0,919505
1920-06-11,11.3,19.0,919705
1920-06-13,-0.6,4.0,8920500
1920-06-13,10.2,6.0,8920600
1920-06-15,-9.9,102.0,919801
1920-06-17,18.1,34.0,919602
1920-06-17,-7.5,168.0,919901
1920-06-18,15.0,184.0,919302
1920-06-19,10.4,14.0,8920700
1920-06-19,-12.7,3.0,8920800
1920-06-20,-6.9,7.0,8920900
1920-06-21,8.0,12.0,920001
1920-06-21,13.9,183.0,920103
1920-06-21,5.5,3.0,8921000
1920-06-22,12.3,79.0,920205
1920-06-23,-3.6,8.0,8930100
1920-06-25,13.5,366.0,920401
1920-06-27,6.4,8.0,8930200
1920-06-28,-20.8,16.0,920301
1920-06-28,-29.1,26.0,920605
1920-06-30,14.7,2.0,920505
1920-06-30,-3.1,3.0,8930300
1920-07-06,-6.2,9.0,8930400
1920-07-08,-14.9,355.0,920700
1920-07-08,-3.7,41.0,920901
1920-07-10,-14.4,218.0,920702
1920-07-10,-4.7,5.0,921005
1920-07-14,8.0,10.0,921101
1920-07-15,17.1,28.0,920802
1920-07-15,-13.9,49.0,921201
1920-07-23,11.0,8.0,8940100
1920-07-25,-14.3,172.0,921601
1920-07-26,-6.5,13.0,8940200
1920-07-27,-7.2,24.0,921702
1920-07-28,8.3,10.0,921401
1920-07-29,11.9,137.0,921301
1920-07-30,-28.0,5.0,8940300
1920-07-30,-18.0,10.0,8940400
1920-08-01,12.2,5.0,921802
1920-08-01,-16.2,3.0,8940500
1920-08-03,13.9,205.0,921501
1920-08-07,13.2,18.0,921902
1920-08-08,13.3,8.0,922002
1920-08-09,11.6,52.0,922102
1920-08-12,-21.4,302.0,922202
1920-08-12,-12.7,9.0,922305
1920-08-12,-11.7,17.0,922402
1920-08-13,11.9,64.0,922501
1920-08-13,-11.0,5.0,8940600
1920-08-22,11.3,118.0,922601
1920-08-28,14.2,8.0,8950100
1920-08-30,-9.6,5.0,922805
1920-09-01,-12.4,6.0,922902
1920-09-01,19.4,5.0,8950200
1920-09-02,-11.7,3.0,8950300
1920-09-05,-11.3,20.0,8950400
1920-09-07,14.4,24.0,923002
1920-09-08,-13.8,34.0,923103
1920-09-09,-14.2,259.0,922702
1920-09-11,13.3,2.0,8960100
1920-09-16,18.7,1.0,8960200
1920-09-17,8.5,275.0,923202
1920-09-21,-10.0,147.0,923301
1920-09-21,27.5,2.0,8960300
1920-09-22,20.2,14.0,923405
1920-09-22,-11.6,617.0,923502
1920-09-24,-14.2,98.0,923602
1920-09-27,15.2,32.0,923902
1920-09-27,10.8,6.0,924005
1920-09-27,-11.9,12.0,8960400
1920-09-28,-10.4,41.0,923302
1920-09-28,-13.2,12.0,923805
1920-09-28,20.1,2.0,8960500
1920-09-29,-13.6,137.0,923601
1920-09-29,15.0,3.0,8960600
1920-09-30,14.8,267.0,923702
1920-09-30,14.1,2.0,8960700
1920-09-30,-12.5,12.0,8960800
1921-01-01,8.8,197.0,927801
1921-01-01,18.8,16.0,928102
1921-01-04,6.6,9.0,9000100
1921-01-05,-13.6,52.0,928002
1921-01-08,-8.4,112.0,928302
1921-01-09,-8.5,6.0,9000200
1921-01-10,-5.8,5.0,928202
1921-01-10,-9.1,9.0,9000300
1921-01-11,7.1,4.0,928502
1921-01-11,-10.7,5.0,9000400
1921-01-11,10.5,10.0,9000500
1921-01-16,-16.5,111.0,928402
1921-01-19,-9.7,106.0,928801
1921-01-20,-11.9,70.0,928902
1921-01-20,-13.2,100.0,929005
1921-01-23,9.9,10.0,9000600
1921-01-24,2.6,138.0,928601
1921-01-24,-8.2,11.0,928702
1921-01-24,12.4,11.0,929101
1921-01-24,8.0,16.0,9000700
1921-01-26,-9.8,8.0,9010100
1921-01-28,-9.6,14.0,929301
1921-01-28,-16.8,7.0,9010200
1921-01-30,-14.7,172.0,929401
1921-01-31,-17.7,42.0,929502
1921-02-01,-9.8,8.0,929205
1921-02-01,7.6,23.0,929601
1921-02-02,11.2,4.0,9010300
1921-02-04,-7.6,9.0,9010400
1921-02-05,-11.3,35.0,929702
1921-02-05,-12.9,7.0,9010500
1921-02-07,-9.1,91.0,929805
1921-02-08,-17.7,47.0,929901
1921-02-10,-14.5,9.0,930002
1921-02-12,11.5,49.0,930105
1921-02-12,-11.0,22.0,930201
1921-02-12,-8.3,27.0,930302
1921-02-16,-2.6,2.0,9010600
1921-02-17,-11.7,4.0,9010700
1921-02-17,-14.7,7.0,9010800
1921-02-21,-13.3,6.0,9010900
1921-02-24,-4.2,3.0,9020100
1921-02-26,-10.1,56.0,930402
1921-02-27,11.9,129.0,930501
1921-02-27,-15.0,46.0,930601
1921-03-03,8.4,4.0,9020200
1921-03-05,-11.1,7.0,930701
1921-03-07,-18.3,5.0,9020300
1921-03-07,-19.6,1.0,9020400
1921-03-07,-17.3,4.0,9020500
1921-03-08,5.3,40.0,930801
1921-03-10,-4.5,2.0,930905
1921-03-10,-7.6,26.0,931001
1921-03-12,-11.9,340.0,931101
1921-03-12,-6.9,7.0,9020600
1921-03-13,-6.3,8.0,931205
1921-03-16,-14.2,4.0,9020700
1921-03-20,18.8,99.0,931302
1921-03-20,-7.8,9.0,9020800
1921-03-23,14.5,250.0,931402
1921-03-23,10.7,3.0,9030100
1921-03-24,-8.0,33.0,931601
1921-03-27,6.5,37.0,931705
1921-03-29,13.4,16.0,931805
1921-03-29,9.9,2.0,9030200
1921-04-01,-15.9,21.0,931905
1921-04-01,-15.3,9.0,932001
1921-04-02,9.7,401.0,931502
1921-04-03,13.2,6.0,9030300
1921-04-05,8.9,8.0,932105
1921-04-05,-11.0,6.0,9030400
1921-04-08,-10.6,47.0,932201
1921-04-08,1.4,11.0,9030500
1921-04-08,15.0,7.0,9030600
1921-04-10,10.0,427.0,932401
1921-04-11,11.9,9.0,9030700
1921-04-12,-11.9,4.0,9030800
1921-04-14,16.8,4.0,9030900
1921-04-16,18.6,72.0,932302
1921-04-16,13.7,17.0,932502
1921-04-16,16.8,2.0,932705
1921-04-17,9.9,297.0,932901
1921-04-17,-8.2,14.0,9031000
1921-04-18,8.3,26.0,9040100
1921-04-19,-7.8,15.0,933002
1921-04-20,9.7,234.0,932602
1921-04-27,9.7,21.0,933105
1921-04-28,-15.3,68.0,932802
1921-05-02,10.0,11.0,933205
1921-05-02,15.1,2.0,9040200
1921-05-04,11.1,287.0,933305
1921-05-08,0.4,493.0,933404
1921-05-09,9.6,7.0,933505
1921-05-11,10.3,6.0,9040300
1921-05-12,-6.9,5.0,9040400
1921-05-13,5.0,22.0,933605
1921-05-18,10.8,154.0,933901
1921-05-19,11.3,5.0,933705
1921-05-19,-8.5,7.0,933805
1921-05-21,8.1,18.0,934005
1921-05-24,8.3,3.0,9050100
1921-05-24,14.7,3.0,9050200
1921-05-27,-15.4,23.0,934101
1921-05-27,-6.6,119.0,934201
1921-05-31,5.6,3.0,9050300
1921-05-31,-3.6,4.0,9050400
1921-06-02,12.2,26.0,934305
1921-06-04,0.7,149.0,934501
1921-06-07,9.7,3.0,9050500
1921-06-08,13.4,19.0,934902
1921-06-08,-13.1,4.0,9050600
1921-06-09,-6.6,38.0,934705
1921-06-10,12.5,25.0,934402
1921-06-11,-9.5,6.0,934801
1921-06-12,15.9,12.0,935002
1921-06-14,-14.2,10.0,935102
1921-06-14,-6.4,9.0,935202
1921-06-15,8.3,159.0,934602
1921-06-16,10.1,129.0,935301
1921-06-23,12.3,40.0,935401
1921-06-24,13.3,119.0,935501
1921-06-24,-14.4,16.0,9060100
1921-06-24,-11.0,3.0,9060200
1921-06-26,13.9,88.0,935702
1921-06-27,-14.2,4.0,9060300
1921-06-30,-9.7,35.0,935805
1921-06-30,9.3,159.0,935901
1921-06-30,4.5,291.0,936004
1921-07-01,11.3,324.0,936101
1921-07-02,10.2,12.0,936205
1921-07-03,7.3,20.0,936302
1921-07-03,11.3,7.0,936405
1921-07-04,6.5,7.0,936505
1921-07-06,-8.0,85.0,935602
1921-07-08,11.1,4.0,936705
1921-07-08,2.5,58.0,936902
1921-07-08,9.1,5.0,9070100
1921-07-09,11.6,4.0,936601
1921-07-09,15.4,3.0,9070200
1921-07-10,6.0,2.0,9070300
1921-07-12,-4.2,53.0,937102
1921-07-14,-14.7,57.0,936802
1921-07-14,-10.5,155.0,937005
1921-07-14,14.1,3.0,9070400
1921-07-19,-11.1,19.0,937202
1921-07-19,13.9,9.0,9070500
1921-07-21,-5.0,7.0,937301
1921-07-25,13.9,14.0,937502
1921-07-26,-15.9,10.0,937402
1921-07-29,11.3,3.0,9070600
1921-07-29,13.0,1.0,9070700
1921-08-02,17.9,3.0,9070800
1921-08-05,-8.9,64.0,937602
1921-08-09,10.5,7.0,9080100
1921-08-13,4.5,17.0,937801
1921-08-15,-6.9,12.0,9080200
1921-08-16,-4.7,193.0,937901
1921-08-18,0.7,48.0,937701
1921-08-21,11.3,14.0,938101
1921-08-22,-15.8,186.0,938002
1921-08-25,-8.8,16.0,938302
1921-08-25,-6.3,11.0,9080300
1921-08-28,9.3,5.0,9080400
1921-08-29,11.3,412.0,938402
1921-09-02,11.2,13.0,938202
1921-09-03,-9.9,41.0,938502
1921-09-04,12.5,14.0,938602
1921-09-12,10.2,346.0,938801
1921-09-15,-10.5,64.0,938702
1921-09-19,-13.1,31.0,939002
1921-09-23,-7.1,3.0,9090100
1921-09-24,-5.3,100.0,938902
1921-09-30,8.2,161.0,939102
1922-01-03,-5.7,3.0,9130400
1922-01-05,6.9,37.0,941202
1922-01-05,-1.3,7.0,9130500
1922-01-08,-6.8,65.0,941102
1922-01-08,10.3,85.0,941401
1922-01-09,-16.5,11.0,9130600
1922-01-10,10.8,30.0,941301
1922-01-11,-5.0,269.0,941501
1922-01-13,-10.3,8.0,9130700
1922-01-18,-2.3,7.0,9140100
1922-01-21,-8.0,10.0,9140200
1922-01-23,-3.2,6.0,9140300
1922-01-30,-22.3,1.0,9140400
1922-02-01,-6.6,10.0,941605
1922-02-05,3.6,10.0,9140500
1922-02-06,9.6,20.0,941701
1922-02-06,-13.9,12.0,941901
1922-02-06,-11.6,14.0,9140600
1922-02-07,-6.1,108.0,942105
1922-02-09,7.3,3.0,941801
1922-02-09,2.5,5.0,9140700
1922-02-09,12.4,5.0,9140800
1922-02-14,9.7,1365.0,942002
1922-02-19,-7.2,252.0,942202
1922-02-24,10.7,34.0,942402
1922-02-24,15.0,124.0,942501
1922-03-01,-9.5,6.0,942802
1922-03-01,9.4,534.0,942905
1922-03-01,-21.1,16.0,9150100
1922-03-01,18.4,3.0,9150200
1922-03-03,-7.1,104.0,942301
1922-03-04,7.4,5.0,942702
1922-03-04,7.1,15.0,943102
1922-03-06,-4.6,710.0,943204
1922-03-08,15.5,11.0,943301
1922-03-09,10.4,399.0,942602
1922-03-10,15.0,10.0,943305
1922-03-12,-11.5,3.0,9160100
1922-03-13,13.3,263.0,943004
1922-03-14,-17.1,45.0,943505
1922-03-15,-6.2,3.0,943605
1922-03-18,8.2,104.0,943401
1922-03-20,-11.4,49.0,943705
1922-03-21,-8.8,23.0,943805
1922-03-23,8.0,340.0,943901
1922-03-24,9.1,7.0,944002
1922-03-24,7.7,88.0,944101
1922-03-27,3.1,11.0,944305
1922-03-28,9.6,1.0,944205
1922-03-28,11.3,157.0,944401
1922-03-29,10.0,2.0,944505
1922-03-29,13.9,8.0,9160200
1922-04-01,8.6,2.0,944601
1922-04-01,10.7,167.0,944702
1922-04-01,14.1,4.0,9160300
1922-04-02,9.9,6.0,9160400
1922-04-04,8.8,2.0,9160500
1922-04-06,-14.1,4.0,9160600
1922-04-09,-13.3,6.0,9170100
1922-04-09,-20.6,6.0,9170200
1922-04-10,-9.2,8.0,944805
1922-04-18,-3.8,7.0,9170300
1922-04-22,6.8,10.0,944902
1922-04-24,5.6,136.0,945002
1922-04-27,14.0,5.0,9170400
1922-05-02,-15.3,3.0,9170500
1922-05-09,9.0,254.0,945102
1922-05-11,5.4,4.0,9180100
1922-05-24,8.0,127.0,945201
1922-05-29,11.5,8.0,945305
1922-05-30,16.8,4.0,9180200
1922-06-09,4.5,14.0,945505
1922-06-11,8.5,16.0,945602
1922-06-11,10.7,3.0,9190100
1922-06-15,9.9,35.0,945402
1922-06-17,-8.8,43.0,945702
1922-06-19,33.0,1.0,9190200
1922-06-19,-8.0,8.0,9190300
1922-06-24,31.4,4.0,9190400
1922-06-25,-8.0,6.0,945801
1922-07-05,-10.4,30.0,946001
1922-07-07,11.6,14.0,946102
1922-07-09,10.3,9.0,945902
1922-07-10,12.8,7.0,9200100
1922-07-11,-9.3,11.0,9200200
1922-07-14,-5.2,6.0,9200300
1922-07-22,-22.0,4.0,9200400
1922-07-23,-7.2,8.0,946302
1922-07-28,-6.4,108.0,946202
1922-08-02,9.9,41.0,946401
1922-08-06,-10.5,21.0,9210100
1922-08-07,-11.3,4.0,9210200
1922-08-21,21.1,1.0,9210300
1922-08-21,9.5,1.0,9210400
1922-08-28,-11.7,449.0,946502
1922-08-31,4.1,111.0,946602
1922-08-31,7.0,11.0,946705
1922-09-01,11.0,5.0,946805
1922-09-07,-11.0,3.0,9220100
1922-09-11,2.9,5.0,9260100
1922-09-20,0.6,9.0,9260200
1922-09-21,0.5,3.0,9230100
1922-09-21,-8.5,8.0,9260300
1922-09-24,-12.2,73.0,946901
1922-09-27,3.1,8.0,9230200
1922-09-29,-9.3,4.0,947002
1923-01-03,6.1,2.0,9260400
1923-01-04,7.1,229.0,948402
1923-01-04,8.5,12.0,948502
1923-01-04,-3.7,3.0,948601
1923-01-21,-1.5,11.0,948805
1923-01-23,-2.5,2.0,9270100
1923-01-23,5.8,14.0,9270200
1923-01-31,5.3,71.0,948902
1923-02-12,12.1,2.0,949002
1923-02-12,-7.0,11.0,9280100
1923-02-19,11.9,4.0,9280200
1923-02-20,6.6,3.0,9280300
1923-02-23,14.2,3.0,9280400
1923-03-15,4.3,21.0,949105
1923-03-17,-30.5,7.0,9290100
1923-03-20,-11.3,2.0,9290200
1923-03-26,7.2,16.0,949202
1923-03-29,4.7,57.0,949302
1923-04-10,23.2,7.0,9300100
1923-04-15,-6.5,7.0,949405
1923-04-15,5.2,5.0,9300200
1923-04-19,3.6,5.0,949505
1923-04-29,-4.5,45.0,949602
1923-04-30,3.1,8.0,9310100
1923-05-14,7.0,5.0,949702
1923-05-20,8.0,8.0,949805
1923-05-23,-10.2,44.0,949902
1923-05-26,0.2,1.0,9320100
1923-05-27,9.6,81.0,950001
1923-05-27,26.5,6.0,9320200
1923-06-01,-6.4,8.0,950102
1923-06-02,10.1,4.0,9320300
1923-06-03,10.8,4.0,9320400
1923-06-05,-6.3,3.0,9320500
1923-06-21,29.9,7.0,9330100
1923-06-24,7.2,3.0,9330200
1923-06-25,-2.6,13.0,950202
1923-06-26,4.1,129.0,950302
1923-07-03,8.1,65.0,950402
1923-07-11,6.2,5.0,9330300
1923-07-26,7.4,4.0,950501
1923-07-30,-25.8,41.0,950702
1923-07-31,4.3,8.0,950602
1923-08-07,-26.2,6.0,9340100
1923-08-16,15.6,12.0,9350100
1923-08-20,31.5,3.0,9350200
1923-08-20,-27.9,4.0,9350300
1923-08-21,33.9,2.0,9350400
1923-09-07,22.7,31.0,950902
1923-09-08,-23.7,10.0,9360100
1923-09-09,-26.9,148.0,950802
1923-09-19,8.8,10.0,951001
1923-09-24,-17.7,53.0,951102
1923-09-28,-27.7,17.0,951202
1924-01-06,29.4,5.0,952105
1924-01-23,-4.3,12.0,9410100
1924-01-26,25.0,16.0,9410200
1924-01-28,30.7,16.0,9410300
1924-02-03,-25.3,17.0,9410400
1924-02-12,25.6,7.0,9410500
1924-02-16,22.7,2.0,952203
1924-02-16,-24.3,24.0,9410600
1924-02-26,-13.6,5.0,9420100
1924-03-01,-17.1,6.0,9420200
1924-03-04,26.1,158.0,952302
1924-03-21,-9.0,5.0,9430100
1924-03-22,18.6,15.0,952502
1924-03-23,-29.3,8.0,952401
1924-04-06,21.1,7.0,9430200
1924-04-14,29.2,26.0,952605
1924-04-16,21.1,11.0,952702
1924-04-26,-29.0,56.0,952803
1924-04-27,-28.2,133.0,952905
1924-04-28,28.6,8.0,9440100
1924-05-04,30.7,2.0,9440200
1924-05-06,27.6,4.0,9440300
1924-05-12,-29.9,33.0,953202
1924-05-14,31.6,7.0,953002
1924-05-14,-26.8,12.0,953305
1924-05-17,-23.0,34.0,953401
1924-05-18,37.4,24.0,953502
1924-05-21,-20.2,160.0,953102
1924-05-22,8.6,2.0,9450100
1924-05-29,18.0,8.0,953603
1924-05-29,30.9,442.0,953702
1924-05-31,-28.8,9.0,953805
1924-05-31,17.7,3.0,9450200
1924-06-02,3.8,4.0,953901
1924-06-07,-21.1,5.0,954005
1924-06-12,22.1,5.0,9460100
1924-06-18,23.1,89.0,954102
1924-06-19,-25.1,72.0,954202
1924-06-23,25.0,2.0,9460200
1924-06-26,27.7,43.0,954402
1924-06-27,31.5,413.0,954501
1924-06-28,36.5,5.0,954301
1924-07-01,26.1,89.0,954702
1924-07-05,-21.8,4.0,954802
1924-07-07,-26.0,17.0,955001
1924-07-08,32.1,8.0,9470100
1924-07-09,-24.7,9.0,955105
1924-07-11,20.5,99.0,954602
1924-07-11,20.1,3.0,9470200
1924-07-17,5.5,238.0,955202
1924-07-19,22.4,207.0,954902
1924-07-19,23.4,2.0,9470300
1924-07-20,19.2,8.0,955302
1924-07-23,26.7,80.0,955401
1924-07-23,46.0,5.0,9470400
1924-07-29,25.5,128.0,955502
1924-07-30,39.7,18.0,955701
1924-08-03,28.2,25.0,955901
1924-08-03,24.4,89.0,956001
1924-08-03,36.9,2.0,9480100
1924-08-06,34.5,110.0,955602
1924-08-10,-18.6,13.0,956101
1924-08-13,6.0,153.0,955801
1924-08-14,-25.3,100.0,956202
1924-08-27,14.4,82.0,956301
1924-08-30,-23.7,2.0,9490100
1924-09-01,36.4,5.0,9490200
1924-09-06,21.0,381.0,956402
1924-09-09,4.4,250.0,956501
1924-09-09,-26.1,21.0,956602
1924-09-10,-26.7,21.0,956601
1924-09-18,-23.3,6.0,956802
1924-09-19,22.1,31.0,956702
1924-09-24,6.0,183.0,957001
1924-09-25,26.4,6.0,956902
1924-09-27,29.2,13.0,9500100
1924-09-28,22.3,257.0,957301
1924-09-28,18.1,2.0,9500200
1924-09-30,19.0,14.0,957102
1924-09-30,21.4,18.0,957202
1924-09-30,10.2,7.0,9500300
1925-01-02,-16.1,30.0,959601
1925-01-12,-35.0,30.0,959705
1925-01-13,28.5,3.0,9540100
1925-01-20,13.0,20.0,959902
1925-01-21,26.6,6.0,960005
1925-01-22,29.9,15.0,9540200
1925-01-25,24.8,82.0,959802
1925-01-26,20.5,4.0,9540300
1925-01-28,24.7,7.0,9540400
1925-01-31,23.4,20.0,960101
1925-02-03,-33.5,14.0,960202
1925-02-03,-32.3,14.0,960401
1925-02-06,23.7,8.0,960302
1925-02-07,-18.7,609.0,960702
1925-02-08,24.8,14.0,960502
1925-02-09,32.2,17.0,960802
1925-02-11,15.9,10.0,960905
1925-02-11,22.8,8.0,961005
1925-02-12,-18.9,4.0,9550100
1925-02-14,9.1,157.0,960602
1925-02-14,15.6,30.0,9550200
1925-02-14,-24.6,10.0,9550300
1925-02-16,14.7,15.0,9550400
1925-02-18,-30.7,4.0,961102
1925-02-20,-28.8,39.0,961301
1925-02-23,-21.8,9.0,961202
1925-02-23,23.9,5.0,9550500
1925-02-23,-20.5,6.0,9550600
1925-02-24,22.3,13.0,9550700
1925-02-28,27.6,3.0,9550800
1925-02-28,25.1,2.0,9550900
1925-03-01,27.5,21.0,9551000
1925-03-02,-18.6,16.0,9551100
1925-03-04,23.1,6.0,9551200
1925-03-05,-26.4,6.0,961402
1925-03-13,23.7,10.0,9560100
1925-03-19,17.8,7.0,961602
1925-03-22,-30.4,113.0,961702
1925-03-23,-22.1,193.0,961502
1925-03-23,21.1,26.0,961902
1925-03-24,25.3,3.0,9560200
1925-03-26,22.4,121.0,9560300
1925-03-26,-28.3,5.0,9560400
1925-03-27,19.5,5.0,9560500
1925-04-01,21.1,429.0,961802
1925-04-02,-32.9,109.0,962001
1925-04-04,15.9,9.0,962102
1925-04-07,31.0,37.0,962201
1925-04-07,-23.0,70.0,962301
1925-04-09,-16.2,3.0,962402
1925-04-10,22.2,10.0,962701
1925-04-11,22.1,4.0,9570100
1925-04-12,18.3,12.0,962802
1925-04-13,11.3,22.0,962602
1925-04-14,-20.8,6.0,9570200
1925-04-17,20.4,315.0,962502
1925-04-17,18.0,22.0,963001
1925-04-17,-25.1,362.0,963102
1925-04-19,16.0,56.0,963301
1925-04-20,21.1,19.0,962902
1925-04-22,21.9,23.0,9570300
1925-04-24,17.3,15.0,9570400
1925-04-25,-17.4,5.0,963502
1925-04-26,19.6,8.0,963202
1925-04-28,26.6,85.0,963402
1925-04-30,11.5,13.0,963602
1925-05-03,20.3,23.0,963801
1925-05-03,24.7,13.0,9580100
1925-05-05,-25.9,10.0,963901
1925-05-09,27.3,1.0,964101
1925-05-11,-14.9,4.0,9580200
1925-05-12,15.7,562.0,963702
1925-05-12,18.3,114.0,964202
1925-05-12,28.6,2.0,9580300
1925-05-13,17.6,4.0,9580400
1925-05-14,24.9,25.0,964302
1925-05-15,-19.6,23.0,9580500
1925-05-15,-21.1,4.0,9580600
1925-05-16,22.5,5.0,964605
1925-05-16,-20.3,3.0,964705
1925-05-17,-15.9,5.0,964401
1925-05-19,-18.3,25.0,964002
1925-05-20,-19.9,10.0,965102
1925-05-21,26.6,7.0,965005
1925-05-22,33.4,155.0,964502
1925-05-22,17.6,29.0,9580700
1925-05-26,-21.0,13.0,9580800
1925-05-27,22.3,28.0,964802
1925-05-27,14.4,213.0,965401
1925-05-27,-27.5,12.0,9590100
1925-05-29,24.4,146.0,964902
1925-05-29,-19.9,7.0,965205
1925-05-30,-25.4,15.0,965505
1925-06-01,-27.2,102.0,965701
1925-06-01,25.8,20.0,965905
1925-06-03,-20.1,520.0,965301
1925-06-04,-17.8,26.0,966105
1925-06-04,29.6,3.0,9590200
1925-06-04,-30.1,7.0,9590300
1925-06-07,-23.3,9.0,966205
1925-06-07,16.7,99.0,966602
1925-06-08,20.1,200.0,966805
1925-06-08,35.2,27.0,9590400
1925-06-09,25.4,231.0,965602
1925-06-09,18.7,6.0,966402
1925-06-11,20.1,2.0,9590500
1925-06-11,-20.4,4.0,9590600
1925-06-13,-13.8,223.0,966702
1925-06-13,21.9,15.0,967005
1925-06-14,31.2,81.0,965805
1925-06-15,20.2,126.0,966001
1925-06-15,18.3,25.0,966502
1925-06-15,-36.3,57.0,966902
1925-06-16,22.4,117.0,966301
1925-06-18,26.0,6.0,967102
1925-06-23,-28.4,23.0,967302
1925-06-24,10.7,7.0,967205
1925-06-24,-27.1,182.0,967404
1925-06-27,-12.2,116.0,967501
1925-06-27,21.7,4.0,9600100
1925-06-30,-35.2,14.0,967601
1925-07-03,20.7,6.0,9600200
1925-07-05,16.2,20.0,967901
1925-07-05,15.0,12.0,968002
1925-07-07,-29.4,21.0,967801
1925-07-07,-19.6,9.0,968102
1925-07-08,-24.4,8.0,9600300
1925-07-09,19.2,31.0,968201
1925-07-10,18.3,66.0,968305
1925-07-10,22.4,85.0,968402
1925-07-10,24.4,3.0,9600400
1925-07-12,15.2,2.0,9600500
1925-07-13,-15.7,320.0,967702
1925-07-13,16.8,14.0,9600600
1925-07-16,-18.3,12.0,968702
1925-07-19,-20.1,11.0,968501
1925-07-20,14.3,8.0,969002
1925-07-22,26.2,40.0,968605
1925-07-22,-25.1,30.0,968905
1925-07-23,16.8,12.0,968801
1925-07-25,-11.6,40.0,969301
1925-07-26,-18.9,6.0,969405
1925-07-28,-18.4,4.0,969402
1925-07-29,-16.2,15.0,9610100
1925-08-02,20.5,117.0,969102
1925-08-03,18.6,18.0,9610200
1925-08-04,-29.4,119.0,969202
1925-08-06,-14.5,5.0,969502
1925-08-06,-19.1,14.0,9610300
1925-08-06,28.7,27.0,9610400
1925-08-08,21.2,2.0,969602
1925-08-08,21.7,44.0,970002
1925-08-08,22.7,100.0,970102
1925-08-09,-27.9,66.0,969702
1925-08-10,20.8,8.0,970205
1925-08-10,23.0,18.0,970305
1925-08-10,-11.7,3.0,9610500
1925-08-14,21.8,428.0,969802
1925-08-14,-28.8,20.0,969902
1925-08-19,-27.1,103.0,970501
1925-08-19,12.2,3.0,9620100
1925-08-21,27.6,137.0,970402
1925-08-21,15.0,11.0,970602
1925-08-21,-18.6,126.0,970702
1925-08-23,25.4,37.0,970905
1925-08-24,17.1,4.0,9620200
1925-08-27,15.6,34.0,971105
1925-08-27,-19.3,8.0,971201
1925-08-27,-22.3,6.0,9620300
1925-08-28,22.8,19.0,971303
1925-08-29,23.7,86.0,971505
1925-08-30,-27.9,4.0,971401
1925-08-30,21.1,106.0,971702
1925-09-01,18.8,17.0,971003
1925-09-01,30.7,144.0,971602
1925-09-01,-17.7,8.0,9620400
1925-09-02,-18.6,12.0,972102
1925-09-03,22.2,414.0,970802
1925-09-03,-19.0,52.0,971802
1925-09-03,-30.2,16.0,972002
1925-09-04,19.1,28.0,971902
1925-09-04,18.1,19.0,972502
1925-09-04,20.8,139.0,972601
1925-09-04,21.8,4.0,9620500
1925-09-04,24.1,2.0,9620600
1925-09-06,-23.4,29.0,972202
1925-09-06,21.3,17.0,972401
1925-09-06,-23.1,11.0,9620700
1925-09-06,25.4,3.0,9620800
1925-09-07,-26.1,18.0,972702
1925-09-10,14.5,22.0,972302
1925-09-10,25.0,14.0,972902
1925-09-13,-19.6,2.0,973105
1925-09-14,20.0,593.0,972802
1925-09-15,29.8,139.0,973402
1925-09-16,22.1,32.0,973005
1925-09-16,31.3,41.0,973501
1925-09-16,15.6,4.0,9630100
1925-09-17,-17.1,77.0,973601
1925-09-17,-23.4,6.0,9630200
1925-09-18,-19.0,17.0,973302
1925-09-18,18.0,22.0,973702
1925-09-18,22.0,169.0,973801
1925-09-18,18.5,1.0,9630300
1925-09-20,25.5,8.0,974201
1925-09-21,-16.7,19.0,974002
1925-09-22,18.6,19.0,973202
1925-09-23,34.0,3.0,974405
1925-09-24,17.4,8.0,9630400
1925-09-24,22.7,8.0,9630500
1925-09-24,-28.5,22.0,9630600
1925-09-25,12.4,73.0,974502
1925-09-28,-19.5,46.0,974702
1925-09-28,15.9,148.0,974801
1925-09-29,-13.3,30.0,974102
1925-09-29,-27.9,22.0,974602
1925-09-30,-32.5,77.0,973902
1925-09-30,20.5,465.0,974302
1925-09-30,23.3,5.0,974902
1926-01-01,-20.5,500.0,982502
1926-01-01,18.7,10.0,983602
1926-01-01,23.8,17.0,983705
1926-01-03,10.8,269.0,983302
1926-01-03,25.5,7.0,9670200
1926-01-04,24.0,133.0,983004
1926-01-04,-22.1,4.0,9670300
1926-01-05,-23.8,2.0,983905
1926-01-05,23.7,3.0,9670400
1926-01-06,37.2,137.0,983502
1926-01-06,23.1,37.0,984001
1926-01-06,18.8,167.0,984102
1926-01-06,-16.0,2.0,9670500
1926-01-07,24.7,556.0,984201
1926-01-08,-15.8,114.0,984301
1926-01-08,-18.8,76.0,984401
1926-01-08,-21.8,8.0,9670600
1926-01-09,-15.7,11.0,984605
1926-01-10,23.2,5.0,9670700
1926-01-11,-13.3,36.0,984505
1926-01-11,19.1,20.0,984701
1926-01-11,15.6,418.0,984801
1926-01-12,-18.5,224.0,983803
1926-01-12,28.0,4.0,9670800
1926-01-13,-19.3,5.0,9670900
1926-01-13,-26.2,6.0,9671000
1926-01-15,23.0,4.0,985205
1926-01-15,22.7,12.0,985302
1926-01-15,-11.7,23.0,985401
1926-01-15,-32.7,27.0,985505
1926-01-16,22.1,4.0,985101
1926-01-16,15.6,106.0,985601
1926-01-17,-8.8,17.0,985802
1926-01-17,-16.5,38.0,985902
1926-01-17,-19.0,11.0,9671100
1926-01-18,21.5,3.0,9671200
1926-01-19,18.6,14.0,985005
1926-01-19,26.8,2.0,986002
1926-01-19,21.6,9.0,9671300
1926-01-19,20.9,9.0,9671400
1926-01-20,16.7,10.0,986202
1926-01-20,-13.8,1.0,9671500
1926-01-21,-29.3,17.0,984902
1926-01-22,-24.4,7.0,986302
1926-01-23,21.0,4.0,9671600
1926-01-23,19.4,12.0,9671700
1926-01-24,-19.1,175.0,986501
1926-01-25,-34.8,6.0,985501
1926-01-25,31.5,4.0,9671800
1926-01-25,26.6,2.0,9671900
1926-01-27,-20.1,88.0,986605
1926-01-28,-21.8,1210.0,985705
1926-01-28,17.2,32.0,986401
1926-01-28,-21.1,3.0,9680100
1926-01-31,22.8,185.0,986103
1926-01-31,-21.2,13.0,986701
1926-01-31,-21.2,7.0,987001
1926-02-05,-15.2,5.0,9680200
1926-02-07,-19.1,44.0,986802
1926-02-07,19.6,260.0,987302
1926-02-07,-28.0,17.0,9680300
1926-02-07,22.3,6.0,9680400
1926-02-08,-22.6,18.0,986905
1926-02-08,20.5,18.0,987501
1926-02-08,-19.5,7.0,9680500
1926-02-09,12.7,45.0,987102
1926-02-11,17.2,37.0,9680600
1926-02-12,15.7,181.0,987901
1926-02-12,-21.0,319.0,988001
1926-02-12,33.8,3.0,9680700
1926-02-14,22.1,7.0,9680800
1926-02-15,21.7,40.0,987205
1926-02-15,22.3,447.0,988104
1926-02-16,20.6,228.0,987705
1926-02-16,15.8,98.0,988201
1926-02-16,11.4,5.0,9680900
1926-02-16,-18.3,2.0,9681000
1926-02-16,18.5,2.0,9681100
1926-02-17,14.3,5.0,9681200
1926-02-18,-25.3,6.0,9681300
1926-02-20,16.3,16.0,987605
1926-02-20,-15.2,92.0,988305
1926-02-21,-17.8,275.0,987402
1926-02-22,30.5,8.0,9681400
1926-02-22,18.3,1.0,9681500
1926-02-24,-11.2,32.0,987802
1926-02-26,27.3,12.0,988605
1926-02-27,11.4,48.0,988402
1926-02-27,-22.9,7.0,988701
1926-02-28,-17.8,4.0,988805
1926-03-02,-16.8,44.0,989002
1926-03-03,20.4,223.0,989103
1926-03-05,-20.1,4.0,9690100
1926-03-06,-13.1,141.0,989201
1926-03-07,-19.8,440.0,988902
1926-03-07,25.6,10.0,9690200
1926-03-08,12.1,49.0,989305
1926-03-08,-8.6,5.0,9690300
1926-03-08,-16.9,2.0,9690400
1926-03-10,-17.5,10.0,9690500
1926-03-11,-30.1,199.0,988502
1926-03-11,-18.3,14.0,989701
1926-03-11,-15.9,19.0,989805
1926-03-12,-18.9,408.0,989901
1926-03-13,17.2,21.0,989402
1926-03-13,8.8,66.0,990101
1926-03-13,-20.7,16.0,9690600
1926-03-14,-24.3,7.0,990201
1926-03-16,-24.4,2.0,990301
1926-03-17,24.1,73.0,989502
1926-03-17,21.8,3.0,9690700
1926-03-19,-15.9,403.0,989602
1926-03-19,-22.3,67.0,990601
1926-03-19,13.2,5.0,9690800
1926-03-21,26.1,64.0,990002
1926-03-21,31.2,3.0,990705
1926-03-22,22.6,14.0,990402
1926-03-22,-19.4,99.0,990801
1926-03-22,23.2,5.0,9690900
1926-03-23,14.1,30.0,990502
1926-03-24,9.8,2.0,990902
1926-03-26,20.9,13.0,991001
1926-03-27,-25.1,21.0,991302
1926-03-30,-9.0,58.0,991405
1926-03-30,-31.1,3.0,9700100
1926-03-31,-22.6,82.0,991202
1926-04-01,19.2,25.0,991505
1926-04-01,-34.9,6.0,9700200
1926-04-02,18.9,12.0,9700300
1926-04-03,9.1,12.0,9700400
1926-04-05,28.6,80.0,991102
1926-04-06,-26.1,10.0,991605
1926-04-07,13.4,5.0,9700500
1926-04-08,-13.2,3.0,991805
1926-04-09,-15.2,58.0,991902
1926-04-09,-18.1,228.0,992001
1926-04-09,-17.7,6.0,9700600
1926-04-10,26.2,3.0,9700700
1926-04-12,19.8,9.0,992202
1926-04-12,-29.1,271.0,992301
1926-04-12,-15.5,5.0,9700800
1926-04-13,24.9,2.0,992502
1926-04-13,9.9,39.0,992605
1926-04-13,20.4,80.0,992701
1926-04-13,18.8,2.0,9700900
1926-04-16,-7.8,214.0,992402
1926-04-17,17.3,2.0,992805
1926-04-17,-16.9,4.0,9701000
1926-04-18,11.2,72.0,991702
1926-04-18,-17.3,3.0,992102
1926-04-20,-19.0,3.0,993002
1926-04-20,-13.8,16.0,9710100
1926-04-21,24.2,106.0,992902
1926-04-22,28.2,241.0,993102
1926-04-22,11.1,8.0,993301
1926-04-23,-24.1,56.0,993202
1926-04-23,-16.1,10.0,993401
1926-04-24,-22.0,5.0,9710200
1926-04-29,20.9,30.0,993502
1926-04-29,-14.2,35.0,993602
1926-04-29,-19.6,436.0,993802
1926-04-29,27.2,3.0,9710300
1926-05-02,-20.2,6.0,9710400
1926-05-07,15.5,85.0,994002
1926-05-07,-18.8,142.0,994302
1926-05-08,19.8,27.0,994401
1926-05-08,25.3,9.0,994501
1926-05-09,6.4,132.0,993702
1926-05-09,17.2,146.0,993902
1926-05-10,22.4,26.0,994101
1926-05-11,-18.1,9.0,9710500
1926-05-13,-17.9,2.0,994905
1926-05-13,9.6,10.0,995002
1926-05-13,21.0,88.0,995101
1926-05-14,2.8,12.0,9710600
1926-05-15,-16.9,177.0,994202
1926-05-15,-19.3,90.0,995202
1926-05-16,22.1,60.0,994802
1926-05-16,9.8,4.0,9720100
1926-05-17,17.6,426.0,994602
1926-05-17,-30.4,2.0,995305
1926-05-17,13.3,8.0,995401
1926-05-17,-12.5,7.0,9720200
1926-05-18,-18.8,88.0,995501
1926-05-20,-22.7,212.0,995602
1926-05-21,21.3,11.0,9720300
1926-05-23,18.8,14.0,994702
1926-05-25,22.2,8.0,995702
1926-05-26,16.7,5.0,995802
1926-05-26,-19.6,127.0,995901
1926-05-26,-20.8,3.0,9720400
1926-05-28,-8.5,38.0,996001
1926-05-28,-12.9,23.0,9720500
1926-05-29,-15.2,52.0,996205
1926-05-30,24.3,29.0,996102
1926-06-01,-19.0,8.0,996505
1926-06-01,17.9,293.0,996601
1926-06-01,-24.1,3.0,9720600
1926-06-04,-19.5,73.0,996801
1926-06-04,31.3,1.0,9720700
1926-06-06,14.8,3.0,9720800
1926-06-08,21.6,88.0,996302
1926-06-09,-14.7,2.0,9720900
1926-06-09,24.3,3.0,9721000
1926-06-10,-15.8,223.0,996402
1926-06-10,16.4,9.0,997302
1926-06-11,26.5,57.0,997002
1926-06-11,-17.0,221.0,997205
1926-06-11,-13.8,226.0,997402
1926-06-11,14.9,2.0,9721100
1926-06-11,19.4,2.0,9721200
1926-06-12,11.6,8.0,997102
1926-06-12,30.1,3.0,9730100
1926-06-12,-9.8,8.0,9730200
1926-06-14,19.7,82.0,997502
1926-06-14,-20.4,4.0,9730300
1926-06-15,-20.9,2.0,9730400
1926-06-16,5.4,123.0,996702
1926-06-16,-28.8,78.0,996902
1926-06-19,-6.0,12.0,997802
1926-06-19,-28.0,103.0,997901
1926-06-19,19.1,5.0,9730500
1926-06-21,15.7,4.0,9730600
1926-06-23,21.0,756.0,998002
1926-06-24,-13.9,59.0,997602
1926-06-24,29.4,39.0,998102
1926-06-26,-17.9,29.0,998305
1926-06-26,-11.4,17.0,9730700
1926-06-26,13.8,3.0,9730800
1926-06-27,6.8,154.0,998402
1926-06-28,25.0,221.0,997702
1926-06-29,16.2,11.0,998601
1926-06-29,20.5,91.0,998701
1926-06-29,-10.7,3.0,9730900
1926-06-30,-12.1,14.0,998802
1926-06-30,9.4,47.0,998902
1926-07-01,8.6,29.0,998202
1926-07-01,25.5,4.0,9731000
1926-07-02,19.2,111.0,998502
1926-07-02,-20.7,13.0,999001
1926-07-02,-16.5,3.0,9731100
1926-07-06,9.0,3.0,999202
1926-07-06,25.7,4.0,9731200
1926-07-08,-13.7,26.0,999502
1926-07-09,-10.1,3.0,999302
1926-07-09,-22.3,17.0,999602
1926-07-09,7.1,14.0,9731300
1926-07-10,-13.7,37.0,999401
1926-07-11,14.6,12.0,9740100
1926-07-12,-22.8,20.0,999102
1926-07-13,-12.7,7.0,999702
1926-07-17,18.8,12.0,999801
1926-07-20,21.7,260.0,1000203
1926-07-20,15.7,2.0,9740200
1926-07-21,11.4,14.0,1000302
1926-07-21,-13.4,7.0,9740300
1926-07-23,29.8,6.0,999901
1926-07-24,23.4,5.0,9740400
1926-07-25,-8.7,11.0,1000102
1926-07-26,18.6,3.0,1000501
1926-07-26,-13.6,5.0,9740500
1926-07-27,9.1,30.0,9740600
1926-07-28,-20.2,99.0,1000903
1926-07-28,-21.2,3.0,9740700
1926-07-30,16.0,309.0,1000002
1926-07-30,-19.0,138.0,1000402
1926-07-31,24.8,7.0,1000701
1926-07-31,-26.5,9.0,1001201
1926-07-31,9.3,49.0,1001302
1926-08-01,28.1,7.0,9740800
1926-08-01,28.9,8.0,9740900
1926-08-02,11.4,4.0,1001405
1926-08-02,13.1,3.0,9741000
1926-08-04,19.0,53.0,1001002
1926-08-04,9.2,4.0,9741100
1926-08-04,26.7,2.0,9741200
1926-08-05,-11.7,175.0,1000603
1926-08-05,17.7,104.0,1000802
1926-08-05,26.9,3.0,1001101
1926-08-05,-26.7,10.0,1001202
1926-08-05,-13.0,5.0,1001502
1926-08-06,22.0,14.0,9750100
1926-08-07,-15.0,11.0,9750200
1926-08-08,-21.2,17.0,1001802
1926-08-09,21.3,26.0,1001702
1926-08-10,-18.5,17.0,9750300
1926-08-13,-30.9,5.0,1002002
1926-08-13,-23.9,9.0,9750400
1926-08-14,-19.4,149.0,1001603
1926-08-15,-11.9,53.0,1002102
1926-08-15,15.3,10.0,9750500
1926-08-19,-8.5,216.0,1002301
1926-08-19,18.3,107.0,1002402
1926-08-21,20.9,14.0,1002605
1926-08-21,-20.4,39.0,1002701
1926-08-22,-18.9,79.0,1001902
1926-08-23,-19.5,55.0,1002802
1926-08-24,-24.5,11.0,1002202
1926-08-24,26.9,2.0,9750600
1926-08-25,-14.8,4.0,9750700
1926-08-25,12.9,6.0,9750800
1926-08-26,18.9,436.0,1002502
1926-08-26,22.3,11.0,9750900
1926-08-27,25.5,14.0,1003202
1926-08-27,25.3,2.0,9751000
1926-08-28,22.8,5.0,1003105
1926-08-29,-16.5,5.0,1003005
1926-08-29,16.4,7.0,9751100
1926-08-30,-17.2,115.0,1003301
1926-08-30,10.3,3.0,9751200
1926-08-30,32.6,2.0,9751300
1926-08-31,15.7,10.0,1003403
1926-08-31,7.7,3.0,9751400
1926-09-01,-11.8,76.0,1002902
1926-09-01,-21.8,24.0,1003602
1926-09-03,-14.5,188.0,1003501
1926-09-03,-12.9,4.0,9760100
1926-09-04,25.7,17.0,1003701
1926-09-04,-25.8,4.0,9760200
1926-09-04,-13.1,11.0,9760300
1926-09-05,-12.6,7.0,9760400
1926-09-10,-12.8,9.0,1003802
1926-09-10,19.1,376.0,1004002
1926-09-15,-10.0,49.0,1004202
1926-09-15,-15.8,6.0,9760500
1926-09-16,-10.2,23.0,1004301
1926-09-17,-9.9,22.0,1004405
1926-09-17,19.1,19.0,1004501
1926-09-18,25.7,9.0,1003902
1926-09-18,21.0,5.0,1004601
1926-09-18,-16.6,8.0,1004705
1926-09-18,20.7,7.0,9760600
1926-09-19,-14.1,62.0,1004802
1926-09-20,-13.3,5.0,9760700
1926-09-20,24.8,4.0,9760800
1926-09-22,11.2,19.0,1005101
1926-09-22,-22.8,7.0,9760900
1926-09-24,-11.0,185.0,1004901
1926-09-24,1.8,2.0,9761000
1926-09-26,27.7,5.0,1005002
1926-09-26,-30.3,19.0,1005401
1926-09-26,-13.2,78.0,1005501
1926-09-26,-22.4,23.0,9761100
1926-09-26,-20.6,12.0,9761200
1926-09-27,26.0,492.0,1004103
1926-09-28,23.2,9.0,1005701
1926-09-28,17.5,15.0,1005801
1926-09-29,9.6,19.0,1005202
1926-09-30,-20.9,22.0,1005302
1926-09-30,16.3,16.0,1005602
1927-01-01,18.5,31.0,9800400
1927-01-01,-12.4,2.0,9800500
1927-01-03,-9.8,24.0,1013705
1927-01-05,7.4,31.0,1014102
1927-01-07,-7.3,419.0,1013302
1927-01-08,9.7,75.0,1013502
1927-01-08,-16.8,18.0,1014401
1927-01-09,32.3,18.0,1014502
1927-01-10,-12.9,36.0,1014201
1927-01-11,-25.3,17.0,1013905
1927-01-12,19.1,23.0,1013601
1927-01-13,12.8,7.0,1014602
1927-01-13,-19.3,9.0,1014702
1927-01-13,25.0,305.0,1014802
1927-01-13,25.3,9.0,9800600
1927-01-14,21.7,32.0,9800700
1927-01-14,7.7,2.0,9800800
1927-01-15,-17.8,123.0,1013802
1927-01-15,33.2,237.0,1014901
1927-01-15,-14.3,416.0,1015002
1927-01-16,-16.2,90.0,1014002
1927-01-16,9.1,6.0,1015202
1927-01-17,6.4,49.0,1014305
1927-01-17,-18.5,18.0,1015401
1927-01-18,26.6,10.0,9810100
1927-01-19,25.5,5.0,1015102
1927-01-20,-8.7,16.0,1015502
1927-01-21,-27.3,4.0,9810200
1927-01-21,-19.9,4.0,9810300
1927-01-22,-6.9,72.0,1015601
1927-01-23,14.1,14.0,1015302
1927-01-23,8.8,3.0,9810400
1927-01-24,-26.6,39.0,9810500
1927-01-25,10.4,38.0,1015705
1927-01-27,10.7,229.0,1016002
1927-01-28,10.9,5.0,9810600
1927-01-29,-11.1,10.0,1015805
1927-01-29,13.6,74.0,1016102
1927-01-29,-12.7,148.0,1016405
1927-01-29,-27.2,284.0,1016602
1927-01-29,11.7,5.0,9810700
1927-01-31,-7.8,49.0,1016702
1927-01-31,24.0,34.0,1016802
1927-02-01,24.1,144.0,1016905
1927-02-02,15.0,113.0,1017005
1927-02-02,9.0,144.0,1017101
1927-02-03,-10.0,21.0,1016202
1927-02-03,22.9,5.0,1017202
1927-02-03,-14.8,117.0,1017302
1927-02-03,-18.5,4.0,9810800
1927-02-04,9.7,8.0,1017405
1927-02-04,7.4,10.0,9810900
1927-02-05,-18.4,209.0,1016302
1927-02-05,-12.7,51.0,1017502
1927-02-05,-10.9,2.0,9811000
1927-02-06,13.9,21.0,1017702
1927-02-06,23.3,6.0,9811100
1927-02-06,-18.7,5.0,9811200
1927-02-08,-13.3,198.0,1015902
1927-02-08,7.8,4.0,1017402
1927-02-08,-27.2,154.0,1018001
1927-02-08,12.8,4.0,9811300
1927-02-10,23.8,95.0,1017902
1927-02-11,-15.4,50.0,1016502
1927-02-12,-14.9,4.0,1018205
1927-02-13,14.2,78.0,1017002
1927-02-13,33.2,79.0,1018405
1927-02-13,-7.5,3.0,9820100
1927-02-14,5.6,79.0,1017602
1927-02-14,17.8,9.0,1018505
1927-02-15,-7.3,178.0,1017802
1927-02-16,11.0,156.0,1018702
1927-02-17,27.6,6.0,9820200
1927-02-18,13.4,4.0,1018105
1927-02-19,-11.9,9.0,1018905
1927-02-19,-15.4,2.0,9820300
1927-02-21,-25.9,14.0,1019002
1927-02-21,14.3,8.0,9820400
1927-02-22,10.3,15.0,1019202
1927-02-23,12.1,15.0,1018602
1927-02-23,-14.2,23.0,1019405
1927-02-24,-14.5,118.0,1018301
1927-02-24,-20.2,33.0,1019505
1927-02-25,-10.3,7.0,1019301
1927-02-25,-19.8,3.0,1019702
1927-02-25,-19.1,2.0,1019805
1927-02-25,-25.1,27.0,1019901
1927-02-26,-8.7,5.0,9820500
1927-02-27,-9.6,85.0,1018802
1927-02-27,21.3,21.0,1020302
1927-02-28,-18.7,8.0,1020105
1927-02-28,-26.2,21.0,1020202
1927-02-28,-13.1,17.0,1020401
1927-02-28,11.2,7.0,9820600
1927-03-01,25.4,12.0,1020502
1927-03-02,10.3,186.0,1020002
1927-03-02,-26.2,3.0,9820700
1927-03-03,-21.5,5.0,1019502
1927-03-03,9.1,60.0,1020701
1927-03-04,12.7,17.0,1019101
1927-03-06,-16.9,30.0,1020601
1927-03-06,-23.5,4.0,9820800
1927-03-08,-11.4,11.0,1021302
1927-03-08,16.8,21.0,9820900
1927-03-08,27.6,3.0,9821000
1927-03-09,-18.0,162.0,1019601
1927-03-09,4.8,20.0,1021102
1927-03-09,-19.8,14.0,1021202
1927-03-09,-20.0,7.0,1021502
1927-03-10,-21.8,99.0,1021402
1927-03-11,-9.8,212.0,1021701
1927-03-12,17.8,19.0,1021005
1927-03-14,-19.4,28.0,1020902
1927-03-14,-10.3,169.0,1022102
1927-03-15,-13.3,130.0,1020801
1927-03-15,13.5,10.0,1022205
1927-03-16,14.8,141.0,1021602
1927-03-16,-9.2,269.0,1022105
1927-03-16,13.7,3.0,1022202
1927-03-16,-10.7,30.0,1022302
1927-03-18,14.4,67.0,1021601
1927-03-19,15.7,8.0,9830100
1927-03-20,-11.4,2.0,1022505
1927-03-21,-9.8,5.0,9830200
1927-03-22,10.8,5.0,1022805
1927-03-23,18.7,97.0,1022002
1927-03-23,-22.5,23.0,1022701
1927-03-23,-15.8,21.0,1022905
1927-03-24,10.5,27.0,1023001
1927-03-24,17.3,27.0,9830300
1927-03-25,16.1,99.0,1021901
1927-03-26,33.6,134.0,1021803
1927-03-26,-12.5,12.0,1022402
1927-03-27,7.5,8.0,1022602
1927-03-27,-19.6,17.0,1023302
1927-03-27,7.9,5.0,9830400
1927-03-28,15.0,4.0,1023205
1927-03-29,-9.1,4.0,1023102
1927-03-29,-24.3,12.0,1023405
1927-03-29,15.9,97.0,1023501
1927-03-31,11.2,5.0,1023702
1927-03-31,-14.0,3.0,1023802
1927-03-31,11.9,193.0,1023903
1927-04-01,-25.1,42.0,1024102
1927-04-01,-17.2,7.0,1024205
1927-04-02,13.7,90.0,1024402
1927-04-04,14.1,15.0,1024502
1927-04-05,-25.5,401.0,1023605
1927-04-05,-15.5,232.0,1024602
1927-04-06,-13.6,60.0,1024705
1927-04-06,-16.9,460.0,1024803
1927-04-07,-13.9,130.0,1024302
1927-04-07,13.4,145.0,1025002
1927-04-07,4.3,5.0,9830500
1927-04-08,-25.4,13.0,1025201
1927-04-09,22.9,55.0,1024002
1927-04-09,13.1,30.0,1024401
1927-04-09,10.2,17.0,1024901
1927-04-10,-7.7,96.0,1025402
1927-04-11,5.0,126.0,1025105
1927-04-11,15.1,16.0,1025305
1927-04-11,32.9,426.0,1025603
1927-04-11,-6.3,30.0,1025705
1927-04-12,10.6,278.0,1025802
1927-04-12,18.0,28.0,1025901
1927-04-16,-14.3,16.0,1026005
1927-04-16,14.5,6.0,1026102
1927-04-18,8.1,80.0,1026301
1927-04-19,-17.3,6.0,1026402
1927-04-20,-20.2,117.0,1026501
1927-04-20,25.5,96.0,9840100
1927-04-22,-12.6,10.0,1025502
1927-04-22,-16.9,71.0,1026802
1927-04-23,-29.0,3.0,1026901
1927-04-24,-11.0,226.0,1026203
1927-04-25,-16.3,8.0,1027001
1927-04-25,4.0,190.0,1027101
1927-04-26,-5.9,10.0,1026705
1927-04-26,20.9,87.0,1027402
1927-04-27,-10.1,421.0,1027202
1927-04-28,24.0,6.0,1026602
1927-04-28,-8.9,11.0,1027302
1927-04-29,-14.0,5.0,9840200
1927-05-02,9.7,126.0,1027602
1927-05-05,-15.0,4.0,1028005
1927-05-06,-10.8,21.0,1028205
1927-05-07,-18.1,230.0,1027503
1927-05-08,23.0,10.0,1027802
1927-05-08,-10.0,28.0,1028401
1927-05-08,-10.7,4.0,9850100
1927-05-09,-11.7,243.0,1028902
1927-05-10,-7.2,22.0,1028302
1927-05-10,19.5,94.0,1029002
1927-05-11,-26.7,329.0,1028505
1927-05-11,-20.5,21.0,1028602
1927-05-11,-10.5,213.0,1029301
1927-05-12,-15.5,89.0,1027702
1927-05-12,16.7,31.0,1028102
1927-05-12,28.6,12.0,1029102
1927-05-13,-7.4,47.0,1027902
1927-05-14,-24.3,4.0,1029202
1927-05-15,-13.5,150.0,1029401
1927-05-16,14.2,95.0,9850200
1927-05-16,-16.0,11.0,9850300
1927-05-17,21.1,36.0,1029601
1927-05-17,-10.0,12.0,9850400
1927-05-17,-9.1,6.0,9850500
1927-05-18,15.6,421.0,1028702
1927-05-18,19.1,45.0,1028802
1927-05-18,2.8,32.0,1029901
1927-05-18,-16.4,6.0,9850600
1927-05-19,-8.6,3.0,9850700
1927-05-19,-9.7,3.0,9850800
1927-05-20,-13.1,8.0,1030002
1927-05-21,-10.1,113.0,1030101
1927-05-22,19.3,96.0,1029802
1927-05-22,15.5,25.0,1030302
1927-05-22,8.7,16.0,1030405
1927-05-23,-23.8,41.0,1029502
1927-05-23,-27.2,29.0,1030502
1927-05-24,-26.2,173.0,1030202
1927-05-24,-24.4,8.0,1030602
1927-05-24,12.0,17.0,9850900
1927-05-24,4.1,2.0,9851000
1927-05-26,6.0,3.0,9851100
1927-05-27,-9.3,173.0,1029702
1927-05-29,-19.9,17.0,9851200
1927-05-30,-9.6,22.0,1030802
1927-06-02,-21.2,10.0,9860100
1927-06-03,15.0,3.0,9860200
1927-06-04,-18.1,15.0,1030702
1927-06-05,17.8,5.0,1031205
1927-06-05,14.5,14.0,1031302
1927-06-06,-18.2,28.0,1030901
1927-06-06,16.0,6.0,9860300
1927-06-08,-8.7,25.0,1031102
1927-06-10,20.5,4.0,1031202
1927-06-10,-9.0,7.0,9860400
1927-06-12,-24.8,32.0,1031702
1927-06-12,-25.3,53.0,1031801
1927-06-13,-19.1,75.0,1031402
1927-06-13,14.4,36.0,1031902
1927-06-14,16.7,451.0,1031003
1927-06-15,-18.9,31.0,1031602
1927-06-16,21.0,7.0,1032001
1927-06-19,-7.5,85.0,1032302
1927-06-23,-7.7,108.0,1031501
1927-06-23,-11.5,11.0,1032505
1927-06-25,-7.4,273.0,1032803
1927-06-25,-18.5,57.0,1032901
1927-06-25,24.1,11.0,9860500
1927-06-26,-14.1,15.0,1032201
1927-06-26,-29.6,7.0,1032402
1927-06-26,-7.8,50.0,1033202
1927-06-28,-11.4,103.0,1032102
1927-06-28,-8.3,6.0,1032605
1927-06-28,14.9,6.0,1033301
1927-06-28,-20.9,143.0,1033402
1927-06-30,8.1,6.0,1032703
1927-07-02,21.5,123.0,1033002
1927-07-02,-8.6,26.0,1033701
1927-07-04,24.6,167.0,1033102
1927-07-04,-8.7,51.0,1033802
1927-07-05,23.9,32.0,1033602
1927-07-05,13.9,3.0,9870100
1927-07-05,19.1,11.0,9870200
1927-07-08,-6.5,83.0,1033901
1927-07-09,-22.8,24.0,1034001
1927-07-09,16.7,6.0,9870300
1927-07-09,24.3,6.0,9870400
1927-07-11,14.4,490.0,1033504
1927-07-13,-12.5,239.0,1034201
1927-07-14,11.0,28.0,1034101
1927-07-14,-20.4,5.0,9870500
1927-07-15,-29.3,41.0,1034402
1927-07-18,15.3,33.0,1034302
1927-07-18,-11.9,70.0,1034502
1927-07-20,-26.6,6.0,9870600
1927-07-21,-8.3,397.0,1034802
1927-07-22,-7.4,7.0,9870700
1927-07-25,-16.7,16.0,9870800
1927-07-27,-8.6,150.0,1034702
1927-07-27,9.9,54.0,1034902
1927-07-27,-7.8,64.0,1035101
1927-07-27,-18.1,10.0,9880100
1927-07-29,26.1,9.0,9880200
1927-07-30,15.6,6.0,1035002
1927-07-30,-6.7,30.0,1035202
1927-08-01,23.3,37.0,1034601
1927-08-01,-17.5,51.0,1035502
1927-08-04,10.7,17.0,1035302
1927-08-04,20.4,380.0,1035402
1927-08-06,12.1,51.0,1035601
1927-08-08,-13.5,128.0,1035803
1927-08-09,-14.2,41.0,1035702
1927-08-13,5.0,14.0,9880300
1927-08-13,-12.9,8.0,9880400
1927-08-14,-6.8,19.0,1036002
1927-08-14,-17.9,22.0,1036101
1927-08-16,-9.6,10.0,9880500
1927-08-19,19.1,10.0,1036405
1927-08-19,16.0,4.0,9880600
1927-08-20,-10.3,1213.0,1035905
1927-08-20,-9.7,2.0,9880700
1927-08-22,23.0,7.0,1036505
1927-08-22,-16.6,479.0,1036602
1927-08-22,-11.7,12.0,9880800
1927-08-24,16.4,29.0,9890100
1927-08-27,11.6,23.0,1036202
1927-08-27,-16.1,4.0,1036805
1927-08-27,-16.3,101.0,1036902
1927-08-29,11.7,9.0,1036701
1927-08-29,7.0,16.0,1037005
1927-08-30,-8.6,433.0,1036301
1927-08-30,-13.2,38.0,1037102
1927-08-30,12.7,4.0,9890200
1927-08-31,-20.5,3.0,9890300
1927-09-07,20.9,29.0,1037305
1927-09-08,-16.4,24.0,1037401
1927-09-09,-11.0,9.0,1037505
1927-09-09,-7.5,24.0,1037601
1927-09-11,23.0,11.0,9890400
1927-09-12,16.6,25.0,1037802
1927-09-12,-10.8,55.0,1038002
1927-09-12,5.6,5.0,9890500
1927-09-13,26.2,6.0,1038101
1927-09-13,-17.2,15.0,1038201
1927-09-13,10.7,6.0,1038305
1927-09-15,-14.8,14.0,1038505
1927-09-15,-9.1,54.0,1038601
1927-09-16,-8.6,153.0,1037202
1927-09-16,-12.8,86.0,1038802
1927-09-16,16.3,79.0,9890600
1927-09-17,-15.0,8.0,1038702
1927-09-19,-14.5,14.0,9900100
1927-09-20,-19.3,612.0,1037702
1927-09-20,-11.8,214.0,1037902
1927-09-20,11.4,17.0,1038901
1927-09-20,-12.4,27.0,1039002
1927-09-20,14.7,31.0,1039105
1927-09-21,-7.3,7.0,9900200
1927-09-22,-18.2,308.0,1039501
1927-09-24,-9.4,9.0,9900300
1927-09-25,22.1,208.0,1038401
1927-09-26,18.4,24.0,1039701
1927-09-26,-33.4,19.0,1039801
1927-09-27,22.5,38.0,1039202
1927-09-27,-17.0,118.0,1039302
1927-09-27,11.2,26.0,1039402
1927-09-27,6.7,7.0,1039602
1927-09-27,-10.4,14.0,1040005
1927-09-27,-18.5,22.0,9900400
1927-09-28,-21.4,8.0,1039901
1927-09-29,20.2,20.0,9900500
1927-09-30,21.3,18.0,1040102
1928-01-01,-9.2,70.0,1047901
1928-01-01,10.1,8.0,1048201
1928-01-02,13.3,179.0,1047502
1928-01-02,-12.5,31.0,1047805
1928-01-02,10.6,27.0,9930500
1928-01-03,-6.4,4.0,9930600
1928-01-04,8.2,36.0,1048005
1928-01-06,13.2,73.0,1048602
1928-01-07,-16.8,121.0,1047603
1928-01-08,-9.4,12.0,1048801
1928-01-08,12.0,5.0,9940100
1928-01-08,-8.8,7.0,9940200
1928-01-08,-6.8,5.0,9940300
1928-01-09,-7.8,441.0,1047701
1928-01-09,-14.3,28.0,1048101
1928-01-09,-9.8,5.0,9940400
1928-01-10,10.1,57.0,1048402
1928-01-10,16.3,18.0,1049102
1928-01-11,-7.5,35.0,1048502
1928-01-12,-17.8,11.0,1049205
1928-01-14,-18.6,135.0,1048302
1928-01-14,15.4,12.0,1049401
1928-01-15,14.8,11.0,1049501
1928-01-16,-33.8,6.0,1049305
1928-01-16,14.5,33.0,1049605
1928-01-16,16.1,406.0,1049702
1928-01-17,7.3,211.0,1048705
1928-01-17,-18.8,13.0,1049802
1928-01-18,-15.0,33.0,1049002
1928-01-19,-9.7,130.0,1048902
1928-01-19,5.9,232.0,1049902
1928-01-22,-15.8,19.0,1050002
1928-01-23,-16.4,11.0,1050005
1928-01-24,-29.1,14.0,1050305
1928-01-24,-15.4,166.0,1050502
1928-01-24,-7.7,434.0,1050601
1928-01-24,-18.5,4.0,9940500
1928-01-27,-10.1,30.0,1050202
1928-01-31,8.0,1036.0,1050102
1928-01-31,14.5,7.0,1051001
1928-01-31,-16.6,47.0,1051101
1928-01-31,7.8,8.0,1051201
1928-02-01,-21.3,10.0,1050702
1928-02-01,-13.8,2.0,1050905
1928-02-01,-16.3,7.0,9940600
1928-02-01,-19.3,5.0,9940700
1928-02-02,-12.0,100.0,1050802
1928-02-02,-12.1,198.0,1051302
1928-02-02,-13.5,18.0,9940800
1928-02-03,-14.1,2.0,9950100
1928-02-03,-13.0,2.0,9950200
1928-02-04,2.3,12.0,1051405
1928-02-04,-19.9,16.0,1051502
1928-02-05,-21.4,269.0,1050402
1928-02-07,-23.0,42.0,1051602
1928-02-07,21.7,18.0,9950300
1928-02-10,-15.8,19.0,9950400
1928-02-13,-22.5,66.0,1051901
1928-02-15,11.2,530.0,1051802
1928-02-15,19.2,39.0,1052102
1928-02-15,5.5,1255.0,1052204
1928-02-18,13.8,5.0,9950500
1928-02-19,15.9,83.0,1051702
1928-02-19,15.0,15.0,1052502
1928-02-19,-12.7,200.0,1052602
1928-02-19,7.7,5.0,9950600
1928-02-20,15.8,5.0,1052505
1928-02-20,-16.4,29.0,1052805
1928-02-20,-5.8,19.0,1052901
1928-02-20,-20.3,195.0,1053001
1928-02-20,18.8,6.0,9950700
1928-02-20,-6.2,4.0,9950800
1928-02-21,-24.5,7.0,9950900
1928-02-22,-9.1,11.0,1053301
1928-02-22,19.4,4.0,9951000
1928-02-22,-14.9,5.0,9951100
1928-02-23,20.7,32.0,1052002
1928-02-23,-10.2,90.0,1052302
1928-02-24,-17.2,151.0,1052402
1928-02-24,3.7,2.0,9951200
1928-02-24,-5.6,5.0,9951300
1928-02-25,12.1,21.0,1053105
1928-02-25,-19.7,85.0,1053502
1928-02-26,-24.0,179.0,1052702
1928-02-26,-6.9,148.0,1053601
1928-02-27,-16.1,13.0,9951400
1928-02-29,-27.2,46.0,1053402
1928-03-01,-28.4,14.0,9960100
1928-03-02,-12.5,608.0,1052601
1928-03-03,-3.6,126.0,1053702
1928-03-04,-8.9,179.0,1053201
1928-03-04,-14.7,5.0,1053905
1928-03-05,-18.0,9.0,1053505
1928-03-05,-11.5,10.0,1054301
1928-03-08,-13.8,23.0,1054501
1928-03-09,-19.6,368.0,1054601
1928-03-10,26.4,21.0,1054202
1928-03-11,-23.2,132.0,1054701
1928-03-11,8.2,5.0,9960200
1928-03-11,16.3,5.0,9960300
1928-03-11,12.8,2.0,9960400
1928-03-12,-15.2,5.0,9960500
1928-03-12,18.1,4.0,9960600
1928-03-13,6.1,277.0,1054005
1928-03-13,13.8,23.0,1054902
1928-03-14,12.1,207.0,1053802
1928-03-14,9.0,592.0,1055002
1928-03-14,14.7,5.0,9960700
1928-03-15,14.0,82.0,1054102
1928-03-16,-15.4,192.0,1055105
1928-03-17,-9.0,126.0,1054401
1928-03-17,-17.6,122.0,1054802
1928-03-17,-24.8,22.0,1055205
1928-03-18,-6.5,5.0,1055401
1928-03-18,-13.4,8.0,9960800
1928-03-19,14.7,11.0,9960900
1928-03-19,24.8,4.0,9961000
1928-03-20,3.4,7.0,9961100
1928-03-20,19.1,5.0,9961200
1928-03-21,-15.3,6.0,1055102
1928-03-21,-26.2,9.0,9961300
1928-03-22,-14.2,405.0,1055302
1928-03-22,18.9,161.0,1055502
1928-03-23,-13.4,223.0,1055701
1928-03-24,-19.6,151.0,1055801
1928-03-25,-2.7,17.0,1056001
1928-03-25,-8.4,16.0,9961400
1928-03-27,6.5,64.0,1056101
1928-03-27,21.8,446.0,1056201
1928-03-28,-14.8,13.0,1055905
1928-03-31,20.1,36.0,1056405
1928-04-01,-8.9,105.0,1056701
1928-04-02,-17.7,586.0,1056803
1928-04-02,11.7,10.0,9970100
1928-04-03,-25.6,39.0,1056902
1928-04-04,-11.5,48.0,1055601
1928-04-04,5.7,13.0,1056505
1928-04-04,15.6,200.0,1057102
1928-04-04,-11.3,10.0,1057205
1928-04-06,-15.7,7.0,1057302
1928-04-06,-15.8,134.0,1057401
1928-04-07,-10.5,6.0,1057602
1928-04-08,-17.0,7.0,1057702
1928-04-08,12.7,275.0,1057804
1928-04-09,11.5,14.0,1056301
1928-04-09,7.4,101.0,1056602
1928-04-09,12.0,4.0,1057002
1928-04-10,-7.4,15.0,1057502
1928-04-10,-10.5,475.0,1058002
1928-04-12,19.4,7.0,9970200
1928-04-13,-16.5,5.0,1058105
1928-04-16,17.6,182.0,1058201
1928-04-16,-11.2,13.0,1058401
1928-04-16,16.3,5.0,9970300
1928-04-17,5.7,9.0,1058301
1928-04-18,3.7,5.0,9970400
1928-04-19,-10.7,27.0,1058605
1928-04-19,-12.5,393.0,1058701
1928-04-19,-9.8,9.0,9970500
1928-04-21,-8.0,17.0,1058502
1928-04-21,-14.7,5.0,9970600
1928-04-22,8.6,201.0,1057901
1928-04-22,9.1,103.0,1058801
1928-04-25,-15.1,48.0,1059005
1928-04-25,-18.2,93.0,1059102
1928-04-26,17.8,15.0,9980100
1928-04-27,-24.1,5.0,9980200
1928-04-28,21.8,28.0,1059301
1928-04-28,-22.5,27.0,1059402
1928-04-28,-13.5,17.0,9980300
1928-04-28,20.2,15.0,9980400
1928-04-28,-20.3,3.0,9980500
1928-04-29,13.2,18.0,1059505
1928-04-29,10.5,5.0,9980600
1928-04-30,-14.1,4.0,1059705
1928-04-30,-12.5,338.0,1059802
1928-05-01,-19.9,13.0,1059905
1928-05-02,-13.9,507.0,1060002
1928-05-03,-12.0,15.0,1060105
1928-05-04,-20.5,19.0,1059602
1928-05-04,12.5,5.0,9980700
1928-05-06,-14.0,189.0,1058901
1928-05-06,22.0,33.0,1060201
1928-05-07,7.9,70.0,1060301
1928-05-07,11.9,10.0,9980800
1928-05-09,8.2,215.0,1059203
1928-05-09,9.8,4.0,1060505
1928-05-09,-9.7,12.0,1060605
1928-05-09,4.1,10.0,1060705
1928-05-10,-14.4,13.0,9980900
1928-05-11,-17.6,4.0,9981000
1928-05-13,-12.9,234.0,1060801
1928-05-13,14.5,7.0,9981100
1928-05-15,-12.2,24.0,1060402
1928-05-15,23.5,18.0,9981200
1928-05-16,-12.5,12.0,1060901
1928-05-18,-14.3,3.0,9981300
1928-05-19,-10.9,13.0,1061005
1928-05-19,-20.2,7.0,9981400
1928-05-20,-21.0,5.0,9981500
1928-05-21,-19.9,9.0,1061102
1928-05-21,-16.1,97.0,1061201
1928-05-24,-15.8,9.0,9990100
1928-05-25,-16.1,5.0,9990200
1928-05-26,-11.1,143.0,1061602
1928-05-27,-12.1,312.0,1061703
1928-05-29,-16.4,123.0,1062001
1928-06-01,-18.9,54.0,1061402
1928-06-01,15.2,20.0,1062102
1928-06-02,13.4,91.0,1061302
1928-06-02,-11.1,12.0,9990300
1928-06-03,-9.1,8.0,9990400
1928-06-04,8.6,14.0,1061501
1928-06-06,8.9,12.0,1061905
1928-06-07,-19.3,38.0,1062201
1928-06-07,-9.2,59.0,1062502
1928-06-07,-11.0,6.0,1062705
1928-06-07,-12.1,15.0,1062801
1928-06-07,-6.3,9.0,1062905
1928-06-07,-10.5,152.0,1063002
1928-06-08,13.7,18.0,9990500
1928-06-09,6.8,97.0,1061802
1928-06-09,18.0,3.0,1063101
1928-06-10,12.0,146.0,1062302
1928-06-10,15.0,5.0,9990600
1928-06-11,7.9,371.0,1062405
1928-06-12,19.1,32.0,1062602
1928-06-13,-10.1,24.0,1063201
1928-06-15,-13.1,9.0,1063405
1928-06-17,14.1,101.0,1063605
1928-06-18,14.5,11.0,1063905
1928-06-20,17.3,5.0,10000100
1928-06-21,16.1,17.0,1064102
1928-06-21,-11.2,204.0,1064202
1928-06-21,-6.0,8.0,10000200
1928-06-22,-14.9,60.0,1063505
1928-06-22,8.5,14.0,1064002
1928-06-22,10.1,14.0,1064305
1928-06-22,-19.1,250.0,1064402
1928-06-22,10.5,5.0,10000300
1928-06-23,13.0,722.0,1063302
1928-06-23,18.5,76.0,1063802
1928-06-23,14.5,130.0,1064702
1928-06-24,17.8,861.0,1064905
1928-06-24,-21.3,8.0,10000400
1928-06-25,8.6,5.0,10000500
1928-06-25,-11.8,12.0,10000600
1928-06-26,8.3,62.0,1065001
1928-06-27,5.5,3.0,1064802
1928-06-27,9.7,4.0,1065205
1928-06-27,19.4,74.0,1065301
1928-06-27,-21.9,4.0,10000700
1928-06-28,5.7,20.0,1065101
1928-06-29,11.1,263.0,1063702
1928-06-29,5.9,40.0,1065405
1928-06-29,11.8,4.0,10000800
1928-07-02,9.4,16.0,1064502
1928-07-02,-15.8,5.0,1065902
1928-07-02,16.4,6.0,10000900
1928-07-03,12.2,12.0,1064602
1928-07-04,-22.2,154.0,1065505
1928-07-04,-10.7,11.0,1065602
1928-07-04,-11.9,7.0,1065702
1928-07-06,-7.1,16.0,1066101
1928-07-06,-10.8,130.0,1066302
1928-07-07,12.2,17.0,1066001
1928-07-07,7.4,807.0,1066202
1928-07-10,-22.0,5.0,10001000
1928-07-12,5.8,7.0,1066802
1928-07-13,-25.5,127.0,1065802
1928-07-13,-14.4,11.0,1067005
1928-07-13,-16.4,13.0,10001100
1928-07-13,12.2,3.0,10001200
1928-07-14,7.5,7.0,1066705
1928-07-15,-9.9,10.0,1066505
1928-07-15,-25.6,15.0,10010100
1928-07-16,-10.8,38.0,1067205
1928-07-16,17.2,3.0,1067302
1928-07-16,-10.4,24.0,10010200
1928-07-17,-3.7,16.0,1066602
1928-07-17,21.3,5.0,1067405
1928-07-17,13.4,9.0,10010300
1928-07-17,-25.1,7.0,10010400
1928-07-18,8.4,894.0,1066203
1928-07-18,17.5,3.0,1067605
1928-07-18,-13.2,2.0,10010500
1928-07-19,18.8,4.0,1067602
1928-07-20,14.5,166.0,1066401
1928-07-20,-19.0,51.0,1068005
1928-07-20,14.2,244.0,1068101
1928-07-20,-1.9,7.0,10010600
1928-07-21,4.1,10.0,1067502
1928-07-21,7.1,28.0,1067702
1928-07-21,20.0,12.0,1067905
1928-07-21,7.7,8.0,10010700
1928-07-22,-30.7,9.0,10010800
1928-07-22,-17.6,4.0,10010900
1928-07-23,-20.3,301.0,1066902
1928-07-23,6.2,28.0,1067805
1928-07-24,6.5,69.0,1068202
1928-07-25,-20.7,585.0,1068502
1928-07-26,9.5,142.0,1067103
1928-07-26,-19.6,144.0,9067205
1928-07-28,16.1,244.0,1068302
1928-07-28,17.8,4.0,1068405
1928-07-29,-15.8,27.0,1068805
1928-07-29,-25.6,34.0,1068901
1928-07-29,7.4,167.0,1069001
1928-07-30,9.8,7.0,1068705
1928-07-30,13.2,4.0,10011000
1928-08-01,6.3,73.0,1069201
1928-08-01,5.7,6.0,10011100
1928-08-02,-4.3,6.0,1069305
1928-08-04,14.7,23.0,1069601
1928-08-04,-13.3,12.0,10011200
1928-08-04,-10.7,17.0,10011300
1928-08-06,14.9,538.0,1068602
1928-08-07,10.3,17.0,1069101
1928-08-07,-18.1,33.0,1069801
1928-08-09,-13.9,50.0,1069702
1928-08-09,6.4,10.0,10011400
1928-08-10,20.3,28.0,1069901
1928-08-11,23.2,9.0,1070105
1928-08-11,-18.5,32.0,1070201
1928-08-12,21.2,35.0,1070302
1928-08-12,8.8,51.0,1070401
1928-08-13,-9.8,26.0,1070501
1928-08-14,8.7,181.0,1069405
1928-08-14,9.4,11.0,1070701
1928-08-14,8.8,18.0,10020100
1928-08-15,-15.1,206.0,1069502
1928-08-15,-14.9,20.0,1070803
1928-08-17,-14.1,147.0,1070602
1928-08-18,5.7,365.0,1071001
1928-08-18,18.1,6.0,10020200
1928-08-20,-9.1,134.0,1071101
1928-08-21,-19.4,106.0,1071201
1928-08-22,3.8,110.0,1070002
1928-08-22,26.8,5.0,1071401
1928-08-24,4.9,103.0,1071602
1928-08-25,-14.2,23.0,1071702
1928-08-26,-9.4,14.0,1071905
1928-08-26,17.0,8.0,10020300
1928-08-27,-12.1,863.0,1070905
1928-08-27,23.8,40.0,1072005
1928-08-29,18.5,16.0,1072205
1928-08-29,8.5,130.0,1072301
1928-08-29,20.0,37.0,1072405
1928-08-30,-15.2,27.0,1071805
1928-08-31,-15.4,15.0,1072505
1928-08-31,-12.3,5.0,10020400
1928-09-01,-13.2,75.0,1072601
1928-09-02,-12.6,3.0,1072105
1928-09-03,14.1,238.0,1071301
1928-09-03,16.4,172.0,1071502
1928-09-03,-15.6,57.0,1073002
1928-09-04,20.9,6.0,1073205
1928-09-05,13.9,40.0,1072702
1928-09-05,7.6,17.0,1073105
1928-09-05,17.6,8.0,10020500
1928-09-06,-7.5,179.0,1072802
1928-09-07,-1.1,21.0,1072902
1928-09-08,-15.4,5.0,10030100
1928-09-08,0.4,9.0,10030200
1928-09-09,18.8,27.0,1073402
1928-09-09,-19.8,7.0,1073705
1928-09-13,11.3,6.0,1073501
1928-09-13,10.4,17.0,1073801
1928-09-13,5.5,5.0,10030300
1928-09-16,7.6,88.0,1073602
1928-09-17,-9.5,7.0,1074005
1928-09-17,16.1,207.0,1074202
1928-09-18,-17.7,447.0,1074402
1928-09-19,15.3,329.0,1073303
1928-09-19,15.4,533.0,1074501
1928-09-21,17.9,72.0,1074302
1928-09-21,-14.3,103.0,1074602
1928-09-22,-8.8,20.0,1074701
1928-09-23,-10.9,127.0,1073901
1928-09-26,-6.4,26.0,1074905
1928-09-26,-3.3,3.0,10030400
1928-09-27,15.5,4.0,1074805
1928-09-27,18.2,58.0,1075002
1928-09-28,-13.1,22.0,1075102
1928-09-29,-16.1,57.0,1074101
1928-09-30,-5.9,7.0,1075201
1928-09-30,-15.7,25.0,1075302
1929-01-01,3.8,55.0,1082802
1929-01-01,-10.3,47.0,1082902
1929-01-01,-18.8,7.0,10070100
1929-01-01,15.1,9.0,10070200
1929-01-02,10.4,9.0,1083201
1929-01-02,12.1,324.0,1083301
1929-01-02,6.1,5.0,10070300
1929-01-04,20.9,67.0,1083002
1929-01-05,7.4,135.0,1082602
1929-01-05,-21.7,3.0,1083102
1929-01-05,16.6,8.0,1083502
1929-01-05,-11.7,3.0,1083602
1929-01-05,-14.0,2.0,10070400
1929-01-07,10.1,25.0,1082702
1929-01-09,-12.7,7.0,1083902
1929-01-09,17.3,235.0,1084001
1929-01-09,15.5,12.0,10070500
1929-01-10,7.8,183.0,1083402
1929-01-10,-1.1,27.0,1083702
1929-01-10,12.3,18.0,1083803
1929-01-10,-15.5,8.0,10070600
1929-01-12,-15.1,17.0,1084405
1929-01-13,-20.7,5.0,1084205
1929-01-14,4.6,36.0,1084502
1929-01-16,6.3,8.0,1084805
1929-01-16,-8.9,7.0,10070700
1929-01-18,-10.5,66.0,1084302
1929-01-18,-22.9,20.0,1084602
1929-01-19,4.8,95.0,1085002
1929-01-20,10.5,19.0,1084705
1929-01-20,3.0,63.0,1085102
1929-01-23,6.4,213.0,1084102
1929-01-23,-9.2,43.0,1085205
1929-01-27,-10.7,25.0,10080100
1929-01-28,-14.6,25.0,1084902
1929-01-29,10.8,4.0,10080200
1929-01-31,4.1,60.0,1085502
1929-02-01,8.0,126.0,1085302
1929-02-04,7.9,12.0,1085802
1929-02-04,-9.7,90.0,1085902
1929-02-05,-6.5,33.0,1085402
1929-02-05,-16.1,59.0,1085705
1929-02-05,-23.1,10.0,10080300
1929-02-06,-4.9,166.0,1086201
1929-02-07,-21.2,26.0,1086005
1929-02-07,-11.6,7.0,1086402
1929-02-07,7.6,28.0,1086505
1929-02-08,-17.5,5.0,1086702
1929-02-08,-13.7,81.0,1086802
1929-02-09,-9.7,54.0,1086305
1929-02-10,19.4,7.0,10080400
1929-02-12,7.2,73.0,1085602
1929-02-14,-4.4,4.0,10080500
1929-02-15,-11.5,213.0,1087002
1929-02-15,-8.6,6.0,1087105
1929-02-15,-11.9,8.0,1087205
1929-02-15,6.0,17.0,10080600
1929-02-16,5.7,51.0,1087302
1929-02-17,-11.8,17.0,10080700
1929-02-18,-11.9,59.0,1086102
1929-02-18,-5.5,260.0,1086602
1929-02-18,6.6,34.0,1087405
1929-02-18,-9.6,9.0,10080800
1929-02-20,-7.5,12.0,1087701
1929-02-20,-5.5,5.0,10090100
1929-02-21,-6.2,5.0,1086901
1929-02-21,4.9,375.0,1087602
1929-02-21,-15.0,99.0,1087801
1929-02-22,6.3,337.0,1087902
1929-02-22,4.9,7.0,10090200
1929-02-23,-9.4,284.0,1088101
1929-02-24,7.1,5.0,1088005
1929-02-24,7.2,6.0,1088305
1929-02-27,-35.0,5.0,10090300
1929-02-28,-16.0,7.0,1088202
1929-03-01,-17.3,73.0,1087502
1929-03-01,-9.7,3.0,1087702
1929-03-01,-10.3,243.0,1088405
1929-03-02,-8.0,589.0,1088502
1929-03-02,-8.2,8.0,10090400
1929-03-02,-20.9,6.0,10090500
1929-03-02,-5.3,11.0,10090600
1929-03-03,-16.0,3.0,1088702
1929-03-03,-12.9,11.0,1088805
1929-03-03,-18.8,8.0,10090700
1929-03-04,-9.6,513.0,1088903
1929-03-05,19.3,8.0,10090800
1929-03-06,15.7,219.0,1088602
1929-03-06,-4.1,13.0,1089005
1929-03-07,6.6,82.0,1089205
1929-03-08,21.3,7.0,1089305
1929-03-08,-6.6,13.0,10090900
1929-03-10,13.1,11.0,1089105
1929-03-10,-7.8,57.0,1089402
1929-03-11,-14.2,9.0,1089505
1929-03-12,15.8,8.0,10091000
1929-03-12,6.8,2.0,10091100
1929-03-13,5.6,11.0,10091200
1929-03-15,8.5,125.0,1089702
1929-03-17,-4.5,17.0,10091300
1929-03-18,-14.8,44.0,1089602
1929-03-24,-10.2,5.0,10100100
1929-03-24,7.0,2.0,10100200
1929-03-27,-4.1,2.0,10100300
1929-03-27,-5.8,22.0,10100400
1929-03-27,-8.0,6.0,10100500
1929-03-28,-14.0,4.0,10100600
1929-03-28,5.7,6.0,10100700
1929-03-30,-2.9,33.0,1090101
1929-03-31,12.0,16.0,1089902
1929-03-31,-10.0,639.0,1090201
1929-04-01,-9.8,5.0,10100800
1929-04-02,22.5,39.0,1090405
1929-04-03,-13.9,23.0,1089802
1929-04-03,10.5,152.0,1090002
1929-04-03,-12.9,17.0,10100900
1929-04-05,8.5,106.0,1090305
1929-04-05,-15.5,12.0,10101000
1929-04-05,-13.5,14.0,10101100
1929-04-06,-15.3,7.0,10101200
1929-04-08,-17.2,28.0,1090702
1929-04-08,-20.0,20.0,10101300
1929-04-09,-15.0,24.0,1090802
1929-04-09,5.1,324.0,1090902
1929-04-11,8.1,213.0,1091101
1929-04-11,-19.6,6.0,10101400
1929-04-12,-11.7,84.0,1090502
1929-04-13,7.8,7.0,1091205
1929-04-13,-10.1,245.0,1091302
1929-04-14,-11.0,192.0,1090602
1929-04-15,-9.3,98.0,1091405
1929-04-16,-19.8,135.0,1091002
1929-04-17,9.6,7.0,10110100
1929-04-22,13.4,6.0,1091705
1929-04-24,5.6,413.0,1091502
1929-04-25,13.0,220.0,1091901
1929-04-27,-9.0,203.0,1092003
1929-04-27,-22.7,9.0,10110200
1929-04-28,7.9,264.0,1091602
1929-04-28,-6.6,34.0,1091802
1929-04-28,-20.1,20.0,1092102
1929-05-01,11.4,12.0,1092302
1929-05-01,-9.3,5.0,10110300
1929-05-02,-7.1,11.0,1092405
1929-05-02,-12.0,6.0,10110400
1929-05-02,-11.6,10.0,10110500
1929-05-03,-20.8,15.0,1092605
1929-05-06,2.7,98.0,1092801
1929-05-06,6.4,2.0,10110600
1929-05-07,19.6,9.0,10110700
1929-05-07,6.0,5.0,10110800
1929-05-08,-6.5,12.0,1093001
1929-05-08,4.5,239.0,1093102
1929-05-09,-1.4,212.0,1092202
1929-05-09,10.7,6.0,10110900
1929-05-10,17.1,96.0,1092502
1929-05-12,8.1,8.0,10120100
1929-05-12,-6.4,7.0,10120200
1929-05-13,-12.4,13.0,1093202
1929-05-13,-5.2,27.0,1093301
1929-05-13,21.3,3.0,10120300
1929-05-13,-9.4,26.0,10120400
1929-05-14,20.4,10.0,1093401
1929-05-14,12.0,7.0,10120500
1929-05-14,7.7,15.0,10120600
1929-05-15,-10.4,714.0,1092902
1929-05-16,13.5,123.0,1092702
1929-05-16,-9.1,24.0,1093502
1929-05-16,4.0,19.0,10120700
1929-05-18,-11.2,7.0,10120800
1929-05-20,-11.7,6.0,10120900
1929-05-20,1.4,4.0,10121000
1929-05-21,-6.6,4.0,1093802
1929-05-21,8.3,8.0,10121100
1929-05-22,11.0,38.0,1093602
1929-05-22,-14.2,3.0,10121200
1929-05-24,12.1,7.0,1093702
1929-05-24,14.1,12.0,1094101
1929-05-24,-11.1,1.0,10121300
1929-05-25,-6.7,75.0,1093801
1929-05-25,17.2,91.0,1094202
1929-05-25,-14.7,7.0,10121400
1929-05-27,14.4,5.0,1094302
1929-05-28,15.9,5.0,10121500
1929-05-28,-4.7,9.0,10121600
1929-05-30,21.2,30.0,1094002
1929-05-31,12.6,45.0,1094402
1929-05-31,-16.4,6.0,10121700
1929-05-31,-12.1,7.0,10121800
1929-06-01,-9.1,6.0,10121900
1929-06-01,-18.5,6.0,10122000
1929-06-02,-18.9,53.0,1094502
1929-06-03,14.3,580.0,1093902
1929-06-03,-9.8,110.0,1094603
1929-06-04,4.9,101.0,1094901
1929-06-04,7.2,144.0,1095001
1929-06-05,9.8,12.0,1094805
1929-06-05,10.8,7.0,10122100
1929-06-06,11.0,16.0,1095202
1929-06-06,-18.6,130.0,1095301
1929-06-07,-10.0,13.0,1095105
1929-06-08,-17.6,90.0,1094705
1929-06-09,-5.2,18.0,1095402
1929-06-11,13.5,78.0,1095601
1929-06-11,-11.0,48.0,1095702
1929-06-11,-7.4,4.0,10130100
1929-06-14,-16.4,190.0,1096001
1929-06-15,10.5,27.0,1095902
1929-06-15,11.1,3.0,10130200
1929-06-18,-6.4,56.0,1095502
1929-06-18,-8.7,803.0,1096202
1929-06-18,13.5,657.0,1096301
1929-06-19,-4.5,58.0,1096405
1929-06-20,8.5,139.0,1095802
1929-06-20,-9.1,62.0,1096602
1929-06-22,9.6,53.0,1096102
1929-06-22,-7.7,31.0,1096502
1929-06-22,-17.2,220.0,1096901
1929-06-24,-16.0,9.0,1097001
1929-06-24,-16.9,4.0,10130300
1929-06-25,-12.1,16.0,1097101
1929-06-26,-15.9,281.0,1096702
1929-06-26,14.4,4.0,1096802
1929-06-26,7.8,9.0,1097202
1929-06-26,-17.2,96.0,1097302
1929-06-26,13.8,3.0,10130400
1929-06-27,-24.1,10.0,10130500
1929-06-28,-8.3,28.0,1097602
1929-06-29,8.0,70.0,1097402
1929-06-29,1.9,17.0,1097505
1929-06-29,-12.9,14.0,1097801
1929-06-30,-7.8,519.0,1098002
1929-06-30,-4.5,9.0,10130600
1929-07-02,11.0,6.0,1098102
1929-07-03,-12.9,9.0,10130700
1929-07-04,7.6,251.0,1098201
1929-07-04,-4.8,17.0,10130800
1929-07-06,-13.1,9.0,1097902
1929-07-06,-8.3,5.0,1098305
1929-07-06,-7.1,6.0,1098401
1929-07-06,-4.6,9.0,10140100
1929-07-06,10.0,9.0,10140200
1929-07-07,-5.9,56.0,1098501
1929-07-07,22.6,3.0,10140300
1929-07-08,13.5,6.0,10140400
1929-07-09,16.4,10.0,1098702
1929-07-09,11.8,6.0,10140500
1929-07-10,5.7,134.0,1097702
1929-07-10,16.4,8.0,1098701
1929-07-13,8.7,4.0,1099002
1929-07-14,6.6,17.0,1099102
1929-07-14,-9.7,170.0,1099201
1929-07-15,-4.7,45.0,1099301
1929-07-15,15.2,48.0,1099401
1929-07-17,-7.4,62.0,1098602
1929-07-18,-2.8,5.0,1099605
1929-07-19,15.4,28.0,1098902
1929-07-19,6.7,2.0,1099701
1929-07-19,19.4,11.0,10140600
1929-07-20,15.7,9.0,1099501
1929-07-20,-14.6,16.0,1099801
1929-07-21,6.9,92.0,1099901
1929-07-21,2.9,8.0,10140700
1929-07-22,10.0,9.0,10140800
1929-07-22,-0.6,3.0,10140900
1929-07-23,-15.7,182.0,1098801
1929-07-23,-4.4,5.0,10141000
1929-07-25,-21.0,2.0,1100205
1929-07-27,7.9,4.0,1100305
1929-07-29,3.3,7.0,10141100
1929-07-30,3.1,6.0,10141200
1929-07-31,21.2,47.0,1100502
1929-07-31,-3.6,284.0,1100601
1929-08-01,14.5,9.0,1100805
1929-08-01,-5.5,5.0,10150100
1929-08-01,-8.0,3.0,10150200
1929-08-01,16.1,3.0,10150300
1929-08-02,-11.1,60.0,1100102
1929-08-02,-11.2,7.0,1100401
1929-08-02,-9.6,20.0,10150400
1929-08-03,-20.3,103.0,1100002
1929-08-03,10.0,17.0,1100702
1929-08-04,-2.3,77.0,1101002
1929-08-05,8.7,7.0,1101205
1929-08-05,-21.9,32.0,1101302
1929-08-06,-13.1,19.0,1101102
1929-08-06,-9.4,160.0,1101401
1929-08-07,-15.0,145.0,1101501
1929-08-07,-10.3,5.0,10150500
1929-08-08,-3.4,5.0,10150600
1929-08-10,12.9,114.0,1100905
1929-08-10,-9.9,23.0,1101705
1929-08-10,6.1,66.0,1101802
1929-08-12,6.5,19.0,1101602
1929-08-12,9.1,4.0,10150700
1929-08-12,-19.5,5.0,10150800
1929-08-13,-6.2,7.0,10150900
1929-08-14,20.6,5.0,1101902
1929-08-14,7.8,38.0,1102305
1929-08-14,-18.1,6.0,10151000
1929-08-15,19.3,12.0,1102402
1929-08-15,-5.3,60.0,1102601
1929-08-15,2.5,16.0,1102702
1929-08-19,23.0,180.0,1102102
1929-08-20,-16.9,178.0,1102202
1929-08-20,11.8,186.0,1102902
1929-08-21,11.1,12.0,1103205
1929-08-21,19.3,5.0,10151100
1929-08-22,-7.7,94.0,1102002
1929-08-25,-8.1,10.0,1103302
1929-08-26,15.1,83.0,1102502
1929-08-26,10.0,7.0,1103202
1929-08-27,-13.0,61.0,1102801
1929-08-27,5.0,23.0,10151200
1929-08-28,-18.4,70.0,1103002
1929-08-28,-4.4,164.0,1103102
1929-08-28,3.8,13.0,1103402
1929-08-29,-6.5,6.0,1103505
1929-08-31,-13.1,4.0,1103605
1929-09-01,-11.2,21.0,1103702
1929-09-02,8.7,1.0,10160100
1929-09-03,12.9,8.0,1103905
1929-09-03,21.7,164.0,1104001
1929-09-04,5.1,6.0,1103802
1929-09-04,12.6,10.0,10160200
1929-09-05,-16.8,6.0,10160300
1929-09-06,-9.1,71.0,1104401
1929-09-07,-12.6,13.0,1104202
1929-09-08,-2.5,6.0,1104605
1929-09-09,10.1,10.0,1104505
1929-09-09,-5.3,13.0,1104801
1929-09-09,2.2,5.0,10160400
1929-09-09,-21.2,7.0,10160500
1929-09-10,-3.6,248.0,1104102
1929-09-10,13.3,5.0,1104302
1929-09-10,3.8,12.0,1104901
1929-09-11,5.9,12.0,1105002
1929-09-12,16.1,13.0,1105101
1929-09-13,6.2,27.0,10160600
1929-09-14,-6.8,83.0,1105201
1929-09-15,-4.6,8.0,10160700
1929-09-16,16.6,132.0,1104702
1929-09-16,-20.6,228.0,1105402
1929-09-16,6.8,3.0,10160800
1929-09-17,5.3,15.0,1105305
1929-09-20,7.1,15.0,1105705
1929-09-21,-24.4,48.0,1105802
1929-09-21,5.8,36.0,10160900
1929-09-21,3.7,9.0,10161000
1929-09-22,-13.4,120.0,1105502
1929-09-23,20.7,6.0,1105602
1929-09-23,10.0,12.0,1105702
1929-09-26,8.9,27.0,1105902
1929-09-26,14.0,20.0,1106002
1929-09-26,9.9,2.0,10170100
1929-09-29,11.0,55.0,1106102
1929-09-29,11.8,39.0,1106202
1929-09-29,-8.9,4.0,10170200
1929-09-30,12.5,65.0,1106205
1929-09-30,-9.5,4.0,10170300
1930-01-01,12.1,53.0,1114303
1930-01-01,8.9,49.0,1115201
1930-01-02,-4.9,396.0,1115401
1930-01-03,15.6,305.0,1114201
1930-01-03,-7.7,42.0,1115501
1930-01-04,-12.1,14.0,10200600
1930-01-05,11.5,5.0,1115101
1930-01-05,-9.2,101.0,1115601
1930-01-05,3.2,5.0,10200700
1930-01-06,-4.1,150.0,1115801
1930-01-06,-4.2,9.0,10200800
1930-01-09,-13.3,9.0,10200900
1930-01-12,16.6,77.0,1116105
1930-01-12,13.5,139.0,1116203
1930-01-13,-13.6,12.0,1116301
1930-01-13,-6.5,14.0,1116405
1930-01-13,-15.3,125.0,1116501
1930-01-13,-1.7,37.0,10210100
1930-01-14,4.2,166.0,1115301
1930-01-14,13.2,62.0,1116601
1930-01-15,-15.5,4.0,1116805
1930-01-15,-11.0,7.0,1116901
1930-01-15,5.7,11.0,10210200
1930-01-17,17.6,24.0,1116002
1930-01-17,9.6,32.0,1116702
1930-01-17,9.7,12.0,1117101
1930-01-17,9.9,109.0,1117201
1930-01-17,13.6,12.0,1117301
1930-01-17,13.2,82.0,1117405
1930-01-18,5.9,505.0,1115701
1930-01-18,-3.0,384.0,1115901
1930-01-18,15.0,79.0,1117503
1930-01-18,-9.7,10.0,10210300
1930-01-20,-15.2,28.0,1117002
1930-01-21,10.4,265.0,1117602
1930-01-21,-19.8,5.0,10210400
1930-01-21,16.9,5.0,10210500
1930-01-25,6.9,4.0,1117705
1930-01-25,16.1,34.0,10210600
1930-01-27,11.2,7.0,10210700
1930-01-27,-1.0,5.0,10210800
1930-01-28,6.6,154.0,1117901
1930-01-29,5.5,42.0,1118002
1930-01-31,4.9,19.0,1118102
1930-02-01,-7.7,523.0,1118302
1930-02-01,-14.5,11.0,10210900
1930-02-01,-17.3,27.0,10211000
1930-02-01,-13.8,13.0,10211100
1930-02-02,-4.0,18.0,1118501
1930-02-02,6.5,313.0,1118601
1930-02-03,11.9,15.0,1118802
1930-02-03,-13.4,14.0,1118902
1930-02-04,17.0,219.0,1117802
1930-02-05,-5.6,46.0,1118402
1930-02-05,-13.1,51.0,1119101
1930-02-06,-10.1,7.0,1119205
1930-02-09,-13.1,153.0,1119002
1930-02-09,12.9,31.0,1119302
1930-02-09,12.8,31.0,1119402
1930-02-09,-8.5,7.0,10220100
1930-02-11,18.9,144.0,1118201
1930-02-11,-4.6,5.0,10220200
1930-02-11,-9.6,11.0,10220300
1930-02-14,-17.5,203.0,1118702
1930-02-14,12.9,90.0,1119602
1930-02-15,-2.8,85.0,1119502
1930-02-17,9.7,5.0,1119805
1930-02-18,-9.4,6.0,1119705
1930-02-20,5.2,11.0,10220400
1930-02-20,17.6,4.0,10220500
1930-02-23,14.4,2.0,10220600
1930-02-28,-15.1,513.0,1120002
1930-03-01,-16.3,104.0,1120102
1930-03-03,8.7,6.0,10220700
1930-03-07,-7.8,115.0,1119902
1930-03-07,20.2,11.0,1120201
1930-03-07,7.6,42.0,10220800
1930-03-09,-6.6,6.0,10230100
1930-03-09,9.6,7.0,10230200
1930-03-12,14.4,40.0,1120402
1930-03-12,13.6,7.0,10230300
1930-03-15,22.6,17.0,1120505
1930-03-17,6.5,12.0,1120801
1930-03-18,1.7,10.0,10230400
1930-03-19,10.0,6.0,1120601
1930-03-20,5.6,14.0,1120901
1930-03-20,18.0,3.0,10230500
1930-03-22,9.4,202.0,1120302
1930-03-22,10.0,237.0,1121001
1930-03-23,-0.7,11.0,1120702
1930-03-24,0.4,28.0,10230600
1930-03-26,-4.7,356.0,1121202
1930-03-27,7.2,9.0,10230700
1930-03-29,-12.6,12.0,1121305
1930-03-30,-7.5,9.0,1121505
1930-03-30,11.2,5.0,10230800
1930-04-01,-19.2,10.0,1121601
1930-04-01,-16.7,13.0,10230900
1930-04-02,-16.9,16.0,1121402
1930-04-02,-13.5,7.0,10231000
1930-04-03,14.0,5.0,10231100
1930-04-04,7.3,69.0,1121101
1930-04-04,-16.1,4.0,10240100
1930-04-05,-7.2,20.0,1121801
1930-04-05,14.4,42.0,1121902
1930-04-07,7.1,32.0,1122001
1930-04-08,-8.2,11.0,1122102
1930-04-09,11.5,8.0,1122201
1930-04-09,14.1,24.0,1122302
1930-04-09,-11.9,7.0,10240200
1930-04-13,11.9,412.0,1121702
1930-04-13,-12.4,11.0,1122405
1930-04-13,15.2,8.0,1122601
1930-04-13,-6.3,10.0,10240300
1930-04-14,-12.7,39.0,1122402
1930-04-17,-3.6,6.0,10240400
1930-04-18,-12.1,37.0,1122502
1930-04-18,26.6,25.0,1122702
1930-04-18,-12.2,10.0,1122802
1930-04-20,6.8,4.0,10240500
1930-04-21,14.7,16.0,1122905
1930-04-22,-7.3,316.0,1123001
1930-04-22,11.2,5.0,10240600
1930-04-23,8.0,8.0,10240700
1930-04-24,12.2,23.0,1123103
1930-04-25,-3.5,73.0,10240800
1930-05-02,20.1,7.0,10250100
1930-05-04,12.4,8.0,10250200
1930-05-05,-8.9,44.0,1123305
1930-05-06,13.4,4.0,10250300
1930-05-07,8.2,9.0,1123202
1930-05-13,15.0,334.0,1123402
1930-05-14,16.7,94.0,1123605
1930-05-14,-19.8,9.0,10250400
1930-05-16,14.7,43.0,1123702
1930-05-16,-11.7,70.0,1123902
1930-05-17,2.8,16.0,1123502
1930-05-19,-6.0,7.0,1123801
1930-05-19,-6.8,137.0,1124001
1930-05-23,13.5,177.0,1124202
1930-05-24,25.9,28.0,1124102
1930-05-24,-11.7,24.0,1124401
1930-05-26,25.9,5.0,1124502
1930-05-26,-1.3,11.0,1124601
1930-05-27,-5.2,12.0,10250500
1930-05-28,15.7,229.0,1124901
1930-05-29,13.9,7.0,1124701
1930-05-29,-2.6,9.0,1125005
1930-05-31,19.4,190.0,1124302
1930-06-03,2.3,8.0,1125202
1930-06-03,2.0,7.0,10260100
1930-06-04,12.9,41.0,1124802
1930-06-07,13.9,3.0,1125102
1930-06-07,-12.7,15.0,1125401
1930-06-07,-6.4,23.0,1125602
1930-06-11,0.1,142.0,1125505
1930-06-13,1.5,22.0,10260200
1930-06-14,-12.4,43.0,1125302
1930-06-15,10.1,10.0,10260300
1930-06-16,9.8,29.0,1125802
1930-06-17,-5.3,3.0,10260400
1930-06-18,13.5,79.0,1125702
1930-06-19,10.8,66.0,1125901
1930-06-19,4.6,4.0,10260500
1930-06-22,-7.9,11.0,10260600
1930-06-23,11.9,6.0,10260700
1930-06-24,14.1,18.0,1126001
1930-06-25,17.9,27.0,1126101
1930-06-27,13.3,83.0,1126202
1930-06-27,13.1,66.0,1126302
1930-07-02,-6.0,37.0,1126402
1930-07-02,7.4,30.0,1126502
1930-07-05,-7.5,7.0,10270100
1930-07-06,-11.8,16.0,10270200
1930-07-09,-5.2,11.0,1126701
1930-07-12,5.0,93.0,1126602
1930-07-12,-0.1,5.0,10270300
1930-07-14,-9.8,26.0,1126905
1930-07-15,8.0,17.0,1127002
1930-07-16,8.5,14.0,10270400
1930-07-17,12.8,7.0,10270500
1930-07-21,-5.5,198.0,1126802
1930-07-21,-10.0,28.0,1127101
1930-07-21,3.0,101.0,1127201
1930-07-23,-12.4,12.0,1127301
1930-07-24,2.5,122.0,1127401
1930-07-27,1.7,5.0,10280100
1930-07-28,13.5,17.0,1127502
1930-07-28,-11.5,19.0,1127602
1930-07-28,-4.9,4.0,1127702
1930-07-31,-8.9,15.0,1127801
1930-08-01,13.6,5.0,10280200
1930-08-02,0.2,9.0,10280300
1930-08-06,4.4,43.0,1127902
1930-08-13,-6.6,6.0,10280400
1930-08-17,-16.1,8.0,10280500
1930-08-18,-7.1,367.0,1128001
1930-08-18,-11.4,99.0,1128101
1930-08-18,6.8,73.0,1128202
1930-08-19,10.4,18.0,1128302
1930-08-22,-10.8,6.0,1128405
1930-08-24,-9.2,28.0,1128602
1930-08-26,7.0,5.0,1128702
1930-08-27,7.1,20.0,1128502
1930-08-27,10.4,128.0,1128801
1930-08-29,-12.5,30.0,1128901
1930-08-30,6.2,7.0,10290100
1930-09-01,5.3,82.0,1129001
1930-09-02,-6.7,133.0,1129101
1930-09-03,-16.4,31.0,1129302
1930-09-04,16.7,165.0,1129403
1930-09-07,-2.8,10.0,1129502
1930-09-07,12.8,8.0,1129805
1930-09-08,-10.7,4.0,1129605
1930-09-08,-11.5,4.0,10290200
1930-09-09,-4.9,4.0,1129705
1930-09-10,4.9,169.0,1129203
1930-09-10,-17.3,6.0,10290300
1930-09-11,-10.1,29.0,1130002
1930-09-12,-8.4,13.0,1129902
1930-09-13,-10.5,140.0,1130201
1930-09-15,-7.2,13.0,1130105
1930-09-16,-8.9,7.0,1130305
1930-09-19,-19.1,10.0,10300100
1930-09-21,17.4,8.0,1130402
1930-09-25,6.0,215.0,1130601
1930-09-25,-22.6,19.0,10300200
1930-09-26,-2.4,61.0,1130701
1930-09-28,17.9,64.0,1130502
1930-09-29,20.4,7.0,10300300
1931-01-02,7.7,17.0,1134302
1931-01-02,13.8,10.0,1134405
1931-01-04,-18.6,91.0,1134505
1931-01-04,-15.4,13.0,10340100
1931-01-13,4.8,24.0,1134705
1931-01-14,7.7,26.0,10340200
1931-01-14,-1.4,17.0,10340300
1931-01-19,7.2,311.0,1134603
1931-01-19,0.7,35.0,1134901
1931-01-23,11.8,19.0,1135001
1931-01-25,5.0,11.0,1134803
1931-02-02,8.6,176.0,1135102
1931-02-03,-13.3,25.0,1135202
1931-02-04,11.4,18.0,10350100
1931-02-11,-12.4,67.0,1135302
1931-02-12,4.0,75.0,1135401
1931-02-15,-16.7,38.0,1135702
1931-02-16,7.4,2.0,10350200
1931-02-18,10.9,93.0,1135602
1931-02-19,9.9,10.0,10350300
1931-02-22,10.7,64.0,1136002
1931-02-22,6.2,69.0,1136102
1931-02-22,2.6,19.0,10350400
1931-02-23,7.1,18.0,1135902
1931-02-26,-3.5,371.0,1135802
1931-02-26,7.2,41.0,1136302
1931-02-27,8.0,267.0,1135502
1931-02-27,-11.8,14.0,1136505
1931-03-01,10.8,52.0,1136202
1931-03-01,-9.9,47.0,1136602
1931-03-01,-11.8,7.0,10360100
1931-03-09,-8.3,220.0,1136402
1931-03-10,7.0,27.0,1136802
1931-03-13,6.5,389.0,1136901
1931-03-14,3.7,4.0,10360200
1931-03-17,-14.4,2.0,10360300
1931-03-18,-4.6,311.0,1137001
1931-03-19,13.4,4.0,10360400
1931-03-20,8.2,33.0,1137102
1931-03-21,6.1,20.0,1136702
1931-03-21,-0.5,11.0,10360500
1931-03-22,-21.1,6.0,1137202
1931-03-23,7.1,9.0,1137301
1931-03-23,20.2,3.0,10360600
1931-03-26,19.2,27.0,10370100
1931-03-29,-20.4,6.0,10370200
1931-03-30,6.8,18.0,1137602
1931-04-01,-2.8,192.0,1137802
1931-04-02,-15.5,113.0,1137702
1931-04-03,-13.5,29.0,1137505
1931-04-04,-7.5,4.0,10370300
1931-04-05,-6.1,62.0,1137401
1931-04-05,-3.3,14.0,1137901
1931-04-06,4.6,30.0,1138002
1931-04-07,7.4,4.0,10370400
1931-04-09,3.7,130.0,1138102
1931-04-10,7.4,117.0,1138201
1931-04-11,23.0,96.0,1138301
1931-04-12,10.9,4.0,10370500
1931-04-13,10.4,187.0,1138402
1931-04-14,3.4,10.0,10370600
1931-04-15,17.3,4.0,10370700
1931-04-16,-15.1,10.0,10370800
1931-04-17,19.4,12.0,10370900
1931-04-17,17.2,5.0,10371000
1931-04-17,9.2,6.0,10371100
1931-04-22,6.7,238.0,1138202
1931-04-22,25.0,8.0,1138302
1931-04-23,8.3,271.0,1138502
1931-04-23,11.3,26.0,1138605
1931-04-24,4.3,44.0,1138801
1931-04-26,14.7,70.0,1138701
1931-04-28,15.2,13.0,1138702
1931-05-03,15.2,106.0,1138902
1931-05-05,-12.1,8.0,1139002
1931-05-07,11.4,16.0,1139101
1931-05-07,5.9,85.0,1139305
1931-05-07,7.9,180.0,1139401
1931-05-08,-14.0,8.0,10380100
1931-05-12,6.8,6.0,10380200
1931-05-13,-0.1,78.0,1139205
1931-05-13,5.5,21.0,10380300
1931-05-15,9.9,20.0,1139701
1931-05-15,2.3,7.0,10380400
1931-05-18,9.4,80.0,1139502
1931-05-19,10.0,9.0,1139802
1931-05-26,-15.7,157.0,1139602
1931-05-27,11.0,4.0,1140002
1931-05-27,2.9,13.0,10390100
1931-05-29,5.3,35.0,1140102
1931-05-30,3.7,169.0,1140202
1931-05-31,11.7,20.0,1139902
1931-06-03,-7.8,8.0,1140302
1931-06-10,5.7,136.0,1140402
1931-06-10,8.7,7.0,10390200
1931-06-11,1.0,3.0,10390300
1931-06-12,12.7,12.0,1140502
1931-06-14,-7.4,99.0,10400100
1931-06-18,-12.5,3.0,10400200
1931-06-22,15.7,5.0,10400300
1931-06-27,-2.2,4.0,1140602
1931-06-29,-8.0,124.0,1140701
1931-06-29,7.2,380.0,1140802
1931-06-30,8.3,9.0,10400400
1931-07-06,-20.7,44.0,1141001
1931-07-08,7.4,4.0,1140901
1931-07-08,-11.7,108.0,1141201
1931-07-10,6.0,13.0,10400500
1931-07-12,5.3,4.0,1141401
1931-07-15,-8.0,9.0,1141102
1931-07-15,-19.9,5.0,1141302
1931-07-18,8.5,7.0,1141505
1931-07-21,11.1,2.0,10410100
1931-07-22,8.3,61.0,1141602
1931-07-26,6.9,79.0,1141702
1931-07-29,13.8,9.0,10410200
1931-08-02,5.6,33.0,1142001
1931-08-05,-6.3,10.0,1141802
1931-08-06,11.4,9.0,10410300
1931-08-07,-8.2,48.0,1141902
1931-08-09,9.4,7.0,10420100
1931-08-11,4.5,13.0,10420200
1931-08-12,22.2,5.0,10420300
1931-08-14,5.9,7.0,1142105
1931-08-22,-10.8,18.0,1142202
1931-08-26,-8.3,9.0,1142402
1931-08-26,4.4,118.0,1142501
1931-08-27,10.0,14.0,10420400
1931-08-29,-1.5,3.0,1142302
1931-08-29,5.6,22.0,1142602
1931-08-30,6.0,28.0,1142702
1931-09-07,11.5,17.0,1142802
1931-09-08,-15.5,5.0,10430100
1931-09-09,-8.7,5.0,1143001
1931-09-13,-5.7,364.0,1142902
1931-09-13,3.8,11.0,1143201
1931-09-16,8.6,143.0,1143301
1931-09-18,9.2,74.0,1143102
1931-09-22,7.9,33.0,1143402
1931-09-26,25.6,3.0,10430200
1931-09-27,18.8,34.0,1143502
1931-09-29,-6.9,2.0,1143605
1932-01-01,5.2,13.0,1145902
1932-01-04,11.1,7.0,1146005
1932-01-05,-14.1,159.0,1145701
1932-01-08,12.1,3.0,10470400
1932-01-09,-9.9,2.0,1146102
1932-01-09,5.6,3.0,10470500
1932-01-10,13.0,8.0,10470600
1932-01-13,-10.1,7.0,10470700
1932-01-15,48.0,8.0,10470800
1932-01-17,-6.8,30.0,1146201
1932-01-19,-15.2,7.0,10480100
1932-01-25,14.6,33.0,1146301
1932-01-26,13.0,224.0,1146701
1932-01-26,0.2,11.0,10480200
1932-01-27,7.9,56.0,1146602
1932-01-28,-5.0,5.0,1146501
1932-02-02,-13.7,43.0,1146401
1932-02-03,-34.6,6.0,10480300
1932-02-12,-6.4,5.0,1146802
1932-02-20,-7.4,8.0,10490100
1932-02-24,-15.8,9.0,10490200
1932-02-25,-11.5,8.0,1147002
1932-02-28,-4.9,3.0,1147202
1932-03-01,-11.9,8.0,1147302
1932-03-02,7.3,15.0,1147401
1932-03-03,4.8,310.0,1146902
1932-03-06,3.8,9.0,10490300
1932-03-10,12.9,226.0,1147102
1932-03-16,-8.0,5.0,1147502
1932-03-20,-11.6,7.0,10500100
1932-03-22,-6.7,5.0,1147602
1932-03-25,13.4,109.0,1147701
1932-03-25,2.5,2.0,10500200
1932-03-27,-5.7,10.0,1147802
1932-04-04,-9.0,94.0,1147902
1932-04-05,-11.0,2.0,1148002
1932-04-10,-8.7,7.0,1148101
1932-04-10,-13.9,5.0,10510100
1932-04-13,-6.4,1.0,10510200
1932-04-18,-14.6,8.0,1148202
1932-04-22,5.1,6.0,10510300
1932-04-23,-8.2,491.0,1148302
1932-05-01,10.3,353.0,1148402
1932-05-07,-7.3,172.0,1148501
1932-05-08,-2.8,6.0,1148601
1932-05-13,13.7,6.0,1148702
1932-05-13,6.1,20.0,1148802
1932-05-15,8.6,2.0,10520100
1932-05-17,-5.1,18.0,1149005
1932-05-21,5.3,117.0,1148801
1932-05-22,15.5,22.0,1149201
1932-05-28,10.4,76.0,1148901
1932-05-31,12.8,3.0,10520200
1932-06-01,3.2,260.0,1149101
1932-06-03,-8.6,23.0,10530100
1932-06-06,13.1,29.0,1149401
1932-06-07,6.9,15.0,1149502
1932-06-07,8.5,6.0,10530200
1932-06-07,10.2,9.0,10530300
1932-06-09,11.2,1.0,10530400
1932-06-14,-6.5,306.0,1149302
1932-06-16,1.8,8.0,1149602
1932-06-16,0.9,241.0,1149702
1932-06-24,11.0,171.0,1149902
1932-06-26,8.4,11.0,10530500
1932-06-28,4.5,184.0,1149802
1932-06-28,0.1,21.0,1150001
1932-06-29,-7.1,145.0,1150101
1932-07-02,10.7,4.0,10540100
1932-07-04,-11.2,22.0,1150305
1932-07-06,-7.7,5.0,1150102
1932-07-12,-8.2,259.0,1150202
1932-07-13,-9.4,16.0,1150405
1932-07-18,-6.7,27.0,10540200
1932-07-20,-0.6,13.0,1150505
1932-07-27,-8.3,259.0,1150601
1932-07-28,-5.1,20.0,10550100
1932-07-29,10.1,8.0,10550200
1932-07-30,8.2,6.0,10550300
1932-08-11,-0.3,45.0,1150702
1932-08-23,-7.6,79.0,1150801
1932-08-24,7.1,3.0,10560100
1932-08-29,-5.3,46.0,1150902
1932-09-04,-3.3,7.0,10560200
1932-09-12,9.7,17.0,10560300
1932-09-19,-5.2,11.0,10560400
1932-09-21,11.8,21.0,1151002
1932-09-21,-1.5,58.0,10570100
1932-09-28,13.0,15.0,1151102
1932-09-30,-5.7,23.0,1151202
1932-09-30,-9.4,3.0,10570200
1933-01-10,3.4,5.0,10610100
1933-01-10,5.5,6.0,10610200
1933-01-10,12.2,7.0,10610300
1933-01-10,6.3,5.0,10610400
1933-01-12,5.5,4.0,10610500
1933-01-15,10.1,206.0,1153001
1933-01-16,9.3,85.0,1153101
1933-01-16,13.5,34.0,1153302
1933-01-17,1.7,16.0,1153202
1933-01-30,10.3,108.0,1153501
1933-02-01,15.5,403.0,1153702
1933-02-04,6.9,14.0,1153605
1933-02-06,6.7,130.0,1153401
1933-02-08,-11.8,20.0,1153905
1933-02-10,11.9,3.0,10620100
1933-02-13,11.3,150.0,1153802
1933-02-15,-0.2,2.0,10620200
1933-02-27,6.4,36.0,1154002
1933-02-28,10.8,149.0,1154202
1933-03-04,9.6,7.0,10630100
1933-03-12,14.5,125.0,1154102
1933-03-12,11.4,2.0,10630200
1933-03-22,4.2,386.0,1154302
1933-03-29,9.6,41.0,1154402
1933-04-06,2.6,4.0,10640100
1933-04-17,9.1,32.0,1154501
1933-04-19,1.8,29.0,10640200
1933-05-02,6.8,24.0,1154605
1933-05-09,-5.3,9.0,1154705
1933-05-21,8.7,2.0,1154902
1933-05-23,11.4,38.0,1154802
1933-05-27,10.4,5.0,10660100
1933-06-02,-6.1,10.0,1155001
1933-06-06,8.2,5.0,10660200
1933-06-22,7.2,103.0,1155102
1933-07-05,7.2,91.0,1155201
1933-07-07,6.8,45.0,1155301
1933-07-11,-4.0,6.0,1155405
1933-08-09,3.0,4.0,10680100
1933-08-12,-13.1,6.0,10680200
1933-09-02,5.5,13.0,1155501
1933-09-10,-9.4,24.0,1155602
1933-09-24,14.8,8.0,1155702
1933-09-30,-0.6,19.0,1155802
1934-01-18,4.9,294.0,1156002
1934-01-29,31.4,20.0,1156102
1934-02-05,-23.9,39.0,1156202
1934-02-08,-0.2,4.0,10750100
1934-02-09,27.6,66.0,1156302
1934-02-09,7.6,132.0,1156401
1934-02-14,-28.3,5.0,10750200
1934-02-25,-28.8,7.0,1156505
1934-03-04,-0.6,4.0,10760100
1934-03-06,-27.2,23.0,1156601
1934-03-11,-3.6,6.0,1156702
1934-03-13,24.7,3.0,10760200
1934-03-17,22.4,4.0,10760300
1934-03-25,-28.2,4.0,1156801
1934-03-27,29.2,21.0,1156905
1934-03-30,-24.8,6.0,1157002
1934-04-05,27.1,12.0,1157102
1934-04-08,-28.8,5.0,10770100
1934-04-14,26.4,26.0,1157201
1934-04-24,-25.0,17.0,10780100
1934-04-27,-1.3,2.0,10780200
1934-04-28,-28.9,527.0,1157302
1934-05-01,25.7,21.0,1157402
1934-05-08,-32.1,6.0,1157605
1934-05-08,6.3,30.0,1157702
1934-05-12,-21.1,42.0,1157502
1934-05-14,-30.1,6.0,10790100
1934-05-16,25.4,85.0,1157902
1934-05-16,-26.5,5.0,10790200
1934-05-22,13.3,16.0,1158001
1934-05-26,-28.4,123.0,1157802
1934-05-28,-0.6,5.0,10790300
1934-06-12,-31.7,3.0,10800100
1934-06-21,-29.7,9.0,1158202
1934-06-26,3.0,228.0,1158102
1934-07-06,24.5,241.0,1158301
1934-07-09,-30.9,15.0,1158402
1934-07-11,1.9,109.0,1158501
1934-07-24,-24.3,6.0,1158601
1934-07-28,11.4,7.0,10810100
1934-08-18,-29.1,128.0,1158701
1934-08-19,5.2,10.0,1158802
1934-08-23,-27.6,8.0,1158902
1934-08-30,17.2,5.0,1159002
1934-09-01,-19.4,30.0,10830100
1934-09-02,21.3,4.0,1159105
1934-09-16,-28.2,5.0,1159202
1934-09-17,6.8,136.0,1159302
1934-09-24,23.5,2.0,1159401
1934-09-26,28.8,2.0,10840100
1934-09-29,-12.0,9.0,1159505
1934-09-30,-22.2,2.0,10840200
1935-01-01,-29.1,8.0,1161102
1935-01-01,-26.3,5.0,1161502
1935-01-02,-27.6,8.0,1161405
1935-01-02,-21.7,33.0,1161602
1935-01-02,-31.3,343.0,1161702
1935-01-05,-21.6,10.0,1161302
1935-01-05,29.9,11.0,1161802
1935-01-11,-20.7,74.0,1161902
1935-01-12,-27.6,2.0,10870300
1935-01-16,-10.1,2.0,10880100
1935-01-23,-30.6,20.0,1162005
1935-01-28,-29.3,363.0,1162102
1935-01-31,-13.7,5.0,10880200
1935-02-03,29.4,137.0,1162202
1935-02-04,22.1,118.0,1162301
1935-02-11,-17.5,125.0,1162402
1935-02-11,23.0,10.0,1162505
1935-02-11,-14.1,34.0,1162601
1935-02-13,2.6,218.0,1162702
1935-02-18,28.0,36.0,1162802
1935-02-20,28.6,82.0,1163101
1935-02-21,-13.4,29.0,1163001
1935-02-21,-21.3,5.0,10890100
1935-02-22,-26.2,14.0,1162902
1935-02-22,-22.8,14.0,1163201
1935-02-23,-21.7,8.0,1163301
1935-02-26,-16.6,4.0,10890200
1935-02-27,-23.0,2.0,10890300
1935-02-28,-15.9,6.0,10890400
1935-03-01,-25.9,4.0,10890500
1935-03-05,-25.0,5.0,10890600
1935-03-05,-17.9,2.0,10890700
1935-03-06,-21.0,3.0,1163505
1935-03-08,-16.4,20.0,1163602
1935-03-09,-17.6,141.0,1163401
1935-03-14,21.9,15.0,1163802
1935-03-14,21.2,76.0,1164003
1935-03-14,-24.9,16.0,10900100
1935-03-15,-28.2,70.0,1163902
1935-03-16,-7.1,7.0,1164101
1935-03-19,-23.0,25.0,1164302
1935-03-20,26.4,7.0,10900200
1935-03-21,-0.2,47.0,1163702
1935-03-22,29.1,12.0,1164202
1935-03-26,-32.8,21.0,1164402
1935-04-03,-16.6,2.0,1164505
1935-04-10,-21.9,9.0,1164602
1935-04-11,-25.6,11.0,1164802
1935-04-15,23.5,53.0,1164702
1935-04-16,18.4,2.0,10910100
1935-04-17,25.0,4.0,10910200
1935-04-17,21.2,5.0,10910300
1935-04-18,29.3,7.0,10910400
1935-04-20,-35.4,13.0,1165001
1935-04-22,-34.8,198.0,1164902
1935-04-22,-22.0,26.0,1165102
1935-04-24,-22.2,3.0,10910500
1935-04-29,-22.8,49.0,1165201
1935-04-29,21.3,170.0,1165301
1935-05-02,-20.2,19.0,1165402
1935-05-05,20.4,17.0,1165601
1935-05-05,-27.3,211.0,1165701
1935-05-08,-35.8,23.0,1165905
1935-05-09,-30.4,4.0,10920100
1935-05-11,-29.5,202.0,1165502
1935-05-11,28.3,24.0,1166002
1935-05-13,-20.2,39.0,1166102
1935-05-17,-19.7,30.0,1165802
1935-05-24,-19.9,24.0,1166202
1935-05-24,4.6,17.0,10920200
1935-05-27,12.3,7.0,10920300
1935-05-27,-24.5,2.0,10920400
1935-05-28,17.0,31.0,1166401
1935-05-28,-15.8,2.0,10920500
1935-05-30,25.8,218.0,1166502
1935-06-03,21.3,18.0,10930100
1935-06-04,-27.3,28.0,10930200
1935-06-05,27.4,104.0,1166601
1935-06-07,-24.1,13.0,1166902
1935-06-08,-29.8,440.0,1166303
1935-06-09,-34.1,30.0,1167002
1935-06-11,30.3,74.0,1167102
1935-06-15,-30.7,19.0,1166702
1935-06-15,15.4,97.0,1167202
1935-06-15,-17.7,241.0,1167302
1935-06-17,28.0,140.0,1166802
1935-06-20,31.4,6.0,10930300
1935-06-21,-26.2,19.0,1167602
1935-06-23,28.8,173.0,1167501
1935-06-24,-29.3,28.0,1167801
1935-06-24,-25.5,7.0,10930400
1935-06-30,-17.8,223.0,1167401
1935-07-02,-31.9,9.0,10940100
1935-07-03,25.1,120.0,1167901
1935-07-03,-30.5,8.0,10940200
1935-07-04,6.9,6.0,10940300
1935-07-06,-25.2,311.0,1167702
1935-07-07,22.3,7.0,1168102
1935-07-07,20.4,5.0,10940400
1935-07-07,-33.2,8.0,10940500
1935-07-08,-21.7,7.0,10940600
1935-07-09,-9.9,6.0,10940700
1935-07-14,-18.5,27.0,1168302
1935-07-15,-18.0,118.0,1168501
1935-07-17,-33.8,61.0,1168001
1935-07-17,-20.4,5.0,10940800
1935-07-20,-18.3,169.0,1168201
1935-07-23,-27.1,39.0,1168402
1935-07-24,-24.5,3.0,10950100
1935-07-25,-21.7,3.0,1168701
1935-07-26,17.6,12.0,10950200
1935-07-28,27.4,258.0,1168602
1935-08-01,-37.2,6.0,10950300
1935-08-04,-22.7,10.0,1168902
1935-08-06,27.5,65.0,1169102
1935-08-07,-26.7,21.0,1169202
1935-08-08,25.7,23.0,10950400
1935-08-09,-15.9,28.0,1169301
1935-08-10,-18.1,20.0,1168802
1935-08-12,19.0,6.0,1169505
1935-08-12,24.1,7.0,10950500
1935-08-13,22.3,4.0,10950600
1935-08-14,18.4,152.0,1169601
1935-08-14,21.9,23.0,10950700
1935-08-16,-17.9,67.0,1169001
1935-08-16,-20.2,37.0,1169402
1935-08-19,-17.0,11.0,1169902
1935-08-20,24.0,5.0,10960100
1935-08-21,-16.7,264.0,1169802
1935-08-21,-27.6,15.0,1170005
1935-08-22,33.6,6.0,10960200
1935-08-22,10.2,4.0,10960300
1935-08-24,30.5,394.0,1170101
1935-08-24,-29.3,3.0,10960400
1935-08-26,27.9,254.0,1169702
1935-08-28,-16.9,8.0,10960500
1935-08-29,-21.4,34.0,1170202
1935-08-29,19.7,356.0,1170301
1935-08-29,-26.4,128.0,10960600
1935-08-30,26.4,40.0,1170401
1935-09-03,-21.7,14.0,1170602
1935-09-04,-38.4,16.0,1170501
1935-09-08,19.6,14.0,1170802
1935-09-09,25.1,110.0,1170702
1935-09-09,30.9,118.0,1171001
1935-09-11,-16.7,516.0,1170902
1935-09-12,27.0,24.0,1171102
1935-09-12,20.1,17.0,10960700
1935-09-13,28.4,29.0,10960800
1935-09-14,-25.1,30.0,1171202
1935-09-14,24.4,5.0,10960900
1935-09-17,24.5,130.0,1171302
1935-09-24,-24.0,5.0,1171702
1935-09-25,26.9,140.0,1171605
1935-09-26,-23.0,32.0,1171802
1935-09-26,21.2,137.0,1171901
1935-09-26,-18.4,225.0,1172001
1935-09-27,17.9,266.0,1171402
1935-09-28,27.5,12.0,1172102
1935-09-29,23.9,66.0,1171502
1935-09-29,14.4,9.0,1172202
1935-09-29,21.7,16.0,1172302
1935-09-29,-17.5,17.0,1172402
1935-09-30,-14.5,12.0,1172502
1936-01-01,13.4,133.0,1178101
1936-01-01,-28.8,9.0,11000600
1936-01-02,-25.9,14.0,1178302
1936-01-02,-31.7,17.0,1178402
1936-01-03,14.4,8.0,1178902
1936-01-03,-31.0,2.0,11010100
1936-01-03,17.6,15.0,11010200
1936-01-04,-27.4,27.0,11010300
1936-01-06,-23.8,177.0,1178501
1936-01-07,17.3,20.0,1178701
1936-01-09,-12.0,630.0,1178802
1936-01-09,-14.2,158.0,1179101
1936-01-11,-28.4,229.0,1179201
1936-01-12,-21.5,15.0,1179402
1936-01-14,30.3,359.0,1179003
1936-01-14,-24.7,57.0,1179602
1936-01-17,-30.0,18.0,1179805
1936-01-19,-23.1,14.0,1179701
1936-01-20,-19.6,95.0,1179901
1936-01-20,20.1,8.0,11010400
1936-01-20,-31.7,6.0,11010500
1936-01-21,-35.3,9.0,1180105
1936-01-21,-31.7,12.0,11010600
1936-01-22,-23.1,9.0,1180305
1936-01-22,-15.2,5.0,11010700
1936-01-23,-20.3,104.0,1179301
1936-01-24,11.7,18.0,1180405
1936-01-24,-12.5,257.0,1180501
1936-01-26,-33.3,370.0,1179502
1936-01-26,-25.0,28.0,1180002
1936-01-26,-23.4,25.0,11010800
1936-01-30,29.4,71.0,1180601
1936-01-30,20.5,8.0,11020100
1936-01-31,32.6,347.0,1180701
1936-02-01,-18.7,3.0,1180901
1936-02-02,13.7,80.0,1180203
1936-02-02,19.1,5.0,1181105
1936-02-03,-20.5,4.0,11020200
1936-02-04,25.6,5.0,11020300
1936-02-05,-20.6,26.0,1181302
1936-02-06,-11.5,40.0,1181002
1936-02-07,-18.1,288.0,1181202
1936-02-08,-24.0,7.0,1181805
1936-02-08,-12.1,31.0,11020400
1936-02-09,12.1,605.0,1181402
1936-02-09,23.5,96.0,1181605
1936-02-10,21.3,215.0,1180802
1936-02-10,17.7,12.0,1181905
1936-02-10,-32.1,259.0,1182005
1936-02-10,-13.4,2.0,11020500
1936-02-11,-22.5,14.0,1181705
1936-02-12,-22.6,55.0,1182105
1936-02-13,-25.0,10.0,11020600
1936-02-16,-28.5,6.0,11020700
1936-02-18,-28.7,5.0,11020800
1936-02-20,-26.4,132.0,1181502
1936-02-20,10.9,26.0,1182205
1936-02-20,-23.0,68.0,1182701
1936-02-21,14.7,19.0,1182605
1936-02-21,-24.1,2.0,1182805
1936-02-21,-9.6,115.0,1183101
1936-02-21,13.8,23.0,11020900
1936-02-21,24.4,2.0,11021000
1936-02-22,-19.9,10.0,11021100
1936-02-25,13.5,83.0,1182305
1936-02-26,-17.5,300.0,1183501
1936-02-27,-18.4,60.0,1183605
1936-02-28,16.3,208.0,1182402
1936-02-28,-17.6,115.0,1182501
1936-02-28,-31.7,66.0,1182901
1936-02-28,12.4,194.0,1183205
1936-02-28,-18.1,5.0,1183402
1936-03-01,17.5,48.0,1183902
1936-03-02,-31.2,58.0,1183001
1936-03-02,15.8,17.0,1184205
1936-03-03,13.2,2.0,1184005
1936-03-03,16.1,17.0,1184305
1936-03-05,16.3,10.0,1183801
1936-03-05,23.0,8.0,1184401
1936-03-05,17.9,7.0,11030100
1936-03-06,11.2,123.0,1183301
1936-03-08,-21.2,16.0,1184901
1936-03-09,18.1,8.0,1184702
1936-03-10,21.7,57.0,1183702
1936-03-10,16.8,208.0,1184502
1936-03-10,-21.9,35.0,1185102
1936-03-10,-32.0,238.0,1185202
1936-03-10,-26.6,4.0,11030200
1936-03-12,32.1,199.0,1184102
1936-03-12,-23.0,415.0,1184802
1936-03-12,28.6,5.0,11030300
1936-03-13,15.1,13.0,1185502
1936-03-14,-15.9,7.0,1185301
1936-03-14,23.8,9.0,1185402
1936-03-15,18.8,5.0,1185002
1936-03-15,-17.9,3.0,11030400
1936-03-17,39.3,3.0,11030500
1936-03-18,-24.1,149.0,1184601
1936-03-18,-19.1,40.0,1185702
1936-03-19,-27.5,15.0,1186101
1936-03-19,-15.1,63.0,1186202
1936-03-19,-17.7,187.0,1186302
1936-03-20,11.4,7.0,11030600
1936-03-22,-18.0,138.0,1185802
1936-03-22,-28.6,6.0,1186502
1936-03-23,12.8,103.0,1186402
1936-03-24,-28.0,368.0,1185902
1936-03-25,20.1,13.0,1185602
1936-03-25,-8.2,4.0,1186002
1936-03-25,14.0,25.0,1186605
1936-03-25,18.8,14.0,11040100
1936-03-26,-14.7,52.0,1186802
1936-03-26,-21.0,189.0,1186902
1936-03-26,31.9,17.0,11040200
1936-03-28,-21.8,5.0,11040300
1936-04-02,-14.7,10.0,1187002
1936-04-02,35.9,121.0,1187101
1936-04-02,-15.2,27.0,1187401
1936-04-02,17.5,38.0,1187505
1936-04-03,-25.0,66.0,1187701
1936-04-03,27.5,7.0,11040400
1936-04-05,-24.0,58.0,1186702
1936-04-06,-31.3,131.0,1188001
1936-04-07,21.7,6.0,1187202
1936-04-07,34.9,9.0,1187301
1936-04-07,29.0,2.0,1187801
1936-04-07,16.9,68.0,1188102
1936-04-08,19.1,10.0,1187502
1936-04-09,15.0,34.0,1188205
1936-04-10,16.0,43.0,1188502
1936-04-10,-18.1,27.0,1188601
1936-04-11,-20.7,30.0,1188402
1936-04-11,10.3,19.0,1188702
1936-04-11,20.7,4.0,11040500
1936-04-14,21.7,24.0,1187603
1936-04-15,-19.3,199.0,1188802
1936-04-16,20.8,4.0,1188901
1936-04-16,-14.4,115.0,1189001
1936-04-16,-11.5,108.0,1189102
1936-04-17,11.7,85.0,1187902
1936-04-19,-19.6,10.0,1189202
1936-04-19,-27.1,115.0,1189301
1936-04-20,-16.6,11.0,1189403
1936-04-20,12.0,27.0,1189505
1936-04-20,-23.3,6.0,11040600
1936-04-22,-29.0,66.0,1188301
1936-04-22,-25.6,83.0,11050100
1936-04-23,37.0,46.0,1189701
1936-04-23,9.6,10.0,11050200
1936-04-24,16.9,14.0,1189602
1936-04-24,37.2,65.0,1189802
1936-04-25,15.1,5.0,11050300
1936-04-28,-16.4,10.0,1190002
1936-04-28,-17.8,51.0,1190101
1936-04-29,-26.7,117.0,1189902
1936-04-29,17.8,11.0,11050400
1936-04-29,-26.4,5.0,11050500
1936-05-01,11.8,36.0,1190401
1936-05-02,-15.7,5.0,11050600
1936-05-02,32.1,9.0,11050700
1936-05-03,29.5,10.0,11050800
1936-05-04,12.8,98.0,1190605
1936-05-04,14.7,36.0,11050900
1936-05-04,-12.9,5.0,11051000
1936-05-04,19.4,6.0,11051100
1936-05-06,16.7,72.0,1190202
1936-05-06,22.0,16.0,1190301
1936-05-06,18.5,6.0,1190805
1936-05-07,-25.4,143.0,1191002
1936-05-07,-18.2,12.0,11051200
1936-05-08,-22.3,18.0,1190705
1936-05-08,12.6,28.0,11051300
1936-05-10,-18.4,12.0,1191105
1936-05-11,-31.3,15.0,1191405
1936-05-12,11.9,12.0,1190902
1936-05-12,-19.4,12.0,11051400
1936-05-13,15.5,8.0,1190502
1936-05-13,-19.1,10.0,11051500
1936-05-14,-22.5,16.0,11051600
1936-05-14,-15.6,11.0,11051700
1936-05-15,18.7,99.0,1191602
1936-05-16,-27.6,6.0,1191705
1936-05-17,-24.3,11.0,1191501
1936-05-17,17.9,3.0,11051800
1936-05-18,21.2,29.0,1191302
1936-05-21,-30.3,17.0,1192001
1936-05-22,16.2,8.0,1192201
1936-05-23,-27.5,172.0,1191202
1936-05-23,-22.8,12.0,1192302
1936-05-23,-20.9,33.0,1192405
1936-05-23,14.1,5.0,11060100
1936-05-24,-8.1,30.0,1191802
1936-05-24,36.3,45.0,1192502
1936-05-24,16.4,31.0,1192602
1936-05-24,-16.4,105.0,1192702
1936-05-26,-22.0,5.0,11060200
1936-05-27,-16.1,20.0,1191905
1936-05-28,9.3,368.0,1192102
1936-05-28,-16.0,222.0,1193103
1936-05-29,-18.4,27.0,1192802
1936-05-29,-16.9,4.0,1192901
1936-05-29,-20.0,5.0,1193005
1936-05-29,29.2,26.0,1193305
1936-05-30,20.7,29.0,1193205
1936-05-30,27.6,21.0,1193401
1936-06-01,-30.7,7.0,11060300
1936-06-02,-25.1,8.0,11060400
1936-06-03,23.7,19.0,1193502
1936-06-03,31.7,6.0,1193602
1936-06-04,19.1,5.0,11060500
1936-06-05,-28.9,31.0,1194002
1936-06-08,-15.7,11.0,1193705
1936-06-08,-26.4,100.0,1194301
1936-06-09,-23.2,600.0,1193802
1936-06-09,14.5,7.0,11060600
1936-06-10,21.2,29.0,1193902
1936-06-10,16.1,10.0,1194202
1936-06-10,24.0,2.0,11060700
1936-06-10,-21.7,7.0,11060800
1936-06-11,-15.1,20.0,1194402
1936-06-15,27.6,59.0,1194702
1936-06-15,18.9,132.0,1194803
1936-06-16,-25.3,26.0,1194102
1936-06-16,-30.3,38.0,11070100
1936-06-17,17.4,43.0,1194605
1936-06-17,13.7,22.0,11070200
1936-06-18,22.0,29.0,1194901
1936-06-19,24.4,15.0,1194502
1936-06-19,26.0,89.0,1195302
1936-06-20,17.8,17.0,1195002
1936-06-21,18.7,21.0,1195202
1936-06-21,-18.1,141.0,1195502
1936-06-21,17.6,5.0,11070300
1936-06-21,21.8,10.0,11070400
1936-06-22,21.0,11.0,11070500
1936-06-23,11.0,22.0,1195102
1936-06-25,-13.1,55.0,1195602
1936-06-25,-27.0,295.0,1195702
1936-06-25,-19.8,21.0,1196002
1936-06-26,-20.1,17.0,11070600
1936-06-27,13.6,9.0,1195402
1936-06-27,-13.9,33.0,1195805
1936-06-27,17.9,12.0,11070700
1936-06-28,13.7,7.0,11070800
1936-06-28,6.2,2.0,11070900
1936-06-30,30.9,61.0,1196401
1936-06-30,-19.7,3.0,11071000
1936-07-02,18.1,724.0,1195902
1936-07-02,28.2,149.0,1196102
1936-07-02,-22.7,2.0,11071100
1936-07-02,-25.9,12.0,11071200
1936-07-04,-23.3,7.0,1196205
1936-07-05,-16.6,17.0,1196301
1936-07-05,13.8,215.0,1196502
1936-07-06,28.8,10.0,1196602
1936-07-08,21.9,159.0,1197002
1936-07-09,-18.1,12.0,11071300
1936-07-10,-25.7,42.0,1196903
1936-07-10,-13.4,34.0,1197202
1936-07-11,19.1,24.0,1196702
1936-07-11,-14.6,88.0,1196802
1936-07-11,34.2,5.0,1197105
1936-07-11,-15.8,10.0,1197302
1936-07-11,21.7,85.0,1197401
1936-07-13,19.7,8.0,1197502
1936-07-14,-27.3,7.0,1197602
1936-07-14,-18.8,4.0,11080100
1936-07-16,-17.2,229.0,1197701
1936-07-19,16.2,8.0,1197802
1936-07-19,23.6,9.0,11080200
1936-07-20,12.2,83.0,1198001
1936-07-21,-22.2,1.0,11080300
1936-07-22,-21.3,5.0,1198105
1936-07-24,-20.7,8.0,11080400
1936-07-26,24.8,4.0,1198301
1936-07-26,-9.9,10.0,1198401
1936-07-26,27.9,11.0,11080500
1936-07-26,-36.5,4.0,11080600
1936-07-29,26.1,112.0,1198202
1936-07-30,-15.5,5.0,11080700
1936-07-31,28.4,112.0,1197905
1936-07-31,-26.7,22.0,11080800
1936-08-02,-10.7,5.0,1198802
1936-08-02,-20.0,9.0,11080900
1936-08-02,29.9,10.0,11081000
1936-08-02,18.0,5.0,11081100
1936-08-04,21.8,180.0,1199001
1936-08-05,25.9,12.0,1199205
1936-08-06,26.1,223.0,1198502
1936-08-06,-19.6,136.0,1198902
1936-08-06,-15.8,41.0,1199301
1936-08-07,-18.9,18.0,1199402
1936-08-08,-25.4,67.0,1198601
1936-08-08,-17.6,86.0,1198704
1936-08-08,13.5,17.0,1199102
1936-08-08,-13.7,18.0,1199602
1936-08-09,18.8,116.0,1199902
1936-08-10,29.3,18.0,1199705
1936-08-11,17.3,17.0,1199801
1936-08-12,24.0,20.0,1200302
1936-08-13,12.6,8.0,1200002
1936-08-13,19.0,15.0,11090100
1936-08-14,25.7,8.0,1200502
1936-08-16,24.6,3.0,1200202
1936-08-16,-7.3,3.0,1200805
1936-08-16,-16.9,6.0,1200902
1936-08-16,2.3,5.0,11090200
1936-08-17,-32.0,36.0,1199502
1936-08-17,19.5,13.0,1201005
1936-08-19,14.3,184.0,1200105
1936-08-20,-18.3,13.0,1200401
1936-08-20,-19.3,6.0,11090300
1936-08-21,-9.1,18.0,1201101
1936-08-21,-18.5,6.0,11090400
1936-08-22,27.8,86.0,1201201
1936-08-23,-21.0,157.0,1201301
1936-08-24,22.8,17.0,9201105
1936-08-24,9.8,6.0,11090500
1936-08-25,21.5,30.0,1200602
1936-08-25,-3.1,4.0,11090600
1936-08-25,8.9,4.0,11090700
1936-08-26,14.9,157.0,1201405
1936-08-26,16.4,15.0,1201702
1936-08-28,30.7,19.0,1200702
1936-08-29,16.6,24.0,1201905
1936-08-30,-21.2,10.0,11090800
1936-08-31,-8.9,30.0,1202002
1936-09-01,-15.0,10.0,1201502
1936-09-01,14.7,22.0,1202101
1936-09-01,-15.6,10.0,1202205
1936-09-01,-24.0,33.0,11090900
1936-09-01,-33.4,9.0,11091000
1936-09-01,23.1,7.0,11091100
1936-09-02,-9.6,36.0,1201802
1936-09-02,27.9,21.0,1202305
1936-09-02,-17.6,31.0,1202402
1936-09-03,20.0,39.0,11091200
1936-09-06,-27.2,85.0,1201604
1936-09-06,-15.4,24.0,1202505
1936-09-06,17.5,27.0,1202705
1936-09-07,16.8,26.0,1202805
1936-09-07,20.6,12.0,11100100
1936-09-08,17.3,8.0,11100200
1936-09-10,-17.5,43.0,1203001
1936-09-11,-16.1,6.0,11100300
1936-09-12,9.0,414.0,1202602
1936-09-12,25.9,13.0,1203102
1936-09-12,15.8,122.0,1203202
1936-09-13,14.1,9.0,1202905
1936-09-14,18.7,4.0,1203405
1936-09-14,-17.3,155.0,1203502
1936-09-14,12.1,12.0,11100400
1936-09-15,36.7,11.0,11100500
1936-09-16,10.4,20.0,11100600
1936-09-18,-30.7,154.0,1203302
1936-09-18,14.2,6.0,1203605
1936-09-18,21.5,38.0,1203802
1936-09-18,-21.8,221.0,1203902
1936-09-20,-11.2,4.0,11100700
1936-09-21,-24.3,172.0,1204201
1936-09-21,24.9,19.0,1204301
1936-09-22,-12.1,40.0,1204002
1936-09-22,28.4,17.0,1204402
1936-09-22,15.1,16.0,1204501
1936-09-22,16.5,28.0,1204605
1936-09-22,-10.1,2.0,11100800
1936-09-23,-21.1,14.0,1204902
1936-09-24,32.7,7.0,1204701
1936-09-24,-27.8,8.0,1205001
1936-09-24,14.4,19.0,1205102
1936-09-26,-20.2,63.0,1203702
1936-09-26,16.0,11.0,1205202
1936-09-27,-16.3,38.0,1204802
1936-09-27,7.0,182.0,1205301
1936-09-27,16.8,476.0,1205402
1936-09-27,21.7,32.0,11100900
1936-09-28,-19.9,18.0,1205602
1936-09-29,-25.1,60.0,1204102
1936-09-29,-16.0,8.0,1205502
1936-09-29,15.8,14.0,1205701
1936-09-30,-17.8,22.0,1205802
1936-09-30,-12.7,23.0,1205901
1936-09-30,19.0,450.0,1206002
1937-01-01,17.3,18.0,1214601
1937-01-01,-25.0,7.0,1216305
1937-01-01,14.8,52.0,1216405
1937-01-01,10.5,175.0,1216601
1937-01-01,21.9,16.0,1216705
1937-01-02,15.9,16.0,1215405
1937-01-02,-10.4,20.0,11141100
1937-01-02,-12.1,10.0,11141200
1937-01-03,-30.7,85.0,1214701
1937-01-03,10.5,73.0,1215305
1937-01-04,-10.8,3.0,1215705
1937-01-04,8.1,25.0,1216802
1937-01-05,15.6,12.0,1215801
1937-01-05,-17.1,7.0,1215901
1937-01-05,-26.3,19.0,11141300
1937-01-05,24.4,8.0,11141400
1937-01-05,-20.4,8.0,11141500
1937-01-06,-26.2,85.0,1217202
1937-01-07,10.1,14.0,1217302
1937-01-07,-22.8,8.0,11141600
1937-01-08,8.9,3.0,1216501
1937-01-08,-33.8,37.0,1217405
1937-01-09,-10.7,166.0,1216001
1937-01-09,24.8,138.0,1216102
1937-01-09,-11.7,47.0,1217502
1937-01-10,-34.1,74.0,1216201
1937-01-10,11.8,52.0,1216905
1937-01-10,-7.5,298.0,1217801
1937-01-10,26.7,13.0,11141700
1937-01-11,7.8,17.0,1217005
1937-01-11,-25.2,27.0,1217602
1937-01-12,13.6,11.0,11141800
1937-01-13,-17.5,212.0,1217102
1937-01-13,23.2,188.0,1218001
1937-01-14,-14.8,169.0,1218202
1937-01-14,-23.5,14.0,11141900
1937-01-15,17.4,217.0,1217905
1937-01-15,-24.5,27.0,1218105
1937-01-15,-24.4,24.0,1218405
1937-01-15,22.1,211.0,1218501
1937-01-15,-23.6,16.0,11142000
1937-01-16,9.1,44.0,1217705
1937-01-16,9.8,14.0,1218601
1937-01-16,-26.9,24.0,1218705
1937-01-17,-18.2,606.0,1218802
1937-01-18,19.0,16.0,1218302
1937-01-18,-15.1,23.0,1218905
1937-01-19,-17.1,8.0,1219102
1937-01-20,27.5,5.0,11150100
1937-01-21,21.0,16.0,11150200
1937-01-22,-31.8,5.0,11150300
1937-01-22,12.4,4.0,11150400
1937-01-22,-13.2,33.0,11150500
1937-01-23,14.4,50.0,1219002
1937-01-23,22.1,24.0,1219801
1937-01-24,9.7,172.0,1219205
1937-01-24,16.7,48.0,1219302
1937-01-24,22.6,8.0,11150600
1937-01-25,-17.8,8.0,1219605
1937-01-25,-12.5,34.0,1220205
1937-01-25,-26.7,7.0,11150700
1937-01-26,-25.0,25.0,1219702
1937-01-26,-12.6,216.0,1220505
1937-01-26,16.2,16.0,1220702
1937-01-26,-13.9,61.0,1220801
1937-01-27,-19.4,202.0,1221001
1937-01-29,21.1,27.0,1219402
1937-01-29,-11.0,90.0,1220002
1937-01-29,-31.8,16.0,1221105
1937-01-29,34.1,69.0,1221301
1937-01-29,11.1,3.0,11150800
1937-01-30,25.9,148.0,1221501
1937-01-30,23.5,129.0,1221601
1937-01-30,-15.5,101.0,1221702
1937-01-31,19.4,198.0,1219503
1937-01-31,18.8,99.0,1221901
1937-02-01,21.3,593.0,1219905
1937-02-01,-27.1,10.0,11150900
1937-02-02,12.9,16.0,11151000
1937-02-03,23.1,250.0,1221202
1937-02-03,12.5,13.0,1222002
1937-02-03,-14.7,6.0,1222102
1937-02-03,18.3,20.0,1222205
1937-02-03,-11.3,49.0,1222302
1937-02-04,-21.4,87.0,1221405
1937-02-05,24.3,48.0,1220102
1937-02-05,17.3,184.0,1220302
1937-02-05,-32.3,22.0,1221802
1937-02-05,-19.8,11.0,11151100
1937-02-06,-10.1,977.0,1220403
1937-02-06,6.3,12.0,1220601
1937-02-06,-23.8,425.0,1220902
1937-02-06,-12.8,4.0,1222705
1937-02-07,-31.1,134.0,1222505
1937-02-08,-25.9,96.0,1222605
1937-02-08,19.6,15.0,11151200
1937-02-09,22.2,13.0,1222902
1937-02-10,-21.3,9.0,11151300
1937-02-11,-27.5,8.0,1223402
1937-02-11,13.7,4.0,11151400
1937-02-12,14.5,253.0,1223501
1937-02-12,-31.7,22.0,11151500
1937-02-12,-6.3,5.0,11151600
1937-02-13,6.8,4.0,1223205
1937-02-15,-22.3,30.0,1222405
1937-02-15,21.3,17.0,1223701
1937-02-16,20.0,504.0,1223802
1937-02-17,24.5,121.0,1223002
1937-02-17,-33.8,35.0,1223605
1937-02-18,-6.3,13.0,1222801
1937-02-18,15.8,88.0,1223102
1937-02-18,14.8,508.0,1224002
1937-02-19,10.0,187.0,1223302
1937-02-19,-10.6,153.0,1224101
1937-02-19,16.6,340.0,1224205
1937-02-19,-12.4,15.0,11160100
1937-02-20,22.5,18.0,1224405
1937-02-20,20.3,346.0,1224502
1937-02-20,11.9,68.0,1224602
1937-02-20,-11.0,259.0,1224701
1937-02-21,-21.3,7.0,1224302
1937-02-21,-23.6,5.0,1224805
1937-02-22,26.6,109.0,1225001
1937-02-22,-24.8,226.0,1225102
1937-02-23,-13.8,8.0,1224905
1937-02-23,17.5,59.0,1225202
1937-02-24,-13.2,38.0,1225302
1937-02-24,8.7,696.0,1225402
1937-02-28,11.7,18.0,1225602
1937-02-28,-25.0,22.0,1226001
1937-03-01,21.0,240.0,1223902
1937-03-01,-16.5,5.0,11160200
1937-03-02,-9.5,4.0,1225701
1937-03-02,8.8,5.0,1225805
1937-03-02,-21.0,270.0,1225902
1937-03-02,16.9,10.0,11160300
1937-03-02,-9.8,8.0,11160400
1937-03-02,-9.0,16.0,11160500
1937-03-04,-25.0,7.0,1226101
1937-03-04,29.5,31.0,1226302
1937-03-05,-25.3,39.0,1225505
1937-03-05,11.9,179.0,1226602
1937-03-07,15.3,10.0,1226705
1937-03-07,22.9,5.0,1226802
1937-03-07,9.1,7.0,1226902
1937-03-07,16.7,14.0,1227002
1937-03-08,30.7,21.0,1227205
1937-03-08,11.2,21.0,1227305
1937-03-10,-6.9,10.0,11160600
1937-03-11,-19.4,136.0,1226205
1937-03-11,-8.6,23.0,11160700
1937-03-13,23.4,28.0,11160800
1937-03-14,17.8,338.0,1226402
1937-03-14,-28.7,143.0,1226502
1937-03-15,-12.5,5.0,1227405
1937-03-17,-24.0,10.0,1227605
1937-03-18,24.8,7.0,1227702
1937-03-18,20.8,9.0,1227805
1937-03-19,13.5,69.0,1227101
1937-03-20,29.6,9.0,1227905
1937-03-20,-17.3,22.0,1228001
1937-03-20,-11.4,21.0,1228101
1937-03-21,7.2,275.0,1228201
1937-03-23,11.4,15.0,1228405
1937-03-23,17.9,18.0,1228705
1937-03-23,6.2,439.0,1228805
1937-03-24,-22.7,17.0,1227502
1937-03-24,-5.8,10.0,11170100
1937-03-26,-25.9,74.0,1228305
1937-03-26,-9.7,4.0,1229005
1937-03-26,25.4,10.0,11170200
1937-03-27,-13.2,12.0,1229205
1937-03-27,-8.1,148.0,1229301
1937-03-29,8.7,38.0,1229102
1937-03-29,8.0,53.0,1229402
1937-03-29,-21.0,5.0,11170300
1937-03-29,-31.0,6.0,11170400
1937-03-30,21.5,14.0,1229605
1937-03-30,-11.0,3.0,1229705
1937-03-31,24.7,115.0,1229901
1937-03-31,-30.7,10.0,11170500
1937-04-01,18.8,494.0,1228602
1937-04-01,9.4,37.0,1230102
1937-04-01,-17.2,12.0,11170600
1937-04-03,-15.8,78.0,1228501
1937-04-03,-14.8,22.0,1230301
1937-04-04,7.8,141.0,1228902
1937-04-05,-9.1,10.0,1230202
1937-04-05,-8.1,158.0,1230502
1937-04-06,8.9,85.0,1229502
1937-04-06,11.0,406.0,1230002
1937-04-06,-5.7,14.0,11170700
1937-04-08,-31.5,20.0,1230605
1937-04-08,16.4,5.0,11170800
1937-04-09,15.0,52.0,1229802
1937-04-10,11.0,10.0,1231002
1937-04-11,26.5,5.0,11180100
1937-04-12,29.4,3.0,1230802
1937-04-13,-22.5,144.0,1230400
1937-04-13,19.4,349.0,1230702
1937-04-13,-11.4,52.0,1230902
1937-04-15,-25.5,3.0,1231302
1937-04-15,10.1,33.0,1231401
1937-04-15,11.0,8.0,11180200
1937-04-16,-23.0,97.0,1230402
1937-04-17,20.5,21.0,11180300
1937-04-17,-21.7,5.0,11180400
1937-04-18,-15.7,58.0,1231601
1937-04-18,17.8,12.0,11180500
1937-04-19,-13.5,15.0,1231702
1937-04-19,5.9,14.0,1231802
1937-04-19,7.9,124.0,1232101
1937-04-20,-30.9,6.0,1231202
1937-04-20,32.3,3.0,11180600
1937-04-20,9.7,5.0,11180700
1937-04-21,-11.6,116.0,1231102
1937-04-21,11.5,26.0,1232205
1937-04-22,17.9,5.0,11180800
1937-04-23,10.2,7.0,1232405
1937-04-23,20.2,7.0,11180900
1937-04-25,-23.4,19.0,11181000
1937-04-27,8.1,40.0,1232305
1937-04-27,-15.4,15.0,11181100
1937-04-28,-8.5,464.0,1231502
1937-04-28,3.1,5.0,1232902
1937-04-28,18.5,192.0,1233001
1937-04-28,-23.9,5.0,11181200
1937-04-29,26.0,1272.0,1231902
1937-04-29,10.2,17.0,1232602
1937-04-30,-11.0,247.0,1232502
1937-04-30,-16.6,30.0,1233102
1937-05-01,17.8,532.0,1232003
1937-05-03,-9.9,15.0,1232802
1937-05-03,18.2,279.0,1233002
1937-05-03,-18.6,24.0,1233205
1937-05-03,-12.7,8.0,1233301
1937-05-03,-12.5,4.0,1233402
1937-05-04,11.2,474.0,1233502
1937-05-05,-20.0,1002.0,1232702
1937-05-06,-13.6,7.0,11181300
1937-05-07,10.7,8.0,1233701
1937-05-08,-29.7,5.0,1233601
1937-05-09,-23.8,9.0,1233905
1937-05-09,19.3,18.0,1234001
1937-05-09,18.3,444.0,1234102
1937-05-10,-31.7,166.0,1234301
1937-05-10,-23.6,4.0,11190100
1937-05-14,9.5,50.0,1234202
1937-05-14,25.3,16.0,1234405
1937-05-14,21.7,12.0,1234502
1937-05-14,-7.2,27.0,1234601
1937-05-14,-15.7,120.0,1234903
1937-05-14,-13.9,10.0,11190200
1937-05-14,26.2,3.0,11190300
1937-05-14,18.5,12.0,11190400
1937-05-15,18.5,134.0,1235002
1937-05-15,27.1,335.0,1235102
1937-05-16,-16.1,18.0,1233802
1937-05-16,14.0,11.0,1235301
1937-05-16,13.4,11.0,11190500
1937-05-17,9.6,17.0,1235405
1937-05-18,9.3,157.0,1235502
1937-05-20,28.3,6.0,1235602
1937-05-20,24.8,4.0,1235705
1937-05-20,-18.8,6.0,1235805
1937-05-20,-17.2,5.0,11190600
1937-05-21,-18.7,165.0,1235202
1937-05-23,18.1,8.0,11190700
1937-05-23,8.2,5.0,11190800
1937-05-23,15.6,6.0,11190900
1937-05-24,14.4,14.0,1236502
1937-05-24,5.1,11.0,1236602
1937-05-25,-17.8,20.0,1234702
1937-05-25,8.0,6.0,11191000
1937-05-26,21.3,186.0,1234805
1937-05-26,-21.8,7.0,1236002
1937-05-28,-24.0,9.0,1236705
1937-05-29,11.1,13.0,1236305
1937-05-29,8.1,11.0,1236405
1937-05-29,12.9,151.0,1236803
1937-05-29,-19.6,18.0,11191100
1937-05-30,-24.7,43.0,11191200
1937-05-31,-14.4,12.0,11191300
1937-06-01,-20.1,388.0,1235901
1937-06-01,12.1,206.0,1236102
1937-06-01,16.7,302.0,1236715
1937-06-02,10.8,210.0,1236202
1937-06-02,10.1,12.0,1237102
1937-06-02,11.5,217.0,1237203
1937-06-04,-15.7,87.0,1237501
1937-06-04,-13.8,12.0,11200100
1937-06-05,17.6,7.0,1236713
1937-06-05,14.7,158.0,1236902
1937-06-06,10.4,6.0,1237302
1937-06-06,6.3,5.0,1237605
1937-06-07,-16.1,225.0,1237002
1937-06-07,8.7,9.0,1237402
1937-06-07,-13.1,20.0,1237805
1937-06-07,11.0,10.0,1237905
1937-06-09,-32.9,24.0,1237702
1937-06-09,10.2,420.0,1238001
1937-06-10,-12.2,18.0,1238205
1937-06-10,-15.0,1128.0,1238303
1937-06-10,-12.7,10.0,11200200
1937-06-12,16.6,20.0,1238701
1937-06-12,8.1,54.0,1238903
1937-06-13,8.7,37.0,1239105
1937-06-13,14.1,10.0,11200300
1937-06-14,20.5,23.0,1238102
1937-06-14,20.7,13.0,1239201
1937-06-15,11.7,759.0,1239301
1937-06-16,12.0,69.0,1239402
1937-06-17,19.7,127.0,1238602
1937-06-17,36.3,12.0,1239002
1937-06-18,-22.3,300.0,1239605
1937-06-18,-11.1,15.0,1239805
1937-06-18,19.4,5.0,11200400
1937-06-19,13.9,11.0,1239905
1937-06-19,19.8,10.0,11200500
1937-06-21,11.7,14.0,1239705
1937-06-21,-5.3,3.0,11200600
1937-06-22,21.8,268.0,1238402
1937-06-22,-13.1,10.0,1240402
1937-06-22,-7.6,9.0,11200700
1937-06-23,-17.1,345.0,1238505
1937-06-23,-12.0,434.0,1238802
1937-06-23,-9.1,14.0,1240002
1937-06-24,26.8,90.0,1239502
1937-06-24,22.8,12.0,1240702
1937-06-24,18.5,153.0,1240801
1937-06-24,8.9,24.0,11200800
1937-06-24,9.0,6.0,11200900
1937-06-26,7.0,13.0,1240902
1937-06-27,12.0,14.0,1240605
1937-06-27,12.8,5.0,11201000
1937-06-28,22.5,98.0,1240302
1937-06-29,-22.1,140.0,1239601
1937-06-29,-7.5,46.0,1241202
1937-06-30,-18.3,40.0,1241005
1937-06-30,17.4,8.0,1241305
1937-06-30,13.8,72.0,1241405
1937-07-02,-11.4,36.0,1240102
1937-07-02,-13.0,15.0,1241505
1937-07-02,17.5,53.0,1241701
1937-07-03,-11.4,77.0,1240205
1937-07-04,-15.8,170.0,1240501
1937-07-04,-11.1,34.0,11210100
1937-07-05,-9.0,9.0,11210200
1937-07-06,13.4,15.0,1241605
1937-07-06,10.9,272.0,1242401
1937-07-06,-6.6,163.0,1242501
1937-07-06,-7.5,33.0,11210300
1937-07-07,-13.8,209.0,1242601
1937-07-07,15.5,229.0,1242701
1937-07-08,16.8,140.0,1241102
1937-07-08,-11.8,9.0,1242801
1937-07-08,-7.4,42.0,1242905
1937-07-08,-22.0,26.0,11210400
1937-07-09,12.8,17.0,1242105
1937-07-09,-15.4,278.0,1243202
1937-07-09,13.8,54.0,1243405
1937-07-09,12.9,11.0,11210500
1937-07-09,9.3,5.0,11210600
1937-07-10,13.8,5.0,1242202
1937-07-10,19.9,11.0,1243505
1937-07-10,25.2,37.0,1243601
1937-07-10,11.0,3.0,11210700
1937-07-11,-19.2,211.0,1241902
1937-07-11,31.5,17.0,11210800
1937-07-12,13.2,263.0,1241803
1937-07-12,13.5,227.0,1244103
1937-07-12,20.0,69.0,1244201
1937-07-12,-12.0,45.0,11210900
1937-07-12,16.9,10.0,11211000
1937-07-12,16.7,2.0,11211100
1937-07-12,16.2,11.0,11211200
1937-07-13,11.9,3.0,1243805
1937-07-13,-16.4,4.0,1244005
1937-07-13,19.3,16.0,1244305
1937-07-13,-13.4,59.0,1244402
1937-07-13,11.8,196.0,1244501
1937-07-13,15.7,85.0,1244601
1937-07-14,-29.4,119.0,1243702
1937-07-14,-21.5,122.0,1244701
1937-07-14,26.4,4.0,11211300
1937-07-14,9.7,7.0,11211400
1937-07-15,23.2,1067.0,1242303
1937-07-16,-17.8,296.0,1242002
1937-07-16,-30.2,149.0,1243902
1937-07-16,22.9,4.0,11211500
1937-07-17,6.7,58.0,1244801
1937-07-17,-12.9,307.0,1244902
1937-07-18,10.7,249.0,1243102
1937-07-19,13.1,38.0,1243302
1937-07-19,-18.3,18.0,1245001
1937-07-19,-19.9,102.0,1245102
1937-07-20,-10.4,336.0,1243002
1937-07-20,-22.4,3.0,1245202
1937-07-20,-11.9,15.0,1245405
1937-07-22,19.3,6.0,11211600
1937-07-23,-13.1,628.0,1244901
1937-07-26,29.5,170.0,1245701
1937-07-27,14.0,19.0,11211700
1937-07-28,8.0,14.0,1245901
1937-07-28,-13.0,4.0,11211800
1937-07-28,-3.2,4.0,11211900
1937-07-28,15.2,7.0,11212000
1937-07-29,10.8,5.0,11220100
1937-07-30,11.0,23.0,1245302
1937-07-30,-15.0,107.0,1246102
1937-07-30,22.5,354.0,1246203
1937-07-30,12.9,8.0,11220200
1937-07-31,14.1,13.0,1245602
1937-07-31,15.5,43.0,1246302
1937-08-01,17.9,20.0,1246502
1937-08-01,-29.9,79.0,1246602
1937-08-01,-18.3,76.0,1246701
1937-08-03,9.4,21.0,1247005
1937-08-03,-20.3,3.0,11220300
1937-08-03,-13.9,10.0,11220400
1937-08-04,16.3,83.0,1246802
1937-08-05,34.1,504.0,1245502
1937-08-05,-7.9,46.0,1247502
1937-08-05,-25.5,41.0,11220500
1937-08-06,-19.3,19.0,1246001
1937-08-06,13.5,64.0,1246905
1937-08-06,-11.9,11.0,1247601
1937-08-06,16.4,3.0,11220600
1937-08-07,18.3,24.0,1247705
1937-08-07,23.8,11.0,11220700
1937-08-07,-11.5,8.0,11220800
1937-08-08,-11.0,98.0,1245802
1937-08-08,18.2,5.0,1247305
1937-08-08,-18.7,46.0,1247802
1937-08-08,-23.3,17.0,1247902
1937-08-08,9.1,17.0,1248005
1937-08-08,-22.4,93.0,1248104
1937-08-08,18.6,41.0,1248205
1937-08-09,-20.7,246.0,1248705
1937-08-10,-12.5,309.0,1247202
1937-08-10,-31.3,4.0,1248305
1937-08-10,-23.1,56.0,1248805
1937-08-10,15.6,92.0,11220900
1937-08-11,-14.5,26.0,1248901
1937-08-11,10.1,130.0,1249001
1937-08-12,31.3,256.0,1246401
1937-08-12,-27.3,27.0,1247405
1937-08-12,-20.0,7.0,1248402
1937-08-13,15.0,4.0,1249105
1937-08-13,-9.0,11.0,1249205
1937-08-13,-6.1,29.0,11221000
1937-08-13,-30.7,4.0,11221100
1937-08-14,17.4,33.0,1248505
1937-08-14,16.7,16.0,11221200
1937-08-16,-12.1,307.0,1247101
1937-08-16,-10.7,65.0,1249302
1937-08-17,17.5,17.0,1249401
1937-08-17,-15.1,11.0,1249505
1937-08-18,24.0,29.0,1249605
1937-08-18,30.5,109.0,1249701
1937-08-18,31.9,303.0,1249801
1937-08-20,11.6,444.0,1248603
1937-08-21,14.5,48.0,1250301
1937-08-22,31.8,28.0,1250505
1937-08-22,-19.9,14.0,1250605
1937-08-22,-11.0,12.0,11221300
1937-08-23,16.2,4.0,11221400
1937-08-24,17.5,151.0,1250402
1937-08-24,10.8,12.0,11221500
1937-08-24,-35.4,7.0,11221600
1937-08-25,39.0,14.0,11230100
1937-08-26,20.8,37.0,1250905
1937-08-27,11.1,85.0,1251102
1937-08-27,28.5,276.0,1251203
1937-08-27,20.4,13.0,11230200
1937-08-29,-28.0,17.0,1249902
1937-08-29,-9.8,238.0,1250002
1937-08-29,23.8,18.0,1250101
1937-08-29,16.6,111.0,1250805
1937-08-29,33.6,3.0,11230300
1937-08-30,-12.1,189.0,1250202
1937-08-30,22.3,14.0,1251305
1937-08-30,15.1,5.0,11230400
1937-08-31,6.8,36.0,1251402
1937-08-31,19.3,347.0,1251502
1937-08-31,-11.9,24.0,1251601
1937-08-31,-11.7,8.0,11230500
1937-09-01,13.9,47.0,1250702
1937-09-02,14.6,4.0,1251905
1937-09-03,-9.6,25.0,1251705
1937-09-03,11.2,474.0,1252102
1937-09-03,25.9,10.0,11230600
1937-09-03,-7.5,14.0,11230700
1937-09-03,12.4,13.0,11230800
1937-09-04,-13.3,214.0,1251002
1937-09-04,-6.6,8.0,1252002
1937-09-04,-20.5,10.0,11230900
1937-09-05,7.2,9.0,1251801
1937-09-06,-9.6,10.0,1252201
1937-09-06,12.9,73.0,1252402
1937-09-06,-28.7,7.0,11231000
1937-09-06,-24.9,6.0,11231100
1937-09-07,34.8,28.0,11231200
1937-09-08,-17.8,4.0,11231300
1937-09-10,16.6,8.0,11231400
1937-09-11,9.0,185.0,1252302
1937-09-12,13.1,271.0,1252901
1937-09-12,17.1,83.0,1253002
1937-09-14,10.0,68.0,1252505
1937-09-14,-19.7,23.0,1253101
1937-09-15,-10.9,10.0,1252802
1937-09-16,-26.0,4.0,1253201
1937-09-16,15.9,31.0,1253302
1937-09-17,11.9,627.0,1252602
1937-09-17,18.8,8.0,1252701
1937-09-17,16.7,14.0,11231500
1937-09-18,-21.1,15.0,1253701
1937-09-20,-11.7,80.0,1253901
1937-09-20,19.5,4.0,11231600
1937-09-21,-4.2,14.0,1253402
1937-09-21,13.6,4.0,1254102
1937-09-22,4.4,14.0,1253802
1937-09-22,20.4,13.0,1254301
1937-09-22,6.9,2.0,11240100
1937-09-23,10.5,2.0,1254405
1937-09-23,12.1,43.0,1254501
1937-09-23,17.9,82.0,1254601
1937-09-23,38.8,10.0,11240200
1937-09-24,12.3,84.0,1254502
1937-09-25,38.5,12.0,1254902
1937-09-26,11.9,236.0,1253602
1937-09-26,-15.7,172.0,1254002
1937-09-26,-23.0,9.0,1254202
1937-09-26,-20.9,11.0,1255001
1937-09-26,37.9,5.0,11240300
1937-09-27,-20.1,4.0,1254705
1937-09-27,-13.9,2.0,11240400
1937-09-28,-11.0,161.0,1255101
1937-09-28,-16.9,148.0,1255201
1937-09-28,9.9,539.0,1255304
1937-09-29,-10.3,11.0,1254802
1937-09-30,33.9,134.0,1253501
1937-09-30,23.9,5.0,1255402
1937-09-30,11.8,189.0,1255501
1938-01-01,10.4,16.0,1265202
1938-01-01,4.4,275.0,1266101
1938-01-02,-11.0,224.0,1265002
1938-01-02,-18.4,200.0,1265302
1938-01-02,15.5,31.0,1266202
1938-01-03,-15.2,527.0,1265802
1938-01-04,14.4,7.0,1265501
1938-01-05,17.2,63.0,1265902
1938-01-05,7.8,20.0,1266501
1938-01-05,6.5,19.0,11270300
1938-01-06,-14.2,11.0,1266805
1938-01-07,-13.7,81.0,1266002
1938-01-07,19.4,56.0,1266905
1938-01-07,24.2,19.0,1267002
1938-01-08,37.4,344.0,1266402
1938-01-08,4.5,11.0,11280100
1938-01-08,-18.9,3.0,11280200
1938-01-09,-14.5,47.0,1267102
1938-01-11,26.0,140.0,1267202
1938-01-12,16.2,1016.0,1267304
1938-01-13,11.7,64.0,1266302
1938-01-14,13.5,126.0,1267401
1938-01-14,-3.2,11.0,11280300
1938-01-15,8.4,58.0,1266701
1938-01-15,20.6,19.0,1267502
1938-01-15,-9.9,13.0,1267605
1938-01-17,19.9,1564.0,1266602
1938-01-17,2.8,16.0,1267705
1938-01-18,-17.7,54.0,1267802
1938-01-18,-15.5,10.0,11280400
1938-01-19,-12.0,22.0,1268001
1938-01-19,-14.2,66.0,1268101
1938-01-19,7.9,10.0,11280500
1938-01-20,21.1,197.0,1268201
1938-01-21,-12.8,8.0,11280600
1938-01-22,-7.8,6.0,1268505
1938-01-22,-14.1,12.0,1268605
1938-01-22,-6.8,19.0,1268705
1938-01-22,-16.0,8.0,11280700
1938-01-23,29.7,23.0,1268805
1938-01-23,18.5,60.0,1268905
1938-01-23,-17.8,19.0,11280800
1938-01-25,7.2,13.0,1268301
1938-01-25,-8.2,15.0,11280900
1938-01-26,19.1,48.0,1269102
1938-01-26,26.6,91.0,1269202
1938-01-26,-9.6,16.0,11281000
1938-01-27,-11.0,28.0,1267902
1938-01-27,14.2,4.0,1269002
1938-01-28,11.2,23.0,1268402
1938-01-28,15.4,9.0,11281100
1938-01-29,-5.6,108.0,1269602
1938-01-31,12.3,233.0,1269402
1938-01-31,25.6,8.0,1269505
1938-02-02,-16.7,50.0,1269901
1938-02-03,-21.0,188.0,1270001
1938-02-04,-20.8,9.0,1270205
1938-02-05,8.6,20.0,1269805
1938-02-06,-24.3,9.0,1270105
1938-02-07,-17.2,19.0,1270402
1938-02-07,22.2,17.0,1270501
1938-02-07,14.6,164.0,1270601
1938-02-07,17.2,14.0,11290100
1938-02-08,12.9,274.0,1269302
1938-02-09,-5.7,20.0,1270802
1938-02-09,-19.0,11.0,11290200
1938-02-10,-11.0,56.0,1271002
1938-02-10,5.3,9.0,11290300
1938-02-11,-9.6,163.0,1269702
1938-02-11,-28.4,19.0,1271102
1938-02-12,-25.3,25.0,1271305
1938-02-12,-9.8,114.0,1271405
1938-02-12,9.6,54.0,1271502
1938-02-12,-13.2,68.0,1271602
1938-02-12,-26.7,8.0,11290400
1938-02-13,11.7,14.0,1270905
1938-02-13,-21.5,13.0,1271701
1938-02-14,13.4,8.0,1271905
1938-02-14,4.5,5.0,11290500
1938-02-14,14.4,4.0,11290600
1938-02-16,-24.8,948.0,1270303
1938-02-16,-8.2,36.0,1272003
1938-02-19,-5.9,10.0,1271802
1938-02-19,27.1,28.0,11290700
1938-02-20,14.1,139.0,1270703
1938-02-21,5.5,52.0,1272202
1938-02-23,-8.0,168.0,1271202
1938-02-23,12.2,144.0,1272701
1938-02-23,-16.9,5.0,11290800
1938-02-23,-15.4,2.0,11290900
1938-02-24,-27.3,293.0,1272302
1938-02-24,-25.7,4.0,1272802
1938-02-25,6.3,28.0,1272605
1938-02-26,-15.8,12.0,1272501
1938-02-27,-26.2,304.0,1272405
1938-03-01,-6.8,121.0,1273002
1938-03-02,-17.8,25.0,1272101
1938-03-03,23.3,26.0,1272902
1938-03-03,-25.6,361.0,1273302
1938-03-04,23.1,410.0,1273402
1938-03-05,26.1,3.0,11300100
1938-03-06,-15.5,151.0,1273102
1938-03-07,9.1,255.0,1273601
1938-03-08,-28.2,12.0,1273705
1938-03-09,15.8,10.0,1273905
1938-03-09,25.4,10.0,1274005
1938-03-09,23.8,82.0,1274101
1938-03-10,24.1,12.0,1273505
1938-03-11,-17.9,94.0,1274305
1938-03-11,-24.0,42.0,1274402
1938-03-11,-15.8,5.0,11300200
1938-03-11,16.6,11.0,11300300
1938-03-11,6.9,17.0,11300400
1938-03-12,-18.7,119.0,1273202
1938-03-12,0.7,9.0,11300500
1938-03-13,9.3,17.0,1274605
1938-03-13,-9.4,11.0,1274702
1938-03-13,-10.3,10.0,11300600
1938-03-14,-11.2,17.0,1274505
1938-03-14,-28.0,9.0,1274805
1938-03-15,-24.6,29.0,1274201
1938-03-15,-20.8,14.0,11300700
1938-03-16,-11.3,48.0,1275102
1938-03-16,6.0,15.0,1275201
1938-03-16,12.8,33.0,1275301
1938-03-16,-7.6,456.0,1275402
1938-03-17,13.7,45.0,1274901
1938-03-18,-8.9,495.0,1273803
1938-03-19,5.2,10.0,1275002
1938-03-21,28.2,93.0,1275502
1938-03-21,-3.2,16.0,1275605
1938-03-21,22.0,4.0,11300800
1938-03-22,-27.7,6.0,11300900
1938-03-22,-20.9,5.0,11301000
1938-03-22,-6.5,4.0,11301100
1938-03-22,-26.4,32.0,11301200
1938-03-23,26.7,34.0,1275801
1938-03-23,-4.7,16.0,1276005
1938-03-24,-3.9,5.0,1275905
1938-03-24,5.9,6.0,11301300
1938-03-24,12.4,11.0,11301400
1938-03-26,-42.0,17.0,1276105
1938-03-26,-11.1,4.0,11301500
1938-03-27,-19.1,9.0,11301600
1938-03-28,-16.2,29.0,1276305
1938-03-29,-20.7,25.0,1276501
1938-03-31,19.9,9.0,1276601
1938-03-31,-21.8,239.0,1276802
1938-04-01,-19.0,30.0,1276401
1938-04-01,15.1,13.0,1276902
1938-04-01,23.7,6.0,11310100
1938-04-02,-16.0,475.0,1275702
1938-04-02,8.1,16.0,1277005
1938-04-02,25.2,5.0,1277105
1938-04-02,-27.4,5.0,11310200
1938-04-03,11.7,38.0,1277301
1938-04-06,-6.5,32.0,1277405
1938-04-08,-21.3,697.0,1276202
1938-04-08,24.3,48.0,1277605
1938-04-08,26.7,1468.0,1277703
1938-04-08,-12.3,59.0,11310300
1938-04-08,22.5,3.0,11310400
1938-04-09,-24.0,699.0,1277802
1938-04-10,18.1,5.0,11310500
1938-04-10,13.8,10.0,11310600
1938-04-10,-19.3,15.0,11310700
1938-04-11,-31.5,24.0,11310800
1938-04-11,20.6,9.0,11310900
1938-04-12,-7.2,9.0,11311000
1938-04-13,-28.1,53.0,1276701
1938-04-14,-9.9,154.0,1277201
1938-04-16,9.2,4.0,1278002
1938-04-16,25.5,23.0,1278205
1938-04-16,-12.9,481.0,1278302
1938-04-16,-8.1,57.0,1278401
1938-04-16,12.8,18.0,11311100
1938-04-16,-23.3,43.0,11311200
1938-04-17,-4.0,205.0,1277502
1938-04-17,-16.3,195.0,1278505
1938-04-18,-16.4,16.0,1278602
1938-04-19,11.8,25.0,1278705
1938-04-19,-11.5,10.0,11311300
1938-04-20,-4.2,16.0,11311400
1938-04-20,-12.8,15.0,11311500
1938-04-21,7.3,2.0,11311600
1938-04-22,-10.9,46.0,1277902
1938-04-22,19.0,37.0,1278802
1938-04-22,-4.2,15.0,11311700
1938-04-23,-11.0,163.0,1279005
1938-04-26,-27.9,387.0,1279401
1938-04-27,-9.6,473.0,1278102
1938-04-27,-19.6,294.0,1279502
1938-04-28,-25.5,34.0,1279705
1938-04-28,-30.1,103.0,1279805
1938-04-28,23.8,233.0,1279901
1938-04-28,-22.4,126.0,1280002
1938-04-29,23.2,21.0,1279305
1938-04-29,24.5,6.0,11320100
1938-04-29,14.5,12.0,11320200
1938-05-01,10.7,4.0,1280105
1938-05-02,-3.7,162.0,1280301
1938-05-02,18.1,8.0,11320300
1938-05-02,-6.1,12.0,11320400
1938-05-04,8.2,201.0,1278905
1938-05-04,12.4,213.0,1279105
1938-05-04,-8.6,12.0,1280705
1938-05-05,-18.7,26.0,1279201
1938-05-05,20.9,35.0,1280405
1938-05-05,23.4,17.0,1280902
1938-05-05,23.5,53.0,1281001
1938-05-06,-6.9,7.0,1281105
1938-05-06,-24.0,12.0,1281205
1938-05-07,24.6,160.0,1281402
1938-05-07,-9.1,30.0,11320500
1938-05-08,16.9,26.0,1281602
1938-05-09,24.4,272.0,1279601
1938-05-09,-22.5,42.0,1280201
1938-05-09,-12.6,25.0,1281801
1938-05-09,-18.8,122.0,1282002
1938-05-10,-39.6,11.0,1280605
1938-05-10,-11.9,250.0,1282102
1938-05-10,32.8,3.0,11320600
1938-05-11,-8.7,149.0,1282201
1938-05-13,-34.6,152.0,1280502
1938-05-13,-10.9,21.0,1281505
1938-05-13,-11.1,7.0,11320700
1938-05-14,23.7,83.0,1281305
1938-05-16,-6.9,458.0,1280802
1938-05-16,-18.5,43.0,1282405
1938-05-18,-15.7,210.0,1282602
1938-05-19,-7.1,5.0,11320800
1938-05-20,-23.8,230.0,1281701
1938-05-20,-25.3,19.0,1282702
1938-05-20,-15.4,12.0,11320900
1938-05-20,18.2,5.0,11321000
1938-05-21,16.0,122.0,1281901
1938-05-21,-30.3,10.0,1282805
1938-05-22,8.5,6.0,1283005
1938-05-22,6.0,38.0,1283101
1938-05-23,6.4,12.0,1283405
1938-05-23,10.7,74.0,1283502
1938-05-23,10.1,6.0,11321100
1938-05-24,-10.0,8.0,11321200
1938-05-25,16.5,56.0,1283601
1938-05-25,21.9,8.0,11330100
1938-05-26,-14.4,200.0,1282301
1938-05-26,-13.5,242.0,1282502
1938-05-26,-29.3,11.0,1283905
1938-05-27,11.4,23.0,1283202
1938-05-27,-28.8,19.0,1283302
1938-05-30,8.9,531.0,1282902
1938-05-31,9.1,21.0,1284202
1938-05-31,-6.1,277.0,1284401
1938-06-01,19.2,127.0,1283802
1938-06-01,3.6,6.0,1284505
1938-06-02,-19.4,131.0,1284802
1938-06-02,8.6,31.0,11330200
1938-06-03,-20.3,15.0,1284302
1938-06-04,-7.0,84.0,1284002
1938-06-05,20.7,16.0,1283701
1938-06-05,25.7,6.0,1284601
1938-06-05,37.3,10.0,1285002
1938-06-05,13.8,472.0,1285102
1938-06-05,25.9,9.0,11330300
1938-06-06,-4.9,12.0,1284902
1938-06-06,25.3,6.0,11330400
1938-06-07,26.0,95.0,1284102
1938-06-07,3.9,31.0,1284702
1938-06-07,19.9,9.0,1285501
1938-06-07,11.4,46.0,1285605
1938-06-07,-9.9,139.0,1285701
1938-06-08,20.5,10.0,1285402
1938-06-08,22.5,18.0,1285902
1938-06-08,24.6,14.0,11330500
1938-06-09,-5.3,58.0,1285802
1938-06-10,13.5,12.0,1286005
1938-06-10,16.3,13.0,1286101
1938-06-11,-15.5,10.0,1286202
1938-06-12,22.8,188.0,1285302
1938-06-12,18.8,16.0,11330600
1938-06-13,-19.3,29.0,1286503
1938-06-13,45.6,8.0,11330700
1938-06-14,-24.2,4.0,1286301
1938-06-14,7.2,25.0,11330800
1938-06-15,3.6,9.0,1286901
1938-06-16,13.4,31.0,1285202
1938-06-16,4.9,25.0,1287105
1938-06-16,20.4,10.0,11330900
1938-06-17,-12.4,4.0,1286402
1938-06-17,12.0,5.0,1287005
1938-06-17,12.2,21.0,1287205
1938-06-19,8.5,20.0,1287405
1938-06-21,8.1,3.0,1287505
1938-06-21,14.4,8.0,1287805
1938-06-21,10.0,3.0,11340100
1938-06-22,16.0,5.0,1286602
1938-06-22,-24.1,5.0,11340200
1938-06-23,20.4,15.0,1286802
1938-06-25,5.9,293.0,1286701
1938-06-25,-9.2,25.0,1287605
1938-06-25,-19.8,48.0,1287902
1938-06-26,-9.5,110.0,1288102
1938-06-27,3.7,22.0,1288405
1938-06-28,5.9,375.0,1287302
1938-06-28,-5.7,3.0,1288205
1938-06-29,22.4,67.0,1287702
1938-06-29,16.7,10.0,1288005
1938-06-29,-23.1,10.0,1288905
1938-06-29,6.5,9.0,11340300
1938-06-30,8.5,33.0,1288805
1938-06-30,-6.3,20.0,11340400
1938-07-01,-10.1,3.0,11340500
1938-07-02,-5.3,6.0,1288302
1938-07-02,-5.2,120.0,1289101
1938-07-02,13.4,103.0,1289201
1938-07-03,-5.9,5.0,1289001
1938-07-03,-9.3,59.0,1289302
1938-07-04,-9.7,88.0,1289301
1938-07-04,14.9,293.0,1289601
1938-07-06,-13.7,74.0,1289902
1938-07-06,-15.8,311.0,1290001
1938-07-06,24.7,4.0,11340600
1938-07-07,27.5,479.0,1288502
1938-07-07,16.0,17.0,1290101
1938-07-08,-22.1,178.0,1288602
1938-07-09,-5.7,152.0,1288701
1938-07-09,18.2,11.0,1289702
1938-07-09,7.2,345.0,1290301
1938-07-10,-14.5,19.0,1290501
1938-07-10,18.1,18.0,11340700
1938-07-12,20.6,7.0,1290705
1938-07-13,13.3,462.0,1289402
1938-07-13,14.8,4.0,1289802
1938-07-13,23.5,16.0,1291002
1938-07-14,-24.8,5.0,1290402
1938-07-14,12.7,12.0,1290602
1938-07-14,15.1,3.0,1290905
1938-07-14,-16.6,105.0,1291302
1938-07-16,-19.6,6.0,1290802
1938-07-16,-25.5,29.0,1291701
1938-07-16,6.4,2.0,1291802
1938-07-16,-3.1,4.0,11340800
1938-07-17,-14.4,398.0,1289502
1938-07-17,19.0,17.0,1291205
1938-07-17,11.0,31.0,1291402
1938-07-17,21.7,29.0,11340900
1938-07-17,11.1,5.0,11341000
1938-07-18,9.7,13.0,1291905
1938-07-18,16.6,287.0,1292002
1938-07-18,-8.1,29.0,11350100
1938-07-18,-26.2,7.0,11350200
1938-07-19,6.4,13.0,1292301
1938-07-19,20.7,14.0,1292405
1938-07-19,-9.7,83.0,1292501
1938-07-19,13.7,4.0,11350300
1938-07-19,20.8,12.0,11350400
1938-07-20,20.2,21.0,1291602
1938-07-20,6.0,19.0,1292105
1938-07-20,21.3,5.0,11350500
1938-07-21,-12.5,1876.0,1290203
1938-07-21,23.7,8.0,11350600
1938-07-22,17.8,11.0,1292802
1938-07-22,-16.2,21.0,1292905
1938-07-22,-7.3,129.0,1293002
1938-07-23,13.0,16.0,1291502
1938-07-23,23.1,7.0,11350700
1938-07-24,8.1,43.0,1292602
1938-07-25,6.5,148.0,1291101
1938-07-25,21.8,18.0,11350800
1938-07-26,-16.3,13.0,11350900
1938-07-26,-20.6,9.0,11351000
1938-07-27,25.3,14.0,1293202
1938-07-28,2.6,8.0,1293501
1938-07-28,-27.6,11.0,11351100
1938-07-29,-8.3,163.0,1292202
1938-07-29,8.1,200.0,1293102
1938-07-29,19.1,14.0,1293601
1938-07-29,24.8,36.0,11351200
1938-07-29,31.4,18.0,11351300
1938-07-31,-10.4,83.0,1293701
1938-08-01,3.1,301.0,1292702
1938-08-01,-1.3,49.0,1294001
1938-08-01,13.0,208.0,1294102
1938-08-01,-18.2,366.0,1294201
1938-08-01,-6.5,263.0,1294301
1938-08-01,13.2,4.0,11351400
1938-08-02,6.7,9.0,1293802
1938-08-02,-24.6,5.0,1293901
1938-08-02,16.6,5.0,1294502
1938-08-02,6.9,4.0,11351500
1938-08-02,22.6,7.0,11351600
1938-08-02,16.9,4.0,11351700
1938-08-03,-15.2,22.0,1294405
1938-08-03,13.7,3.0,11351800
1938-08-04,-21.3,220.0,1293302
1938-08-04,-24.9,209.0,1294802
1938-08-04,11.7,5.0,11351900
1938-08-04,31.9,23.0,11352000
1938-08-05,-5.6,34.0,1293402
1938-08-05,22.8,117.0,1295101
1938-08-05,3.4,140.0,1295201
1938-08-05,10.3,5.0,11352100
1938-08-06,8.2,613.0,1294702
1938-08-07,18.8,9.0,1294902
1938-08-08,-24.0,953.0,1295402
1938-08-10,15.5,5.0,1295501
1938-08-10,7.4,22.0,1295601
1938-08-11,-14.3,9.0,1294602
1938-08-11,-8.5,4.0,11352200
1938-08-12,14.3,72.0,1295302
1938-08-12,23.1,25.0,1295705
1938-08-12,6.7,22.0,1295805
1938-08-12,-3.3,4.0,11352300
1938-08-13,-18.7,11.0,1295901
1938-08-13,-16.6,27.0,1296205
1938-08-13,8.2,20.0,11352400
1938-08-13,-21.3,10.0,11352500
1938-08-13,-24.0,9.0,11352600
1938-08-14,10.1,12.0,1296302
1938-08-15,-22.1,22.0,1296105
1938-08-15,-16.2,24.0,1296502
1938-08-15,2.8,159.0,1296601
1938-08-16,16.7,16.0,1296802
1938-08-17,-12.8,283.0,1295004
1938-08-17,8.3,22.0,11360100
1938-08-19,25.1,17.0,11360200
1938-08-19,-9.4,7.0,11360300
1938-08-20,-21.3,28.0,1297102
1938-08-21,9.1,17.0,1297201
1938-08-21,27.3,15.0,11360400
1938-08-22,-21.2,159.0,1296001
1938-08-22,18.7,16.0,1297002
1938-08-22,6.9,16.0,1297301
1938-08-22,-27.4,11.0,11360500
1938-08-23,-6.6,14.0,11360600
1938-08-23,-14.5,10.0,11360700
1938-08-25,17.9,98.0,1296702
1938-08-25,16.3,5.0,1297601
1938-08-25,12.5,44.0,1297702
1938-08-25,27.6,42.0,1297802
1938-08-26,9.5,24.0,1296402
1938-08-26,25.1,4.0,1297405
1938-08-26,-15.1,63.0,1297905
1938-08-26,24.0,5.0,11360800
1938-08-26,11.5,8.0,11360900
1938-08-26,-11.1,7.0,11361000
1938-08-27,-24.5,7.0,1296902
1938-08-27,13.2,239.0,1298002
1938-08-27,-19.0,7.0,11361100
1938-08-28,-16.0,8.0,11361200
1938-08-28,6.8,13.0,11361300
1938-08-29,-17.3,223.0,1297502
1938-08-29,-5.1,27.0,1298201
1938-08-29,-13.7,206.0,1298302
1938-08-29,17.2,27.0,1298401
1938-08-30,-20.2,41.0,1298502
1938-08-30,12.3,16.0,1298602
1938-08-30,22.2,6.0,11361400
1938-08-30,14.6,8.0,11361500
1938-08-31,-17.9,38.0,11361600
1938-09-01,16.3,4.0,1298805
1938-09-01,-12.5,63.0,1299001
1938-09-02,28.6,10.0,1298705
1938-09-02,16.1,5.0,1299101
1938-09-02,11.0,180.0,1299201
1938-09-03,-12.8,9.0,11361700
1938-09-05,-23.3,3.0,1299405
1938-09-05,18.4,13.0,1299501
1938-09-05,18.2,6.0,11361800
1938-09-05,-22.5,4.0,11361900
1938-09-05,-21.4,3.0,11362000
1938-09-05,-18.5,3.0,11362100
1938-09-06,-15.0,161.0,1298103
1938-09-07,11.5,19.0,1299305
1938-09-08,11.3,87.0,1299602
1938-09-10,17.5,24.0,1299702
1938-09-10,10.7,37.0,1299805
1938-09-13,-18.4,316.0,1298902
1938-09-15,21.9,370.0,1300001
1938-09-16,27.3,3.0,11370100
1938-09-16,17.3,3.0,11370200
1938-09-17,17.6,37.0,1300102
1938-09-17,22.6,13.0,1300305
1938-09-18,9.7,4.0,11370300
1938-09-19,-3.4,5.0,1300205
1938-09-19,-23.8,9.0,1300505
1938-09-19,-9.8,513.0,1300603
1938-09-19,12.1,31.0,11370400
1938-09-19,24.1,18.0,11370500
1938-09-20,20.5,3.0,11370600
1938-09-21,14.8,126.0,1300405
1938-09-21,-11.0,277.0,1300701
1938-09-21,16.1,14.0,11370700
1938-09-22,6.7,254.0,1299902
1938-09-22,-8.9,3.0,1300805
1938-09-22,-12.0,1297.0,1300903
1938-09-22,-19.3,8.0,11370800
1938-09-23,29.9,18.0,1301002
1938-09-24,11.7,137.0,1301101
1938-09-24,13.9,18.0,1301202
1938-09-26,-12.1,31.0,1301501
1938-09-26,13.0,23.0,1301602
1938-09-26,12.6,15.0,11370900
1938-09-27,-7.3,77.0,1301701
1938-09-27,32.4,14.0,11371000
1938-09-29,20.1,25.0,1301802
1938-09-29,-15.9,111.0,1301901
1938-09-29,-17.0,4.0,11371100
1938-09-29,-16.6,5.0,11371200
1938-09-30,15.0,38.0,1301302
1938-09-30,17.3,232.0,1301402
1938-09-30,13.3,10.0,1302005
1939-01-01,-19.3,312.0,1312101
1939-01-01,12.4,49.0,1312202
1939-01-01,-16.7,207.0,1313002
1939-01-01,-7.2,21.0,1313101
1939-01-02,19.1,12.0,1313205
1939-01-03,-14.3,41.0,11410100
1939-01-03,-11.9,13.0,11410200
1939-01-04,-10.5,9.0,1313505
1939-01-05,-3.0,186.0,1312401
1939-01-05,10.0,26.0,1313301
1939-01-05,9.7,16.0,1313601
1939-01-06,-10.1,166.0,1313801
1939-01-07,-13.8,10.0,11410300
1939-01-08,18.1,50.0,1313402
1939-01-10,-12.3,343.0,1312801
1939-01-10,9.5,340.0,1314301
1939-01-10,-7.3,143.0,1314402
1939-01-10,20.0,34.0,1314502
1939-01-10,-27.3,14.0,11410400
1939-01-10,24.1,37.0,11410500
1939-01-11,12.4,34.0,1314601
1939-01-12,-9.6,58.0,1314102
1939-01-12,8.6,12.0,11410600
1939-01-13,-21.3,6.0,1313902
1939-01-15,-16.6,271.0,1314002
1939-01-15,8.4,251.0,1314801
1939-01-17,29.6,32.0,1313702
1939-01-17,26.0,33.0,1314702
1939-01-17,-7.6,3.0,1314905
1939-01-18,-19.3,15.0,1315101
1939-01-19,6.9,14.0,1315205
1939-01-20,-20.6,171.0,1314202
1939-01-20,-11.7,40.0,1315402
1939-01-20,-6.9,110.0,1315501
1939-01-20,-7.9,304.0,1315602
1939-01-21,11.1,21.0,11410700
1939-01-21,16.4,5.0,11410800
1939-01-22,-8.0,9.0,11410900
1939-01-22,10.4,6.0,11411000
1939-01-23,26.4,53.0,1315001
1939-01-23,-19.4,25.0,1315301
1939-01-24,14.2,141.0,1315902
1939-01-25,-12.5,177.0,1316002
1939-01-26,-11.1,48.0,1316305
1939-01-27,6.5,55.0,1315805
1939-01-28,-12.3,15.0,1315702
1939-01-28,6.4,22.0,1316405
1939-01-29,-17.0,13.0,1316102
1939-01-30,15.5,6.0,1316502
1939-01-30,-17.6,110.0,1316601
1939-01-30,-13.6,18.0,11420100
1939-02-01,-15.6,7.0,1316202
1939-02-02,5.9,62.0,1316905
1939-02-02,12.5,18.0,11420200
1939-02-02,-7.9,25.0,11420300
1939-02-03,-12.2,9.0,1316705
1939-02-03,-12.0,7.0,11420400
1939-02-04,-20.2,6.0,1317005
1939-02-04,17.0,31.0,11420500
1939-02-05,-12.1,7.0,1316805
1939-02-06,13.4,8.0,1317305
1939-02-06,7.1,16.0,1317405
1939-02-07,-17.2,7.0,11420600
1939-02-09,-8.8,141.0,1317102
1939-02-09,26.3,59.0,1317501
1939-02-09,-8.0,12.0,11420700
1939-02-10,4.2,17.0,1317202
1939-02-14,-23.8,4.0,1318002
1939-02-14,-12.3,13.0,11420800
1939-02-14,26.0,4.0,11420900
1939-02-15,16.8,8.0,1317702
1939-02-16,24.7,8.0,1317602
1939-02-19,12.2,8.0,1318302
1939-02-19,14.5,35.0,1318502
1939-02-21,12.7,332.0,1318102
1939-02-21,-25.4,9.0,1318802
1939-02-22,6.3,14.0,1317801
1939-02-22,11.7,53.0,1318203
1939-02-22,-18.7,128.0,1319101
1939-02-23,-17.2,385.0,1317902
1939-02-23,5.4,13.0,11430100
1939-02-24,10.5,25.0,1319202
1939-02-24,-15.2,41.0,1319305
1939-02-24,-21.3,16.0,11430200
1939-02-24,22.0,7.0,11430300
1939-02-25,16.7,10.0,11430400
1939-02-25,5.9,43.0,11430500
1939-02-25,-9.4,10.0,11430600
1939-02-26,-9.8,196.0,1318602
1939-02-27,-18.7,59.0,1319401
1939-02-27,-9.8,14.0,11430700
1939-02-28,-17.1,118.0,1318705
1939-02-28,-14.7,18.0,11430800
1939-03-01,22.1,32.0,1319605
1939-03-01,8.9,138.0,1319702
1939-03-02,-8.5,112.0,1318402
1939-03-02,21.7,5.0,1319505
1939-03-02,-9.4,14.0,11430900
1939-03-03,5.5,9.0,1319805
1939-03-03,12.2,18.0,1319902
1939-03-04,28.8,160.0,1318901
1939-03-05,-21.7,118.0,1319001
1939-03-05,-12.7,13.0,11431000
1939-03-06,-10.0,4.0,11431100
1939-03-07,-20.7,7.0,1320102
1939-03-08,12.0,106.0,1320201
1939-03-10,-11.0,16.0,1320002
1939-03-10,-16.6,128.0,1320401
1939-03-11,10.1,16.0,1320505
1939-03-12,-17.3,26.0,1320302
1939-03-13,-9.7,64.0,1320601
1939-03-17,-16.7,13.0,1320801
1939-03-19,11.8,31.0,1321005
1939-03-20,-13.1,469.0,1320902
1939-03-20,-23.1,29.0,1321401
1939-03-20,8.3,6.0,11431200
1939-03-20,16.4,14.0,11431300
1939-03-20,18.0,14.0,11431400
1939-03-21,25.1,155.0,1320702
1939-03-21,15.6,18.0,1321202
1939-03-22,29.9,20.0,1321601
1939-03-24,-14.7,12.0,11440100
1939-03-26,-5.5,5.0,1321302
1939-03-27,-5.7,27.0,1321705
1939-03-29,15.0,211.0,1321102
1939-03-29,-9.5,177.0,1321502
1939-03-29,9.3,29.0,1321902
1939-03-29,6.0,24.0,11440200
1939-03-30,-15.1,12.0,11440300
1939-03-31,15.5,4.0,11440400
1939-03-31,-12.8,7.0,11440500
1939-04-02,11.2,7.0,1322305
1939-04-02,-12.9,29.0,1322401
1939-04-02,-20.0,37.0,1322501
1939-04-03,25.1,6.0,11440600
1939-04-03,11.5,6.0,11440700
1939-04-04,-12.7,29.0,1322202
1939-04-04,-12.5,122.0,1322602
1939-04-05,6.2,30.0,1321802
1939-04-05,-12.7,12.0,1322002
1939-04-06,-11.8,178.0,1322701
1939-04-07,23.8,57.0,1322802
1939-04-07,-17.0,171.0,1322901
1939-04-09,21.7,102.0,1323001
1939-04-10,-5.6,26.0,1323201
1939-04-11,11.5,4.0,11440800
1939-04-12,-8.6,14.0,1322102
1939-04-12,9.5,4.0,11440900
1939-04-12,2.8,10.0,11441000
1939-04-13,13.8,41.0,1323301
1939-04-13,1.0,66.0,1323601
1939-04-13,-5.8,24.0,11441100
1939-04-15,6.9,13.0,1323401
1939-04-15,12.1,2.0,1323901
1939-04-16,-20.5,4.0,1323801
1939-04-16,9.1,149.0,1324001
1939-04-16,15.4,7.0,11441200
1939-04-17,17.1,36.0,1324102
1939-04-19,23.6,469.0,1324202
1939-04-19,8.0,6.0,11450100
1939-04-20,5.0,146.0,1324601
1939-04-21,8.4,122.0,1323101
1939-04-21,14.5,302.0,1323503
1939-04-21,-4.1,1.0,1324305
1939-04-21,11.6,4.0,11450200
1939-04-24,23.4,21.0,1325305
1939-04-25,15.6,77.0,1323702
1939-04-25,18.7,12.0,11450300
1939-04-26,-17.0,277.0,1324402
1939-04-26,14.7,18.0,1324805
1939-04-26,19.2,206.0,1325402
1939-04-27,11.5,11.0,1325502
1939-04-27,-20.2,67.0,1325602
1939-04-29,-14.5,261.0,1325002
1939-04-29,-11.4,130.0,1325105
1939-04-29,20.7,4.0,1325705
1939-04-29,29.9,7.0,11450400
1939-04-30,-14.8,13.0,11450500
1939-05-02,30.8,334.0,1324502
1939-05-02,-15.8,356.0,1324702
1939-05-02,-16.1,18.0,1326002
1939-05-02,-9.5,56.0,1326202
1939-05-02,16.0,101.0,11450600
1939-05-02,31.7,7.0,11450700
1939-05-03,-13.0,43.0,1324902
1939-05-04,7.8,114.0,1326401
1939-05-04,-6.4,21.0,11450800
1939-05-05,-10.7,161.0,1325202
1939-05-07,14.3,91.0,1326601
1939-05-07,9.7,59.0,1326703
1939-05-07,-2.9,179.0,1326801
1939-05-08,-9.7,23.0,1325802
1939-05-08,-26.2,4.0,11450900
1939-05-09,-6.0,222.0,1327102
1939-05-10,13.6,25.0,1327305
1939-05-11,13.0,556.0,1325903
1939-05-11,22.8,412.0,1326102
1939-05-11,-17.2,43.0,1327401
1939-05-11,10.9,17.0,11451000
1939-05-11,-0.6,5.0,11451100
1939-05-12,17.0,29.0,1327705
1939-05-13,8.2,43.0,1326501
1939-05-13,8.5,12.0,1326905
1939-05-13,-9.7,23.0,11451200
1939-05-14,13.6,388.0,1326302
1939-05-14,8.0,118.0,1328001
1939-05-15,25.3,98.0,1327202
1939-05-15,16.4,272.0,11460100
1939-05-16,16.0,4.0,11460200
1939-05-16,-7.6,1.0,11460300
1939-05-17,-0.8,19.0,1327501
1939-05-17,-15.3,8.0,1327602
1939-05-17,-16.4,204.0,1328101
1939-05-18,5.2,50.0,1327905
1939-05-18,15.8,175.0,1328301
1939-05-18,-9.1,3.0,11460400
1939-05-19,9.0,62.0,1327802
1939-05-19,-12.8,33.0,1328402
1939-05-20,-21.0,255.0,1327003
1939-05-20,13.5,3.0,1328201
1939-05-21,27.8,15.0,1328605
1939-05-21,28.0,25.0,1328805
1939-05-22,-8.9,58.0,1328505
1939-05-23,18.8,179.0,1329101
1939-05-23,-11.5,3.0,11460500
1939-05-24,-16.4,6.0,11460600
1939-05-24,-4.8,4.0,11460700
1939-05-24,14.2,8.0,11460800
1939-05-25,-21.5,4.0,1328905
1939-05-25,-16.4,70.0,1329301
1939-05-26,-11.1,4.0,1329501
1939-05-26,-15.5,13.0,1329602
1939-05-27,-7.7,55.0,1329402
1939-05-27,-11.0,26.0,1329702
1939-05-27,6.5,518.0,1329801
1939-05-27,-7.7,6.0,11460900
1939-05-28,10.1,88.0,1330002
1939-05-28,-16.5,33.0,1330101
1939-05-28,-7.7,223.0,1330202
1939-05-28,-11.8,10.0,11461000
1939-05-29,13.3,214.0,1330301
1939-05-29,-20.9,222.0,1330402
1939-05-30,-10.8,348.0,1328702
1939-05-31,-11.5,41.0,1330602
1939-06-02,27.0,197.0,1329202
1939-06-02,14.9,5.0,1330701
1939-06-03,-18.5,59.0,1329002
1939-06-03,20.8,53.0,1330505
1939-06-03,7.7,48.0,1330901
1939-06-03,8.3,48.0,1331001
1939-06-05,-12.9,10.0,1331105
1939-06-05,17.9,186.0,1331202
1939-06-06,23.9,11.0,1329901
1939-06-06,-20.2,7.0,1331402
1939-06-06,11.8,14.0,11461100
1939-06-07,5.9,17.0,11461200
1939-06-08,24.9,174.0,1331602
1939-06-08,19.5,4.0,11461300
1939-06-08,19.4,5.0,11461400
1939-06-09,6.1,101.0,1330805
1939-06-09,10.2,12.0,1331305
1939-06-09,3.3,227.0,1331701
1939-06-10,3.5,53.0,1331805
1939-06-10,-11.4,15.0,11461500
1939-06-11,-25.8,10.0,1331502
1939-06-12,-6.3,8.0,1331902
1939-06-12,-16.2,43.0,1332102
1939-06-13,-5.7,140.0,1332205
1939-06-13,11.7,123.0,1332302
1939-06-13,-19.4,4.0,11470100
1939-06-14,-12.5,123.0,1332501
1939-06-17,-7.8,4.0,11470200
1939-06-17,-4.8,10.0,11470300
1939-06-18,-4.4,21.0,1332602
1939-06-19,24.0,11.0,1332805
1939-06-19,-15.6,14.0,11470400
1939-06-21,-13.9,59.0,1332002
1939-06-21,-14.5,17.0,1332905
1939-06-22,14.7,16.0,1332705
1939-06-22,11.0,5.0,11470500
1939-06-23,-4.3,39.0,1333102
1939-06-24,18.1,43.0,1333005
1939-06-24,-5.4,164.0,1333301
1939-06-25,-21.8,64.0,1333502
1939-06-26,13.8,102.0,1332405
1939-06-26,-20.1,129.0,1333802
1939-06-27,4.3,6.0,11470600
1939-06-28,20.1,25.0,1333402
1939-06-28,-16.4,52.0,1333602
1939-06-28,24.0,4.0,1333702
1939-06-28,8.3,3.0,1334205
1939-06-28,-7.5,266.0,1334301
1939-06-29,8.7,108.0,1333902
1939-06-29,23.1,14.0,11470700
1939-07-01,8.2,8.0,11470800
1939-07-01,15.5,7.0,11470900
1939-07-03,-10.5,26.0,1334002
1939-07-03,-7.3,25.0,1334405
1939-07-03,17.0,20.0,1334701
1939-07-03,-15.2,358.0,1334902
1939-07-05,6.1,101.0,1333201
1939-07-05,-12.8,126.0,1334102
1939-07-06,15.4,10.0,1334605
1939-07-06,6.6,9.0,11471000
1939-07-06,-28.2,4.0,11471100
1939-07-07,20.6,10.0,1335101
1939-07-08,-24.3,17.0,1334505
1939-07-08,-15.5,18.0,1335202
1939-07-09,24.1,5.0,11480100
1939-07-11,0.3,12.0,1335305
1939-07-11,-9.2,12.0,11480200
1939-07-12,-15.4,9.0,11480300
1939-07-13,-13.4,15.0,1335602
1939-07-13,16.8,100.0,1335702
1939-07-13,18.5,3.0,11480400
1939-07-14,5.0,196.0,1335002
1939-07-15,-3.8,176.0,1334802
1939-07-16,18.1,6.0,1335502
1939-07-17,-9.6,9.0,1335802
1939-07-18,-4.8,4.0,11480500
1939-07-20,-13.4,23.0,1336102
1939-07-21,-13.4,13.0,1336301
1939-07-21,6.4,40.0,1336401
1939-07-22,14.5,233.0,1336002
1939-07-24,16.9,133.0,1335402
1939-07-25,-20.6,29.0,1336601
1939-07-26,20.7,85.0,1335902
1939-07-28,7.9,492.0,1336801
1939-07-29,-7.7,441.0,1336202
1939-07-31,-2.5,12.0,1336501
1939-07-31,-34.5,28.0,1336702
1939-08-01,5.4,7.0,11480600
1939-08-03,-23.6,17.0,1336902
1939-08-05,-8.6,11.0,11490100
1939-08-08,-12.4,386.0,1337602
1939-08-08,13.7,10.0,11490200
1939-08-08,-8.8,6.0,11490300
1939-08-09,14.3,65.0,1337202
1939-08-10,-18.2,344.0,1337902
1939-08-11,-13.1,30.0,1337002
1939-08-11,15.5,15.0,1338002
1939-08-12,-23.0,28.0,1337801
1939-08-12,12.9,108.0,1338301
1939-08-13,14.2,504.0,1337102
1939-08-13,-6.2,152.0,1337402
1939-08-13,-8.0,5.0,11490400
1939-08-14,18.9,4.0,1338405
1939-08-15,12.4,444.0,1338703
1939-08-15,23.0,8.0,11490500
1939-08-15,26.9,6.0,11490600
1939-08-16,-31.1,121.0,1338801
1939-08-16,-18.5,23.0,11490700
1939-08-17,-15.3,189.0,1337302
1939-08-17,2.5,176.0,1337502
1939-08-17,-13.0,8.0,1338105
1939-08-17,16.4,70.0,1338202
1939-08-18,-17.1,23.0,1338901
1939-08-18,20.4,16.0,11490800
1939-08-20,16.1,122.0,1337701
1939-08-20,15.3,39.0,1339005
1939-08-21,16.1,221.0,1338602
1939-08-22,-20.4,6.0,1339205
1939-08-23,-11.2,190.0,1339301
1939-08-25,-7.5,223.0,1338501
1939-08-29,-1.9,12.0,1339605
1939-08-29,-6.1,94.0,1339701
1939-08-29,5.3,4.0,11490900
1939-08-30,7.5,6.0,1339905
1939-08-31,5.0,124.0,1340101
1939-09-01,15.1,48.0,1339102
1939-09-01,-4.9,17.0,11500100
1939-09-02,8.3,8.0,1340205
1939-09-02,5.7,27.0,11500200
1939-09-04,-12.4,586.0,1340503
1939-09-05,29.3,21.0,1339802
1939-09-05,12.8,3.0,1340705
1939-09-05,17.7,14.0,1340805
1939-09-05,3.7,3.0,11500300
1939-09-06,13.9,6.0,1340001
1939-09-06,-4.2,26.0,1340605
1939-09-06,28.4,6.0,11500400
1939-09-07,-11.7,997.0,1339402
1939-09-07,-6.0,167.0,1339502
1939-09-07,-6.2,33.0,1341101
1939-09-07,6.3,4.0,11500500
1939-09-08,-16.5,30.0,1341302
1939-09-08,22.6,4.0,11500600
1939-09-09,17.3,20.0,1341402
1939-09-09,-5.2,11.0,1341502
1939-09-10,-13.8,28.0,1341202
1939-09-10,-18.6,21.0,1341702
1939-09-11,-1.0,17.0,11500700
1939-09-11,-20.8,7.0,11500800
1939-09-12,-13.8,12.0,1340901
1939-09-12,13.7,101.0,1341801
1939-09-13,-16.3,135.0,1340301
1939-09-14,21.1,18.0,1340402
1939-09-16,-14.6,44.0,1341902
1939-09-17,22.5,4.0,11500900
1939-09-18,-16.6,130.0,1341001
1939-09-18,12.2,10.0,1342301
1939-09-19,8.9,8.0,1342505
1939-09-20,6.4,12.0,1342605
1939-09-21,-5.6,118.0,1341601
1939-09-21,-14.1,7.0,1342205
1939-09-22,-13.6,1414.0,1342701
1939-09-23,16.7,22.0,1342102
1939-09-23,-11.8,7.0,11501000
1939-09-24,-16.9,20.0,1342805
1939-09-24,15.0,275.0,1342901
1939-09-24,-11.9,35.0,11501100
1939-09-26,16.1,242.0,1343103
1939-09-26,22.1,6.0,11501200
1939-09-27,-19.3,276.0,1342002
1939-09-27,17.9,9.0,1343202
1939-09-27,-4.7,5.0,11501300
1939-09-27,-11.4,12.0,11501400
1939-09-27,20.5,5.0,11501500
1939-09-28,-4.4,41.0,1343005
1939-09-28,20.2,419.0,1343401
1939-09-28,-13.4,95.0,1343501
1939-09-29,-5.8,130.0,1342402
1939-09-29,5.9,7.0,1342602
1939-09-29,23.0,9.0,1343705
1939-09-29,-18.9,9.0,11510100
1939-09-30,-5.0,20.0,1343302
1939-09-30,13.4,48.0,1343602
1939-09-30,-7.5,39.0,1343802
1939-09-30,13.1,65.0,1343902
1939-09-30,-17.8,6.0,11510200
1940-01-01,-11.9,62.0,1349601
1940-01-01,20.7,11.0,11540200
1940-01-04,-5.9,11.0,1350302
1940-01-04,17.9,13.0,1350405
1940-01-09,18.4,6.0,1350101
1940-01-10,7.8,34.0,1350002
1940-01-11,10.1,867.0,1350202
1940-01-11,20.1,15.0,1350605
1940-01-11,14.0,7.0,1350705
1940-01-11,23.1,10.0,11540300
1940-01-15,7.8,6.0,1350901
1940-01-15,-17.3,6.0,1351101
1940-01-16,-8.4,104.0,1350502
1940-01-16,-19.6,152.0,1351202
1940-01-16,-12.4,82.0,1351301
1940-01-16,19.0,4.0,11550100
1940-01-17,-10.7,6.0,11550200
1940-01-19,-29.9,8.0,11550300
1940-01-20,-12.1,22.0,1351002
1940-01-20,-7.1,23.0,1351702
1940-01-22,-7.8,34.0,1350803
1940-01-23,13.9,26.0,1351502
1940-01-27,-14.2,180.0,1351402
1940-01-27,-10.4,28.0,1351602
1940-01-27,11.7,936.0,1351902
1940-01-30,-6.1,321.0,1352002
1940-02-01,9.6,20.0,1352102
1940-02-03,-7.7,26.0,1352305
1940-02-04,14.1,10.0,11550400
1940-02-05,4.8,11.0,11550500
1940-02-07,9.4,479.0,1351805
1940-02-09,-11.8,127.0,1352702
1940-02-11,-25.1,16.0,1352201
1940-02-11,6.9,245.0,1352801
1940-02-14,-10.5,34.0,11560100
1940-02-15,-10.8,17.0,1353005
1940-02-16,13.8,66.0,1352502
1940-02-17,-7.8,175.0,1352402
1940-02-19,-14.5,456.0,1352602
1940-02-19,11.1,72.0,1353202
1940-02-20,-12.6,129.0,1353301
1940-02-22,8.9,343.0,1353401
1940-02-23,-13.3,117.0,1352902
1940-02-24,11.4,16.0,1353505
1940-02-24,-19.4,12.0,11560200
1940-02-25,21.3,10.0,1353605
1940-02-25,-6.6,80.0,1353703
1940-02-27,-10.8,17.0,1353102
1940-02-28,-10.8,19.0,1353801
1940-02-29,-15.9,18.0,1354002
1940-03-01,-17.4,9.0,1354102
1940-03-03,-8.3,24.0,1354301
1940-03-04,-8.9,84.0,1353902
1940-03-04,-11.7,223.0,1354402
1940-03-05,14.2,20.0,11560300
1940-03-06,-27.0,5.0,11560400
1940-03-08,11.7,218.0,1354202
1940-03-12,-8.2,75.0,1354802
1940-03-14,-6.0,9.0,1354905
1940-03-16,-8.5,27.0,1354502
1940-03-16,-12.5,12.0,1354702
1940-03-16,-10.2,10.0,11570100
1940-03-17,10.5,212.0,1354602
1940-03-18,16.7,264.0,1355302
1940-03-19,-9.4,6.0,1355102
1940-03-19,-9.7,178.0,1355401
1940-03-20,1.5,4.0,11570200
1940-03-22,-6.0,8.0,1355605
1940-03-22,-4.1,41.0,11570300
1940-03-23,13.8,5.0,1355902
1940-03-23,-4.6,201.0,1356001
1940-03-24,-10.7,83.0,1355202
1940-03-24,11.2,23.0,1356201
1940-03-24,-28.1,14.0,1356305
1940-03-25,21.7,148.0,1355001
1940-03-26,-7.1,5.0,1356105
1940-03-27,-5.2,12.0,1356705
1940-03-29,-12.7,22.0,1356505
1940-03-31,-10.5,22.0,1355802
1940-03-31,-8.9,11.0,1356901
1940-04-01,13.4,751.0,1355504
1940-04-01,-15.4,31.0,1357002
1940-04-02,9.7,182.0,1355701
1940-04-02,19.5,20.0,11570400
1940-04-04,13.1,28.0,11570500
1940-04-04,24.8,8.0,11570600
1940-04-05,7.5,16.0,1356402
1940-04-05,6.8,30.0,1356605
1940-04-06,-9.8,95.0,1357202
1940-04-06,-13.8,4.0,11580100
1940-04-07,19.0,22.0,11580200
1940-04-08,-12.8,164.0,1356801
1940-04-08,18.8,31.0,1357302
1940-04-11,5.7,55.0,1357402
1940-04-12,-8.3,73.0,1357102
1940-04-12,8.6,50.0,1357502
1940-04-12,-3.2,26.0,1357702
1940-04-12,-14.2,9.0,1357805
1940-04-14,21.4,21.0,1357902
1940-04-14,-5.5,141.0,1358001
1940-04-15,-5.0,9.0,11580300
1940-04-16,11.5,290.0,1358202
1940-04-17,-22.5,4.0,1358102
1940-04-17,7.2,25.0,1358301
1940-04-18,13.6,50.0,1358402
1940-04-19,-4.1,176.0,1358501
1940-04-21,-11.5,16.0,1357602
1940-04-21,8.3,13.0,1358302
1940-04-21,0.8,70.0,1358601
1940-04-21,5.3,23.0,1358801
1940-04-22,-11.5,5.0,1358701
1940-04-24,9.6,14.0,1358901
1940-04-24,11.6,15.0,1359005
1940-04-25,9.2,253.0,1359201
1940-04-25,-8.6,3.0,11580400
1940-04-28,-10.5,127.0,1359105
1940-05-04,-13.1,8.0,1359402
1940-05-05,-18.4,11.0,11590100
1940-05-10,10.5,157.0,1359302
1940-05-11,10.1,113.0,1359502
1940-05-12,12.3,172.0,1359901
1940-05-13,14.9,426.0,1360001
1940-05-15,9.1,22.0,1360202
1940-05-16,-9.1,26.0,1359802
1940-05-17,-14.7,19.0,11590200
1940-05-18,-8.7,180.0,1359602
1940-05-19,-11.7,12.0,1360102
1940-05-19,-7.6,22.0,11590300
1940-05-20,-6.0,59.0,1359703
1940-05-21,-6.8,177.0,1360502
1940-05-22,24.0,10.0,1360601
1940-05-23,16.1,62.0,1360301
1940-05-23,-16.7,50.0,1360805
1940-05-23,-10.0,272.0,1360902
1940-05-24,-9.5,55.0,1360402
1940-05-26,-13.2,6.0,1361005
1940-05-29,-7.0,6.0,1361102
1940-06-02,-12.1,115.0,1360702
1940-06-03,-14.8,128.0,1361601
1940-06-04,10.8,25.0,1361202
1940-06-04,11.9,10.0,1361402
1940-06-04,-7.2,4.0,11600100
1940-06-04,-13.8,5.0,11600200
1940-06-06,-6.4,122.0,1361903
1940-06-06,13.3,234.0,1362001
1940-06-08,-10.4,173.0,1361302
1940-06-08,-7.3,19.0,1361801
1940-06-08,16.3,10.0,1362302
1940-06-09,21.7,4.0,11600300
1940-06-09,10.1,3.0,11600400
1940-06-10,-10.7,35.0,1362102
1940-06-11,-19.9,424.0,1361502
1940-06-11,-18.7,98.0,1361702
1940-06-11,-4.9,26.0,1362401
1940-06-11,16.2,9.0,11600500
1940-06-13,-9.7,9.0,1362202
1940-06-15,-9.6,26.0,1362702
1940-06-16,-25.0,287.0,1362602
1940-06-16,-10.6,450.0,1362801
1940-06-19,22.9,169.0,1362502
1940-06-19,-18.0,37.0,1362902
1940-06-21,12.7,21.0,11600600
1940-06-22,5.6,12.0,11600700
1940-06-24,15.7,22.0,1363202
1940-06-24,-12.8,11.0,1363401
1940-06-24,2.6,118.0,1363601
1940-06-25,4.7,166.0,1363305
1940-06-25,10.7,38.0,11600800
1940-06-26,15.2,11.0,11610100
1940-06-27,-15.8,38.0,1363705
1940-06-27,-17.9,14.0,1363805
1940-06-27,-1.5,4.0,1364001
1940-06-27,-19.0,15.0,1364105
1940-06-28,-15.0,5.0,11610200
1940-06-30,-15.8,67.0,1363102
1940-07-01,-9.9,12.0,1363001
1940-07-01,11.2,108.0,1364202
1940-07-02,-3.4,6.0,11610300
1940-07-03,-23.7,87.0,1364501
1940-07-03,-8.0,64.0,1364601
1940-07-04,9.4,66.0,1363902
1940-07-04,-7.6,5.0,1364402
1940-07-05,-13.8,137.0,1363502
1940-07-05,-10.6,5.0,11610400
1940-07-07,5.6,26.0,1364302
1940-07-08,14.4,3.0,11610500
1940-07-09,-7.4,13.0,1365102
1940-07-12,6.9,32.0,1365402
1940-07-13,-10.9,8.0,1364702
1940-07-13,13.1,33.0,1364802
1940-07-14,17.8,64.0,1364902
1940-07-15,15.0,52.0,1365002
1940-07-15,-9.5,44.0,1365602
1940-07-16,22.0,70.0,1365202
1940-07-16,-14.1,16.0,1365702
1940-07-18,-5.9,7.0,1365502
1940-07-19,11.9,47.0,1366002
1940-07-19,10.1,45.0,1366101
1940-07-20,-11.4,153.0,1365902
1940-07-20,26.4,32.0,1366202
1940-07-20,-10.8,15.0,1366302
1940-07-21,-6.4,14.0,1366401
1940-07-22,8.7,325.0,1365302
1940-07-23,5.5,13.0,1366701
1940-07-27,-11.8,14.0,1365802
1940-07-27,23.4,9.0,1366502
1940-07-27,3.4,14.0,11620100
1940-07-27,-17.5,4.0,11620200
1940-07-28,18.5,274.0,1367002
1940-07-29,-18.4,282.0,1366602
1940-07-29,-11.7,18.0,1367102
1940-08-01,-10.4,4.0,11620300
1940-08-03,-11.4,154.0,1367304
1940-08-03,32.6,12.0,11620400
1940-08-04,-5.8,23.0,1366802
1940-08-04,11.8,15.0,1367501
1940-08-04,2.1,22.0,11620500
1940-08-06,-8.6,345.0,1366902
1940-08-06,9.8,46.0,1367202
1940-08-06,7.2,148.0,1367601
1940-08-06,-14.2,4.0,11620600
1940-08-06,10.4,7.0,11620700
1940-08-07,9.9,10.0,11620800
1940-08-11,13.7,235.0,1368001
1940-08-13,-17.2,182.0,1368101
1940-08-13,6.7,4.0,11620900
1940-08-13,14.2,5.0,11621000
1940-08-15,17.5,119.0,1367402
1940-08-16,-12.8,655.0,1367702
1940-08-16,-13.1,12.0,1368202
1940-08-17,-8.6,11.0,1368402
1940-08-17,-2.6,90.0,11621100
1940-08-18,5.4,376.0,1367802
1940-08-18,-14.0,17.0,11621200
1940-08-19,12.4,33.0,1368502
1940-08-20,-7.6,252.0,1368801
1940-08-20,6.0,206.0,1368901
1940-08-21,-14.9,22.0,1368602
1940-08-21,-7.5,353.0,1368802
1940-08-21,8.7,106.0,1369001
1940-08-22,-12.0,567.0,1367902
1940-08-22,-8.3,14.0,11630100
1940-08-25,-11.2,16.0,1369105
1940-08-25,14.1,4.0,11630200
1940-08-26,5.8,238.0,1368302
1940-08-26,-6.0,33.0,1369202
1940-08-26,-15.2,5.0,11630300
1940-08-26,10.3,10.0,11630400
1940-08-27,8.1,8.0,1369302
1940-08-27,15.3,37.0,1369402
1940-08-27,19.0,8.0,11630500
1940-08-29,-16.6,248.0,1368702
1940-08-29,17.4,214.0,1369601
1940-08-29,10.2,165.0,1369701
1940-08-30,-8.6,21.0,1369502
1940-09-02,10.7,5.0,11630600
1940-09-03,-6.9,37.0,11630700
1940-09-03,10.3,12.0,11630800
1940-09-07,-11.6,44.0,1370002
1940-09-07,6.2,5.0,11630900
1940-09-07,6.4,6.0,11631000
1940-09-07,-4.3,4.0,11631100
1940-09-07,16.0,29.0,11631200
1940-09-07,17.3,17.0,11631300
1940-09-09,-14.9,20.0,1370205
1940-09-10,-10.8,56.0,1369802
1940-09-10,6.2,115.0,1370301
1940-09-12,-15.8,104.0,1369901
1940-09-12,-11.4,5.0,11631400
1940-09-13,14.2,8.0,1370402
1940-09-16,-7.9,105.0,1370802
1940-09-16,-5.7,21.0,11640100
1940-09-17,16.0,14.0,1370102
1940-09-17,-8.9,74.0,1370901
1940-09-18,28.9,16.0,1370702
1940-09-19,-7.5,307.0,1371002
1940-09-21,-3.3,178.0,1371101
1940-09-21,8.7,28.0,11640200
1940-09-22,14.1,431.0,1370502
1940-09-25,-9.6,686.0,1370602
1940-09-25,23.5,80.0,1371202
1940-09-27,-8.6,14.0,1371401
1940-09-27,-8.2,6.0,11640300
1940-09-29,6.1,44.0,1371502
1940-09-30,-7.9,281.0,1371302
1941-01-01,-8.1,170.0,1378102
1941-01-01,12.9,60.0,1378202
1941-01-01,18.6,39.0,1378301
1941-01-01,7.3,8.0,1378705
1941-01-04,-11.0,9.0,1378805
1941-01-07,-8.6,84.0,1379002
1941-01-07,11.4,75.0,1379101
1941-01-08,15.8,8.0,1378502
1941-01-09,10.6,52.0,1378401
1941-01-09,-10.0,157.0,1378905
1941-01-10,4.0,17.0,1378605
1941-01-11,-3.2,33.0,1379302
1941-01-12,2.1,95.0,1379202
1941-01-16,-13.9,20.0,11680100
1941-01-25,11.8,507.0,1379702
1941-01-26,-10.8,33.0,1379805
1941-01-27,-6.6,28.0,1379502
1941-01-28,10.8,76.0,1379401
1941-01-28,-13.6,16.0,1379602
1941-01-28,-2.2,53.0,1379901
1941-01-28,-11.0,43.0,1380002
1941-01-29,9.1,79.0,1380201
1941-02-01,-2.1,55.0,1380102
1941-02-02,-11.4,47.0,1380305
1941-02-02,-16.1,9.0,1380315
1941-02-03,-9.1,121.0,1380401
1941-02-04,-12.2,29.0,1380302
1941-02-04,-16.3,4.0,1380415
1941-02-06,14.2,144.0,1380702
1941-02-07,2.8,33.0,1380502
1941-02-09,9.0,10.0,1380802
1941-02-09,-10.1,167.0,1380901
1941-02-11,-9.7,17.0,1380602
1941-02-13,4.7,21.0,1381102
1941-02-13,13.9,5.0,11690100
1941-02-16,12.5,56.0,1381005
1941-02-16,-4.6,76.0,1381205
1941-02-22,-12.9,246.0,1381305
1941-02-22,-7.7,12.0,1381505
1941-02-24,6.2,34.0,1381602
1941-02-24,9.8,211.0,1381701
1941-02-25,-9.2,25.0,11690200
1941-02-27,5.3,18.0,11700100
1941-02-28,-16.4,14.0,1381802
1941-02-28,11.2,82.0,1381902
1941-03-03,11.3,73.0,1382002
1941-03-04,11.5,35.0,1382102
1941-03-05,14.5,142.0,1381404
1941-03-05,-10.0,12.0,11700200
1941-03-06,12.3,23.0,1382205
1941-03-07,-5.3,36.0,11700300
1941-03-09,-8.3,63.0,1382402
1941-03-10,-7.7,61.0,1382505
1941-03-12,10.9,434.0,1382302
1941-03-14,14.7,40.0,1382801
1941-03-14,-10.5,139.0,1382901
1941-03-16,-16.0,230.0,1383001
1941-03-17,12.9,75.0,1382602
1941-03-17,5.8,18.0,11700400
1941-03-18,8.6,23.0,11700500
1941-03-20,12.5,12.0,1383302
1941-03-23,12.2,13.0,1383101
1941-03-23,8.1,123.0,1383401
1941-03-24,10.8,66.0,1383205
1941-03-25,9.2,152.0,1382703
1941-03-25,-9.1,20.0,1383501
1941-03-27,1.1,17.0,1383702
1941-03-27,10.1,138.0,1383802
1941-03-28,-14.6,9.0,11710100
1941-04-01,7.3,20.0,1383602
1941-04-01,-11.1,6.0,11710200
1941-04-02,-1.4,53.0,1383905
1941-04-03,-7.8,45.0,1384001
1941-04-05,25.9,12.0,1384105
1941-04-06,-3.6,12.0,1384202
1941-04-07,-10.1,125.0,1384302
1941-04-07,-8.5,53.0,1384402
1941-04-09,10.8,13.0,1384501
1941-04-12,-3.1,18.0,11710300
1941-04-14,15.0,35.0,11710400
1941-04-16,7.7,13.0,11710500
1941-04-18,-14.4,7.0,1384605
1941-04-18,15.2,28.0,11710600
1941-04-24,3.6,14.0,11720100
1941-04-26,-0.8,426.0,1384902
1941-04-26,4.0,8.0,11720200
1941-04-27,-7.9,22.0,11720300
1941-04-29,3.4,16.0,1384802
1941-04-30,-5.2,236.0,1384702
1941-04-30,-2.8,28.0,1385205
1941-05-01,16.0,117.0,1385301
1941-05-02,11.0,10.0,1385002
1941-05-02,-8.2,12.0,1385105
1941-05-09,22.6,149.0,1385405
1941-05-14,-3.7,16.0,1385602
1941-05-15,-5.6,141.0,1385701
1941-05-16,13.1,4.0,1385502
1941-05-16,-10.8,7.0,1385805
1941-05-17,-15.8,5.0,1386002
1941-05-17,6.1,9.0,11720400
1941-05-18,9.0,24.0,1385905
1941-05-18,-8.3,11.0,1386105
1941-05-20,-11.5,51.0,1386205
1941-05-20,-6.9,14.0,11730100
1941-05-21,-9.4,16.0,1386305
1941-05-24,-4.0,15.0,1386605
1941-05-27,-7.4,8.0,11730200
1941-05-28,-9.8,40.0,1386502
1941-05-28,-8.1,17.0,1386702
1941-05-30,-17.0,100.0,1386905
1941-05-30,-5.6,123.0,1387001
1941-06-01,6.5,18.0,1386402
1941-06-03,13.2,247.0,1387104
1941-06-10,-17.0,65.0,1386802
1941-06-10,7.1,65.0,1387402
1941-06-12,7.4,7.0,1387202
1941-06-13,14.0,10.0,1387501
1941-06-16,-9.1,40.0,1387302
1941-06-17,-6.5,12.0,11740100
1941-06-18,-4.4,79.0,1387802
1941-06-19,0.5,14.0,11740200
1941-06-20,4.8,285.0,1387602
1941-06-22,-14.4,57.0,1387702
1941-06-23,-6.1,309.0,1388202
1941-06-25,7.3,22.0,1387902
1941-06-25,5.8,15.0,1388305
1941-06-26,-4.6,19.0,1388405
1941-06-27,5.9,34.0,1388504
1941-07-01,8.1,118.0,1388002
1941-07-01,12.8,8.0,1388905
1941-07-02,-4.9,56.0,1388802
1941-07-03,14.1,34.0,1388103
1941-07-03,-4.1,11.0,1388702
1941-07-03,15.0,24.0,1389005
1941-07-03,-5.5,19.0,1389202
1941-07-04,10.8,65.0,1389105
1941-07-04,-7.1,12.0,11740300
1941-07-05,3.5,73.0,1389301
1941-07-09,-14.8,130.0,1389502
1941-07-10,13.7,343.0,1388602
1941-07-10,13.7,12.0,1389401
1941-07-10,6.0,24.0,1389602
1941-07-10,13.7,15.0,11740400
1941-07-15,-4.0,13.0,11750100
1941-07-16,7.9,76.0,1389801
1941-07-17,15.8,153.0,1389901
1941-07-17,10.4,15.0,1390002
1941-07-20,-7.7,110.0,1390202
1941-07-21,14.8,42.0,1390102
1941-07-21,11.7,44.0,1390302
1941-07-21,-4.0,19.0,1390403
1941-07-22,-15.1,110.0,1389705
1941-07-24,3.8,101.0,1390501
1941-07-24,13.6,98.0,1390601
1941-07-26,0.9,15.0,11750200
1941-07-28,-4.5,134.0,1390802
1941-07-30,-5.8,29.0,1390705
1941-08-01,-13.4,4.0,11750300
1941-08-02,13.0,8.0,11750400
1941-08-03,17.2,11.0,1391002
1941-08-03,-12.2,286.0,1391201
1941-08-04,4.9,17.0,1391502
1941-08-06,-5.5,6.0,1391305
1941-08-06,-15.1,122.0,1391601
1941-08-06,-10.6,10.0,11750500
1941-08-06,-6.3,3.0,11750600
1941-08-07,10.3,19.0,11750700
1941-08-08,6.4,10.0,1391402
1941-08-12,9.8,494.0,1390902
1941-08-12,14.3,9.0,1391102
1941-08-12,12.0,11.0,1391701
1941-08-14,10.1,18.0,1391802
1941-08-14,19.4,36.0,11760100
1941-08-16,-3.9,353.0,1391901
1941-08-19,10.0,11.0,1392002
1941-08-19,-8.4,12.0,11760200
1941-08-20,-7.9,40.0,1392101
1941-08-21,15.9,6.0,11760300
1941-08-25,-6.1,19.0,11760400
1941-08-26,15.5,5.0,1392410
1941-08-26,8.5,187.0,1392502
1941-08-27,13.1,24.0,1392302
1941-08-28,-12.2,5.0,1392402
1941-08-29,-6.7,61.0,1392605
1941-08-29,10.4,30.0,1392905
1941-08-30,-2.0,115.0,1392705
1941-08-30,6.4,10.0,1392805
1941-08-30,-13.1,14.0,1393001
1941-08-30,19.9,7.0,11760500
1941-08-31,13.5,42.0,1393102
1941-09-01,4.4,53.0,1393305
1941-09-02,12.4,57.0,1392203
1941-09-03,-22.9,8.0,11760600
1941-09-04,11.4,14.0,11760700
1941-09-05,12.6,19.0,1393402
1941-09-10,12.8,51.0,1393605
1941-09-10,11.4,435.0,1393703
1941-09-11,-8.3,6.0,1393502
1941-09-11,-10.0,9.0,1393802
1941-09-12,-5.7,148.0,1393202
1941-09-12,-5.4,15.0,11770100
1941-09-15,12.1,17.0,1394205
1941-09-17,9.6,4.0,1394002
1941-09-17,8.9,18.0,1394401
1941-09-17,17.4,88.0,1394505
1941-09-20,-7.4,67.0,1394105
1941-09-22,18.8,59.0,1393902
1941-09-25,-9.4,8.0,11770200
1941-09-26,16.0,11.0,1394602
1941-09-26,2.5,457.0,1394801
1941-09-27,-12.5,205.0,1394302
1941-09-27,9.3,88.0,1394702
1941-09-27,-3.8,15.0,1394901
1941-09-27,-5.7,137.0,1395002
1941-09-27,-6.8,2.0,11770300
1942-01-01,17.0,97.0,1398705
1942-01-01,-11.4,36.0,1399005
1942-01-01,7.8,107.0,1399101
1942-01-02,10.8,92.0,1398805
1942-01-02,-10.4,26.0,1399202
1942-01-03,-8.4,31.0,1398605
1942-01-03,-7.5,5.0,1399302
1942-01-04,-4.6,30.0,1399402
1942-01-05,-11.2,33.0,1399602
1942-01-05,-13.1,43.0,1399704
1942-01-10,-6.4,18.0,11810200
1942-01-13,11.1,127.0,1399801
1942-01-15,-3.6,76.0,1399501
1942-01-18,12.2,95.0,1399902
1942-01-26,11.1,60.0,1400002
1942-01-29,-8.7,177.0,1400103
1942-01-30,-12.4,20.0,11820100
1942-02-01,-9.7,28.0,1400201
1942-02-07,5.8,492.0,1400303
1942-02-07,-4.9,38.0,1400602
1942-02-08,-0.5,24.0,1400501
1942-02-09,-12.9,22.0,1400702
1942-02-10,10.7,45.0,1400402
1942-02-10,11.4,93.0,1400801
1942-02-12,-7.8,7.0,1400905
1942-02-12,12.1,187.0,1401201
1942-02-13,16.8,15.0,1401005
1942-02-23,-13.5,253.0,1401301
1942-02-24,18.8,33.0,1401102
1942-02-24,-13.0,41.0,1401702
1942-02-25,6.6,57.0,1401801
1942-03-02,6.1,239.0,1401402
1942-03-02,-13.4,41.0,1401902
1942-03-03,9.4,41.0,1402005
1942-03-06,-10.8,30.0,1401602
1942-03-07,7.8,383.0,1401504
1942-03-08,7.9,5.0,1402105
1942-03-11,-13.5,19.0,11830100
1942-03-12,11.5,22.0,1402201
1942-03-15,8.0,340.0,1402401
1942-03-17,-12.8,74.0,1402502
1942-03-17,-1.8,12.0,11840100
1942-03-18,6.5,15.0,1402602
1942-03-18,9.4,136.0,1402702
1942-03-19,6.4,5.0,1402805
1942-03-19,-15.9,33.0,1402902
1942-03-21,2.2,14.0,1402302
1942-03-21,6.0,366.0,1403004
1942-03-22,8.2,95.0,1402705
1942-03-22,-9.8,9.0,11840200
1942-03-23,13.2,19.0,1403101
1942-03-24,-6.3,23.0,11840300
1942-03-25,15.9,16.0,1403202
1942-03-25,2.0,9.0,11840400
1942-03-26,-4.7,10.0,11840500
1942-03-29,8.9,121.0,1403301
1942-03-29,11.6,22.0,11840600
1942-03-31,13.1,22.0,1403502
1942-04-02,-3.0,28.0,1403401
1942-04-02,-30.3,8.0,11840700
1942-04-05,18.2,25.0,1403602
1942-04-05,4.9,6.0,1403802
1942-04-06,-7.1,7.0,11840800
1942-04-06,7.9,16.0,11840900
1942-04-08,6.0,31.0,1403701
1942-04-11,11.1,6.0,1404102
1942-04-11,7.4,184.0,1404201
1942-04-11,5.1,4.0,11841000
1942-04-13,-6.1,17.0,1404405
1942-04-15,-7.7,576.0,1404003
1942-04-15,-10.4,11.0,1404502
1942-04-16,-3.3,53.0,1403903
1942-04-16,-5.7,14.0,11850100
1942-04-17,9.8,14.0,1404602
1942-04-18,4.5,12.0,1404801
1942-04-19,15.8,90.0,1405002
1942-04-22,13.8,585.0,1404302
1942-04-22,12.9,2.0,1405205
1942-04-22,-3.8,28.0,11850200
1942-04-24,6.6,4.0,1405105
1942-04-25,14.6,26.0,1404905
1942-04-25,-10.9,18.0,1405305
1942-04-26,-4.1,6.0,1405502
1942-04-27,13.9,38.0,1405202
1942-04-28,-10.3,24.0,1404702
1942-04-28,8.3,23.0,1405102
1942-04-28,12.5,23.0,1405705
1942-04-29,-9.1,106.0,1405801
1942-05-01,-13.3,32.0,1405602
1942-05-06,7.4,86.0,1405402
1942-05-07,13.3,293.0,1405901
1942-05-07,-13.1,17.0,11850300
1942-05-09,8.9,101.0,1406001
1942-05-09,-5.3,52.0,1406102
1942-05-13,10.1,7.0,1406201
1942-05-16,13.2,70.0,1406401
1942-05-18,10.7,17.0,11860100
1942-05-19,13.1,21.0,1406302
1942-05-20,-6.9,23.0,11860200
1942-05-24,3.3,7.0,11860300
1942-05-27,-12.4,20.0,1406505
1942-05-28,-8.7,3.0,11860400
1942-06-01,12.1,17.0,1406602
1942-06-13,10.5,6.0,1406702
1942-06-13,8.7,14.0,11870100
1942-06-16,5.5,134.0,1406802
1942-06-16,7.2,7.0,11870200
1942-06-16,-7.8,5.0,11870300
1942-06-22,7.4,6.0,11870400
1942-06-23,-2.1,6.0,1407005
1942-06-23,-7.0,6.0,1407105
1942-06-23,-7.1,13.0,11870500
1942-06-25,-11.3,13.0,11870600
1942-06-26,-9.4,24.0,1406902
1942-06-28,6.3,197.0,1407202
1942-07-04,-7.4,6.0,11880100
1942-07-06,-11.6,12.0,11880200
1942-07-07,-3.2,8.0,11880300
1942-07-09,-9.2,62.0,1407302
1942-07-13,-2.8,264.0,1407402
1942-07-13,7.1,10.0,1407505
1942-07-15,-6.4,20.0,1407605
1942-07-15,-10.0,68.0,1407702
1942-07-15,-1.1,5.0,11880400
1942-07-19,-2.0,20.0,11880500
1942-07-23,-11.1,13.0,1407802
1942-07-23,10.1,13.0,11880600
1942-07-25,-2.7,17.0,1407902
1942-07-28,-2.6,237.0,1408001
1942-07-29,15.5,25.0,1408101
1942-08-02,11.2,20.0,1408202
1942-08-08,-12.0,9.0,11890100
1942-08-13,11.5,49.0,1408301
1942-08-19,8.6,7.0,11890200
1942-08-20,9.7,192.0,1408402
1942-08-21,-6.2,12.0,11890300
1942-08-22,2.0,29.0,1408502
1942-08-23,11.9,22.0,1408602
1942-08-26,7.2,226.0,1408802
1942-08-27,-2.0,28.0,1408905
1942-08-29,-7.5,140.0,1408702
1942-09-02,4.8,5.0,11900100
1942-09-05,14.2,15.0,1409002
1942-09-09,-12.5,2.0,11900200
1942-09-10,-4.9,53.0,1409102
1942-09-13,-6.4,17.0,1409302
1942-09-13,-14.4,141.0,1409401
1942-09-14,-5.7,10.0,1409202
1942-09-15,3.4,5.0,11900300
1942-09-16,-10.9,3.0,11900400
1942-09-21,11.7,42.0,1409502
1942-09-24,11.8,10.0,1409602
1942-09-30,-5.8,97.0,1409702
1943-01-04,4.1,89.0,1412502
1943-01-06,-3.9,54.0,1412602
1943-01-16,-7.5,25.0,1412705
1943-01-16,20.2,15.0,11950100
1943-01-18,-7.8,44.0,1412802
1943-01-19,4.9,22.0,1412901
1943-01-20,-21.6,3.0,11950200
1943-01-21,11.2,53.0,1413005
1943-01-29,5.0,29.0,1413105
1943-01-29,-3.2,9.0,1413202
1943-02-03,-3.8,8.0,1413401
1943-02-04,7.7,17.0,1413302
1943-02-05,13.4,30.0,11950300
1943-02-07,9.6,10.0,11960100
1943-02-08,-3.3,32.0,11960200
1943-02-09,-2.5,38.0,1413601
1943-02-09,-4.0,10.0,11960300
1943-02-14,-4.6,13.0,11960400
1943-02-18,7.4,88.0,1413503
1943-02-18,7.5,37.0,1413702
1943-02-21,9.0,19.0,1413905
1943-02-21,-7.3,11.0,11960500
1943-02-27,6.4,69.0,1414002
1943-03-01,5.6,6.0,1414102
1943-03-02,2.0,11.0,11960600
1943-03-03,9.0,719.0,1413802
1943-03-04,4.8,192.0,1414202
1943-03-07,2.7,5.0,11970100
1943-03-11,-10.3,32.0,1414301
1943-03-14,7.2,17.0,1414405
1943-03-17,7.2,11.0,11970200
1943-03-18,8.7,234.0,1414501
1943-03-31,8.5,141.0,1414602
1943-03-31,2.6,558.0,1414801
1943-04-04,8.6,12.0,1414902
1943-04-06,-8.9,43.0,1414702
1943-04-15,7.4,104.0,1415102
1943-04-20,-11.4,133.0,1415002
1943-05-03,1.1,5.0,11990100
1943-05-09,1.8,134.0,1415201
1943-05-10,-4.2,8.0,1415302
1943-05-11,8.6,94.0,1415401
1943-05-20,-41.5,34.0,1415603
1943-05-24,10.8,43.0,1415502
1943-05-24,3.7,113.0,1415701
1943-06-01,3.7,7.0,12000100
1943-06-07,5.9,6.0,12000200
1943-06-08,8.7,98.0,1415801
1943-06-11,11.8,13.0,1415902
1943-06-28,-0.9,8.0,1416002
1943-06-30,17.3,3.0,12010100
1943-07-01,-6.4,8.0,12010200
1943-07-07,12.4,171.0,1416102
1943-07-24,3.1,4.0,12020100
1943-07-27,8.2,151.0,1416301
1943-07-29,-1.2,126.0,1416202
1943-07-30,-4.5,7.0,12020200
1943-08-03,13.4,124.0,1416401
1943-08-08,-3.5,34.0,1416601
1943-08-09,10.3,40.0,1416502
1943-08-14,11.0,97.0,1416702
1943-08-17,-1.7,44.0,1416801
1943-08-19,10.2,145.0,1416705
1943-08-19,-5.3,21.0,1416902
1943-08-24,9.2,10.0,1417105
1943-08-31,-12.2,16.0,1417005
1943-09-10,-0.8,6.0,12030100
1943-09-11,14.4,12.0,1417302
1943-09-12,14.2,454.0,1417202
1943-09-18,3.7,4.0,12040100
1943-09-24,-6.1,21.0,1417402
1943-09-26,15.5,319.0,1417502
1944-01-21,-24.0,15.0,1418801
1944-01-22,9.7,134.0,1418901
1944-03-03,-10.5,12.0,12100100
1944-03-18,-25.3,263.0,1419102
1944-03-22,6.0,17.0,1419202
1944-03-24,-8.3,18.0,1419305
1944-03-26,-28.2,34.0,1419002
1944-04-08,-23.3,11.0,1419405
1944-05-28,-22.0,29.0,1419502
1944-06-02,0.7,237.0,1419603
1944-06-05,-27.5,19.0,1419701
1944-06-17,-30.5,16.0,12140100
1944-06-28,1.9,46.0,1419801
1944-06-30,-19.9,5.0,12140200
1944-07-01,-4.0,36.0,12140300
1944-07-04,-8.3,5.0,12140400
1944-07-05,-28.4,13.0,1420005
1944-07-06,30.0,20.0,1419905
1944-07-19,-27.6,29.0,1420105
1944-07-24,-27.8,13.0,12150100
1944-07-26,18.5,6.0,12150200
1944-07-30,-27.4,168.0,1420202
1944-08-05,-10.9,28.0,1420402
1944-08-13,-31.1,17.0,1420302
1944-08-14,8.0,16.0,1420605
1944-08-14,-33.8,13.0,12160100
1944-08-15,42.2,5.0,1420502
1944-08-19,-9.3,49.0,1420702
1944-08-22,-2.1,10.0,1420802
1944-08-23,-28.6,9.0,1420905
1944-08-25,8.6,16.0,1421005
1944-08-25,-21.7,89.0,1421202
1944-08-26,-25.2,4.0,1421105
1944-08-30,-29.1,7.0,1421302
1944-09-03,-28.7,63.0,1421402
1944-09-08,-18.2,10.0,12170100
1944-09-09,-23.6,157.0,1421503
1944-09-09,-27.8,12.0,12170200
1944-09-14,-18.5,9.0,1421705
1944-09-15,-33.6,48.0,1421605
1944-09-25,9.1,23.0,12170300
1944-09-29,-22.2,263.0,1421802
1944-09-29,-7.1,6.0,12180100
1944-09-30,22.3,207.0,1421902
1944-09-30,-4.7,6.0,12180200
1945-01-01,24.8,21.0,1424505
1945-01-02,-28.0,6.0,1424801
1945-01-02,27.9,17.0,12210100
1945-01-05,17.3,57.0,1424902
1945-01-05,-38.6,8.0,12210200
1945-01-06,-24.1,134.0,1425102
1945-01-07,-34.1,55.0,1425002
1945-01-08,-20.8,27.0,1425202
1945-01-10,20.8,80.0,1425301
1945-01-12,9.8,17.0,1425405
1945-01-16,-4.5,16.0,12220100
1945-01-18,24.0,98.0,1425501
1945-01-22,25.0,17.0,1425701
1945-01-26,21.3,6.0,1425601
1945-01-29,25.6,6.0,12220200
1945-02-01,-9.6,34.0,1425802
1945-02-01,-23.1,49.0,1425902
1945-02-02,-18.3,10.0,1426002
1945-02-09,-25.7,9.0,12220300
1945-02-13,22.3,141.0,1426102
1945-02-19,-18.7,15.0,12230100
1945-02-23,-28.2,12.0,12230200
1945-03-05,-29.7,56.0,12230300
1945-03-06,-16.1,19.0,1426202
1945-03-09,-28.0,5.0,12230400
1945-03-14,-18.8,10.0,1426402
1945-03-15,-15.1,213.0,1426301
1945-03-16,24.3,7.0,1426502
1945-03-18,-32.3,13.0,12240100
1945-03-21,-30.5,363.0,1426602
1945-03-26,-20.9,31.0,1426702
1945-03-27,33.3,62.0,1426801
1945-04-02,-28.6,180.0,1426901
1945-04-04,-21.8,15.0,12240200
1945-04-19,-31.6,130.0,1427201
1945-04-20,-6.5,7.0,1427002
1945-04-22,-20.7,27.0,1427301
1945-04-25,-17.5,466.0,1427402
1945-04-29,-22.8,28.0,1427102
1945-04-30,-25.6,86.0,1427602
1945-05-01,21.8,10.0,1427701
1945-05-03,22.5,16.0,1427802
1945-05-09,-18.1,18.0,12260100
1945-05-10,-18.4,39.0,1427502
1945-05-11,-18.1,3.0,1427901
1945-05-14,-18.4,11.0,1428002
1945-05-14,-25.3,19.0,1428102
1945-05-18,-10.6,23.0,1428402
1945-05-18,27.6,6.0,1428502
1945-05-19,-20.7,515.0,1428202
1945-05-21,-28.0,6.0,12260200
1945-05-23,-16.1,96.0,1428701
1945-05-23,-17.0,15.0,12260300
1945-05-24,-29.1,5.0,1428605
1945-05-25,-21.1,27.0,1428802
1945-05-26,-23.0,17.0,12260400
1945-05-28,-19.6,103.0,1428302
1945-05-31,-6.3,19.0,1429001
1945-06-03,32.3,23.0,1428902
1945-06-03,-19.1,94.0,1429101
1945-06-06,-21.7,23.0,12270100
1945-06-11,-17.1,67.0,1429301
1945-06-13,-27.1,108.0,1429802
1945-06-14,-21.2,28.0,1429202
1945-06-15,26.7,10.0,1429902
1945-06-18,-21.1,23.0,1429502
1945-06-18,-17.3,7.0,12270200
1945-06-19,-14.5,118.0,1430002
1945-06-22,-17.2,9.0,1429602
1945-06-23,-30.9,167.0,1429401
1945-06-24,-23.1,239.0,1429702
1945-06-26,29.0,27.0,12270300
1945-06-28,-1.8,16.0,12280100
1945-07-01,-22.3,12.0,1430102
1945-07-06,-16.5,18.0,1430301
1945-07-06,-3.6,47.0,1430501
1945-07-07,-30.9,112.0,1430202
1945-07-07,-4.9,39.0,1430402
1945-07-08,19.4,28.0,1430602
1945-07-09,22.1,62.0,1430802
1945-07-09,-15.8,43.0,1430902
1945-07-09,16.3,11.0,12280200
1945-07-10,-23.3,29.0,1431001
1945-07-15,-18.5,378.0,1431102
1945-07-15,-29.3,87.0,1431302
1945-07-15,23.8,15.0,1431402
1945-07-16,-14.7,5.0,12280300
1945-07-18,-24.2,24.0,1431502
1945-07-19,16.1,12.0,12280400
1945-07-19,-43.0,5.0,12280500
1945-07-20,-21.7,6.0,12280600
1945-07-21,-17.8,72.0,1430702
1945-07-21,25.8,31.0,1431605
1945-07-23,23.2,31.0,1431702
1945-07-24,-26.5,12.0,1431202
1945-07-25,-29.7,10.0,1431805
1945-07-26,16.9,127.0,1431901
1945-07-27,25.4,10.0,12290100
1945-07-28,-25.7,4.0,12290200
1945-07-29,17.6,20.0,1432002
1945-07-29,24.0,8.0,1432102
1945-08-04,36.5,5.0,1432205
1945-08-04,-16.2,73.0,1432302
1945-08-06,22.8,112.0,1432402
1945-08-08,7.7,13.0,12290300
1945-08-08,-31.3,9.0,12290400
1945-08-08,25.9,12.0,12290500
1945-08-10,-25.3,23.0,1432602
1945-08-12,-16.4,6.0,12290600
1945-08-12,20.5,17.0,12290700
1945-08-13,26.7,24.0,9432602
1945-08-13,-26.0,23.0,12290800
1945-08-14,-17.2,48.0,12290900
1945-08-15,-20.9,13.0,1432505
1945-08-15,18.8,55.0,1432705
1945-08-15,25.9,24.0,12291000
1945-08-19,-23.3,44.0,1432805
1945-08-19,28.6,12.0,1432905
1945-08-21,-26.0,21.0,12300100
1945-08-24,-20.3,16.0,12300200
1945-08-25,-19.1,10.0,1433001
1945-08-27,-15.8,15.0,1433102
1945-08-30,29.4,12.0,9433105
1945-08-31,-20.6,22.0,1433202
1945-09-01,-15.5,244.0,1433401
1945-09-03,-19.3,154.0,1433302
1945-09-04,-11.7,8.0,1433505
1945-09-05,25.6,39.0,1433602
1945-09-07,-26.7,19.0,1433802
1945-09-08,-17.4,5.0,1433702
1945-09-11,-23.2,14.0,1433901
1945-09-16,-22.3,11.0,1434002
1945-09-22,12.6,5.0,12310100
1945-09-23,28.0,53.0,1434402
1945-09-24,25.1,3.0,1434105
1945-09-27,-22.6,365.0,1434501
1945-09-28,26.4,10.0,1434202
1945-09-28,20.8,40.0,1434602
1945-09-28,23.0,20.0,1434702
1945-09-30,-18.7,118.0,1434302
1945-09-30,-16.4,25.0,1434802
1945-09-30,-21.8,158.0,1434902
1945-09-30,-17.3,190.0,1435002
1946-01-01,-14.0,37.0,1440201
1946-01-02,-29.1,12.0,1440402
1946-01-03,16.8,38.0,1440302
1946-01-05,-17.2,143.0,1440101
1946-01-07,-25.6,17.0,12350100
1946-01-08,-23.6,10.0,12350200
1946-01-10,18.4,22.0,1440602
1946-01-10,19.4,120.0,1440701
1946-01-12,-32.4,16.0,1440502
1946-01-13,-38.4,57.0,1440902
1946-01-13,15.2,19.0,1441102
1946-01-13,21.1,129.0,1441201
1946-01-13,-17.9,148.0,1441301
1946-01-15,-36.2,15.0,12350300
1946-01-15,-12.3,18.0,12350400
1946-01-19,29.1,647.0,1440802
1946-01-23,17.4,685.0,1441002
1946-01-24,30.9,103.0,1441501
1946-01-27,-16.0,101.0,1441602
1946-01-29,24.0,404.0,1441702
1946-01-30,-16.1,213.0,1441901
1946-01-31,11.4,49.0,1441805
1946-02-01,-18.2,15.0,1442105
1946-02-02,-13.8,221.0,1441402
1946-02-02,-23.5,450.0,1442202
1946-02-03,-30.6,25.0,1442305
1946-02-04,-17.6,6.0,1442502
1946-02-04,-36.3,7.0,1442601
1946-02-05,25.7,73.0,1442702
1946-02-07,-21.5,317.0,1442002
1946-02-07,35.2,18.0,1443005
1946-02-07,18.2,171.0,1443101
1946-02-07,15.7,6.0,12360100
1946-02-10,-17.4,10.0,1442801
1946-02-11,23.1,37.0,1443501
1946-02-11,-29.8,34.0,12360200
1946-02-13,25.5,447.0,1443601
1946-02-14,15.0,15.0,1442402
1946-02-15,27.1,105.0,1443202
1946-02-15,20.5,50.0,1443701
1946-02-16,-17.4,38.0,1442902
1946-02-16,25.5,25.0,1443302
1946-02-17,30.4,35.0,1443402
1946-02-19,32.9,10.0,12360300
1946-02-20,-24.1,8.0,12360400
1946-02-21,-19.6,149.0,1444201
1946-02-22,-26.7,4.0,1444002
1946-02-22,21.5,40.0,1444302
1946-02-24,-13.9,5.0,1444102
1946-02-24,22.3,75.0,1444501
1946-02-26,-25.9,112.0,1444405
1946-02-26,-19.1,10.0,1444602
1946-02-26,23.3,88.0,1444701
1946-02-27,24.2,16.0,1444905
1946-02-27,22.7,146.0,1445002
1946-02-28,-20.3,892.0,1443902
1946-02-28,26.2,833.0,1445103
1946-03-01,-13.0,172.0,1443801
1946-03-02,19.6,37.0,1445205
1946-03-03,23.5,5.0,1445405
1946-03-06,18.7,29.0,1445502
1946-03-07,-27.3,117.0,1445602
1946-03-07,-17.5,6.0,12370100
1946-03-09,-21.2,25.0,1444802
1946-03-10,-37.1,63.0,1445902
1946-03-10,1.4,7.0,12370200
1946-03-13,-18.4,130.0,1445302
1946-03-14,-28.8,114.0,1445805
1946-03-14,19.9,19.0,1446002
1946-03-14,-20.5,531.0,1446104
1946-03-14,-14.2,10.0,12370300
1946-03-14,25.6,8.0,12370400
1946-03-14,20.4,12.0,12370500
1946-03-15,-24.8,208.0,1445702
1946-03-16,-9.7,11.0,1446201
1946-03-17,-16.8,11.0,1446505
1946-03-19,19.4,42.0,1446302
1946-03-21,-19.4,16.0,1447005
1946-03-21,21.3,527.0,1447103
1946-03-23,-39.6,14.0,1446605
1946-03-24,-16.7,329.0,1446805
1946-03-24,-18.7,14.0,1447205
1946-03-26,-29.2,15.0,1446402
1946-03-26,-21.0,26.0,1447405
1946-03-27,19.4,12.0,1446905
1946-03-27,28.0,10.0,12370600
1946-03-28,-13.7,26.0,1446702
1946-03-28,-14.9,53.0,1447505
1946-03-28,-26.9,411.0,1447602
1946-03-30,16.5,8.0,1447905
1946-03-30,-24.8,160.0,1448001
1946-04-01,22.0,23.0,1448105
1946-04-02,-36.9,11.0,1448301
1946-04-03,25.5,11.0,1447303
1946-04-03,31.0,6.0,1448205
1946-04-03,-36.6,126.0,1448605
1946-04-04,-10.3,4.0,12380100
1946-04-05,24.2,14.0,1448501
1946-04-05,-19.1,15.0,1448802
1946-04-06,-27.1,7.0,1448705
1946-04-06,18.2,17.0,12380200
1946-04-07,-32.8,37.0,1448901
1946-04-08,-16.7,95.0,1449102
1946-04-09,-18.5,14.0,1447701
1946-04-10,26.9,375.0,1447804
1946-04-10,-16.2,14.0,1449201
1946-04-11,-10.2,13.0,1449305
1946-04-11,-13.2,8.0,1449405
1946-04-12,-18.5,34.0,12380300
1946-04-12,-25.3,16.0,12380400
1946-04-12,-10.3,17.0,12380500
1946-04-14,-15.5,19.0,1449502
1946-04-15,-29.6,183.0,1448401
1946-04-15,-21.2,119.0,1449602
1946-04-18,-24.1,17.0,1449802
1946-04-19,-9.3,11.0,1450005
1946-04-20,32.8,454.0,1450102
1946-04-21,-35.7,462.0,1449002
1946-04-23,-18.4,11.0,1449702
1946-04-24,-19.1,9.0,12390100
1946-04-28,-25.2,46.0,1450502
1946-04-28,-15.0,534.0,1450602
1946-04-29,18.4,29.0,1450705
1946-04-30,23.7,216.0,1449901
1946-05-01,-17.4,239.0,1450202
1946-05-01,-29.1,76.0,1451301
1946-05-01,-22.7,20.0,12390200
1946-05-02,24.1,117.0,1450805
1946-05-02,-34.4,16.0,1451101
1946-05-05,-23.4,24.0,12390300
1946-05-06,-21.1,15.0,1450302
1946-05-06,-35.4,185.0,1451501
1946-05-08,26.7,91.0,1450401
1946-05-08,-25.3,48.0,1450902
1946-05-08,24.3,9.0,1451605
1946-05-10,-27.8,59.0,1451002
1946-05-11,-17.7,224.0,1451202
1946-05-11,-22.4,17.0,1451705
1946-05-14,-29.4,14.0,1451402
1946-05-14,29.7,44.0,12390400
1946-05-15,-30.1,7.0,12390500
1946-05-16,-27.3,19.0,1451902
1946-05-16,24.6,52.0,1452001
1946-05-16,20.3,38.0,1452102
1946-05-17,-10.5,15.0,12390600
1946-05-18,-10.3,12.0,12390700
1946-05-18,17.6,8.0,12390800
1946-05-18,-20.5,8.0,12390900
1946-05-19,10.1,327.0,1452201
1946-05-20,16.8,36.0,1451802
1946-05-20,-29.1,9.0,12391000
1946-05-21,32.8,55.0,1452802
1946-05-21,16.7,4.0,12400100
1946-05-23,19.7,5.0,12400200
1946-05-24,34.8,9.0,12400300
1946-05-24,29.8,36.0,12400400
1946-05-26,-13.4,30.0,1452402
1946-05-27,23.2,32.0,1452601
1946-05-27,-17.8,44.0,1453102
1946-05-28,15.3,54.0,1452302
1946-05-29,-20.5,46.0,1452901
1946-05-30,23.7,220.0,1452501
1946-05-30,28.1,10.0,1453202
1946-05-30,15.5,18.0,1453302
1946-05-30,-17.6,8.0,12400500
1946-05-31,22.4,86.0,1452702
1946-06-05,-16.2,15.0,1453401
1946-06-05,18.2,39.0,1453501
1946-06-06,-17.0,9.0,1453002
1946-06-07,-13.5,9.0,1453801
1946-06-09,9.3,4.0,12400600
1946-06-10,22.4,31.0,1453902
1946-06-12,17.3,4.0,1454105
1946-06-12,16.7,272.0,1454203
1946-06-13,-25.5,69.0,1453702
1946-06-14,-12.3,17.0,1454402
1946-06-14,20.5,177.0,1454503
1946-06-14,-19.2,10.0,1454601
1946-06-14,18.0,204.0,1454701
1946-06-15,26.5,31.0,1454302
1946-06-15,25.1,151.0,1454901
1946-06-16,-23.1,15.0,1453602
1946-06-16,18.2,39.0,1454002
1946-06-20,-17.9,11.0,1454802
1946-06-20,-22.1,305.0,1455102
1946-06-20,-20.4,18.0,1455402
1946-06-20,-24.1,14.0,1455505
1946-06-20,-20.9,149.0,1455602
1946-06-21,-16.7,32.0,12410100
1946-06-22,-28.6,6.0,12410200
1946-06-23,25.1,6.0,1455205
1946-06-23,-28.5,108.0,1456002
1946-06-25,-21.2,21.0,1455302
1946-06-25,17.8,4.0,1455702
1946-06-25,29.1,12.0,1456101
1946-06-25,-14.5,24.0,12410300
1946-06-26,-25.7,20.0,1456202
1946-06-27,-20.5,7.0,1456302
1946-06-28,34.4,31.0,1455003
1946-06-28,27.5,75.0,1456401
1946-06-29,23.8,331.0,1456501
1946-07-01,-16.6,212.0,1456702
1946-07-01,18.6,92.0,1456803
1946-07-01,-24.8,223.0,1456902
1946-07-01,15.2,30.0,1457001
1946-07-02,-17.6,41.0,1455802
1946-07-02,21.2,10.0,1456602
1946-07-03,-37.0,11.0,1455902
1946-07-06,40.7,9.0,12410400
1946-07-07,19.0,126.0,1457102
1946-07-08,-11.7,20.0,1457302
1946-07-09,22.1,147.0,1457202
1946-07-10,-19.6,10.0,1457402
1946-07-12,-17.8,12.0,1457602
1946-07-12,22.5,184.0,1457701
1946-07-17,-22.3,77.0,1458102
1946-07-17,27.2,23.0,1458201
1946-07-17,-20.5,12.0,12420100
1946-07-19,14.4,34.0,1458402
1946-07-19,20.7,195.0,1458503
1946-07-20,16.6,105.0,1457502
1946-07-20,-38.8,48.0,1458005
1946-07-20,-16.5,175.0,1458305
1946-07-21,-17.3,22.0,1458602
1946-07-24,-13.9,148.0,1457802
1946-07-24,25.7,146.0,1457902
1946-07-24,-18.7,206.0,1458902
1946-07-24,-7.8,5.0,1459005
1946-07-25,18.6,14.0,1458802
1946-07-26,-23.6,244.0,1459202
1946-07-27,22.3,27.0,1458701
1946-07-28,13.1,16.0,1459402
1946-07-28,-27.5,500.0,1459502
1946-07-29,18.4,25.0,1459601
1946-07-30,-25.5,42.0,1459801
1946-08-04,-19.4,594.0,1460001
1946-08-05,13.5,413.0,1459102
1946-08-05,-15.2,16.0,1460102
1946-08-06,-16.9,77.0,1460302
1946-08-08,-19.0,15.0,1459702
1946-08-09,9.6,103.0,1459302
1946-08-09,-14.4,14.0,1460902
1946-08-11,24.5,162.0,1460605
1946-08-12,21.8,10.0,1461002
1946-08-12,-23.1,7.0,1461102
1946-08-13,-10.0,8.0,1460402
1946-08-13,-17.2,11.0,1460705
1946-08-13,23.0,3.0,1461201
1946-08-14,30.3,24.0,1461405
1946-08-14,10.5,88.0,1461602
1946-08-15,15.8,340.0,1459901
1946-08-15,19.8,36.0,1461701
1946-08-16,33.1,10.0,1461802
1946-08-17,16.4,499.0,1460202
1946-08-17,-11.9,276.0,1460802
1946-08-17,-13.8,15.0,1461302
1946-08-17,24.4,69.0,1462002
1946-08-18,-16.6,24.0,12430100
1946-08-20,-11.9,135.0,1460501
1946-08-21,-12.9,13.0,1461502
1946-08-21,19.0,153.0,1462105
1946-08-22,9.4,460.0,1462301
1946-08-23,-23.8,14.0,1462405
1946-08-23,-14.2,4.0,12430200
1946-08-24,31.1,13.0,12430300
1946-08-24,19.5,3.0,12430400
1946-08-27,16.7,9.0,12430500
1946-08-27,17.2,9.0,12430600
1946-08-29,20.1,22.0,1461902
1946-08-30,-15.1,15.0,1463005
1946-08-30,15.9,164.0,1463101
1946-08-31,15.5,15.0,1463202
1946-08-31,9.0,5.0,1463301
1946-08-31,16.6,48.0,1463401
1946-09-01,17.5,7.0,1463502
1946-09-02,17.8,16.0,1462202
1946-09-02,-35.6,6.0,1463602
1946-09-03,-15.1,61.0,1463702
1946-09-04,-21.2,67.0,1462502
1946-09-04,25.5,92.0,1462602
1946-09-04,23.0,607.0,1462702
1946-09-06,-10.4,141.0,1462802
1946-09-07,18.4,348.0,1462902
1946-09-09,-18.3,18.0,1463902
1946-09-10,13.1,12.0,12440100
1946-09-12,17.2,9.0,1464101
1946-09-13,21.4,1376.0,1464303
1946-09-15,18.9,13.0,1464401
1946-09-18,-26.9,30.0,1464505
1946-09-18,25.5,38.0,1464601
1946-09-18,7.1,134.0,1464701
1946-09-19,-13.1,186.0,1463802
1946-09-21,12.3,897.0,1464002
1946-09-21,26.6,31.0,1465002
1946-09-22,22.6,17.0,1464905
1946-09-22,-14.6,23.0,1465101
1946-09-23,19.1,18.0,1465201
1946-09-23,-15.9,87.0,1465302
1946-09-23,-7.7,88.0,1465401
1946-09-23,19.1,200.0,1465501
1946-09-24,26.9,6.0,12440200
1946-09-25,17.3,39.0,1464202
1946-09-25,-40.4,10.0,1465702
1946-09-25,-7.9,48.0,12440300
1946-09-27,20.6,11.0,1465901
1946-09-28,-13.2,825.0,1465602
1946-09-28,-24.0,9.0,1465802
1946-09-28,-16.9,396.0,1466001
1946-09-29,20.5,593.0,1464802
1946-09-30,-20.6,13.0,1466102
1947-01-01,-17.2,14.0,1476701
1947-01-01,-21.8,195.0,1477201
1947-01-01,-20.4,17.0,12480200
1947-01-02,16.0,372.0,1476401
1947-01-02,-18.2,20.0,1476501
1947-01-05,15.4,7.0,1477302
1947-01-05,39.9,125.0,1477502
1947-01-06,-24.6,4.0,1477402
1947-01-06,-20.1,65.0,1477602
1947-01-06,-5.3,391.0,1477701
1947-01-06,-27.9,6.0,12480300
1947-01-07,15.0,137.0,1476801
1947-01-07,-13.5,26.0,12480400
1947-01-08,31.9,342.0,1477002
1947-01-08,-8.9,28.0,12480500
1947-01-09,-9.3,16.0,1477802
1947-01-09,12.5,40.0,1478001
1947-01-10,-23.6,24.0,1478201
1947-01-14,-12.7,18.0,1478505
1947-01-15,20.3,51.0,1478802
1947-01-15,-21.1,46.0,1478902
1947-01-15,25.9,176.0,1479101
1947-01-16,-12.0,7.0,1478601
1947-01-17,-30.3,103.0,1479302
1947-01-17,-34.8,62.0,1479402
1947-01-18,16.1,50.0,1479605
1947-01-18,-27.6,59.0,12480600
1947-01-19,-11.1,46.0,1478102
1947-01-20,23.2,154.0,1477901
1947-01-20,-20.3,10.0,12480700
1947-01-21,-12.7,109.0,1478702
1947-01-21,19.9,124.0,1479905
1947-01-22,21.9,72.0,1480101
1947-01-22,18.5,8.0,12490100
1947-01-23,10.8,328.0,1478301
1947-01-23,-10.4,23.0,1479705
1947-01-25,-16.4,346.0,1478402
1947-01-25,-16.0,442.0,1480005
1947-01-25,-20.4,919.0,1480205
1947-01-25,-31.3,14.0,1480305
1947-01-25,-20.5,11.0,12490200
1947-01-26,-11.8,284.0,1479003
1947-01-26,-32.3,27.0,1480302
1947-01-27,12.9,171.0,1479201
1947-01-27,8.4,32.0,1479805
1947-01-27,9.1,10.0,1480402
1947-01-28,17.5,681.0,1479502
1947-01-29,-15.9,296.0,1480002
1947-01-29,-11.9,118.0,1480502
1947-01-29,30.1,6.0,12490300
1947-02-02,-20.1,342.0,1480202
1947-02-04,-29.1,12.0,1481105
1947-02-04,32.3,20.0,12490400
1947-02-05,-12.8,38.0,1480702
1947-02-05,28.0,24.0,1481205
1947-02-06,-24.2,23.0,1481402
1947-02-07,-2.6,20.0,1481502
1947-02-08,-28.6,5.0,1481002
1947-02-08,-14.4,6.0,1481705
1947-02-10,-10.5,152.0,1482001
1947-02-11,-15.4,258.0,1480602
1947-02-12,-15.7,130.0,1480802
1947-02-12,-20.1,8.0,1481602
1947-02-12,16.7,42.0,1482401
1947-02-13,16.0,6.0,1482101
1947-02-13,11.0,13.0,1482502
1947-02-14,2.9,22.0,1481902
1947-02-14,20.2,13.0,1482605
1947-02-14,19.4,21.0,1482702
1947-02-15,-4.2,193.0,1480901
1947-02-15,22.0,11.0,12490500
1947-02-16,22.9,16.0,1482801
1947-02-17,12.5,104.0,12490600
1947-02-18,-23.0,556.0,1481303
1947-02-18,-13.9,12.0,1482905
1947-02-18,21.8,51.0,1483201
1947-02-20,8.6,43.0,1481801
1947-02-21,17.9,45.0,1482302
1947-02-21,-17.0,143.0,1483005
1947-02-21,24.8,6.0,1483505
1947-02-21,25.2,12.0,1483602
1947-02-22,11.7,42.0,1483302
1947-02-22,-10.8,25.0,12500100
1947-02-23,-16.8,348.0,1482202
1947-02-23,27.0,4.0,1483702
1947-02-25,-26.6,23.0,12500200
1947-02-26,29.1,5.0,1484405
1947-02-26,-15.6,306.0,1484501
1947-02-26,15.1,25.0,12500300
1947-02-27,-11.7,22.0,1484705
1947-02-27,-11.4,208.0,1484802
1947-02-28,-38.3,11.0,1483902
1947-03-01,-18.2,81.0,1483103
1947-03-01,11.7,47.0,12500400
1947-03-02,14.4,13.0,1484102
1947-03-02,15.8,115.0,1484305
1947-03-02,21.0,5.0,1484602
1947-03-03,-11.5,30.0,1483402
1947-03-04,11.8,160.0,1485503
1947-03-05,-13.7,232.0,1485601
1947-03-06,21.8,1157.0,1483802
1947-03-06,-4.8,7.0,12500500
1947-03-07,-7.7,8.0,1485401
1947-03-07,-11.2,86.0,1485701
1947-03-08,15.7,113.0,1485202
1947-03-09,-12.3,29.0,1484002
1947-03-09,-7.2,161.0,1484201
1947-03-09,-23.6,60.0,1485302
1947-03-11,15.6,26.0,1486101
1947-03-14,-5.3,61.0,1484901
1947-03-15,-19.4,291.0,1485002
1947-03-16,-22.1,17.0,1486002
1947-03-16,-18.8,42.0,1486401
1947-03-17,-24.5,830.0,1485104
1947-03-17,-11.8,57.0,1486501
1947-03-17,21.9,14.0,12510100
1947-03-19,-13.1,20.0,1485801
1947-03-20,-20.4,25.0,1486705
1947-03-20,-21.4,7.0,12510200
1947-03-21,-18.3,15.0,1486802
1947-03-21,13.9,71.0,1486902
1947-03-21,19.1,208.0,1487001
1947-03-22,-18.4,15.0,1485901
1947-03-22,-12.3,23.0,12510300
1947-03-25,-21.0,9.0,1487105
1947-03-26,-15.6,546.0,1486202
1947-03-26,-6.5,15.0,1487502
1947-03-26,21.2,9.0,1487601
1947-03-26,-16.0,39.0,12510400
1947-03-27,-14.9,101.0,1486301
1947-03-28,11.1,34.0,1488102
1947-03-28,-26.4,147.0,1488201
1947-03-29,16.6,110.0,1486602
1947-03-29,-11.5,9.0,1487202
1947-03-29,-4.8,51.0,1488301
1947-03-30,15.6,59.0,1487801
1947-03-30,-38.2,33.0,1488502
1947-03-31,22.9,21.0,1488401
1947-04-01,-20.1,139.0,1487302
1947-04-01,-8.4,7.0,1488805
1947-04-01,14.3,6.0,1488905
1947-04-02,-13.8,72.0,1489101
1947-04-04,-10.8,359.0,1487401
1947-04-04,14.8,80.0,1487702
1947-04-04,18.4,8.0,1488705
1947-04-04,10.0,19.0,1489302
1947-04-06,-21.2,230.0,1487902
1947-04-07,12.9,28.0,1488002
1947-04-08,16.2,0.4,1488603
1947-04-08,-26.4,47.0,1489002
1947-04-08,17.5,17.0,12510500
1947-04-09,-16.1,2025.0,1489202
1947-04-10,-4.6,267.0,1489502
1947-04-10,-16.1,87.0,1490202
1947-04-11,25.0,62.0,1489602
1947-04-11,-12.2,10.0,1489801
1947-04-11,15.0,7.0,12510600
1947-04-12,-7.2,126.0,1489902
1947-04-12,17.8,57.0,1490005
1947-04-13,20.7,5.0,1490401
1947-04-14,9.9,10.0,1490102
1947-04-15,-15.0,4.0,1489702
1947-04-15,17.8,42.0,1490602
1947-04-15,23.0,27.0,12520100
1947-04-16,15.2,13.0,1489401
1947-04-16,19.5,12.0,1490702
1947-04-17,-12.1,26.0,12520200
1947-04-19,-11.9,73.0,1491101
1947-04-20,-11.8,65.0,1490302
1947-04-20,-19.4,49.0,1490805
1947-04-20,23.2,104.0,1491201
1947-04-21,-22.2,20.0,1491305
1947-04-21,-21.0,69.0,1491401
1947-04-23,-16.4,123.0,1491802
1947-04-24,-6.9,77.0,1491902
1947-04-25,-19.4,97.0,1490502
1947-04-25,-16.9,7.0,1492205
1947-04-25,31.3,22.0,1492301
1947-04-26,-12.2,28.0,12520300
1947-04-26,-20.5,35.0,12520400
1947-04-26,-15.1,10.0,12520500
1947-04-27,9.8,290.0,1490902
1947-04-27,12.7,121.0,1492002
1947-04-27,-23.4,84.0,1492601
1947-04-28,-15.3,23.0,1492802
1947-04-28,-4.3,22.0,1492902
1947-04-29,-11.9,23.0,1492702
1947-04-29,-19.8,31.0,1493201
1947-04-29,-24.6,511.0,1493302
1947-04-29,-24.5,8.0,12520600
1947-04-29,-8.2,21.0,12520700
1947-04-30,18.3,14.0,1491001
1947-05-01,13.5,10.0,1493505
1947-05-01,-13.2,90.0,1493601
1947-05-02,23.8,507.0,1491602
1947-05-02,19.1,72.0,1492402
1947-05-03,9.3,79.0,1492102
1947-05-03,6.9,45.0,1493901
1947-05-04,-10.0,315.0,1491502
1947-05-05,-16.5,152.0,1491702
1947-05-05,-12.2,129.0,1494102
1947-05-05,28.2,12.0,12520800
1947-05-05,48.7,9.0,12520900
1947-05-06,-21.3,8.0,1493402
1947-05-06,11.6,51.0,1494202
1947-05-07,-9.7,126.0,1492501
1947-05-07,-28.6,9.0,1494005
1947-05-07,7.5,10.0,1494401
1947-05-08,21.5,9.0,1493002
1947-05-08,-21.1,176.0,1493102
1947-05-08,-3.8,548.0,1493702
1947-05-09,21.6,228.0,1494703
1947-05-10,-19.7,79.0,1494605
1947-05-11,14.0,7.0,12530100
1947-05-12,17.5,368.0,1493802
1947-05-12,-11.3,20.0,1494901
1947-05-12,-17.9,3.0,12530200
1947-05-13,19.6,40.0,1495102
1947-05-13,-13.1,22.0,1495201
1947-05-13,-25.0,17.0,1495301
1947-05-14,-19.1,140.0,1494805
1947-05-14,-15.7,23.0,12530300
1947-05-15,-15.4,14.0,1494302
1947-05-15,16.3,6.0,1495405
1947-05-15,24.8,18.0,1495505
1947-05-16,-28.0,6.0,1495702
1947-05-16,-16.6,7.0,1495801
1947-05-16,-17.6,8.0,12530400
1947-05-17,7.6,105.0,1495602
1947-05-17,19.7,8.0,1496002
1947-05-17,15.7,41.0,1496101
1947-05-17,-16.5,5.0,12530500
1947-05-17,-14.7,15.0,12530600
1947-05-18,24.3,212.0,1496302
1947-05-18,20.7,239.0,1496402
1947-05-18,9.6,155.0,1496601
1947-05-18,-28.8,49.0,12530700
1947-05-19,-17.3,238.0,1495902
1947-05-20,-18.1,162.0,1495905
1947-05-21,19.0,110.0,1494501
1947-05-21,-31.3,27.0,1497305
1947-05-22,-25.9,8.0,1497505
1947-05-23,11.1,98.0,1495001
1947-05-23,29.9,12.0,1497602
1947-05-24,-20.2,9.0,1497705
1947-05-24,-28.2,12.0,1497902
1947-05-25,-8.2,21.0,1496702
1947-05-25,-42.2,150.0,1498002
1947-05-26,20.1,22.0,1496005
1947-05-26,12.9,18.0,1496902
1947-05-26,6.5,60.0,1497102
1947-05-26,29.3,38.0,1498105
1947-05-27,-28.8,679.0,1495705
1947-05-28,-12.8,117.0,1497202
1947-05-28,15.5,10.0,1498401
1947-05-28,20.2,102.0,1498501
1947-05-28,-20.5,400.0,1498602
1947-05-28,-11.7,404.0,1498702
1947-05-29,17.9,213.0,1496203
1947-05-29,-34.1,90.0,1498802
1947-05-30,-15.8,343.0,1496502
1947-05-30,-19.5,13.0,12530800
1947-05-30,-19.6,24.0,12530900
1947-05-31,21.2,1104.0,1497002
1947-05-31,-9.6,214.0,1497402
1947-06-01,-15.5,18.0,1496802
1947-06-01,10.5,129.0,1499402
1947-06-02,14.4,208.0,1499205
1947-06-03,-22.1,224.0,1497802
1947-06-03,-2.7,66.0,1498902
1947-06-03,17.0,4.0,1499002
1947-06-03,23.5,18.0,1499305
1947-06-03,-19.3,4.0,12531000
1947-06-04,23.1,363.0,1499603
1947-06-04,14.4,11.0,12531100
1947-06-05,-19.9,188.0,1498202
1947-06-05,-21.0,109.0,1498302
1947-06-06,-18.3,28.0,1499102
1947-06-06,15.0,28.0,1499802
1947-06-06,-13.5,48.0,12531200
1947-06-07,20.4,37.0,1499702
1947-06-07,-16.2,16.0,1500102
1947-06-10,20.7,6.0,1499905
1947-06-10,-30.2,11.0,1500205
1947-06-10,-24.1,11.0,1500305
1947-06-10,15.7,11.0,12540100
1947-06-11,12.0,4.0,1500401
1947-06-12,22.1,27.0,1500002
1947-06-13,-29.3,9.0,1500705
1947-06-13,-12.7,15.0,1500801
1947-06-15,22.0,420.0,1499502
1947-06-15,9.2,21.0,1501201
1947-06-15,-14.2,708.0,1501302
1947-06-15,20.1,841.0,1501401
1947-06-15,-20.0,98.0,1501502
1947-06-15,-27.1,18.0,12540200
1947-06-16,5.7,11.0,1501102
1947-06-16,21.7,6.0,12540300
1947-06-16,20.8,6.0,12540400
1947-06-17,-22.5,20.0,1501905
1947-06-18,-14.5,19.0,1502202
1947-06-18,14.6,25.0,1502302
1947-06-19,-16.1,282.0,1501002
1947-06-19,-11.5,393.0,1501602
1947-06-19,-18.5,13.0,1502501
1947-06-19,23.8,11.0,12540500
1947-06-20,16.4,9.0,12540600
1947-06-21,30.7,8.0,12540700
1947-06-22,-8.3,192.0,1502002
1947-06-22,8.2,542.0,1502102
1947-06-23,10.1,308.0,1500502
1947-06-23,-12.2,18.0,1500602
1947-06-23,-20.7,452.0,1501802
1947-06-23,9.0,10.0,1503002
1947-06-24,-17.9,25.0,1502602
1947-06-24,13.4,305.0,1502705
1947-06-24,-20.7,19.0,1503102
1947-06-25,-9.9,83.0,1502402
1947-06-25,-11.0,10.0,1502802
1947-06-25,15.4,91.0,1503302
1947-06-25,-22.1,18.0,12540800
1947-06-26,24.1,50.0,1500901
1947-06-26,-8.7,18.0,1503502
1947-06-27,12.4,873.0,1501702
1947-06-27,-12.7,8.0,12540900
1947-06-28,18.6,109.0,1503802
1947-06-28,-25.8,44.0,1503902
1947-06-28,-24.1,20.0,12541000
1947-06-29,-18.5,8.0,1503402
1947-06-29,-17.8,15.0,1504201
1947-06-30,26.7,211.0,1502902
1947-06-30,21.3,72.0,1504305
1947-07-01,-17.0,22.0,1504001
1947-07-01,13.2,15.0,1504502
1947-07-01,-12.8,7.0,12541100
1947-07-01,-29.5,8.0,12541200
1947-07-01,-14.5,19.0,12541300
1947-07-01,-15.2,4.0,12541400
1947-07-02,29.9,24.0,1503702
1947-07-02,16.8,43.0,1504701
1947-07-03,13.2,19.0,1503602
1947-07-03,20.1,48.0,1504803
1947-07-03,9.1,25.0,12541500
1947-07-04,-29.5,10.0,1503205
1947-07-04,-12.7,328.0,1505001
1947-07-05,-40.3,57.0,1504602
1947-07-05,-16.9,92.0,1505105
1947-07-07,-9.6,94.0,1505302
1947-07-07,10.3,85.0,1505401
1947-07-08,-12.2,39.0,1505501
1947-07-08,10.0,27.0,1505602
1947-07-09,-31.8,49.0,1504401
1947-07-09,-17.2,38.0,1505802
1947-07-09,22.8,9.0,12550100
1947-07-10,-28.3,214.0,1504102
1947-07-10,-19.3,41.0,1505202
1947-07-10,-26.5,9.0,1505702
1947-07-10,28.6,151.0,1506105
1947-07-10,28.8,53.0,12550200
1947-07-11,-20.2,22.0,1504902
1947-07-11,8.7,9.0,12550300
1947-07-13,-31.6,88.0,1506402
1947-07-13,13.9,129.0,1506501
1947-07-13,-14.6,9.0,12550400
1947-07-14,21.0,10.0,1506601
1947-07-14,-18.2,10.0,1506701
1947-07-14,-22.6,15.0,1506801
1947-07-14,12.1,244.0,1506902
1947-07-15,-11.5,3.0,12550500
1947-07-16,13.8,7.0,1507001
1947-07-16,-2.8,28.0,1507105
1947-07-16,-27.7,9.0,12550600
1947-07-17,29.5,5.0,1507202
1947-07-17,-20.3,45.0,1507302
1947-07-18,-21.9,8.0,12550700
1947-07-20,18.8,10.0,1507602
1947-07-20,13.9,6.0,12550800
1947-07-20,12.5,16.0,12550900
1947-07-21,-30.5,567.0,1505901
1947-07-21,21.3,9.0,1507402
1947-07-21,21.4,15.0,1507902
1947-07-22,20.5,70.0,1506002
1947-07-22,21.1,10.0,12551000
1947-07-23,-19.2,17.0,1508001
1947-07-24,10.8,274.0,1506204
1947-07-24,14.5,398.0,1506301
1947-07-24,-11.2,8.0,1508101
1947-07-25,-7.7,8.0,1508205
1947-07-25,17.6,68.0,1508301
1947-07-26,21.9,16.0,1507502
1947-07-26,10.8,8.0,1508402
1947-07-27,-23.1,23.0,1508605
1947-07-30,11.2,6.0,1509002
1947-07-31,-12.7,70.0,1507702
1947-07-31,28.5,57.0,1507802
1947-07-31,-16.7,9.0,1508501
1947-07-31,-13.1,70.0,1509301
1947-08-01,-9.9,768.0,1509402
1947-08-02,-25.9,15.0,1509505
1947-08-02,13.8,10.0,1509602
1947-08-04,18.7,7.0,1509102
1947-08-04,8.9,21.0,1509902
1947-08-04,-44.9,20.0,12560100
1947-08-06,-19.2,176.0,1508702
1947-08-07,-11.9,9.0,1510301
1947-08-07,10.4,14.0,1510404
1947-08-07,-31.6,332.0,1510501
1947-08-07,9.9,189.0,1510704
1947-08-08,13.5,186.0,1510801
1947-08-08,-28.1,153.0,1510901
1947-08-08,-8.6,7.0,12560200
1947-08-09,20.6,242.0,1508802
1947-08-09,-14.7,139.0,1508903
1947-08-09,15.4,436.0,1511101
1947-08-11,25.6,18.0,1511202
1947-08-11,-26.5,192.0,12560300
1947-08-12,-7.9,77.0,1509201
1947-08-13,-16.9,259.0,1510202
1947-08-13,8.5,8.0,1511301
1947-08-13,29.1,50.0,1511402
1947-08-13,24.4,20.0,1511502
1947-08-13,-19.0,11.0,1511701
1947-08-14,-15.7,14.0,1509702
1947-08-15,-11.5,25.0,1509802
1947-08-15,13.4,21.0,1511801
1947-08-15,8.6,30.0,1511902
1947-08-15,-21.3,142.0,1512102
1947-08-15,-13.2,126.0,1512201
1947-08-16,-18.6,180.0,1510002
1947-08-17,18.0,10.0,1510102
1947-08-17,-15.6,14.0,1512301
1947-08-18,-17.0,10.0,1512402
1947-08-19,12.4,16.0,1510604
1947-08-20,18.9,106.0,1511002
1947-08-21,-19.6,242.0,1512602
1947-08-21,17.1,79.0,1512702
1947-08-22,-19.3,24.0,1512002
1947-08-23,-11.1,4.0,1512502
1947-08-24,21.8,127.0,1513002
1947-08-25,20.1,167.0,1511602
1947-08-25,28.3,6.0,12560400
1947-08-26,-24.3,21.0,12560500
1947-08-27,32.0,8.0,1513105
1947-08-27,-17.9,8.0,1513305
1947-08-27,16.6,207.0,1513402
1947-08-27,-14.2,70.0,1513602
1947-08-27,15.1,144.0,1513701
1947-08-29,11.8,9.0,1514402
1947-08-29,19.4,18.0,1514505
1947-08-29,20.2,5.0,12570100
1947-08-31,31.5,61.0,1512901
1947-08-31,23.8,11.0,1514205
1947-08-31,10.2,377.0,1514702
1947-08-31,-25.7,4.0,12570200
1947-08-31,16.2,5.0,12570300
1947-09-01,-15.6,28.0,1512802
1947-09-01,26.6,7.0,1513805
1947-09-01,-1.4,67.0,1514801
1947-09-02,-11.2,364.0,1515002
1947-09-02,10.5,65.0,1515101
1947-09-03,-19.0,7.0,1514301
1947-09-03,-4.3,3.0,12570400
1947-09-03,23.1,7.0,12570500
1947-09-04,11.0,213.0,1513202
1947-09-04,-30.9,15.0,12570600
1947-09-05,-8.6,18.0,1515305
1947-09-05,-14.5,12.0,1515502
1947-09-05,-24.9,25.0,12570700
1947-09-06,13.5,223.0,1515701
1947-09-07,-16.9,74.0,1515202
1947-09-08,-7.3,147.0,1513501
1947-09-09,19.1,162.0,1513902
1947-09-09,-15.0,116.0,1514001
1947-09-09,-10.2,61.0,1514104
1947-09-09,23.5,366.0,1514902
1947-09-09,11.6,16.0,1516005
1947-09-09,20.2,74.0,1516301
1947-09-09,-19.0,4.0,12570800
1947-09-10,-12.0,178.0,1514601
1947-09-10,-2.3,72.0,1516201
1947-09-10,10.7,14.0,12570900
1947-09-12,-11.2,206.0,1515602
1947-09-12,-9.0,18.0,1516701
1947-09-12,10.2,154.0,1516802
1947-09-13,17.9,19.0,1515402
1947-09-13,18.4,49.0,1515801
1947-09-13,13.1,117.0,1516902
1947-09-14,22.1,263.0,1516505
1947-09-15,19.4,165.0,1515902
1947-09-15,13.2,227.0,1517002
1947-09-16,15.7,16.0,1517202
1947-09-17,-20.4,30.0,1516402
1947-09-18,-17.3,178.0,1516101
1947-09-19,-12.6,6.0,1517101
1947-09-20,16.4,6.0,1517402
1947-09-20,-18.4,88.0,1517502
1947-09-22,15.7,184.0,1516602
1947-09-22,7.2,4.0,12571000
1947-09-23,-9.8,18.0,1517602
1947-09-23,-16.6,110.0,1517702
1947-09-23,15.4,117.0,1517801
1947-09-24,19.3,3.0,1518102
1947-09-24,20.7,90.0,12580100
1947-09-25,19.2,62.0,1518202
1947-09-25,-11.2,24.0,1518301
1947-09-25,-28.0,40.0,1518401
1947-09-25,23.1,10.0,12580200
1947-09-25,-6.4,8.0,12580300
1947-09-26,-13.8,17.0,1518502
1947-09-26,-12.4,14.0,1518602
1947-09-26,-8.0,364.0,1518702
1947-09-27,-18.8,2.0,1517902
1947-09-27,18.5,11.0,12580400
1947-09-28,-12.6,23.0,1518005
1947-09-28,-11.9,319.0,1518802
1947-09-29,-19.9,171.0,1517301
1947-09-29,9.4,31.0,1518902
1947-09-30,10.3,13.0,1519001
1947-09-30,24.9,20.0,1519103
1947-09-30,20.1,116.0,1519202
1948-01-01,-6.8,62.0,1532401
1948-01-01,5.7,44.0,1532505
1948-01-01,-9.4,9.0,1532802
1948-01-01,28.0,11.0,1532902
1948-01-03,15.7,153.0,1532602
1948-01-04,-22.1,37.0,1531602
1948-01-04,-16.9,9.0,1532305
1948-01-04,-8.5,10.0,12610500
1948-01-05,-15.3,97.0,1531702
1948-01-05,9.0,293.0,1531802
1948-01-05,24.3,33.0,1532705
1948-01-05,-30.9,113.0,1533202
1948-01-06,-13.4,80.0,1531901
1948-01-06,-18.0,226.0,1532102
1948-01-06,14.2,8.0,1533302
1948-01-07,11.4,3.0,1533401
1948-01-07,-14.0,85.0,1533502
1948-01-08,11.6,21.0,1532202
1948-01-08,-9.7,7.0,12610600
1948-01-09,8.7,21.0,1533805
1948-01-10,13.4,41.0,1533102
1948-01-10,-19.8,60.0,1533705
1948-01-11,-16.3,7.0,12620100
1948-01-12,-11.0,8.0,1533602
1948-01-12,18.8,200.0,1534001
1948-01-12,-4.1,18.0,1534102
1948-01-12,-13.1,23.0,1534201
1948-01-12,-5.5,10.0,12620200
1948-01-13,-9.7,66.0,1534301
1948-01-14,-24.3,110.0,1534401
1948-01-14,17.2,17.0,1534502
1948-01-15,12.3,36.0,1534701
1948-01-16,-18.7,254.0,1533001
1948-01-16,-32.6,6.0,1534602
1948-01-16,-21.3,23.0,1534905
1948-01-18,-34.5,5.0,1535001
1948-01-18,-10.7,5.0,1535101
1948-01-18,26.6,7.0,1535202
1948-01-19,-9.1,61.0,1533902
1948-01-19,-26.8,66.0,1535402
1948-01-19,-24.4,20.0,12620300
1948-01-20,-6.9,20.0,1535601
1948-01-21,-19.1,158.0,1535702
1948-01-22,-14.5,30.0,1535802
1948-01-22,13.0,9.0,12620400
1948-01-25,-11.2,326.0,1534802
1948-01-25,-12.4,16.0,1536102
1948-01-25,21.8,6.0,12620500
1948-01-27,-19.4,68.0,1535901
1948-01-27,22.3,88.0,1536502
1948-01-29,-11.7,10.0,1536201
1948-01-29,8.2,9.0,1536405
1948-01-30,8.0,39.0,1536302
1948-01-30,-14.1,510.0,1536602
1948-02-01,-24.6,80.0,1535301
1948-02-01,-12.3,79.0,1535502
1948-02-01,-7.1,6.0,1536001
1948-02-01,-18.2,20.0,1536802
1948-02-01,-25.3,54.0,1536905
1948-02-01,11.9,58.0,1537001
1948-02-03,-8.0,112.0,1537102
1948-02-06,-9.7,15.0,1537205
1948-02-06,24.0,17.0,1537505
1948-02-06,8.3,51.0,1537601
1948-02-07,14.7,34.0,1537701
1948-02-08,-23.2,18.0,1536702
1948-02-10,17.8,149.0,1537901
1948-02-10,-18.7,27.0,1538005
1948-02-11,16.6,186.0,1537302
1948-02-13,8.7,29.0,1537802
1948-02-14,8.6,113.0,1538101
1948-02-15,-14.5,23.0,1537402
1948-02-15,7.8,10.0,1538505
1948-02-15,-11.9,29.0,1538601
1948-02-15,-20.2,12.0,12630100
1948-02-17,-7.2,69.0,1538801
1948-02-18,-18.8,18.0,1538202
1948-02-18,-9.2,29.0,1538905
1948-02-18,-13.7,81.0,1539001
1948-02-20,17.8,41.0,1539402
1948-02-20,21.3,14.0,12630200
1948-02-21,-4.5,18.0,1538302
1948-02-21,-20.4,11.0,12630300
1948-02-21,21.3,27.0,12630400
1948-02-22,22.9,1323.0,1538702
1948-02-23,-11.9,243.0,1538402
1948-02-23,22.5,67.0,1539102
1948-02-23,-8.6,264.0,1539601
1948-02-24,-16.4,24.0,1539505
1948-02-24,5.7,15.0,1539705
1948-02-25,-27.4,14.0,1539202
1948-02-25,16.0,159.0,1539901
1948-02-26,22.9,4.0,1539302
1948-02-26,-15.0,145.0,1540001
1948-02-26,10.7,9.0,12630500
1948-02-27,-24.0,8.0,1540202
1948-02-27,16.6,58.0,1540302
1948-02-28,-4.9,17.0,1540501
1948-02-28,-9.0,10.0,12630600
1948-03-03,-11.2,5.0,1540101
1948-03-04,12.5,3.0,1540601
1948-03-05,10.5,53.0,1540405
1948-03-06,-21.9,65.0,1539802
1948-03-06,-10.4,28.0,1541005
1948-03-06,-7.9,21.0,12640100
1948-03-07,12.8,32.0,1540702
1948-03-08,22.6,208.0,1541203
1948-03-08,-19.2,271.0,1541302
1948-03-09,4.8,85.0,1541401
1948-03-09,25.4,644.0,1541503
1948-03-11,-26.9,19.0,1541605
1948-03-12,-17.4,20.0,1540902
1948-03-12,-13.5,340.0,1541102
1948-03-12,-15.8,57.0,1541802
1948-03-12,-13.9,70.0,1541902
1948-03-13,6.4,15.0,1540802
1948-03-13,8.5,17.0,1542001
1948-03-15,-12.3,24.0,1542102
1948-03-15,-9.0,20.0,12640200
1948-03-16,26.1,9.0,12640300
1948-03-16,5.7,14.0,12640400
1948-03-18,-30.3,12.0,1542305
1948-03-20,-18.6,118.0,1541705
1948-03-20,-22.2,21.0,1542505
1948-03-21,-4.3,6.0,12640500
1948-03-21,14.6,22.0,12640600
1948-03-22,21.2,18.0,12640700
1948-03-22,-9.6,10.0,12640800
1948-03-23,-7.9,7.0,1542205
1948-03-24,-16.3,5.0,1542705
1948-03-24,14.1,51.0,1542902
1948-03-24,15.9,321.0,1543001
1948-03-24,12.1,6.0,12640900
1948-03-25,-22.6,9.0,1543102
1948-03-25,-17.0,6.0,1543205
1948-03-26,-14.0,118.0,1543302
1948-03-27,-5.7,14.0,1542401
1948-03-27,17.5,23.0,1542605
1948-03-27,17.4,33.0,1543602
1948-03-28,-14.7,52.0,1543405
1948-03-29,15.8,384.0,1544002
1948-03-30,-18.5,146.0,1543502
1948-03-30,-14.5,6.0,12641000
1948-03-30,-9.5,7.0,12641100
1948-04-01,-11.4,122.0,1544402
1948-04-02,-12.8,6.0,1544505
1948-04-03,-11.9,297.0,1544701
1948-04-04,9.1,501.0,1542802
1948-04-04,23.3,795.0,1544102
1948-04-04,-16.4,34.0,1544805
1948-04-05,-11.0,6.0,1543702
1948-04-05,13.8,215.0,1544901
1948-04-05,-9.4,62.0,1545002
1948-04-06,24.6,37.0,1544302
1948-04-06,23.6,131.0,1545101
1948-04-07,20.8,19.0,1543802
1948-04-07,-27.1,28.0,1545201
1948-04-07,-6.5,23.0,1545302
1948-04-07,8.8,50.0,1545402
1948-04-08,-7.4,10.0,1545502
1948-04-09,-17.9,697.0,1543902
1948-04-09,-6.8,460.0,1544202
1948-04-09,-10.3,115.0,1545602
1948-04-09,-21.3,58.0,1545702
1948-04-09,-18.5,73.0,1545802
1948-04-10,20.1,8.0,1545901
1948-04-10,8.7,30.0,1546001
1948-04-10,25.4,9.0,12650100
1948-04-11,14.7,88.0,1544602
1948-04-11,-4.6,18.0,1546205
1948-04-11,-23.5,128.0,1546402
1948-04-12,18.8,17.0,1546902
1948-04-13,-1.6,37.0,1546505
1948-04-13,-8.1,16.0,1547102
1948-04-14,10.7,216.0,1546605
1948-04-14,21.0,112.0,1547302
1948-04-14,-17.2,23.0,1547405
1948-04-14,-19.7,19.0,1547502
1948-04-15,-18.1,118.0,1547002
1948-04-15,25.7,31.0,1547205
1948-04-15,31.0,6.0,1547605
1948-04-15,26.6,194.0,1547702
1948-04-16,13.6,62.0,1546102
1948-04-16,5.6,9.0,1546702
1948-04-16,-11.1,233.0,1547902
1948-04-16,-9.0,90.0,1548002
1948-04-18,15.2,6.0,1548302
1948-04-19,15.6,13.0,1547802
1948-04-19,21.8,294.0,1548401
1948-04-19,22.6,727.0,1548503
1948-04-19,-11.3,9.0,12650200
1948-04-20,-12.9,688.0,1546802
1948-04-20,13.8,285.0,1548602
1948-04-20,16.7,3.0,12650300
1948-04-21,-22.6,6.0,12650400
1948-04-22,-26.1,79.0,1548102
1948-04-23,9.3,631.0,1546302
1948-04-23,-21.0,9.0,1548902
1948-04-23,-19.8,25.0,1549001
1948-04-23,8.2,25.0,1549102
1948-04-24,21.2,12.0,1548202
1948-04-24,10.5,297.0,1549202
1948-04-24,-6.0,146.0,1549301
1948-04-24,-17.8,383.0,1549401
1948-04-25,17.8,24.0,1549501
1948-04-26,32.6,16.0,1548802
1948-04-26,16.1,325.0,1549601
1948-04-27,-24.4,11.0,1549805
1948-04-29,-11.8,28.0,1548701
1948-04-29,-16.6,3.0,12660100
1948-04-29,-3.0,4.0,12660200
1948-05-03,-8.1,434.0,1550302
1948-05-03,7.7,16.0,12660300
1948-05-04,16.4,30.0,1550002
1948-05-04,26.9,150.0,1550105
1948-05-04,-6.6,115.0,1550502
1948-05-04,17.2,23.0,1550602
1948-05-04,-13.1,500.0,1550701
1948-05-04,-3.0,6.0,12660400
1948-05-04,-9.4,5.0,12660500
1948-05-05,-24.3,23.0,1549702
1948-05-05,23.1,10.0,1550405
1948-05-05,-14.1,49.0,1551202
1948-05-06,13.0,21.0,1550205
1948-05-06,14.3,10.0,1550801
1948-05-06,-22.9,1425.0,1551402
1948-05-08,9.4,399.0,1552002
1948-05-08,-9.5,20.0,12660600
1948-05-09,-16.3,165.0,1549902
1948-05-11,8.9,42.0,1550902
1948-05-11,-18.1,162.0,1552202
1948-05-11,-14.8,11.0,12660700
1948-05-13,10.4,260.0,1551003
1948-05-13,6.7,29.0,1552305
1948-05-13,-13.6,28.0,1552402
1948-05-13,-22.1,12.0,12660800
1948-05-13,10.1,13.0,12660900
1948-05-15,15.1,277.0,1551102
1948-05-15,-3.7,131.0,1551702
1948-05-16,-21.1,33.0,1551602
1948-05-16,14.6,12.0,1552705
1948-05-17,16.0,507.0,1551302
1948-05-18,-17.9,43.0,1552605
1948-05-18,18.8,20.0,1553005
1948-05-19,-27.8,152.0,1551501
1948-05-19,-20.1,113.0,1551801
1948-05-19,-7.3,59.0,1553202
1948-05-20,6.4,133.0,1551902
1948-05-22,-11.4,374.0,1552102
1948-05-22,-2.6,45.0,1552802
1948-05-22,-16.3,102.0,1553403
1948-05-22,24.2,37.0,1553501
1948-05-22,-22.4,8.0,12661000
1948-05-23,-8.2,19.0,1553701
1948-05-24,-9.9,4.0,1552502
1948-05-24,14.4,56.0,1553802
1948-05-24,-18.2,188.0,1553901
1948-05-25,-14.1,122.0,1553102
1948-05-25,24.8,379.0,1554001
1948-05-25,14.6,30.0,12661100
1948-05-25,16.1,13.0,12661200
1948-05-25,28.9,12.0,12661300
1948-05-26,10.3,614.0,1554202
1948-05-28,-15.8,21.0,1554301
1948-05-28,26.0,52.0,12670100
1948-05-29,11.1,101.0,1553302
1948-05-30,23.7,254.0,1552901
1948-05-30,15.5,51.0,1554502
1948-05-30,-10.0,224.0,1554601
1948-05-31,-7.3,73.0,1554402
1948-05-31,17.7,21.0,1554705
1948-05-31,13.1,103.0,1554801
1948-06-01,-5.2,3.0,1554905
1948-06-02,12.2,47.0,1555005
1948-06-03,-4.2,15.0,1553601
1948-06-03,-24.8,455.0,1555102
1948-06-03,12.6,70.0,1555201
1948-06-04,-28.5,69.0,1555502
1948-06-04,8.6,58.0,1555601
1948-06-05,-13.1,238.0,1554101
1948-06-05,-17.9,8.0,1555301
1948-06-05,-24.3,9.0,1555702
1948-06-05,-12.7,20.0,1555901
1948-06-05,16.5,22.0,1556001
1948-06-07,-18.3,325.0,1556302
1948-06-08,8.6,8.0,1555402
1948-06-08,-12.7,21.0,1556201
1948-06-09,-10.0,42.0,1556403
1948-06-09,-14.2,156.0,1556601
1948-06-12,-14.6,27.0,1555802
1948-06-12,11.4,18.0,1556803
1948-06-14,-4.5,12.0,1556902
1948-06-14,23.1,123.0,1557202
1948-06-17,-14.1,124.0,1556103
1948-06-17,14.4,78.0,1556703
1948-06-17,29.7,35.0,1557601
1948-06-18,-18.8,88.0,1557505
1948-06-19,-3.5,113.0,1556502
1948-06-19,12.1,460.0,1557705
1948-06-19,-15.0,683.0,1557802
1948-06-20,-17.9,282.0,1557902
1948-06-21,12.4,330.0,1557302
1948-06-21,23.1,46.0,1558002
1948-06-21,25.0,12.0,1558101
1948-06-22,25.1,115.0,1558301
1948-06-22,10.8,33.0,1558402
1948-06-23,15.1,139.0,1557002
1948-06-23,-8.5,22.0,1558601
1948-06-23,12.2,491.0,1558702
1948-06-24,15.0,148.0,1557102
1948-06-24,9.4,175.0,1557402
1948-06-26,-6.1,156.0,1558202
1948-06-26,-15.8,14.0,1558905
1948-06-28,5.4,16.0,1559201
1948-06-28,-14.2,202.0,1559302
1948-06-28,-17.0,14.0,12680100
1948-06-29,10.8,18.0,12680200
1948-07-01,13.8,190.0,1558502
1948-07-01,-2.5,10.0,1558802
1948-07-02,28.2,7.0,12680300
1948-07-03,19.6,36.0,1559102
1948-07-03,15.2,67.0,1559602
1948-07-03,-13.4,207.0,1559701
1948-07-04,13.0,24.0,1559502
1948-07-04,-9.2,30.0,1559805
1948-07-04,12.1,73.0,1559901
1948-07-05,-5.5,12.0,1560005
1948-07-05,-17.9,165.0,1560101
1948-07-05,10.8,304.0,1560201
1948-07-05,-4.0,15.0,1560305
1948-07-07,7.5,134.0,1559002
1948-07-07,13.6,35.0,1560603
1948-07-08,-6.8,26.0,1559402
1948-07-08,-8.2,24.0,1560405
1948-07-09,15.7,30.0,1560701
1948-07-09,11.0,104.0,1560802
1948-07-10,-2.6,45.0,1560901
1948-07-11,-7.8,164.0,1561001
1948-07-12,-13.4,8.0,12680400
1948-07-14,-5.5,6.0,1561201
1948-07-14,-12.5,6.0,12680500
1948-07-16,-24.0,95.0,1561501
1948-07-17,15.1,129.0,1560502
1948-07-17,-4.8,130.0,1561602
1948-07-17,17.0,19.0,12680600
1948-07-17,26.7,5.0,12680700
1948-07-19,17.2,46.0,1561401
1948-07-20,13.2,20.0,1561302
1948-07-21,6.8,237.0,1562001
1948-07-22,11.8,356.0,1561103
1948-07-22,-15.0,44.0,1562105
1948-07-24,13.8,75.0,1562302
1948-07-25,10.7,7.0,1562602
1948-07-25,15.9,76.0,1562702
1948-07-26,-11.9,256.0,1561702
1948-07-26,-19.0,16.0,1563205
1948-07-26,-16.2,14.0,1563301
1948-07-27,-26.1,12.0,1562202
1948-07-27,6.1,43.0,1562402
1948-07-27,13.0,27.0,1562802
1948-07-27,-6.9,4.0,1563002
1948-07-28,18.1,33.0,1562905
1948-07-28,18.6,6.0,1563405
1948-07-30,-4.0,51.0,1563902
1948-07-30,-30.7,53.0,1564002
1948-07-31,7.6,148.0,1561801
1948-07-31,16.1,93.0,1563102
1948-07-31,-11.7,74.0,1564201
1948-08-01,-18.4,62.0,1562502
1948-08-01,9.9,12.0,1563502
1948-08-01,-10.1,823.0,1564302
1948-08-02,12.1,261.0,1561902
1948-08-02,0.1,15.0,1564401
1948-08-02,15.0,94.0,1564502
1948-08-04,20.1,73.0,1563702
1948-08-04,-9.0,47.0,1564702
1948-08-04,11.8,26.0,1564801
1948-08-05,-10.0,71.0,1563601
1948-08-06,9.5,212.0,1564901
1948-08-07,-13.1,46.0,1564102
1948-08-09,-8.9,656.0,1563802
1948-08-11,-13.3,29.0,1565201
1948-08-11,12.5,6.0,12690100
1948-08-12,-3.2,79.0,1565402
1948-08-13,-23.5,6.0,12690200
1948-08-14,-13.3,50.0,1565305
1948-08-14,-10.1,53.0,1565701
1948-08-14,16.2,28.0,1565802
1948-08-15,-18.6,104.0,1564603
1948-08-15,8.0,31.0,1566001
1948-08-15,19.0,298.0,1566102
1948-08-16,-18.0,43.0,1566301
1948-08-16,14.0,63.0,1566402
1948-08-17,-3.8,81.0,1565902
1948-08-17,-22.2,142.0,1566601
1948-08-19,-16.2,24.0,1565002
1948-08-19,-23.8,7.0,1565602
1948-08-20,-2.8,5.0,12700100
1948-08-21,-12.4,90.0,1565101
1948-08-22,-23.6,43.0,1566802
1948-08-22,-10.0,20.0,1567101
1948-08-22,16.3,7.0,12700200
1948-08-23,-12.5,4.0,1567201
1948-08-23,11.6,1.0,1567302
1948-08-24,14.4,205.0,1565502
1948-08-25,-20.0,40.0,1567602
1948-08-25,14.5,20.0,12700300
1948-08-25,-11.9,9.0,12700400
1948-08-27,-8.6,25.0,1566201
1948-08-27,-10.9,14.0,1567705
1948-08-27,-10.2,34.0,12700500
1948-08-27,-7.5,31.0,12700600
1948-08-27,-0.4,2.0,12700700
1948-08-28,5.6,81.0,1566502
1948-08-29,12.9,161.0,1566702
1948-08-29,-13.0,52.0,1567902
1948-08-29,-12.4,419.0,1568003
1948-08-30,11.3,6.0,12700800
1948-08-30,14.6,3.0,12700900
1948-08-31,18.8,256.0,1566901
1948-08-31,-6.7,9.0,1568201
1948-09-01,-19.1,275.0,1567002
1948-09-01,23.3,151.0,1567402
1948-09-02,-15.7,52.0,1567802
1948-09-02,8.7,25.0,1568405
1948-09-03,10.9,24.0,1568302
1948-09-05,-9.1,69.0,1567501
1948-09-07,-17.1,16.0,12701000
1948-09-08,16.1,192.0,1568502
1948-09-08,-6.5,50.0,1568602
1948-09-08,-21.9,94.0,1568702
1948-09-08,15.4,116.0,1568801
1948-09-08,-8.6,29.0,12701100
1948-09-09,18.5,77.0,1568102
1948-09-09,-15.7,81.0,1569002
1948-09-09,-16.9,6.0,12701200
1948-09-11,-3.3,92.0,1569202
1948-09-12,-15.5,4.0,1569302
1948-09-12,14.9,8.0,1569405
1948-09-13,-6.9,27.0,1569602
1948-09-13,14.5,66.0,1569702
1948-09-15,8.5,108.0,1568902
1948-09-15,17.1,9.0,1570105
1948-09-15,17.0,35.0,12710100
1948-09-16,4.2,5.0,1570405
1948-09-16,23.3,20.0,1570501
1948-09-16,-8.5,249.0,1570602
1948-09-16,-5.3,107.0,1570702
1948-09-16,8.8,39.0,12710200
1948-09-19,-22.8,8.0,1569902
1948-09-19,-24.5,10.0,1570302
1948-09-19,16.1,30.0,12710300
1948-09-20,12.9,34.0,1571305
1948-09-21,-26.4,203.0,1569102
1948-09-21,16.0,17.0,1570902
1948-09-21,-12.7,59.0,1571501
1948-09-22,-23.3,16.0,1571401
1948-09-22,11.8,250.0,1571803
1948-09-23,-4.0,24.0,1571102
1948-09-24,-9.8,275.0,1569502
1948-09-24,23.6,9.0,1571002
1948-09-24,23.1,8.0,1571605
1948-09-24,-4.0,9.0,1572005
1948-09-24,-7.8,132.0,1572101
1948-09-24,-21.0,281.0,1572201
1948-09-25,-6.3,24.0,1569802
1948-09-25,-11.7,34.0,1570002
1948-09-25,-8.3,5.0,1572305
1948-09-25,-30.9,10.0,1572401
1948-09-26,15.9,29.0,1570203
1948-09-28,3.4,24.0,1570802
1948-09-28,9.1,188.0,1571202
1948-09-28,-10.7,49.0,1571702
1948-09-28,8.0,73.0,1572701
1948-09-28,-12.1,61.0,12710400
1948-09-30,-11.9,31.0,1571902
1948-09-30,-17.4,7.0,1572505
1948-09-30,-13.7,247.0,1572602
1948-09-30,23.2,8.0,1572802
1948-09-30,13.4,58.0,1572901
1948-09-30,7.7,34.0,1573002
1948-09-30,-13.5,12.0,12710500
1949-01-01,26.1,89.0,1583401
1949-01-01,26.9,10.0,1584201
1949-01-01,9.5,15.0,1584401
1949-01-01,-7.7,65.0,1585105
1949-01-01,11.6,24.0,12750100
1949-01-02,-10.4,13.0,1585005
1949-01-03,4.9,19.0,1585302
1949-01-04,-16.9,207.0,1583801
1949-01-05,-5.6,66.0,1584102
1949-01-05,9.5,178.0,1584302
1949-01-05,-7.4,82.0,1585501
1949-01-05,31.5,6.0,12750200
1949-01-06,-17.5,75.0,1585601
1949-01-07,-12.3,27.0,1584901
1949-01-07,7.4,4.0,12750300
1949-01-08,10.4,62.0,1584601
1949-01-08,-11.4,93.0,1585802
1949-01-09,-13.6,54.0,1585905
1949-01-09,-5.3,35.0,12750400
1949-01-10,-6.0,5.0,12750500
1949-01-11,11.5,18.0,1586005
1949-01-13,23.9,24.0,1586302
1949-01-13,16.6,17.0,1586405
1949-01-13,17.4,27.0,12750600
1949-01-14,-6.8,69.0,1585201
1949-01-14,-16.0,78.0,1585702
1949-01-14,-7.8,128.0,1586601
1949-01-15,13.7,47.0,1586902
1949-01-16,-10.0,53.0,1585402
1949-01-16,-4.4,11.0,1586205
1949-01-16,22.2,1207.0,1587102
1949-01-17,16.1,41.0,1587305
1949-01-18,-11.8,13.0,1586705
1949-01-18,-11.6,23.0,1587405
1949-01-18,15.1,271.0,1587505
1949-01-19,-13.5,7.0,1587005
1949-01-19,-19.4,4.0,1587605
1949-01-19,-13.7,37.0,1587705
1949-01-19,-5.1,5.0,1587805
1949-01-22,13.1,117.0,1586102
1949-01-22,-16.0,191.0,1586802
1949-01-22,-9.8,5.0,1587905
1949-01-23,-17.1,39.0,1587202
1949-01-25,-11.1,21.0,1588205
1949-01-25,21.9,22.0,1588305
1949-01-25,16.2,10.0,1588405
1949-01-25,-3.4,340.0,1588501
1949-01-26,-11.6,246.0,1586502
1949-01-26,-11.2,19.0,1588605
1949-01-28,15.2,184.0,1588005
1949-01-28,-12.1,9.0,1588105
1949-01-29,-2.4,8.0,1589005
1949-01-30,4.6,790.0,1589102
1949-01-31,21.8,108.0,1588302
1949-02-01,9.1,47.0,1589501
1949-02-01,26.7,34.0,12760100
1949-02-01,-15.7,4.0,12760200
1949-02-02,6.4,21.0,1589605
1949-02-03,-9.7,27.0,1588902
1949-02-03,25.5,23.0,1589302
1949-02-03,19.4,6.0,1589705
1949-02-03,-2.2,233.0,1589902
1949-02-05,-3.8,51.0,1589402
1949-02-05,16.7,68.0,1590101
1949-02-06,10.7,108.0,1588801
1949-02-07,12.4,17.0,1590502
1949-02-07,-15.1,152.0,1590601
1949-02-08,-6.3,32.0,1588702
1949-02-08,-14.8,46.0,1590701
1949-02-08,-18.6,17.0,12760300
1949-02-09,18.8,4.0,1590905
1949-02-10,-12.4,96.0,1590002
1949-02-10,23.8,16.0,1590402
1949-02-10,-6.1,54.0,1591205
1949-02-10,14.5,37.0,1591302
1949-02-12,-10.0,80.0,1589202
1949-02-12,-9.2,49.0,1591501
1949-02-13,-18.8,31.0,12760400
1949-02-14,13.7,21.0,1589802
1949-02-14,-10.9,498.0,1590202
1949-02-14,-15.2,2.0,1591801
1949-02-14,14.8,16.0,1591902
1949-02-14,-16.7,232.0,1592002
1949-02-14,13.8,3.0,12760500
1949-02-15,15.5,83.0,1592201
1949-02-16,5.8,53.0,1591002
1949-02-16,14.7,10.0,1591102
1949-02-17,4.1,49.0,1591602
1949-02-17,-8.2,4.0,1592102
1949-02-18,-13.8,110.0,1590302
1949-02-18,-24.3,45.0,1592402
1949-02-18,12.9,27.0,1592502
1949-02-18,28.8,15.0,1592601
1949-02-18,9.4,6.0,12760600
1949-02-19,8.6,241.0,1592901
1949-02-20,-15.1,217.0,1590802
1949-02-20,-14.4,19.0,1592302
1949-02-20,12.7,90.0,1592705
1949-02-21,-19.6,20.0,1593102
1949-02-22,8.7,80.0,1593202
1949-02-23,-15.0,207.0,1591402
1949-02-24,19.5,189.0,1593002
1949-02-24,10.7,19.0,1593301
1949-02-25,21.2,1004.0,1591701
1949-02-25,19.2,18.0,1592802
1949-02-26,-6.5,469.0,1593501
1949-02-26,8.4,420.0,1593601
1949-02-28,23.1,7.0,12770100
1949-03-01,6.4,42.0,1594105
1949-03-01,-11.4,62.0,1594201
1949-03-02,20.2,5.0,1593705
1949-03-05,12.7,1174.0,1593402
1949-03-05,-8.5,8.0,1594501
1949-03-05,-14.1,14.0,1594602
1949-03-06,5.6,4.0,12770200
1949-03-06,-9.8,12.0,12770300
1949-03-07,4.5,11.0,1594702
1949-03-07,15.1,403.0,1594801
1949-03-07,-17.6,175.0,1594901
1949-03-09,-8.9,7.0,1593802
1949-03-09,3.8,404.0,1593902
1949-03-09,18.0,30.0,1595302
1949-03-09,-10.0,460.0,1595401
1949-03-09,4.7,20.0,12770400
1949-03-09,16.0,2.0,12770500
1949-03-09,-29.8,18.0,12770600
1949-03-10,6.7,494.0,1595501
1949-03-11,8.7,45.0,1595002
1949-03-11,12.2,9.0,1595705
1949-03-12,-16.4,117.0,1594002
1949-03-12,-9.6,229.0,1595202
1949-03-12,19.4,54.0,1595805
1949-03-12,-13.1,51.0,12770700
1949-03-13,-16.4,7.0,1595602
1949-03-13,-10.1,24.0,1596001
1949-03-13,9.3,7.0,12770800
1949-03-14,15.0,298.0,1594302
1949-03-14,-16.7,286.0,1596401
1949-03-14,-21.9,359.0,1596501
1949-03-14,-10.4,6.0,12770900
1949-03-15,20.4,145.0,1594402
1949-03-16,-7.7,5.0,1595901
1949-03-16,-27.6,10.0,12771000
1949-03-17,-11.5,207.0,1595102
1949-03-18,-16.9,35.0,1596801
1949-03-18,11.4,33.0,12771100
1949-03-18,12.3,15.0,12771200
1949-03-19,-7.5,71.0,1597001
1949-03-19,17.0,14.0,12771300
1949-03-19,25.0,6.0,12771400
1949-03-20,-9.0,314.0,1596602
1949-03-20,12.5,324.0,1597401
1949-03-21,-12.8,290.0,1596302
1949-03-21,16.6,32.0,1597105
1949-03-22,14.8,23.0,1597202
1949-03-22,23.0,16.0,12771500
1949-03-23,-21.0,10.0,1597501
1949-03-23,-7.8,27.0,1597705
1949-03-24,-6.4,477.0,1596102
1949-03-24,11.4,118.0,1597302
1949-03-24,1.8,310.0,1597901
1949-03-25,22.5,1131.0,1596201
1949-03-25,18.5,45.0,1596702
1949-03-25,8.0,4.0,1598001
1949-03-26,3.7,20.0,1598202
1949-03-26,-7.5,69.0,1598301
1949-03-27,26.2,31.0,1598402
1949-03-27,14.5,25.0,1598502
1949-03-28,-22.5,112.0,1596905
1949-03-28,15.1,144.0,1598601
1949-03-28,-14.3,242.0,1598701
1949-03-29,11.1,145.0,1598902
1949-03-30,1.3,10.0,12780100
1949-04-01,-9.4,237.0,1599301
1949-04-02,9.4,168.0,1597601
1949-04-02,5.6,49.0,1598105
1949-04-02,13.7,26.0,1599502
1949-04-02,12.0,249.0,1599601
1949-04-04,4.3,43.0,1599401
1949-04-04,23.5,21.0,1599901
1949-04-04,-17.6,19.0,1600001
1949-04-05,-6.9,189.0,1597802
1949-04-05,-15.1,177.0,1598802
1949-04-05,-10.5,79.0,1599705
1949-04-06,7.1,271.0,1600101
1949-04-06,-7.7,9.0,12780200
1949-04-08,-3.0,85.0,1600301
1949-04-09,-6.9,39.0,1600505
1949-04-10,10.5,220.0,1599002
1949-04-10,13.9,713.0,1599102
1949-04-10,-24.1,301.0,1599802
1949-04-10,23.0,630.0,1600602
1949-04-11,9.3,15.0,1600702
1949-04-11,-18.2,388.0,1600801
1949-04-12,10.0,8.0,1599205
1949-04-13,23.0,13.0,12780300
1949-04-13,20.2,2.0,12780400
1949-04-14,-20.1,9.0,12780500
1949-04-14,-3.4,19.0,12780600
1949-04-14,21.0,13.0,12780700
1949-04-15,-13.0,10.0,1600402
1949-04-15,16.8,10.0,1601105
1949-04-15,9.6,15.0,12780800
1949-04-16,-17.5,30.0,1601302
1949-04-17,-8.5,164.0,1600202
1949-04-17,6.1,53.0,1601502
1949-04-17,8.6,147.0,1601602
1949-04-17,-11.2,11.0,12780900
1949-04-18,30.1,7.0,1601201
1949-04-18,-13.2,7.0,12781000
1949-04-19,10.1,83.0,1601401
1949-04-19,15.0,149.0,1601802
1949-04-21,-13.5,20.0,1601902
1949-04-21,11.2,19.0,1602101
1949-04-21,1.7,15.0,1602201
1949-04-23,23.0,61.0,1600902
1949-04-23,25.6,50.0,1602002
1949-04-23,9.9,118.0,1602501
1949-04-24,-21.9,378.0,1601001
1949-04-24,-10.0,21.0,1602302
1949-04-24,-12.9,16.0,1602402
1949-04-24,-15.1,10.0,1602605
1949-04-24,19.3,100.0,1602801
1949-04-25,-23.3,249.0,1603001
1949-04-26,21.2,8.0,1603101
1949-04-29,-9.6,17.0,1603201
1949-04-30,-14.6,32.0,1602902
1949-04-30,3.7,14.0,12790100
1949-05-01,-10.7,216.0,1601702
1949-05-01,-5.0,11.0,1603805
1949-05-02,-7.1,20.0,1603402
1949-05-02,13.2,13.0,1603902
1949-05-03,-5.5,222.0,1602702
1949-05-04,21.0,54.0,1604002
1949-05-04,6.8,63.0,1604101
1949-05-05,-16.6,626.0,1604202
1949-05-06,-10.6,16.0,1604301
1949-05-07,17.3,15.0,1603502
1949-05-07,11.2,133.0,1603602
1949-05-08,16.1,18.0,1604605
1949-05-11,18.2,199.0,1603301
1949-05-11,6.6,484.0,1603702
1949-05-11,-23.1,20.0,12790200
1949-05-12,-4.8,23.0,1604402
1949-05-12,-14.5,152.0,1604502
1949-05-12,-16.1,36.0,1604702
1949-05-12,-3.6,199.0,1604801
1949-05-13,24.7,134.0,1604905
1949-05-13,-13.8,52.0,12790300
1949-05-16,8.6,7.0,1605005
1949-05-16,-10.6,192.0,1605203
1949-05-17,-6.8,8.0,1605505
1949-05-17,-24.0,158.0,1605601
1949-05-18,19.0,23.0,1605305
1949-05-21,-13.3,29.0,1605702
1949-05-23,24.5,155.0,1605402
1949-05-23,10.8,17.0,1606202
1949-05-23,16.6,166.0,1606302
1949-05-23,26.0,24.0,12800100
1949-05-24,4.4,24.0,1605102
1949-05-24,-0.4,15.0,12800200
1949-05-25,-7.2,13.0,1605502
1949-05-25,-9.8,9.0,1605805
1949-05-26,14.6,35.0,1606502
1949-05-26,29.4,7.0,1606702
1949-05-26,13.9,21.0,1606802
1949-05-27,-1.1,40.0,1605902
1949-05-27,22.4,186.0,1607001
1949-05-28,-11.2,12.0,1606002
1949-05-28,26.8,9.0,1606402
1949-05-29,-13.1,16.0,1606005
1949-05-29,4.4,15.0,1606102
1949-05-31,21.1,21.0,12800300
1949-06-01,-15.6,96.0,1607401
1949-06-04,-4.6,20.0,1606602
1949-06-04,17.8,21.0,1607705
1949-06-04,-19.6,3.0,12800400
1949-06-05,13.7,9.0,12800500
1949-06-06,3.3,695.0,1606902
1949-06-06,-13.6,34.0,1607102
1949-06-06,22.0,4.0,1607505
1949-06-06,6.4,11.0,1607801
1949-06-08,-3.3,92.0,1607602
1949-06-08,-18.8,54.0,1607902
1949-06-08,-3.7,39.0,1608005
1949-06-09,14.7,141.0,1607202
1949-06-10,-3.2,589.0,1608303
1949-06-11,12.8,566.0,1607302
1949-06-11,-8.2,15.0,1608402
1949-06-11,17.9,10.0,12800600
1949-06-13,-4.4,6.0,1608702
1949-06-13,-5.3,17.0,1609002
1949-06-14,16.3,301.0,1608102
1949-06-15,-10.8,16.0,12810100
1949-06-16,-5.6,16.0,1608602
1949-06-16,-16.6,10.0,1608901
1949-06-16,21.9,187.0,1609101
1949-06-16,26.7,17.0,12810200
1949-06-16,19.3,10.0,12810300
1949-06-17,12.8,15.0,1608802
1949-06-18,14.2,16.0,1609201
1949-06-18,17.5,15.0,1609302
1949-06-18,-6.2,228.0,1609401
1949-06-20,19.9,59.0,1608501
1949-06-20,12.3,18.0,1609601
1949-06-20,6.3,18.0,12810400
1949-06-21,10.0,73.0,1609702
1949-06-22,-14.8,239.0,1608202
1949-06-22,-7.1,571.0,1609902
1949-06-23,16.9,21.0,1610005
1949-06-23,-4.0,120.0,1610102
1949-06-23,16.9,53.0,12810500
1949-06-24,11.7,155.0,1610301
1949-06-24,4.5,4.0,12810600
1949-06-26,14.7,7.0,1610002
1949-06-26,14.8,186.0,1610402
1949-06-27,13.8,2.0,12810700
1949-06-28,13.3,118.0,1610802
1949-06-28,11.8,43.0,1610902
1949-06-28,-20.5,200.0,1611001
1949-06-28,-15.0,70.0,1611105
1949-06-29,-5.5,12.0,1611201
1949-06-30,17.5,144.0,1610502
1949-06-30,15.2,420.0,1610602
1949-06-30,-30.4,6.0,1611301
1949-06-30,-13.2,6.0,12810800
1949-07-01,11.7,14.0,1610202
1949-07-01,16.5,8.0,1611405
1949-07-01,9.3,19.0,12810900
1949-07-02,6.0,86.0,1609501
1949-07-03,3.9,356.0,1609801
1949-07-03,-12.9,302.0,1610702
1949-07-03,26.6,2.0,12811000
1949-07-03,14.5,1.0,12811100
1949-07-04,11.8,107.0,1611505
1949-07-05,-33.3,7.0,1611802
1949-07-05,-24.0,110.0,1611902
1949-07-06,14.2,15.0,1611705
1949-07-06,8.1,4.0,1612105
1949-07-06,-17.9,99.0,1612201
1949-07-07,-25.7,33.0,1611602
1949-07-07,-14.2,233.0,1612301
1949-07-10,-16.9,314.0,1612002
1949-07-12,22.8,8.0,1612501
1949-07-14,-6.8,250.0,1612905
1949-07-14,14.8,169.0,1613001
1949-07-15,-26.8,108.0,1613101
1949-07-15,10.8,230.0,1613201
1949-07-16,-4.5,8.0,1612701
1949-07-16,18.4,16.0,1613302
1949-07-16,-23.3,8.0,12820100
1949-07-18,6.7,28.0,1613401
1949-07-18,-25.6,62.0,1613502
1949-07-18,2.3,17.0,1613605
1949-07-18,14.0,58.0,1613701
1949-07-19,-4.1,13.0,1612605
1949-07-19,-5.6,318.0,1613901
1949-07-20,14.7,17.0,1612802
1949-07-20,-18.1,3.0,12820200
1949-07-21,18.3,264.0,1612402
1949-07-22,12.5,191.0,1614002
1949-07-22,12.0,43.0,1614302
1949-07-23,14.8,9.0,12820300
1949-07-24,18.1,49.0,1614501
1949-07-24,-11.8,27.0,1614602
1949-07-25,-4.8,20.0,1614405
1949-07-25,21.8,21.0,1614701
1949-07-25,5.6,15.0,12820400
1949-07-26,15.6,12.0,12820500
1949-07-27,16.9,58.0,1614102
1949-07-27,-5.3,26.0,1614205
1949-07-27,-22.0,161.0,1614903
1949-07-28,13.2,680.0,1613802
1949-07-28,15.1,139.0,1615002
1949-07-29,-16.0,22.0,1615105
1949-07-29,-4.0,19.0,1615202
1949-07-29,-22.2,35.0,1615305
1949-08-01,-9.9,31.0,1615505
1949-08-02,12.4,36.0,12820600
1949-08-03,16.1,6.0,12820700
1949-08-03,16.1,7.0,12820800
1949-08-04,13.0,47.0,1615402
1949-08-04,-14.1,39.0,1615805
1949-08-05,-5.6,6.0,1615901
1949-08-05,18.2,332.0,1616001
1949-08-06,15.3,15.0,1615605
1949-08-07,-19.6,624.0,1614803
1949-08-09,13.1,73.0,1616105
1949-08-09,13.8,9.0,12830100
1949-08-09,14.5,22.0,12830200
1949-08-10,7.6,24.0,1615702
1949-08-12,-23.3,7.0,1616305
1949-08-12,12.9,240.0,1616505
1949-08-12,-21.3,30.0,12830300
1949-08-13,11.9,13.0,1616802
1949-08-14,11.1,103.0,1617002
1949-08-15,-10.3,107.0,1616402
1949-08-15,-5.0,118.0,1617201
1949-08-15,-15.7,9.0,12830400
1949-08-16,12.3,14.0,1616602
1949-08-17,11.1,64.0,1617405
1949-08-18,17.8,26.0,12830500
1949-08-19,13.7,2.0,1616702
1949-08-20,8.3,36.0,1616202
1949-08-20,-11.5,43.0,1617901
1949-08-20,2.3,6.0,12830600
1949-08-21,16.5,165.0,1618201
1949-08-22,-4.6,128.0,1617302
1949-08-22,-19.9,118.0,1618402
1949-08-22,-17.0,53.0,1618502
1949-08-22,11.9,9.0,12830700
1949-08-22,-17.0,16.0,12830800
1949-08-24,-15.4,14.0,1617702
1949-08-24,7.2,84.0,1618002
1949-08-25,12.8,58.0,1616903
1949-08-26,10.4,314.0,1617102
1949-08-26,15.0,15.0,1618702
1949-08-26,8.5,79.0,1618802
1949-08-26,11.4,189.0,1618902
1949-08-27,-14.1,3.0,1618302
1949-08-28,-22.4,21.0,1618605
1949-08-28,-20.1,38.0,1619002
1949-08-29,9.8,443.0,1617501
1949-08-30,14.7,597.0,1617803
1949-08-30,-11.2,81.0,1619202
1949-08-30,9.1,667.0,1619302
1949-08-31,19.9,220.0,1617605
1949-08-31,-4.6,15.0,1619402
1949-08-31,-19.3,34.0,1619502
1949-08-31,13.1,141.0,1619602
1949-08-31,-12.7,16.0,12830900
1949-09-01,19.9,79.0,1619801
1949-09-02,-15.6,559.0,1618101
1949-09-02,24.3,68.0,1619901
1949-09-03,-13.4,312.0,1620102
1949-09-04,8.2,19.0,1619705
1949-09-04,-22.3,41.0,1620202
1949-09-05,-6.7,256.0,1619102
1949-09-05,-8.2,22.0,1620305
1949-09-05,8.3,15.0,1620402
1949-09-06,27.9,11.0,1620501
1949-09-08,12.5,56.0,1620705
1949-09-09,14.0,135.0,1620802
1949-09-10,-8.3,113.0,1620001
1949-09-10,9.8,5.0,1620905
1949-09-10,-9.0,5.0,12840100
1949-09-11,16.4,433.0,1621201
1949-09-13,10.2,111.0,1621301
1949-09-13,16.6,13.0,12840200
1949-09-14,19.2,18.0,1621102
1949-09-15,6.1,18.0,1621602
1949-09-16,28.9,17.0,1621701
1949-09-16,13.0,147.0,1621801
1949-09-17,19.0,5.0,1621901
1949-09-17,-19.1,29.0,12840300
1949-09-18,-23.8,114.0,1620601
1949-09-19,11.4,7.0,1621405
1949-09-19,7.8,130.0,1622202
1949-09-20,11.2,21.0,1622105
1949-09-20,-6.9,346.0,1622402
1949-09-22,-28.4,20.0,1622502
1949-09-22,14.7,11.0,12840400
1949-09-23,-14.1,604.0,1621003
1949-09-23,-15.0,29.0,1622605
1949-09-25,-9.0,10.0,1622302
1949-09-25,-23.5,6.0,12840500
1949-09-26,-12.5,295.0,1621502
1949-09-26,11.8,23.0,1622801
1949-09-27,11.4,164.0,1622702
1949-09-27,9.7,10.0,12840600
1949-09-28,-9.4,15.0,1622901
1949-09-29,-14.8,18.0,1622003
1949-09-30,-14.9,362.0,1623004
1950-01-01,9.0,8.0,1636205
1950-01-01,16.6,3.0,12880300
1950-01-02,10.8,299.0,1635402
1950-01-02,10.5,7.0,12880400
1950-01-03,-13.4,125.0,1636301
1950-01-05,23.2,98.0,1635501
1950-01-05,19.6,15.0,1636505
1950-01-06,21.5,299.0,1635802
1950-01-07,3.6,12.0,1635901
1950-01-07,11.5,30.0,1636402
1950-01-07,-3.8,36.0,1636801
1950-01-08,5.1,73.0,1636101
1950-01-11,7.2,29.0,1637002
1950-01-12,-12.0,9.0,1637302
1950-01-13,20.4,12.0,1637105
1950-01-14,12.2,708.0,1636902
1950-01-15,13.1,195.0,1636602
1950-01-15,6.8,83.0,1637601
1950-01-16,10.8,21.0,1636702
1950-01-16,19.8,16.0,1637901
1950-01-17,10.1,315.0,1638001
1950-01-19,8.3,8.0,1637202
1950-01-19,14.3,15.0,1638105
1950-01-19,8.3,163.0,1638202
1950-01-19,10.7,171.0,1638302
1950-01-20,3.8,25.0,1638502
1950-01-21,14.4,394.0,1637702
1950-01-22,8.7,156.0,1638702
1950-01-23,15.3,364.0,1637502
1950-01-23,16.2,74.0,1638805
1950-01-24,13.4,158.0,1639001
1950-01-24,2.7,23.0,1639101
1950-01-24,4.9,29.0,1639201
1950-01-24,6.8,10.0,1639301
1950-01-24,27.5,8.0,12890100
1950-01-24,-8.2,11.0,12890200
1950-01-25,15.8,454.0,1637802
1950-01-25,20.1,10.0,1639405
1950-01-25,-13.7,17.0,1639505
1950-01-26,-8.3,329.0,1637401
1950-01-27,-12.4,58.0,1638402
1950-01-27,15.5,37.0,1638902
1950-01-27,23.1,5.0,12890300
1950-01-29,-17.1,8.0,1639701
1950-01-29,9.1,13.0,12890400
1950-01-30,-12.7,5.0,1639602
1950-01-30,12.7,18.0,1639801
1950-01-30,20.6,8.0,12890500
1950-02-02,19.1,102.0,1638602
1950-02-03,12.7,36.0,1639905
1950-02-04,22.6,31.0,1640005
1950-02-04,15.1,5.0,12890600
1950-02-10,-8.3,167.0,1640301
1950-02-13,11.3,48.0,1640505
1950-02-13,0.9,334.0,1640701
1950-02-15,11.0,19.0,1640501
1950-02-17,-17.2,465.0,1640802
1950-02-18,16.3,142.0,1641101
1950-02-18,-7.5,18.0,12900100
1950-02-19,16.9,176.0,1640101
1950-02-20,-17.9,594.0,1640202
1950-02-20,9.1,436.0,1641502
1950-02-23,14.6,96.0,1640401
1950-02-23,3.1,5.0,1641201
1950-02-24,13.9,249.0,1641605
1950-02-25,12.4,165.0,1640603
1950-02-25,22.7,94.0,1640901
1950-02-25,-0.8,5.0,12900200
1950-02-26,8.7,91.0,1641003
1950-02-26,20.4,26.0,1641705
1950-02-27,-14.1,11.0,12900300
1950-03-01,12.3,6.0,1641402
1950-03-01,-9.9,10.0,1641805
1950-03-01,-22.6,10.0,1642305
1950-03-01,5.2,250.0,1642401
1950-03-01,19.3,11.0,12900400
1950-03-03,4.3,14.0,1641301
1950-03-03,9.8,58.0,1642601
1950-03-04,-15.1,24.0,1641905
1950-03-04,5.9,51.0,1642702
1950-03-04,11.2,38.0,1642802
1950-03-04,-28.8,15.0,1642901
1950-03-04,-20.9,113.0,1643002
1950-03-04,-31.8,23.0,12900500
1950-03-05,-25.9,28.0,1643101
1950-03-05,16.0,15.0,1643205
1950-03-06,-15.8,14.0,1643305
1950-03-06,-15.8,580.0,1643502
1950-03-07,-7.4,18.0,1642002
1950-03-07,-17.5,450.0,1643902
1950-03-07,-12.7,13.0,12900600
1950-03-08,9.4,168.0,1643605
1950-03-09,27.5,203.0,1642501
1950-03-11,21.8,5.0,1644002
1950-03-11,12.9,256.0,1644201
1950-03-11,-20.0,5.0,12900700
1950-03-12,-20.2,12.0,1642101
1950-03-12,-2.8,364.0,1642202
1950-03-12,12.1,498.0,1644301
1950-03-14,29.9,81.0,1643702
1950-03-14,11.9,18.0,12910100
1950-03-14,-15.5,2.0,12910200
1950-03-15,-24.6,18.0,1644401
1950-03-15,-18.1,19.0,12910300
1950-03-16,9.3,12.0,12910400
1950-03-17,14.8,16.0,1643801
1950-03-17,-7.3,25.0,1644805
1950-03-18,21.0,431.0,1643402
1950-03-19,9.0,104.0,1644901
1950-03-20,-17.4,66.0,1645002
1950-03-20,-9.8,4.0,12910500
1950-03-21,-7.3,13.0,1644101
1950-03-22,14.8,7.0,1644702
1950-03-23,8.7,8.0,1644602
1950-03-24,-13.6,66.0,1645301
1950-03-25,20.4,79.0,1644501
1950-03-25,9.6,9.0,1645505
1950-03-25,27.8,228.0,1645601
1950-03-26,-7.4,23.0,1645105
1950-03-29,-3.8,291.0,1645402
1950-03-29,12.8,60.0,1645802
1950-03-29,9.7,115.0,1645902
1950-03-29,-5.3,114.0,1646102
1950-03-31,23.1,9.0,1645202
1950-04-03,6.3,30.0,1646502
1950-04-03,-16.7,188.0,1646601
1950-04-03,-21.1,11.0,12910600
1950-04-07,13.9,730.0,1646704
1950-04-07,13.9,10.0,12910700
1950-04-08,-1.8,148.0,1645701
1950-04-09,8.3,117.0,1646202
1950-04-09,-20.7,527.0,1646302
1950-04-09,-7.1,8.0,12920100
1950-04-10,26.0,455.0,1646001
1950-04-11,12.7,42.0,1646402
1950-04-12,-14.2,13.0,12920200
1950-04-13,13.7,554.0,1646902
1950-04-14,-2.8,26.0,1647001
1950-04-15,19.6,28.0,1647105
1950-04-18,7.3,29.0,1647201
1950-04-19,11.4,16.0,1647301
1950-04-19,-15.9,75.0,1647402
1950-04-22,6.2,86.0,1646802
1950-04-23,24.2,7.0,1647805
1950-04-23,-1.1,119.0,1647901
1950-04-24,-6.7,7.0,1647705
1950-04-24,-4.0,18.0,1648005
1950-04-24,-17.6,13.0,1648105
1950-04-24,-19.7,162.0,1648201
1950-04-26,8.7,32.0,1647602
1950-04-26,25.7,295.0,1648501
1950-04-28,12.6,113.0,1648701
1950-05-01,16.6,21.0,1648902
1950-05-02,-14.7,5.0,1648301
1950-05-03,-11.1,704.0,1647502
1950-05-03,-8.5,12.0,12920300
1950-05-04,-10.1,14.0,1648402
1950-05-04,14.4,29.0,1649005
1950-05-04,7.7,14.0,1649101
1950-05-05,7.9,25.0,1649205
1950-05-06,-12.5,28.0,1648802
1950-05-06,5.6,327.0,1649301
1950-05-07,8.2,13.0,1649605
1950-05-08,1.0,107.0,1649405
1950-05-08,14.0,10.0,1649805
1950-05-09,14.7,226.0,1648604
1950-05-09,-14.4,289.0,1649502
1950-05-10,9.6,176.0,1650205
1950-05-11,-11.2,6.0,1649901
1950-05-11,-11.9,29.0,1650002
1950-05-11,-3.6,4.0,1650105
1950-05-12,-19.1,36.0,1649702
1950-05-12,40.5,55.0,1650305
1950-05-13,10.3,24.0,1650401
1950-05-14,11.6,17.0,1650501
1950-05-16,-17.2,68.0,1650701
1950-05-16,-14.2,16.0,1650801
1950-05-18,-3.3,7.0,1650605
1950-05-20,13.0,173.0,1651102
1950-05-21,-7.4,60.0,1650902
1950-05-21,20.9,6.0,12930100
1950-05-22,9.1,147.0,1650201
1950-05-22,15.9,9.0,1651601
1950-05-22,-8.2,4.0,12930200
1950-05-23,12.2,81.0,1651701
1950-05-24,-15.0,7.0,1651202
1950-05-24,31.3,16.0,1651801
1950-05-25,-16.2,5.0,12930300
1950-05-27,-17.8,14.0,12930400
1950-05-28,19.2,43.0,1651502
1950-05-28,23.5,220.0,1651902
1950-05-29,19.1,233.0,1651402
1950-05-30,-10.8,145.0,1651001
1950-05-31,-10.6,9.0,1652102
1950-05-31,18.0,15.0,1652205
1950-06-01,8.9,127.0,1651302
1950-06-02,5.6,126.0,1652701
1950-06-03,16.4,26.0,1652302
1950-06-04,14.7,5.0,1652401
1950-06-04,9.5,80.0,1652601
1950-06-04,17.9,8.0,12940100
1950-06-06,13.4,9.0,1652801
1950-06-07,5.3,248.0,1652002
1950-06-08,-17.8,769.0,1653102
1950-06-08,8.7,36.0,12940200
1950-06-09,-19.8,206.0,1653202
1950-06-10,9.4,18.0,12940300
1950-06-11,10.1,53.0,1652502
1950-06-11,17.9,110.0,1652902
1950-06-11,-9.5,13.0,1653002
1950-06-12,12.9,8.0,1653305
1950-06-12,-15.2,48.0,1653602
1950-06-13,17.3,18.0,1653702
1950-06-14,19.2,271.0,1653505
1950-06-15,6.2,4.0,1653805
1950-06-16,12.3,25.0,1653402
1950-06-19,-22.5,11.0,1653905
1950-06-21,16.0,230.0,1654301
1950-06-22,4.9,24.0,1654601
1950-06-22,12.6,23.0,1654702
1950-06-23,7.1,15.0,1654901
1950-06-24,-12.4,33.0,1654802
1950-06-24,21.3,7.0,1655005
1950-06-25,13.1,11.0,1654105
1950-06-25,12.1,13.0,1654405
1950-06-26,-13.1,15.0,12940400
1950-06-26,14.2,9.0,12940500
1950-06-27,14.2,14.0,1655105
1950-06-28,9.7,199.0,1654001
1950-06-29,-1.4,3.0,12950100
1950-06-30,-25.3,48.0,1655402
1950-06-30,-5.5,7.0,12950200
1950-07-01,8.6,299.0,1654202
1950-07-02,-13.9,26.0,1654502
1950-07-03,-17.1,67.0,1655202
1950-07-04,-12.4,186.0,1655502
1950-07-05,-18.2,155.0,1655801
1950-07-08,-10.8,14.0,1655905
1950-07-08,7.0,85.0,1656005
1950-07-09,19.9,79.0,1655702
1950-07-10,20.1,709.0,1656203
1950-07-11,21.3,38.0,1655301
1950-07-11,-13.5,11.0,1656302
1950-07-12,16.0,187.0,1655602
1950-07-13,17.0,9.0,1656405
1950-07-13,11.2,19.0,1656505
1950-07-14,9.9,47.0,1656102
1950-07-14,8.9,15.0,1656705
1950-07-14,35.1,26.0,12950300
1950-07-15,-6.4,18.0,1656605
1950-07-15,8.0,94.0,1656901
1950-07-19,4.8,189.0,1657101
1950-07-19,15.7,10.0,12950400
1950-07-20,-11.8,132.0,1657201
1950-07-22,3.7,12.0,1657405
1950-07-24,-11.1,45.0,1657502
1950-07-25,-13.5,5.0,12950500
1950-07-26,12.4,523.0,1656802
1950-07-26,-19.4,23.0,1657705
1950-07-27,11.2,10.0,1657305
1950-07-27,6.5,24.0,12960100
1950-07-28,7.7,197.0,1657901
1950-07-28,20.1,2.0,12960200
1950-07-29,-17.9,22.0,1657605
1950-07-29,6.3,118.0,1657805
1950-07-29,-5.9,30.0,1658005
1950-07-29,-7.1,114.0,1658103
1950-07-29,10.1,11.0,12960300
1950-07-31,-10.5,223.0,1657001
1950-08-01,9.5,34.0,1658205
1950-08-01,-8.2,37.0,1658302
1950-08-06,-10.5,134.0,1658501
1950-08-10,13.9,186.0,1658804
1950-08-13,-16.4,43.0,1658402
1950-08-13,-17.6,34.0,1658601
1950-08-14,-20.3,233.0,1658905
1950-08-15,-15.9,22.0,1659105
1950-08-15,-10.4,403.0,1659201
1950-08-17,15.6,16.0,1658702
1950-08-19,37.0,66.0,1659601
1950-08-19,-10.3,45.0,1659701
1950-08-20,-17.2,18.0,1659805
1950-08-21,11.2,5.0,1659302
1950-08-21,-1.6,6.0,1659905
1950-08-24,8.7,22.0,1659001
1950-08-25,-4.9,62.0,1660201
1950-08-26,-14.0,9.0,1660102
1950-08-27,14.9,35.0,1659402
1950-08-27,-12.4,144.0,1660002
1950-08-27,-15.1,42.0,1660305
1950-08-28,14.0,57.0,1660402
1950-08-29,-22.2,19.0,1660601
1950-08-29,-17.9,13.0,12970100
1950-08-30,-19.8,56.0,1659501
1950-09-01,14.0,9.0,12970200
1950-09-02,-14.9,2.0,1660801
1950-09-03,-9.6,9.0,1660505
1950-09-04,13.1,132.0,1660702
1950-09-05,13.3,10.0,1660902
1950-09-06,-2.6,73.0,1661002
1950-09-06,-10.1,8.0,12970300
1950-09-09,17.0,18.0,12970400
1950-09-11,-9.7,241.0,1661201
1950-09-14,20.5,369.0,1661101
1950-09-16,23.4,8.0,12970500
1950-09-18,12.6,66.0,1661505
1950-09-20,1.6,214.0,1661805
1950-09-20,13.1,4.0,1661902
1950-09-21,-11.4,55.0,1661701
1950-09-21,14.4,23.0,1662002
1950-09-23,-11.6,7.0,1661402
1950-09-24,14.2,64.0,1661302
1950-09-26,-14.4,1.0,1662205
1950-09-27,18.1,221.0,1661601
1950-09-27,-21.2,2.0,1662302
1950-09-27,-3.4,7.0,12980100
1950-09-28,16.5,14.0,1662102
1950-09-29,-5.0,60.0,1662402
1950-09-29,22.3,168.0,1662501
1951-01-02,11.3,25.0,1667602
1951-01-04,35.4,17.0,13010200
1951-01-05,-18.2,24.0,1667905
1951-01-07,10.9,9.0,1668002
1951-01-07,-13.8,24.0,1668105
1951-01-08,10.6,10.0,13020100
1951-01-09,-19.3,5.0,13020200
1951-01-09,-18.8,16.0,13020300
1951-01-10,-11.1,22.0,1668205
1951-01-10,25.5,15.0,13020400
1951-01-12,-13.6,103.0,1667805
1951-01-12,-8.2,16.0,13020500
1951-01-12,-14.4,11.0,13020600
1951-01-14,18.4,42.0,1668402
1951-01-15,19.1,19.0,1668302
1951-01-17,12.1,20.0,1668601
1951-01-20,-5.2,8.0,1668801
1951-01-22,-8.6,34.0,1668902
1951-01-22,-12.1,21.0,1669001
1951-01-23,15.1,77.0,1668502
1951-01-24,8.7,31.0,1668702
1951-01-24,-4.9,14.0,1669102
1951-01-26,25.6,88.0,1669501
1951-01-27,25.0,35.0,1669601
1951-01-29,11.4,14.0,13020700
1951-01-30,6.2,20.0,13020800
1951-02-01,-11.5,50.0,1669401
1951-02-03,9.9,384.0,1669202
1951-02-04,8.6,120.0,1669302
1951-02-05,10.3,30.0,1670002
1951-02-06,6.0,7.0,1669802
1951-02-06,-4.4,12.0,1670102
1951-02-06,19.6,13.0,13030100
1951-02-07,-5.6,39.0,1670201
1951-02-07,4.5,90.0,1670301
1951-02-07,-19.0,6.0,13030200
1951-02-08,6.5,4.0,13030300
1951-02-09,-11.1,14.0,1669702
1951-02-09,-13.3,114.0,1670401
1951-02-10,-15.4,80.0,1669902
1951-02-10,8.6,48.0,1670502
1951-02-10,-17.8,20.0,13030400
1951-02-11,11.1,38.0,1670702
1951-02-12,-18.3,8.0,13030500
1951-02-13,14.5,24.0,1670602
1951-02-13,-2.4,5.0,1670802
1951-02-15,10.7,11.0,1670901
1951-02-18,10.1,28.0,1671005
1951-02-26,-12.9,17.0,1671202
1951-02-28,-14.4,28.0,1671405
1951-03-03,9.9,79.0,1671101
1951-03-05,4.7,8.0,1671305
1951-03-05,8.1,34.0,1671605
1951-03-07,25.3,8.0,1671705
1951-03-08,11.8,11.0,1671502
1951-03-12,-4.2,21.0,1672105
1951-03-13,-14.8,12.0,1671901
1951-03-18,12.4,160.0,1671801
1951-03-19,-6.5,10.0,1672002
1951-03-21,12.5,15.0,1672705
1951-03-21,-8.6,7.0,13040100
1951-03-22,10.1,20.0,1672405
1951-03-22,20.0,8.0,1672505
1951-03-22,9.4,703.0,1672902
1951-03-22,15.4,8.0,13040200
1951-03-23,4.6,2.0,1673005
1951-03-24,-7.8,54.0,1673102
1951-03-25,15.6,20.0,1673205
1951-03-26,-13.1,9.0,1673302
1951-03-27,4.2,8.0,13040300
1951-03-28,-10.5,206.0,1672802
1951-03-28,13.7,7.0,1673405
1951-03-29,11.3,647.0,1672201
1951-03-29,8.7,18.0,1672602
1951-03-30,3.8,129.0,1672301
1951-03-30,-16.8,144.0,1673502
1951-04-02,11.2,3.0,13050100
1951-04-03,12.4,60.0,1673601
1951-04-05,15.1,5.0,1673805
1951-04-05,-10.6,17.0,1673902
1951-04-05,-9.4,13.0,13050200
1951-04-07,-4.1,9.0,1674101
1951-04-11,-5.9,19.0,1674302
1951-04-11,-7.9,24.0,1674402
1951-04-11,10.7,8.0,13050300
1951-04-12,14.4,254.0,1673702
1951-04-13,-8.9,19.0,1674201
1951-04-15,-9.1,46.0,1674002
1951-04-15,-8.2,14.0,1674605
1951-04-16,8.3,7.0,1674705
1951-04-20,-11.5,17.0,1674902
1951-04-21,20.4,3.0,1674802
1951-04-21,11.1,38.0,1675102
1951-04-24,10.4,15.0,1675505
1951-04-25,16.5,167.0,1674504
1951-04-26,-11.9,35.0,1675601
1951-04-28,1.8,6.0,1675302
1951-05-01,-18.5,134.0,1675002
1951-05-02,18.8,502.0,1675202
1951-05-03,-4.4,184.0,1675702
1951-05-03,-12.4,5.0,1675905
1951-05-03,11.0,5.0,13060100
1951-05-04,5.7,13.0,1676001
1951-05-05,-7.3,191.0,1675402
1951-05-07,-19.1,238.0,1675802
1951-05-07,-9.4,13.0,1676102
1951-05-07,7.6,251.0,1676201
1951-05-07,15.0,13.0,13060200
1951-05-09,13.9,412.0,1676304
1951-05-10,1.0,24.0,1676505
1951-05-10,5.5,274.0,1676601
1951-05-11,10.4,376.0,1676701
1951-05-12,-14.3,30.0,1676402
1951-05-13,11.4,78.0,1676901
1951-05-15,10.6,8.0,1676805
1951-05-15,-11.2,5.0,1677305
1951-05-15,-14.7,269.0,1677401
1951-05-15,19.3,10.0,13060300
1951-05-16,-13.9,93.0,1677601
1951-05-17,22.4,5.0,1677205
1951-05-17,-5.3,5.0,1677705
1951-05-17,-19.4,6.0,13060400
1951-05-18,20.7,38.0,1677901
1951-05-19,7.1,11.0,1677001
1951-05-20,-0.6,29.0,1677101
1951-05-20,10.7,32.0,1677805
1951-05-21,-20.5,353.0,1678201
1951-05-28,20.1,1166.0,1677501
1951-05-28,-10.8,23.0,13070100
1951-05-29,17.1,74.0,1678102
1951-05-30,-6.8,9.0,1678001
1951-05-30,-4.1,5.0,1678401
1951-05-30,-14.5,9.0,1678505
1951-05-31,-3.8,11.0,1678602
1951-05-31,-8.2,9.0,13070200
1951-06-03,12.2,2.0,1678705
1951-06-04,-11.1,30.0,1678802
1951-06-05,16.6,59.0,1679102
1951-06-05,12.3,712.0,1679202
1951-06-06,12.8,348.0,1678301
1951-06-07,8.0,130.0,1679302
1951-06-08,-12.6,17.0,13070300
1951-06-13,-6.0,88.0,1678902
1951-06-13,9.1,14.0,1679405
1951-06-13,16.9,112.0,1679702
1951-06-13,-4.4,30.0,13070400
1951-06-14,4.3,9.0,1679605
1951-06-14,25.6,6.0,1679801
1951-06-14,-3.4,19.0,13070500
1951-06-16,14.6,162.0,1680002
1951-06-16,3.5,7.0,13070600
1951-06-17,6.7,225.0,1679002
1951-06-18,-20.9,209.0,1680201
1951-06-19,11.4,7.0,1680105
1951-06-21,11.8,155.0,1680301
1951-06-24,-12.4,1091.0,1679504
1951-06-25,-9.7,143.0,1679902
1951-06-26,11.4,70.0,1680401
1951-06-26,25.4,10.0,13080100
1951-06-26,-14.9,20.0,13080200
1951-06-27,-5.6,14.0,1680501
1951-07-02,9.3,8.0,1680605
1951-07-03,8.2,9.0,1680701
1951-07-03,12.1,122.0,1680802
1951-07-04,4.5,150.0,1680901
1951-07-04,-22.9,13.0,13080300
1951-07-06,-8.5,155.0,1681205
1951-07-06,9.3,12.0,13080400
1951-07-06,-11.5,6.0,13080500
1951-07-07,6.4,66.0,1681001
1951-07-07,9.0,217.0,1681302
1951-07-08,-9.0,235.0,1681803
1951-07-09,9.3,3.0,1680601
1951-07-09,9.7,97.0,1681102
1951-07-09,10.6,7.0,1681505
1951-07-10,19.6,17.0,1681601
1951-07-12,9.4,11.0,1681405
1951-07-16,9.1,29.0,1681902
1951-07-16,-6.6,8.0,13090100
1951-07-17,-9.9,26.0,1682105
1951-07-19,10.4,11.0,1682305
1951-07-20,-7.5,367.0,1681702
1951-07-21,-17.0,4.0,1682005
1951-07-22,-5.3,13.0,1682505
1951-07-22,-4.8,216.0,1682601
1951-07-23,-6.5,7.0,13090200
1951-07-25,-18.1,11.0,1682402
1951-07-25,8.6,4.0,1682905
1951-07-29,-4.1,35.0,1682205
1951-07-30,-0.2,8.0,1682702
1951-07-30,9.3,12.0,1683402
1951-07-31,-5.0,20.0,1682802
1951-07-31,-15.6,122.0,1683002
1951-08-01,5.5,6.0,1683505
1951-08-02,-4.7,9.0,1683205
1951-08-02,16.1,8.0,1683605
1951-08-04,-3.0,85.0,1683102
1951-08-05,-10.8,11.0,1683302
1951-08-06,12.8,17.0,1684105
1951-08-07,20.4,6.0,1684205
1951-08-07,-11.4,96.0,1684402
1951-08-07,13.4,6.0,13090300
1951-08-10,-4.5,5.0,13090400
1951-08-13,10.4,61.0,1683702
1951-08-13,20.0,26.0,1684201
1951-08-14,-10.9,9.0,1684305
1951-08-15,7.5,195.0,1683802
1951-08-15,-6.5,226.0,1683901
1951-08-15,-14.2,20.0,1684605
1951-08-16,9.6,376.0,1684003
1951-08-16,-17.1,169.0,1684702
1951-08-16,8.0,5.0,13100100
1951-08-20,7.0,17.0,1684905
1951-08-20,-4.8,13.0,13100200
1951-08-22,-5.6,17.0,1685005
1951-08-24,-18.6,11.0,1684802
1951-08-25,-18.9,91.0,1684502
1951-08-26,-18.6,8.0,1685101
1951-08-26,12.8,11.0,13100300
1951-08-29,-4.1,83.0,13100400
1951-08-29,19.5,4.0,13100500
1951-08-29,10.0,4.0,13100600
1951-08-30,7.8,17.0,1685305
1951-08-30,10.7,161.0,1685402
1951-08-30,-6.0,74.0,1685501
1951-09-01,20.5,4.0,13100700
1951-09-02,8.0,26.0,1685201
1951-09-02,4.6,12.0,13100800
1951-09-04,18.2,5.0,1685602
1951-09-06,-4.1,24.0,1685901
1951-09-06,3.0,65.0,1686001
1951-09-06,10.8,11.0,13100900
1951-09-07,-10.7,6.0,13101000
1951-09-07,-9.4,11.0,13101100
1951-09-09,17.3,72.0,1686201
1951-09-11,-12.0,12.0,1686302
1951-09-11,-16.2,55.0,1686405
1951-09-12,-20.5,14.0,1686605
1951-09-12,9.2,65.0,1686702
1951-09-14,-10.4,3.0,1685802
1951-09-15,-2.8,335.0,1685701
1951-09-15,-18.2,18.0,13110100
1951-09-16,14.4,4.0,13110200
1951-09-20,-19.4,2.0,1686502
1951-09-20,10.0,2.0,1687105
1951-09-21,7.2,33.0,1686103
1951-09-23,7.7,11.0,1687405
1951-09-24,-10.8,22.0,1687202
1951-09-25,20.4,7.0,1687502
1951-09-26,13.2,117.0,1686803
1951-09-26,-9.5,22.0,1687605
1951-09-28,14.4,243.0,1686902
1951-09-28,8.8,42.0,1687302
1951-09-28,5.5,6.0,13110300
1951-09-29,8.6,92.0,1687002
1951-09-30,8.7,25.0,1687702
1951-09-30,17.8,2.0,1687805
1951-09-30,-3.3,263.0,1687901
1952-01-01,-19.3,38.0,1693401
1952-01-01,6.7,10.0,1693701
1952-01-02,-7.1,15.0,1693502
1952-01-03,13.8,26.0,1693301
1952-01-05,0.2,171.0,1693202
1952-01-05,-9.1,28.0,1693602
1952-01-05,-19.0,12.0,13150200
1952-01-08,12.1,270.0,1694001
1952-01-09,-18.4,10.0,1693902
1952-01-09,6.0,562.0,1694101
1952-01-09,-15.5,11.0,13150300
1952-01-11,-1.7,60.0,1694202
1952-01-11,7.3,38.0,1694305
1952-01-11,17.2,9.0,13150400
1952-01-13,11.4,19.0,1693801
1952-01-13,1.5,16.0,1694502
1952-01-17,7.8,13.0,1694401
1952-01-20,-11.9,44.0,13150500
1952-01-24,-9.0,15.0,1694705
1952-01-26,7.5,9.0,1694801
1952-01-30,9.4,21.0,1694901
1952-01-30,12.1,14.0,13160100
1952-02-01,11.0,11.0,13160200
1952-02-03,-9.8,21.0,1694601
1952-02-03,-11.7,7.0,13160300
1952-02-04,-22.5,11.0,1695002
1952-02-04,7.7,7.0,13160400
1952-02-05,8.2,24.0,13160500
1952-02-07,-3.2,19.0,1695202
1952-02-10,-0.4,15.0,1695102
1952-02-10,-2.9,13.0,1695301
1952-02-12,-11.0,247.0,1695402
1952-02-16,-13.2,13.0,1695601
1952-02-23,-9.7,6.0,13170100
1952-02-25,21.2,18.0,1695501
1952-03-05,12.4,110.0,1695701
1952-03-10,-9.7,107.0,1695902
1952-03-10,-12.9,126.0,1696001
1952-03-11,-6.3,8.0,1695802
1952-03-17,-9.6,7.0,13170200
1952-03-24,-2.7,53.0,1696202
1952-03-28,-18.6,59.0,1696502
1952-03-30,7.9,15.0,1696301
1952-03-30,-9.3,9.0,13180100
1952-04-01,-7.7,55.0,1696102
1952-04-01,-2.3,13.0,1696401
1952-04-08,22.0,6.0,13180200
1952-04-11,3.0,117.0,1696702
1952-04-11,17.9,46.0,13180300
1952-04-11,-10.7,8.0,13180400
1952-04-13,-10.4,7.0,13180500
1952-04-15,1.9,29.0,1696602
1952-04-16,13.9,13.0,13190100
1952-04-21,-11.9,6.0,1697102
1952-04-21,15.8,141.0,1697201
1952-04-22,13.1,25.0,1697305
1952-04-24,-9.4,523.0,1696802
1952-04-24,7.2,13.0,1696902
1952-04-25,-13.1,19.0,1697401
1952-04-29,5.2,17.0,1697501
1952-04-29,17.5,3.0,13190200
1952-04-30,4.1,37.0,1697601
1952-05-01,-1.2,61.0,1697002
1952-05-04,5.5,8.0,13190300
1952-05-08,-1.4,144.0,1697702
1952-05-09,-9.2,519.0,1697802
1952-05-11,-10.4,7.0,1697902
1952-05-15,-9.0,59.0,1698002
1952-05-16,-5.9,6.0,1698102
1952-05-19,-18.4,7.0,1698201
1952-05-20,-4.4,5.0,13200100
1952-05-23,-7.2,6.0,1698402
1952-05-28,-8.8,7.0,13200200
1952-05-30,-20.7,151.0,1698502
1952-05-30,10.3,10.0,1698602
1952-05-30,-8.4,10.0,1698701
1952-05-30,7.7,32.0,13200300
1952-06-01,11.6,24.0,1698802
1952-06-01,19.1,9.0,13200400
1952-06-03,-2.2,101.0,1698301
1952-06-05,-8.9,12.0,1698905
1952-06-07,-9.7,37.0,1699102
1952-06-08,-8.3,15.0,1699002
1952-06-08,-5.3,33.0,1699302
1952-06-09,-8.0,14.0,1699201
1952-06-12,-4.3,9.0,1699402
1952-06-15,-20.5,249.0,1699701
1952-06-16,6.0,12.0,1699502
1952-06-18,12.8,12.0,1699901
1952-06-20,17.2,82.0,1700001
1952-06-20,10.1,22.0,13210100
1952-06-22,-8.5,30.0,1700101
1952-06-23,16.0,19.0,1699602
1952-06-24,-18.7,90.0,1699802
1952-06-25,12.5,7.0,1700202
1952-06-26,21.0,16.0,13210200
1952-07-02,-16.0,5.0,13210300
1952-07-03,-6.9,13.0,1700401
1952-07-03,21.0,15.0,13210400
1952-07-05,7.1,14.0,1700501
1952-07-07,-9.3,24.0,1700302
1952-07-08,10.5,103.0,1700601
1952-07-09,-2.3,1085.0,1700702
1952-07-12,-12.5,4.0,1700802
1952-07-12,11.6,12.0,1700905
1952-07-14,-7.3,26.0,1701102
1952-07-14,14.1,10.0,1701202
1952-07-17,9.7,3.0,13220100
1952-07-19,-13.7,16.0,1701001
1952-07-25,8.3,14.0,13220200
1952-07-27,-8.9,258.0,1701402
1952-07-31,5.5,47.0,1701501
1952-07-31,13.5,9.0,13220300
1952-08-01,-10.7,157.0,1701301
1952-08-02,-11.1,5.0,13230100
1952-08-05,13.4,66.0,1701702
1952-08-05,8.2,86.0,1701801
1952-08-05,-4.4,25.0,1701901
1952-08-05,-7.5,118.0,1702001
1952-08-07,12.8,140.0,1702102
1952-08-07,16.7,12.0,13230200
1952-08-11,4.4,19.0,1701602
1952-08-12,-7.0,23.0,1702202
1952-08-12,15.4,11.0,13230300
1952-08-16,-12.1,140.0,1702501
1952-08-18,-7.8,241.0,1702302
1952-08-20,13.2,8.0,1702401
1952-08-20,13.7,36.0,1702702
1952-08-23,7.5,27.0,1702802
1952-08-23,6.0,29.0,13230400
1952-08-24,-3.8,4.0,13230500
1952-08-25,10.0,15.0,13230600
1952-08-26,-20.4,15.0,1703001
1952-08-26,-3.6,158.0,1703102
1952-08-26,2.8,96.0,1703202
1952-08-27,2.5,8.0,13230700
1952-08-30,-11.4,22.0,1703301
1952-09-01,10.0,141.0,1702602
1952-09-03,-10.9,22.0,1702902
1952-09-03,7.2,4.0,1703405
1952-09-04,-6.8,17.0,13240100
1952-09-05,-6.4,4.0,1703501
1952-09-05,-6.7,43.0,1703602
1952-09-05,15.2,6.0,1703702
1952-09-13,3.6,10.0,13240200
1952-09-16,10.2,76.0,1703802
1952-09-18,-13.2,69.0,1703901
1952-09-19,-18.9,8.0,13240300
1952-09-21,3.3,515.0,1704001
1952-09-22,-5.7,132.0,1704101
1952-09-24,4.5,8.0,13250100
1953-01-01,11.5,24.0,13280100
1953-01-07,12.5,46.0,1706202
1953-01-08,8.6,78.0,1706601
1953-01-08,-7.4,27.0,13280200
1953-01-09,-7.1,277.0,1706702
1953-01-10,-10.5,127.0,1706801
1953-01-15,20.1,13.0,1706402
1953-01-18,1.4,47.0,1706501
1953-01-19,2.3,7.0,1706905
1953-01-19,-8.2,7.0,1707002
1953-01-22,10.8,20.0,1707102
1953-02-02,2.9,37.0,1707201
1953-02-06,6.9,11.0,13290100
1953-02-07,-8.0,17.0,13290200
1953-02-11,3.5,2.0,1707301
1953-03-05,-8.6,7.0,13300100
1953-03-05,-13.2,5.0,13300200
1953-03-08,-8.5,5.0,13310100
1953-03-12,11.4,2.0,13310200
1953-03-13,7.2,22.0,13310300
1953-03-16,-13.1,2.0,1707401
1953-03-18,-15.2,92.0,1707501
1953-03-27,9.7,96.0,1707701
1953-03-28,-7.9,11.0,1707801
1953-03-30,-10.5,13.0,1707905
1953-04-01,14.1,4.0,1707602
1953-04-08,-7.7,39.0,1708101
1953-04-10,1.5,48.0,1708002
1953-04-11,2.8,302.0,1708202
1953-04-18,8.9,6.0,13320100
1953-04-23,-8.6,73.0,1708401
1953-04-25,-8.5,22.0,1708501
1953-04-26,3.4,202.0,1708601
1953-05-04,10.4,819.0,1708302
1953-05-04,-9.4,6.0,1708705
1953-05-18,9.8,10.0,13330100
1953-05-19,11.7,229.0,1708801
1953-05-25,6.2,11.0,13330200
1953-05-28,-3.3,23.0,1708902
1953-05-31,4.2,21.0,1709002
1953-06-05,13.2,13.0,1709102
1953-06-11,-15.3,101.0,1709202
1953-06-12,16.9,15.0,1709302
1953-06-14,8.2,309.0,1709501
1953-06-14,-1.4,4.0,13340100
1953-06-15,-8.9,5.0,13340200
1953-06-17,15.9,26.0,1709402
1953-06-19,11.9,117.0,1709602
1953-06-25,5.4,8.0,1709705
1953-06-26,-14.2,17.0,1709805
1953-06-26,-9.5,6.0,13350100
1953-06-29,11.8,4.0,13350200
1953-07-02,-14.7,13.0,13350300
1953-07-09,-8.3,171.0,1709902
1953-07-14,-11.8,17.0,1710002
1953-07-18,11.8,8.0,13350400
1953-08-07,15.9,9.0,1710202
1953-08-09,9.7,120.0,1710301
1953-08-11,-4.7,176.0,1710601
1953-08-12,11.8,12.0,1710402
1953-08-14,15.6,18.0,1710102
1953-08-22,-5.8,40.0,13370100
1953-08-23,12.1,293.0,1710502
1953-08-23,-8.4,15.0,13370200
1953-09-06,-4.5,14.0,1710802
1953-09-06,13.5,85.0,1710901
1953-09-07,14.5,22.0,1711001
1953-09-07,17.0,9.0,1711102
1953-09-08,-5.7,28.0,13370300
1953-09-09,10.5,17.0,1710702
1953-09-11,8.6,7.0,13370400
1953-09-13,-11.1,30.0,1711202
1953-09-14,-7.8,20.0,1711301
1953-09-15,5.9,104.0,1711401
1953-09-16,13.3,14.0,13380100
1953-09-24,8.0,8.0,1711501
1954-01-11,-2.7,6.0,13420100
1954-01-18,-37.8,4.0,13420200
1954-01-24,8.9,12.0,13420300
1954-02-11,30.9,5.0,1712502
1954-03-04,-23.8,88.0,1712602
1954-03-17,7.9,9.0,1712805
1954-03-23,-9.7,10.0,1712702
1954-04-06,-5.2,14.0,1712901
1954-04-09,-0.8,1.0,13450100
1954-04-16,-2.8,16.0,1713002
1954-04-20,6.0,10.0,13450200
1954-05-09,33.3,14.0,13460100
1954-05-14,5.0,11.0,13460200
1954-06-04,13.6,6.0,1713101
1954-06-04,28.5,9.0,13470100
1954-06-22,11.8,6.0,13480100
1954-07-03,-20.9,28.0,13480200
1954-07-09,24.1,7.0,1713201
1954-07-14,2.2,5.0,13490100
1954-07-16,25.8,28.0,1713302
1954-07-17,8.9,18.0,1713402
1954-07-25,8.9,64.0,1713502
1954-08-01,25.1,127.0,1713601
1954-08-14,-22.5,6.0,1713702
1954-08-26,-32.3,16.0,1713802
1954-08-27,-4.8,8.0,13500100
1954-09-04,-22.6,21.0,1713901
1954-09-04,22.8,8.0,13510100
1954-09-17,24.6,2.0,1714005
1954-09-25,-36.1,5.0,13510200
1955-01-05,-23.3,21.0,1715700
1955-01-06,-31.0,12.0,13550100
1955-01-07,-25.5,55.0,1715900
1955-01-09,-33.1,21.0,1716000
1955-01-14,19.8,114.0,1715800
1955-01-19,35.6,426.0,1716100
1955-01-20,-23.7,34.0,1716200
1955-01-26,-22.6,169.0,1716400
1955-01-27,32.2,14.0,13560100
1955-01-28,-32.1,4.0,13560200
1955-01-29,29.2,6.0,1716300
1955-01-30,20.9,129.0,1716600
1955-01-31,-21.3,11.0,1716500
1955-02-05,18.5,465.0,1716700
1955-02-06,37.0,145.0,1716900
1955-02-12,26.4,23.0,1716800
1955-02-13,35.8,22.0,1717000
1955-02-13,36.0,36.0,13560300
1955-02-16,-2.3,25.0,1717100
1955-02-21,19.6,320.0,1717200
1955-03-07,-22.3,72.0,1717300
1955-03-10,36.6,15.0,1717400
1955-03-29,-25.5,30.0,1717600
1955-04-01,34.8,16.0,1717500
1955-04-02,26.2,7.0,13580100
1955-04-05,25.9,11.0,1717700
1955-04-09,26.4,16.0,1717800
1955-04-09,-19.8,3.0,1718000
1955-04-11,22.0,14.0,1717900
1955-04-15,-25.9,21.0,1718200
1955-04-17,-21.4,10.0,1718100
1955-04-17,-28.1,13.0,1718300
1955-04-21,-23.3,11.0,13590100
1955-04-27,34.8,78.0,1718400
1955-04-28,17.9,74.0,1718500
1955-05-03,-32.9,194.0,1718600
1955-05-05,-33.4,12.0,1718700
1955-05-07,26.3,5.0,13600100
1955-05-17,31.7,3.0,13600200
1955-05-18,24.6,73.0,1719000
1955-05-21,23.6,7.0,1718900
1955-05-21,-26.5,20.0,1719100
1955-05-25,-3.1,5.0,1719300
1955-05-27,23.6,39.0,1718800
1955-05-29,-31.1,9.0,13600300
1955-05-31,-35.0,15.0,1719500
1955-06-02,25.0,25.0,1719400
1955-06-04,30.9,12.0,1719200
1955-06-10,45.9,17.0,1719700
1955-06-10,-23.8,430.0,1719800
1955-06-11,-25.1,35.0,1719900
1955-06-11,22.0,149.0,1720100
1955-06-14,33.6,16.0,1719600
1955-06-16,19.3,63.0,1720200
1955-06-18,-25.1,50.0,13610100
1955-06-20,19.3,4.0,13610200
1955-06-23,-24.8,248.0,1720000
1955-06-28,-32.5,303.0,1720300
1955-06-30,32.1,199.0,1720400
1955-07-01,17.3,21.0,1720500
1955-07-04,25.7,13.0,1720600
1955-07-06,25.0,44.0,1720700
1955-07-07,29.0,6.0,13620100
1955-07-09,28.1,35.0,1720800
1955-07-09,-25.5,10.0,1720900
1955-07-10,-22.4,12.0,1721000
1955-07-12,27.9,54.0,1721100
1955-07-14,20.4,10.0,13620200
1955-07-19,-14.8,11.0,13620300
1955-07-20,17.8,28.0,1721300
1955-07-20,-21.5,143.0,1721400
1955-07-20,23.0,15.0,13620400
1955-07-22,-24.5,126.0,1721200
1955-07-22,29.3,8.0,1721500
1955-07-22,-27.0,8.0,13620500
1955-07-25,-26.0,30.0,13620600
1955-07-26,21.2,14.0,1721600
1955-07-27,-34.8,10.0,1721700
1955-08-03,-32.5,38.0,1721800
1955-08-08,21.3,15.0,13630100
1955-08-09,23.1,36.0,1722200
1955-08-14,31.1,6.0,1721900
1955-08-15,-27.3,6.0,1722300
1955-08-16,16.3,416.0,1722000
1955-08-17,-20.5,90.0,1722100
1955-08-21,-27.5,16.0,1722500
1955-08-23,20.0,213.0,1722400
1955-08-27,28.8,7.0,1722800
1955-08-27,-18.2,109.0,1722900
1955-08-29,26.1,117.0,1723000
1955-08-31,30.2,81.0,1723100
1955-08-31,18.0,108.0,1723200
1955-08-31,26.9,350.0,1723300
1955-09-01,-21.3,170.0,1723400
1955-09-02,44.0,37.0,1722600
1955-09-02,19.1,11.0,1722700
1955-09-02,17.6,120.0,1723500
1955-09-03,27.5,259.0,1723600
1955-09-04,21.2,11.0,1723800
1955-09-05,26.0,14.0,1723900
1955-09-05,-24.3,91.0,1724000
1955-09-07,-40.2,17.0,1724100
1955-09-08,-22.2,76.0,1723700
1955-09-09,19.4,9.0,13640100
1955-09-11,20.9,11.0,13640200
1955-09-12,-27.3,2.0,13640300
1955-09-12,-24.5,9.0,13640400
1955-09-15,26.5,3.0,13640500
1955-09-17,28.2,7.0,1724300
1955-09-19,-22.2,22.0,1724500
1955-09-20,20.2,7.0,1724200
1955-09-20,-25.6,115.0,1724400
1955-09-21,31.2,7.0,1724600
1955-09-23,-23.1,216.0,1724700
1955-09-24,26.3,10.0,13650100
1955-09-25,-28.6,18.0,1724800
1955-09-25,17.6,4.0,1724900
1955-09-29,33.3,8.0,1725000
1955-09-30,29.5,61.0,1725100
1955-09-30,-22.8,29.0,1725200
1955-09-30,22.0,345.0,1725300
1956-01-02,21.2,45.0,1731400
1956-01-02,-24.7,7.0,1731600
1956-01-04,28.0,8.0,1732000
1956-01-04,-25.1,4.0,1732300
1956-01-05,25.7,10.0,1731900
1956-01-06,24.1,38.0,1731500
1956-01-06,-17.6,13.0,1732400
1956-01-07,-27.4,3.0,1732200
1956-01-08,-23.6,41.0,1731800
1956-01-09,-16.7,11.0,1732100
1956-01-09,-24.5,80.0,1732700
1956-01-09,-29.3,141.0,1732800
1956-01-13,28.7,192.0,1732900
1956-01-13,23.6,343.0,1733000
1956-01-14,19.8,519.0,1733100
1956-01-14,-25.7,17.0,13690100
1956-01-16,-27.2,149.0,1733200
1956-01-17,24.6,94.0,1733300
1956-01-18,23.3,76.0,1732500
1956-01-18,-25.5,32.0,1732600
1956-01-20,-22.0,19.0,1733500
1956-01-21,31.7,60.0,13690200
1956-01-22,-16.1,49.0,1733600
1956-01-23,33.0,15.0,1733700
1956-01-24,37.0,6.0,1733800
1956-01-25,21.7,13.0,13690300
1956-01-28,-17.7,8.0,13690400
1956-01-29,-35.4,76.0,1734000
1956-01-30,25.1,128.0,1733400
1956-01-30,-19.1,32.0,1734100
1956-01-31,29.7,90.0,1734200
1956-02-01,24.8,55.0,1734300
1956-02-01,-27.1,5.0,1734400
1956-02-04,25.1,120.0,1733900
1956-02-04,23.5,7.0,1734500
1956-02-04,-32.9,10.0,13700100
1956-02-06,-16.1,140.0,1734600
1956-02-10,21.0,47.0,1734700
1956-02-10,18.7,26.0,1734800
1956-02-12,19.9,455.0,1735200
1956-02-12,-25.7,11.0,13700200
1956-02-14,21.0,102.0,1735600
1956-02-14,-20.5,413.0,1735700
1956-02-15,20.7,13.0,13700300
1956-02-16,24.0,10.0,1735800
1956-02-17,17.7,5.0,1736000
1956-02-17,27.6,6.0,13700400
1956-02-19,-20.5,35.0,1736100
1956-02-19,30.1,8.0,13700500
1956-02-21,-19.0,20.0,1735000
1956-02-21,-24.8,4.0,1736300
1956-02-21,25.0,67.0,1736400
1956-02-21,-29.6,274.0,1736500
1956-02-22,21.2,322.0,1734900
1956-02-22,18.8,14.0,1736600
1956-02-23,20.2,797.0,1735100
1956-02-23,-16.2,42.0,1736700
1956-02-24,20.1,846.0,1735500
1956-02-25,17.6,106.0,1735400
1956-02-25,23.8,60.0,1736900
1956-02-25,-20.5,24.0,1737000
1956-02-26,-22.2,136.0,1735300
1956-02-26,26.0,101.0,1735900
1956-02-28,-28.0,10.0,13700600
1956-03-01,-21.2,21.0,1736800
1956-03-01,31.3,45.0,1737600
1956-03-02,22.9,37.0,1736200
1956-03-03,-27.6,18.0,1737200
1956-03-03,16.4,17.0,1737400
1956-03-04,33.1,128.0,1737800
1956-03-07,-25.3,7.0,1738000
1956-03-09,-16.2,64.0,1737100
1956-03-09,20.6,38.0,1738200
1956-03-09,-17.9,19.0,1738300
1956-03-10,24.9,213.0,1737300
1956-03-10,17.5,171.0,1737700
1956-03-10,20.4,25.0,13710100
1956-03-11,-24.0,37.0,1737500
1956-03-11,39.4,25.0,1738400
1956-03-11,-24.5,16.0,13710200
1956-03-13,23.1,79.0,1738700
1956-03-13,-20.2,212.0,1738800
1956-03-14,-16.4,126.0,1737900
1956-03-14,22.6,8.0,1739000
1956-03-14,19.1,4.0,13710300
1956-03-14,-20.6,11.0,13710400
1956-03-14,-30.5,12.0,13710500
1956-03-15,25.5,9.0,1738100
1956-03-15,-25.3,15.0,1739100
1956-03-15,18.0,59.0,1739200
1956-03-16,27.6,21.0,1739300
1956-03-16,-26.5,2.0,13710600
1956-03-17,17.5,35.0,1738900
1956-03-17,18.0,3.0,13710700
1956-03-17,32.5,3.0,13710800
1956-03-17,-33.2,3.0,13710900
1956-03-18,25.5,19.0,1739600
1956-03-18,16.3,55.0,1739700
1956-03-18,-20.1,16.0,13711000
1956-03-20,-29.6,60.0,1739900
1956-03-21,-24.6,13.0,1740000
1956-03-22,22.3,29.0,1740100
1956-03-22,-23.9,325.0,1740200
1956-03-23,19.8,372.0,1738500
1956-03-23,-21.0,395.0,1738600
1956-03-24,-16.6,178.0,1740400
1956-03-24,21.4,35.0,13711100
1956-03-25,21.5,155.0,1740300
1956-03-26,-23.2,172.0,1740700
1956-03-26,24.8,16.0,13711200
1956-03-27,17.4,64.0,1739400
1956-03-27,26.7,6.0,1739500
1956-03-29,-24.6,31.0,1740500
1956-03-30,18.7,34.0,1741000
1956-03-31,32.3,112.0,1739800
1956-03-31,-15.8,53.0,1740800
1956-03-31,-12.8,8.0,13720100
1956-04-01,-21.6,43.0,1740900
1956-04-02,21.7,21.0,1741100
1956-04-02,21.7,9.0,1741200
1956-04-02,31.1,15.0,1741300
1956-04-02,-14.9,12.0,1741400
1956-04-03,30.6,9.0,13720200
1956-04-04,27.8,68.0,1740600
1956-04-04,19.0,30.0,1741500
1956-04-07,16.8,33.0,1741700
1956-04-07,-21.3,221.0,1741800
1956-04-09,23.5,30.0,1742000
1956-04-09,-18.9,113.0,1742100
1956-04-09,26.6,29.0,13720300
1956-04-11,20.7,229.0,1742500
1956-04-11,-36.0,105.0,1742600
1956-04-11,-12.8,3.0,13720400
1956-04-12,-24.0,25.0,1742800
1956-04-13,-20.2,14.0,1742200
1956-04-15,-28.9,2.0,1742900
1956-04-16,21.1,22.0,1743000
1956-04-16,31.6,8.0,1743100
1956-04-16,12.7,16.0,1743200
1956-04-17,23.9,335.0,1741600
1956-04-17,25.0,12.0,1743400
1956-04-17,34.1,108.0,1743600
1956-04-18,-15.1,19.0,1743700
1956-04-19,-26.6,27.0,1743900
1956-04-20,20.4,47.0,1741900
1956-04-20,31.7,161.0,1742700
1956-04-20,-19.8,14.0,1744200
1956-04-21,11.0,93.0,1742300
1956-04-21,34.7,149.0,1743300
1956-04-21,-29.8,167.0,1743800
1956-04-22,22.7,304.0,1744400
1956-04-22,-20.6,14.0,13720500
1956-04-23,-33.1,28.0,1742400
1956-04-23,-25.2,195.0,1744100
1956-04-23,-26.1,12.0,1744600
1956-04-24,-24.3,13.0,13720600
1956-04-25,20.1,39.0,1744500
1956-04-25,15.8,23.0,13720700
1956-04-28,24.9,354.0,1743500
1956-04-28,-25.3,45.0,1744300
1956-04-30,16.8,492.0,1745000
1956-05-01,15.4,53.0,1744000
1956-05-01,23.0,68.0,1745100
1956-05-02,17.5,134.0,1745300
1956-05-02,-17.3,8.0,13730100
1956-05-04,-14.6,141.0,1744700
1956-05-04,39.3,14.0,13730200
1956-05-05,-10.7,36.0,1745400
1956-05-05,16.0,8.0,1745700
1956-05-06,-16.8,29.0,1744800
1956-05-06,-21.7,120.0,1745900
1956-05-07,14.5,3.0,1746000
1956-05-07,-27.3,26.0,1746100
1956-05-07,-31.0,116.0,1746200
1956-05-08,-26.0,141.0,1745200
1956-05-08,17.5,18.0,1746400
1956-05-08,-28.1,145.0,1746500
1956-05-08,25.2,8.0,13730300
1956-05-12,-18.2,18.0,1744900
1956-05-14,18.5,466.0,1745500
1956-05-15,24.6,303.0,1745600
1956-05-17,-14.2,72.0,1746300
1956-05-18,-17.8,24.0,1745800
1956-05-18,-18.6,55.0,1747500
1956-05-19,22.6,82.0,1746800
1956-05-20,-25.2,98.0,1747200
1956-05-20,-14.5,11.0,1747700
1956-05-21,30.5,201.0,1746700
1956-05-21,-27.9,116.0,1747300
1956-05-22,-20.5,285.0,1746600
1956-05-22,25.5,396.0,1747100
1956-05-23,29.8,5.0,1747400
1956-05-24,37.6,99.0,1747800
1956-05-24,-25.1,18.0,1748000
1956-05-25,-15.7,27.0,1748100
1956-05-26,24.7,214.0,1746900
1956-05-27,31.2,22.0,1748300
1956-05-28,-25.1,202.0,1747000
1956-05-28,16.4,204.0,1748400
1956-05-28,22.0,447.0,1748500
1956-05-31,-21.0,404.0,1747600
1956-05-31,-21.4,7.0,1747900
1956-05-31,23.1,18.0,1748600
1956-05-31,25.0,161.0,1748700
1956-05-31,-12.1,8.0,13740100
1956-06-02,-14.6,18.0,1748800
1956-06-03,20.5,9.0,13740200
1956-06-04,20.8,42.0,1749000
1956-06-06,-29.2,184.0,1749200
1956-06-07,-14.2,160.0,1748200
1956-06-07,-32.9,58.0,1749300
1956-06-08,-23.6,10.0,1749400
1956-06-10,28.6,20.0,1749600
1956-06-11,-17.2,23.0,1748900
1956-06-11,24.4,169.0,1749800
1956-06-12,-35.3,5.0,13740300
1956-06-13,-23.1,34.0,1749100
1956-06-13,-24.8,28.0,1749900
1956-06-13,-25.1,118.0,1750000
1956-06-13,21.0,36.0,1750100
1956-06-14,-17.7,14.0,1750300
1956-06-14,-17.2,85.0,1750400
1956-06-19,30.6,23.0,1750500
1956-06-21,14.2,10.0,1749500
1956-06-21,-26.7,8.0,13750100
1956-06-22,21.4,9.0,1749700
1956-06-22,-17.0,10.0,1750700
1956-06-22,32.5,4.0,1750800
1956-06-23,31.7,524.0,1750200
1956-06-23,-21.0,9.0,1751000
1956-06-24,23.8,19.0,1751200
1956-06-26,15.5,682.0,1750600
1956-06-26,22.7,19.0,1751300
1956-06-27,-26.1,6.0,1751600
1956-06-28,18.0,20.0,1751400
1956-06-28,28.7,169.0,1751800
1956-06-28,-24.2,15.0,13750200
1956-06-29,-22.7,169.0,1752000
1956-06-29,-19.9,12.0,13750300
1956-06-30,-26.5,268.0,1752100
1956-07-02,20.1,13.0,1752200
1956-07-04,-14.5,53.0,1750900
1956-07-04,-20.7,307.0,1752400
1956-07-05,-30.7,126.0,1751100
1956-07-05,-24.8,15.0,1752600
1956-07-06,15.0,100.0,1752700
1956-07-07,29.9,192.0,1751500
1956-07-07,20.0,15.0,1751700
1956-07-07,18.1,144.0,1752800
1956-07-08,21.6,216.0,1752900
1956-07-08,32.3,40.0,1753000
1956-07-09,-21.8,14.0,1753100
1956-07-10,-15.4,58.0,1751900
1956-07-10,15.4,72.0,1753200
1956-07-11,-12.7,19.0,1753400
1956-07-12,23.9,26.0,1752500
1956-07-13,29.6,8.0,1753600
1956-07-14,21.2,11.0,1753700
1956-07-14,-15.4,149.0,1753800
1956-07-15,25.1,30.0,1753300
1956-07-15,-26.7,43.0,1753500
1956-07-16,19.4,176.0,1752300
1956-07-16,-20.5,113.0,1754100
1956-07-16,27.2,7.0,13750400
1956-07-16,14.9,7.0,13750500
1956-07-17,16.3,210.0,1753900
1956-07-18,-21.5,10.0,1754200
1956-07-20,-21.2,152.0,1754400
1956-07-22,-11.9,26.0,1754500
1956-07-23,-33.0,13.0,1754300
1956-07-23,-14.3,4.0,13760100
1956-07-25,27.4,346.0,1754000
1956-07-26,-24.1,116.0,1754800
1956-07-27,-31.8,60.0,1754900
1956-07-27,-26.9,43.0,1755000
1956-07-28,-27.0,45.0,1755300
1956-07-28,22.8,27.0,1755400
1956-07-30,21.2,24.0,1755100
1956-07-31,25.5,123.0,1754600
1956-08-01,22.8,28.0,1755700
1956-08-01,-21.6,21.0,1755800
1956-08-01,16.1,156.0,1755900
1956-08-02,25.3,112.0,1756000
1956-08-05,24.3,73.0,1754700
1956-08-05,14.2,13.0,1756100
1956-08-05,22.5,390.0,1756200
1956-08-06,-20.6,8.0,1756300
1956-08-07,-15.6,122.0,1755200
1956-08-07,21.6,72.0,1756500
1956-08-07,23.9,110.0,1756600
1956-08-09,-20.4,27.0,1756800
1956-08-09,27.1,21.0,1756900
1956-08-11,29.1,15.0,1757000
1956-08-11,-15.2,97.0,1757100
1956-08-12,17.5,140.0,1755500
1956-08-12,14.2,249.0,1755600
1956-08-13,25.9,50.0,1756400
1956-08-13,-27.3,9.0,1757200
1956-08-13,20.6,293.0,1757300
1956-08-15,26.9,74.0,1757400
1956-08-17,23.5,43.0,1758000
1956-08-17,-22.3,307.0,1758100
1956-08-17,-19.7,129.0,1758200
1956-08-17,20.9,27.0,13770100
1956-08-18,-26.6,32.0,1758400
1956-08-19,-20.7,3.0,1758300
1956-08-19,-16.6,3.0,1758600
1956-08-19,-12.2,28.0,1758700
1956-08-19,-31.7,6.0,13770200
1956-08-20,-13.8,96.0,1756700
1956-08-21,36.9,170.0,1757500
1956-08-21,19.9,9.0,1758900
1956-08-22,-23.5,57.0,1759100
1956-08-23,28.1,26.0,1759200
1956-08-24,-13.4,8.0,13770300
1956-08-25,-26.1,42.0,1757800
1956-08-25,26.5,11.0,13770400
1956-08-25,-16.3,11.0,13770500
1956-08-26,-19.3,104.0,1757900
1956-08-26,-15.5,26.0,1759400
1956-08-26,-28.7,32.0,1759600
1956-08-26,17.6,171.0,1759700
1956-08-27,-20.2,148.0,1757600
1956-08-27,26.4,110.0,1759000
1956-08-27,-29.3,137.0,1759300
1956-08-27,-21.9,9.0,1759900
1956-08-27,18.8,19.0,1760000
1956-08-27,-27.3,11.0,1760100
1956-08-27,-19.7,99.0,1760200
1956-08-27,13.8,336.0,1760300
1956-08-28,25.5,145.0,1758500
1956-08-28,-34.5,4.0,13770600
1956-08-28,-13.4,5.0,13770700
1956-08-29,-22.4,11.0,1759800
1956-08-29,11.0,4.0,1760500
1956-08-30,47.8,34.0,1757700
1956-08-31,31.7,285.0,1758800
1956-09-02,18.1,12.0,1760900
1956-09-02,-13.7,22.0,1761000
1956-09-03,20.5,8.0,1760600
1956-09-03,9.1,9.0,1761100
1956-09-04,24.3,44.0,1759500
1956-09-04,28.9,8.0,13770800
1956-09-04,19.7,17.0,13770900
1956-09-05,-23.6,755.0,1761300
1956-09-05,-28.2,10.0,13771000
1956-09-06,12.4,6.0,1761500
1956-09-06,-20.4,14.0,13771100
1956-09-07,22.0,65.0,1760700
1956-09-07,-32.2,6.0,1761400
1956-09-07,24.8,24.0,1761700
1956-09-07,-20.1,9.0,13771200
1956-09-08,15.7,28.0,1761600
1956-09-08,25.8,4.0,1761800
1956-09-08,-14.7,8.0,13771300
1956-09-09,31.9,101.0,1760400
1956-09-09,20.3,15.0,1760800
1956-09-09,-23.7,269.0,1761900
1956-09-10,-21.7,15.0,1762000
1956-09-10,-18.2,278.0,1762100
1956-09-10,23.6,43.0,1762200
1956-09-10,29.7,1.0,13780100
1956-09-11,-18.1,3.0,1762300
1956-09-12,20.6,47.0,1762700
1956-09-12,27.8,22.0,1763000
1956-09-12,-30.5,139.0,1763100
1956-09-13,-25.3,9.0,1762500
1956-09-13,25.3,54.0,1763300
1956-09-13,-12.5,195.0,1763400
1956-09-13,-14.4,5.0,13780200
1956-09-13,-30.9,8.0,13780300
1956-09-13,28.2,4.0,13780400
1956-09-13,-26.5,2.0,13780500
1956-09-14,31.1,301.0,1763600
1956-09-15,-15.4,169.0,1761200
1956-09-15,21.7,282.0,1762600
1956-09-16,25.9,158.0,1764000
1956-09-17,15.7,148.0,1763500
1956-09-17,-29.7,17.0,1763700
1956-09-18,45.4,27.0,1763200
1956-09-19,-14.2,9.0,1764300
1956-09-20,-25.1,7.0,1764100
1956-09-20,-20.8,28.0,1764400
1956-09-20,22.6,136.0,1764800
1956-09-20,19.9,6.0,13780600
1956-09-21,21.0,47.0,1762800
1956-09-22,-15.8,154.0,1762400
1956-09-22,10.5,43.0,1764200
1956-09-22,-11.8,9.0,1764500
1956-09-22,-16.9,5.0,1764900
1956-09-22,21.5,2.0,13780700
1956-09-23,-20.9,31.0,1762900
1956-09-23,-14.5,49.0,1765000
1956-09-23,-28.0,419.0,1765100
1956-09-23,-17.2,29.0,13780800
1956-09-23,34.9,3.0,13780900
1956-09-23,35.6,13.0,13781000
1956-09-25,-27.6,16.0,1765200
1956-09-25,20.6,400.0,1765300
1956-09-25,33.4,44.0,1765400
1956-09-27,-21.7,172.0,1763800
1956-09-27,21.5,20.0,1763900
1956-09-27,-15.3,13.0,1764600
1956-09-27,12.3,158.0,1764700
1956-09-27,31.5,87.0,1765500
1956-09-27,22.3,5.0,13781100
1956-09-28,38.4,21.0,1765800
1956-09-28,-18.8,13.0,13781200
1956-09-30,45.4,14.0,1765600
1956-09-30,16.9,148.0,1765700
1956-09-30,34.2,15.0,1765900
1956-09-30,-26.6,24.0,1766000
1957-01-01,-16.1,52.0,1780900
1957-01-01,24.8,10.0,13820300
1957-01-02,5.0,10.0,1781100
1957-01-02,-12.9,200.0,1781200
1957-01-03,-29.7,27.0,1781300
1957-01-03,-22.6,979.0,1781400
1957-01-04,34.1,409.0,1779700
1957-01-04,-20.8,115.0,1781500
1957-01-04,-28.8,82.0,1781700
1957-01-05,-10.5,29.0,1780400
1957-01-05,33.8,15.0,1780700
1957-01-06,24.0,27.0,1779900
1957-01-06,27.5,446.0,1780500
1957-01-06,-18.4,63.0,1781800
1957-01-07,-16.3,117.0,1781900
1957-01-07,-15.6,7.0,1782200
1957-01-08,-19.5,150.0,1780200
1957-01-09,17.9,603.0,1780300
1957-01-09,27.8,76.0,1780800
1957-01-09,-23.6,20.0,1782100
1957-01-09,-11.9,11.0,13820400
1957-01-10,-11.1,39.0,1782300
1957-01-10,-19.4,23.0,1782400
1957-01-10,-15.2,13.0,1782500
1957-01-11,13.7,230.0,1782600
1957-01-11,-9.0,54.0,1782700
1957-01-12,-20.1,106.0,1781000
1957-01-12,13.1,42.0,1782000
1957-01-13,-30.7,5.0,13820500
1957-01-15,-16.4,31.0,1781600
1957-01-15,-16.2,10.0,13820600
1957-01-16,-11.5,73.0,1782800
1957-01-16,-24.8,15.0,1783000
1957-01-16,29.3,8.0,13820700
1957-01-17,-24.4,12.0,1783100
1957-01-17,-13.9,61.0,1783400
1957-01-17,16.2,17.0,1783500
1957-01-17,10.8,162.0,1783600
1957-01-18,43.8,213.0,1783900
1957-01-18,19.0,15.0,13820800
1957-01-20,24.0,15.0,1783700
1957-01-21,24.1,128.0,1784000
1957-01-22,23.1,30.0,1784500
1957-01-23,-31.0,10.0,1784100
1957-01-23,9.4,38.0,13830100
1957-01-23,-11.1,21.0,13830200
1957-01-24,-20.5,67.0,1783200
1957-01-24,23.1,32.0,13830300
1957-01-24,42.9,14.0,13830400
1957-01-25,-27.0,276.0,1782900
1957-01-25,17.4,26.0,1784800
1957-01-25,-21.2,10.0,13830500
1957-01-26,-18.8,73.0,1784700
1957-01-26,-17.4,51.0,1784900
1957-01-27,-24.9,27.0,1784200
1957-01-27,26.6,13.0,1784300
1957-01-28,15.7,233.0,1783300
1957-01-28,-5.9,8.0,1785100
1957-01-30,-15.5,64.0,1783800
1957-01-30,14.7,32.0,13830600
1957-01-31,-18.1,15.0,1785400
1957-01-31,-20.4,16.0,13830700
1957-02-01,18.8,23.0,1785200
1957-02-01,-25.0,9.0,13830800
1957-02-02,33.4,52.0,1784400
1957-02-03,-13.7,12.0,1786100
1957-02-04,-20.3,101.0,1784600
1957-02-05,14.7,40.0,1785000
1957-02-05,-20.8,13.0,1785800
1957-02-05,-26.0,355.0,1786300
1957-02-06,-21.7,10.0,1786400
1957-02-06,15.3,8.0,13830900
1957-02-07,14.3,139.0,1786600
1957-02-08,-25.2,29.0,1785600
1957-02-08,-15.4,10.0,1785900
1957-02-08,7.2,18.0,1786800
1957-02-08,-25.4,16.0,1786900
1957-02-10,16.0,14.0,1785500
1957-02-10,18.2,5.0,1787000
1957-02-10,-23.6,7.0,13831000
1957-02-10,-26.9,2.0,13831100
1957-02-11,-19.8,243.0,1785300
1957-02-11,-12.8,7.0,1786500
1957-02-12,24.6,6.0,1786700
1957-02-12,-22.8,25.0,1787100
1957-02-12,8.5,54.0,1787200
1957-02-12,15.0,101.0,1787300
1957-02-12,-24.2,19.0,13831200
1957-02-13,-20.9,25.0,1786000
1957-02-14,-15.0,149.0,1785700
1957-02-14,14.1,15.0,1787400
1957-02-14,12.9,43.0,1787600
1957-02-16,-25.9,378.0,1786200
1957-02-19,-10.0,90.0,1787900
1957-02-21,-9.7,33.0,1788000
1957-02-21,17.9,85.0,1788200
1957-02-22,18.7,12.0,1788500
1957-02-25,9.6,114.0,1787500
1957-02-25,-22.0,327.0,1787700
1957-02-25,-29.5,4.0,1788900
1957-02-25,-7.5,25.0,1789000
1957-02-25,-17.3,9.0,13840100
1957-02-26,-17.3,5.0,1789100
1957-02-26,-7.9,6.0,13840200
1957-02-27,-29.0,110.0,1787800
1957-02-27,15.0,13.0,1788300
1957-02-27,17.9,6.0,1788800
1957-02-27,-34.3,7.0,1789200
1957-02-27,-10.1,144.0,1789300
1957-02-27,-20.2,5.0,13840300
1957-02-28,-37.2,34.0,1788600
1957-02-28,-12.7,44.0,1789500
1957-02-28,-20.4,292.0,1789600
1957-03-01,-13.4,3.0,13840400
1957-03-02,-15.0,55.0,1788100
1957-03-02,13.9,248.0,1788400
1957-03-04,-26.9,67.0,1790000
1957-03-05,-8.2,21.0,1790100
1957-03-06,32.9,145.0,1788700
1957-03-06,-14.4,13.0,1789700
1957-03-06,-18.5,73.0,1790200
1957-03-06,-23.5,24.0,1790300
1957-03-07,20.7,58.0,1789400
1957-03-07,17.0,51.0,1790400
1957-03-07,-16.7,420.0,1790500
1957-03-07,-39.6,12.0,13840500
1957-03-08,10.3,97.0,1790600
1957-03-08,-24.5,38.0,1790700
1957-03-09,-37.9,29.0,1791000
1957-03-10,30.9,13.0,1789800
1957-03-11,15.5,23.0,1791400
1957-03-11,9.6,41.0,1791500
1957-03-12,-27.8,4.0,1791700
1957-03-12,-21.3,63.0,1791800
1957-03-12,-23.4,14.0,1791900
1957-03-13,-13.2,158.0,1789900
1957-03-13,-11.8,6.0,1790800
1957-03-13,-25.3,13.0,1790900
1957-03-13,-16.3,17.0,1791200
1957-03-13,-21.2,17.0,1791300
1957-03-14,16.8,12.0,1791600
1957-03-15,32.5,32.0,1792100
1957-03-15,-31.2,16.0,1792200
1957-03-15,-25.5,7.0,13840600
1957-03-15,21.0,3.0,13840700
1957-03-15,-14.8,4.0,13840800
1957-03-16,33.8,331.0,1792300
1957-03-17,-14.6,190.0,1792400
1957-03-18,41.3,8.0,13840900
1957-03-18,25.9,6.0,13841000
1957-03-20,11.8,19.0,1792000
1957-03-21,-26.6,11.0,1792500
1957-03-21,26.9,30.0,1792800
1957-03-22,-20.6,11.0,1791100
1957-03-22,39.3,59.0,1793000
1957-03-22,-18.4,44.0,1793100
1957-03-22,10.2,248.0,1793200
1957-03-23,12.8,37.0,1792600
1957-03-23,19.1,11.0,1792900
1957-03-23,32.0,178.0,1793300
1957-03-24,-22.5,4.0,13850100
1957-03-26,23.7,25.0,1793600
1957-03-26,20.7,9.0,1793700
1957-03-26,9.7,5.0,13850200
1957-03-26,-20.8,4.0,13850300
1957-03-28,-26.9,4.0,1793800
1957-03-28,20.7,15.0,1794000
1957-03-30,-11.7,8.0,1794200
1957-03-30,-12.8,29.0,13850400
1957-03-31,9.1,5.0,13850500
1957-04-01,-14.1,639.0,1792700
1957-04-01,30.1,75.0,1793400
1957-04-01,15.4,7.0,1794400
1957-04-01,-22.5,14.0,1794500
1957-04-01,-20.2,148.0,1794600
1957-04-02,9.4,10.0,1794900
1957-04-02,-13.1,13.0,13850600
1957-04-04,27.5,171.0,1794100
1957-04-04,-12.1,24.0,1794700
1957-04-05,-15.6,99.0,1793500
1957-04-05,12.8,9.0,1793900
1957-04-05,10.8,11.0,1795300
1957-04-05,-19.9,172.0,1795400
1957-04-05,-13.2,14.0,13850700
1957-04-06,16.6,31.0,1795000
1957-04-06,23.3,217.0,1795100
1957-04-06,-18.7,7.0,13850800
1957-04-08,15.5,33.0,1795900
1957-04-09,-21.9,23.0,1794800
1957-04-09,12.9,305.0,1795500
1957-04-11,-22.6,31.0,1794300
1957-04-12,23.0,214.0,1795200
1957-04-12,12.1,33.0,1796100
1957-04-12,-24.7,50.0,1796200
1957-04-13,-25.8,115.0,1795600
1957-04-13,25.3,154.0,1795800
1957-04-13,-46.1,4.0,1796300
1957-04-13,-17.8,119.0,1796500
1957-04-14,-18.8,83.0,1795700
1957-04-14,11.2,13.0,1796000
1957-04-15,14.7,12.0,1797100
1957-04-15,-13.1,17.0,1797200
1957-04-15,14.8,10.0,13850900
1957-04-16,-18.4,17.0,1797300
1957-04-16,-15.6,281.0,1797500
1957-04-16,-41.1,13.0,13860100
1957-04-17,31.0,32.0,1796800
1957-04-17,28.0,1000.0,1797600
1957-04-17,-17.0,50.0,1797700
1957-04-17,-13.6,116.0,1797800
1957-04-19,-22.7,83.0,1796600
1957-04-19,8.9,14.0,1798000
1957-04-19,-16.3,12.0,1798100
1957-04-20,-26.2,241.0,1798300
1957-04-20,10.1,102.0,13860200
1957-04-21,34.3,37.0,1796900
1957-04-21,25.4,103.0,1798500
1957-04-22,-28.1,7.0,1797000
1957-04-22,-21.3,13.0,13860300
1957-04-23,-18.4,4.0,1798600
1957-04-23,23.5,7.0,13860400
1957-04-24,26.0,28.0,1796400
1957-04-24,-19.1,36.0,1798900
1957-04-24,-4.0,425.0,1799000
1957-04-24,-11.1,268.0,1799100
1957-04-25,17.3,15.0,1796700
1957-04-25,19.3,32.0,1799200
1957-04-25,15.5,64.0,1799300
1957-04-26,25.3,145.0,1799400
1957-04-26,-15.1,10.0,13860500
1957-04-27,-14.0,34.0,1798200
1957-04-27,21.7,22.0,1799500
1957-04-28,-12.1,76.0,1797400
1957-04-28,-11.0,23.0,1798400
1957-04-28,26.3,26.0,1799700
1957-04-28,24.3,37.0,1799800
1957-04-29,26.0,35.0,1799600
1957-04-29,-11.9,20.0,13860600
1957-04-30,-14.4,146.0,1797900
1957-04-30,-27.7,34.0,1799900
1957-04-30,-25.1,12.0,1800000
1957-04-30,-1.4,7.0,13860700
1957-05-01,-28.2,22.0,1799901
1957-05-01,-26.4,5.0,1800001
1957-05-02,12.8,139.0,1800300
1957-05-02,-15.8,24.0,13860800
1957-05-02,-9.5,17.0,13860900
1957-05-03,-11.0,253.0,1798700
1957-05-03,-17.2,117.0,1798800
1957-05-03,-6.3,62.0,1799003
1957-05-03,18.0,34.0,1800100
1957-05-03,-19.3,111.0,1800203
1957-05-03,-25.6,254.0,1800403
1957-05-03,-15.7,25.0,1800500
1957-05-03,-13.2,40.0,13861000
1957-05-04,-6.0,85.0,1799004
1957-05-04,25.1,4.0,1799804
1957-05-04,-19.9,10.0,1800200
1957-05-04,13.4,68.0,1800304
1957-05-04,-25.2,380.0,1800404
1957-05-04,-27.4,374.0,1800600
1957-05-05,-24.8,499.0,1800405
1957-05-05,-19.1,17.0,1800700
1957-05-06,-25.0,421.0,1800406
1957-05-06,6.5,6.0,1800900
1957-05-07,-24.9,375.0,1800407
1957-05-09,-27.6,88.0,1800400
1957-05-09,21.3,186.0,1801100
1957-05-09,-17.6,5.0,13861100
1957-05-10,19.0,140.0,1801200
1957-05-11,-11.8,206.0,1801300
1957-05-11,-16.7,232.0,1801400
1957-05-12,-25.6,11.0,13861200
1957-05-12,-25.3,5.0,13861300
1957-05-14,21.8,22.0,1801800
1957-05-14,-22.7,183.0,1801900
1957-05-14,7.5,31.0,1802000
1957-05-15,-18.7,42.0,1801000
1957-05-15,9.4,153.0,1802200
1957-05-17,10.8,288.0,1800800
1957-05-17,-38.9,14.0,1802300
1957-05-18,-17.0,712.0,1801600
1957-05-20,-10.6,23.0,1802100
1957-05-20,-19.2,13.0,1802800
1957-05-20,-10.3,257.0,1802900
1957-05-20,37.2,6.0,13870100
1957-05-21,27.2,136.0,1802400
1957-05-21,14.8,5.0,1802700
1957-05-21,21.1,461.0,1803200
1957-05-21,-7.5,6.0,13870200
1957-05-23,-16.5,12.0,13870300
1957-05-24,-13.7,92.0,1801500
1957-05-24,-17.6,327.0,1801700
1957-05-24,21.9,12.0,1803800
1957-05-25,-12.0,9.0,1803000
1957-05-26,-14.0,9.0,1803600
1957-05-26,-23.8,296.0,1803900
1957-05-26,-19.4,3.0,13870400
1957-05-26,-12.5,8.0,13870500
1957-05-27,-25.1,8.0,13870600
1957-05-28,-19.6,211.0,1803300
1957-05-28,-13.7,4.0,13870700
1957-05-29,-15.5,331.0,1804100
1957-05-30,-9.3,148.0,1802500
1957-05-30,15.7,14.0,1802600
1957-05-30,38.1,7.0,13870800
1957-05-31,-19.3,36.0,1803100
1957-05-31,25.0,721.0,1803700
1957-05-31,-11.1,33.0,1804000
1957-05-31,27.6,20.0,1804200
1957-05-31,39.0,11.0,13870900
1957-06-01,19.5,120.0,1803400
1957-06-01,-24.3,98.0,1804700
1957-06-01,-17.7,7.0,13871000
1957-06-02,13.9,64.0,1804800
1957-06-03,-23.8,8.0,1804400
1957-06-03,-16.6,24.0,1805200
1957-06-03,-3.6,10.0,13871100
1957-06-05,-23.2,122.0,1803500
1957-06-06,18.9,110.0,1805400
1957-06-07,-16.4,80.0,1804300
1957-06-07,-17.3,8.0,1805300
1957-06-07,-35.6,17.0,13871200
1957-06-07,-10.7,17.0,13871300
1957-06-08,22.3,5.0,1805600
1957-06-08,31.9,1097.0,1805700
1957-06-09,10.3,550.0,1805000
1957-06-09,18.3,3.0,13880100
1957-06-10,-24.2,134.0,1805100
1957-06-10,-17.7,8.0,1805900
1957-06-10,-15.5,10.0,1806000
1957-06-10,-19.6,27.0,1806100
1957-06-12,-18.1,32.0,1806300
1957-06-12,10.9,74.0,1806400
1957-06-12,-23.1,16.0,13880200
1957-06-13,10.9,306.0,1804500
1957-06-13,-26.3,86.0,1804600
1957-06-13,-29.5,764.0,1805500
1957-06-13,-12.8,16.0,1806500
1957-06-13,-21.0,111.0,1806600
1957-06-13,-16.9,180.0,1806700
1957-06-14,-17.0,243.0,1804900
1957-06-14,-36.6,171.0,1806800
1957-06-15,-27.5,60.0,1806200
1957-06-15,27.1,138.0,1807000
1957-06-15,18.9,244.0,1807100
1957-06-15,48.7,12.0,13880300
1957-06-16,-13.5,61.0,1807200
1957-06-17,28.2,44.0,1807500
1957-06-17,-22.0,14.0,13880400
1957-06-18,10.7,44.0,1805800
1957-06-18,-15.7,8.0,13880500
1957-06-19,-11.5,20.0,1806900
1957-06-19,35.6,8.0,1807700
1957-06-20,-17.3,25.0,13880600
1957-06-20,44.8,30.0,13880700
1957-06-21,11.6,24.0,1807900
1957-06-22,50.3,194.0,1808000
1957-06-23,-16.3,85.0,1807400
1957-06-23,20.9,7.0,1808200
1957-06-23,25.9,21.0,13880800
1957-06-24,22.6,27.0,1808100
1957-06-25,-21.1,10.0,1808500
1957-06-26,33.6,8.0,13880900
1957-06-27,26.0,11.0,1808300
1957-06-27,13.9,9.0,1808800
1957-06-27,-23.2,27.0,1808900
1957-06-28,11.9,305.0,1809100
1957-06-29,22.1,440.0,1807300
1957-06-29,-29.7,2154.0,1809200
1957-06-29,-16.7,216.0,1809300
1957-06-30,21.8,48.0,1807600
1957-07-01,-21.5,720.0,1807800
1957-07-01,13.0,285.0,1809600
1957-07-02,-15.0,7.0,13881000
1957-07-04,11.9,121.0,1809700
1957-07-04,25.3,4.0,1809800
1957-07-04,-11.9,576.0,1809900
1957-07-04,-11.5,4.0,13881100
1957-07-06,10.3,254.0,1808400
1957-07-06,-15.1,13.0,1808600
1957-07-06,27.1,17.0,1809500
1957-07-06,-22.3,16.0,1810100
1957-07-07,-24.6,10.0,1810000
1957-07-07,-12.3,6.0,13890100
1957-07-08,-11.7,451.0,1808700
1957-07-09,-14.0,59.0,1809000
1957-07-09,-13.4,39.0,1810400
1957-07-09,8.3,30.0,1810500
1957-07-09,-13.1,5.0,13890200
1957-07-09,-17.8,3.0,13890300
1957-07-10,11.0,1.0,13890400
1957-07-11,12.7,8.0,1809400
1957-07-11,25.1,145.0,1810300
1957-07-12,-35.7,85.0,1810800
1957-07-12,-19.4,8.0,13890500
1957-07-13,13.7,293.0,1810900
1957-07-13,-40.2,9.0,1811000
1957-07-14,21.7,13.0,1811200
1957-07-14,21.7,250.0,1811300
1957-07-14,26.0,230.0,1811400
1957-07-15,-37.2,24.0,1811600
1957-07-15,25.6,90.0,1811700
1957-07-16,19.8,37.0,1811100
1957-07-16,26.7,45.0,1811500
1957-07-16,-34.3,31.0,1812000
1957-07-16,30.0,476.0,1812100
1957-07-16,-22.7,254.0,1812200
1957-07-17,-42.8,10.0,1812500
1957-07-17,-25.5,11.0,13890600
1957-07-18,34.5,12.0,1810200
1957-07-19,9.5,241.0,1812800
1957-07-20,-31.7,413.0,1810600
1957-07-20,14.6,64.0,1812900
1957-07-20,21.2,39.0,1813000
1957-07-20,-38.6,3.0,13890700
1957-07-21,-14.4,17.0,1812300
1957-07-22,11.6,11.0,1811800
1957-07-23,-17.6,141.0,1810700
1957-07-23,-11.7,7.0,1812600
1957-07-23,-13.1,359.0,1813200
1957-07-25,-9.3,81.0,1811900
1957-07-25,-17.6,43.0,1812400
1957-07-25,12.9,707.0,1813100
1957-07-25,-26.1,5.0,13890800
1957-07-25,-13.9,12.0,13890900
1957-07-26,15.4,7.0,1813300
1957-07-26,-23.8,5.0,1813400
1957-07-26,-18.1,3.0,13891000
1957-07-27,-29.8,655.0,1813700
1957-07-28,-1.6,26.0,1813800
1957-07-29,10.6,32.0,1814000
1957-07-29,-14.8,3.0,13891100
1957-07-30,32.9,243.0,1812700
1957-07-30,6.4,9.0,1814200
1957-07-31,9.3,7.0,1813500
1957-08-01,13.1,821.0,1813900
1957-08-01,-17.8,2.0,13891200
1957-08-02,25.3,6.0,13900100
1957-08-02,31.0,20.0,13900200
1957-08-03,25.5,6.0,1814500
1957-08-03,-16.2,10.0,1814700
1957-08-04,-35.2,7.0,13900300
1957-08-05,-16.4,26.0,1814600
1957-08-05,-20.7,69.0,1814900
1957-08-05,-13.7,44.0,1815000
1957-08-06,-34.5,179.0,1815500
1957-08-06,27.1,4.0,13900400
1957-08-07,-25.6,274.0,1813600
1957-08-07,34.1,14.0,1814300
1957-08-07,12.8,11.0,1814800
1957-08-07,29.9,12.0,1815200
1957-08-07,11.8,165.0,1815600
1957-08-08,14.4,32.0,1815400
1957-08-08,-21.5,4.0,13900500
1957-08-09,-17.7,19.0,1815800
1957-08-09,-9.2,121.0,1815900
1957-08-09,11.8,24.0,1816000
1957-08-09,-10.8,9.0,13900600
1957-08-10,27.1,340.0,1814100
1957-08-10,15.4,13.0,1815100
1957-08-11,-13.2,19.0,1815300
1957-08-11,21.8,179.0,1816200
1957-08-12,9.4,174.0,1814400
1957-08-13,-32.1,273.0,1816500
1957-08-13,-23.1,37.0,1816600
1957-08-13,-31.6,12.0,13900700
1957-08-13,-31.5,2.0,13900800
1957-08-14,33.7,90.0,1816700
1957-08-15,-17.8,14.0,13900900
1957-08-16,10.7,125.0,1817000
1957-08-16,-17.8,3.0,13901000
1957-08-16,25.3,10.0,13901100
1957-08-16,14.8,10.0,13901200
1957-08-16,30.6,12.0,13901300
1957-08-17,-15.1,683.0,1816100
1957-08-17,-29.5,12.0,1816400
1957-08-17,15.8,30.0,1817200
1957-08-18,14.2,69.0,1815700
1957-08-18,10.3,78.0,1817300
1957-08-18,21.5,6.0,13901400
1957-08-19,27.1,6.0,13901500
1957-08-20,-9.3,9.0,1816300
1957-08-20,-22.0,7.0,13901600
1957-08-21,14.2,32.0,1817500
1957-08-22,-22.8,17.0,1816800
1957-08-22,15.1,5.0,1817600
1957-08-23,-13.1,11.0,1817900
1957-08-24,-22.2,16.0,1816900
1957-08-24,-26.8,10.0,1817800
1957-08-24,11.8,31.0,13901700
1957-08-24,-28.9,18.0,13901800
1957-08-25,-29.4,629.0,1818100
1957-08-25,23.8,754.0,1818200
1957-08-25,13.4,262.0,1818300
1957-08-26,16.1,87.0,1818500
1957-08-27,16.2,451.0,1817100
1957-08-27,25.7,40.0,1818600
1957-08-28,-8.6,18.0,1818400
1957-08-29,-20.9,8.0,1818700
1957-08-29,-28.9,10.0,13901900
1957-08-31,-13.2,31.0,1817400
1957-09-01,-25.4,465.0,1817700
1957-09-01,-20.7,16.0,13910100
1957-09-02,-8.9,170.0,1819000
1957-09-02,-27.5,20.0,13910200
1957-09-03,-27.3,6.0,13910300
1957-09-04,13.0,267.0,1818000
1957-09-04,12.1,381.0,1819200
1957-09-05,15.0,220.0,1818800
1957-09-05,-16.5,261.0,1818900
1957-09-06,-17.1,12.0,13910400
1957-09-08,-20.6,107.0,1819900
1957-09-08,25.7,3.0,13910500
1957-09-09,-14.5,9.0,1819300
1957-09-09,31.7,11.0,1819600
1957-09-09,13.9,15.0,13910600
1957-09-09,-17.6,6.0,13910700
1957-09-10,-44.7,29.0,1820100
1957-09-11,-24.0,14.0,1820400
1957-09-12,12.7,8.0,1820200
1957-09-13,-24.5,228.0,1819100
1957-09-13,-23.8,49.0,1820800
1957-09-14,40.5,72.0,1821000
1957-09-15,-7.4,21.0,1820000
1957-09-16,-13.1,312.0,1819500
1957-09-17,9.1,122.0,1819400
1957-09-17,-15.6,573.0,1819700
1957-09-18,-17.8,7.0,13910800
1957-09-19,-8.0,1.0,1821200
1957-09-19,-18.0,152.0,1821500
1957-09-20,-41.4,106.0,1819800
1957-09-20,24.2,26.0,1820600
1957-09-20,-22.6,220.0,1821300
1957-09-20,13.9,449.0,1821700
1957-09-20,-15.6,9.0,13910900
1957-09-20,13.0,2.0,13911000
1957-09-21,-14.7,38.0,1820300
1957-09-21,8.2,4.0,1822100
1957-09-21,23.0,59.0,1822200
1957-09-21,20.1,220.0,1822300
1957-09-21,13.1,153.0,1822400
1957-09-21,25.9,43.0,1822500
1957-09-22,-27.5,144.0,1822600
1957-09-23,14.8,76.0,1820500
1957-09-23,13.0,216.0,1820700
1957-09-23,17.2,14.0,1821800
1957-09-23,11.4,49.0,1822800
1957-09-24,15.8,748.0,1822900
1957-09-24,-17.9,13.0,13911100
1957-09-24,-4.8,9.0,13911200
1957-09-25,9.3,792.0,1821100
1957-09-25,-17.9,105.0,1821400
1957-09-25,-23.6,142.0,1821900
1957-09-26,26.5,87.0,1820900
1957-09-26,11.8,4.0,1822700
1957-09-26,21.7,8.0,1823200
1957-09-26,-29.1,24.0,13920100
1957-09-27,10.0,263.0,1821600
1957-09-27,-9.3,7.0,1822000
1957-09-27,27.7,5.0,1823300
1957-09-27,-29.2,8.0,1823400
1957-09-27,20.8,7.0,1823500
1957-09-27,27.8,63.0,1823600
1957-09-27,45.6,17.0,13920200
1957-09-27,-29.3,7.0,13920300
1957-09-27,-23.0,8.0,13920400
1957-09-28,8.6,9.0,1823700
1957-09-28,-14.7,27.0,1823800
1957-09-28,-23.6,488.0,1823900
1957-09-28,-15.8,9.0,13920500
1957-09-29,-13.6,31.0,1823000
1957-09-29,-15.1,25.0,1824000
1957-09-30,21.2,22.0,1823100
1957-09-30,41.2,10.0,1824100
1957-09-30,-5.9,60.0,1824200
1957-09-30,22.8,12.0,13920600
1958-01-01,-18.7,102.0,1841300
1958-01-01,-25.2,9.0,1842300
1958-01-01,5.3,11.0,1842500
1958-01-01,-5.3,28.0,1843300
1958-01-01,30.8,77.0,1843500
1958-01-01,3.6,71.0,1843600
1958-01-01,-22.0,23.0,1843700
1958-01-01,11.2,600.0,1843800
1958-01-01,-16.4,192.0,1843900
1958-01-02,13.5,228.0,1841500
1958-01-02,-2.5,69.0,1841700
1958-01-04,23.0,17.0,1843400
1958-01-04,-18.1,262.0,1844200
1958-01-05,-9.2,250.0,1842200
1958-01-05,-24.0,697.0,1842700
1958-01-05,-13.0,12.0,1843100
1958-01-05,14.3,22.0,1844400
1958-01-05,-10.8,484.0,1844500
1958-01-06,17.4,277.0,1842400
1958-01-06,25.3,118.0,1844600
1958-01-07,-19.4,11.0,1843200
1958-01-07,11.8,5.0,13951000
1958-01-08,20.9,17.0,1842800
1958-01-08,15.8,80.0,1843000
1958-01-08,-23.6,62.0,1844000
1958-01-09,25.6,8.0,1844900
1958-01-09,24.8,62.0,1845000
1958-01-09,28.8,222.0,1845100
1958-01-09,3.4,7.0,13951100
1958-01-10,12.7,22.0,1845500
1958-01-10,15.0,13.0,1845600
1958-01-10,-5.1,227.0,1845700
1958-01-10,-11.3,3.0,13951200
1958-01-10,-15.0,11.0,13951300
1958-01-11,33.6,11.0,1845300
1958-01-11,11.8,16.0,13951400
1958-01-12,17.5,94.0,1844300
1958-01-12,-39.9,40.0,1844700
1958-01-12,-20.5,5.0,13951500
1958-01-13,26.0,28.0,1845800
1958-01-13,21.2,25.0,1846200
1958-01-13,-23.5,3.0,13960100
1958-01-14,16.9,23.0,1846300
1958-01-14,20.8,406.0,1846400
1958-01-14,-15.6,53.0,1846500
1958-01-14,-16.1,21.0,13960200
1958-01-16,-28.6,212.0,1844100
1958-01-16,4.5,7.0,1846900
1958-01-16,-16.9,33.0,1847000
1958-01-17,-19.0,11.0,1844800
1958-01-17,20.8,60.0,1846100
1958-01-17,23.0,162.0,1847100
1958-01-17,27.5,220.0,1847200
1958-01-17,-12.2,36.0,1847300
1958-01-17,20.5,98.0,1847400
1958-01-17,-20.2,179.0,1847500
1958-01-18,-13.9,153.0,1846600
1958-01-18,-12.3,27.0,1846700
1958-01-18,31.4,20.0,1847700
1958-01-18,28.2,298.0,1847800
1958-01-18,-12.3,22.0,13960300
1958-01-18,-17.8,19.0,13960400
1958-01-18,22.3,3.0,13960500
1958-01-19,-20.5,437.0,1845400
1958-01-20,-16.6,9.0,1848100
1958-01-20,18.8,3.0,13960600
1958-01-21,-23.1,28.0,1845200
1958-01-21,-6.7,132.0,1845900
1958-01-21,-19.6,15.0,1848300
1958-01-22,18.4,190.0,1848500
1958-01-22,14.4,15.0,13960700
1958-01-22,-8.3,13.0,13960800
1958-01-23,11.4,647.0,1846000
1958-01-23,18.2,3.0,1847600
1958-01-23,-12.9,15.0,1848400
1958-01-23,-27.8,17.0,1848600
1958-01-23,-23.8,6.0,13960900
1958-01-24,39.1,8.0,1848000
1958-01-25,21.2,32.0,1848900
1958-01-26,-24.7,582.0,1847900
1958-01-26,18.7,275.0,1849000
1958-01-26,-25.9,47.0,1849100
1958-01-27,23.7,65.0,1846800
1958-01-28,-13.9,5.0,13961000
1958-01-29,-13.6,15.0,13961100
1958-01-31,25.7,199.0,1849500
1958-01-31,-14.8,110.0,1849600
1958-02-01,-8.4,37.0,1848200
1958-02-01,-19.3,77.0,1848700
1958-02-01,24.3,4.0,1849200
1958-02-01,-11.7,120.0,1849900
1958-02-01,-14.4,191.0,1850000
1958-02-01,5.5,4.0,13961200
1958-02-02,-10.1,68.0,1848800
1958-02-02,14.8,16.0,1849300
1958-02-02,-13.7,22.0,1849700
1958-02-02,-17.5,120.0,1850200
1958-02-02,-17.1,38.0,13961300
1958-02-03,-30.6,32.0,1849800
1958-02-03,11.7,15.0,13961400
1958-02-03,-19.9,11.0,13961500
1958-02-03,7.3,12.0,13961600
1958-02-04,18.6,43.0,1850300
1958-02-04,-15.7,12.0,1850400
1958-02-04,24.0,24.0,1850500
1958-02-05,-7.5,38.0,1849400
1958-02-05,19.6,5.0,13961700
1958-02-05,11.5,19.0,13961800
1958-02-06,29.9,368.0,1850600
1958-02-06,24.3,8.0,1850900
1958-02-07,9.6,12.0,1850800
1958-02-07,19.2,93.0,1851000
1958-02-07,12.2,620.0,1851100
1958-02-07,-14.1,14.0,13961900
1958-02-07,18.8,8.0,13962000
1958-02-07,-14.5,13.0,13962100
1958-02-08,10.2,20.0,1850100
1958-02-09,-16.9,23.0,1851200
1958-02-09,12.3,9.0,1851300
1958-02-09,6.4,45.0,13970100
1958-02-10,-24.5,57.0,1851400
1958-02-10,16.1,8.0,13970200
1958-02-11,-10.0,41.0,1850700
1958-02-11,23.0,246.0,1851600
1958-02-12,15.0,30.0,1851700
1958-02-12,6.3,119.0,1851800
1958-02-14,20.7,40.0,1852000
1958-02-14,-14.1,101.0,1852100
1958-02-16,-18.5,73.0,1852400
1958-02-16,-24.5,134.0,1852600
1958-02-16,7.0,8.0,13970300
1958-02-17,10.1,28.0,1851500
1958-02-17,12.5,24.0,1851900
1958-02-17,-12.7,197.0,1852700
1958-02-18,-14.1,7.0,13970400
1958-02-19,20.9,21.0,1852200
1958-02-19,17.2,30.0,1852900
1958-02-20,5.5,20.0,1852800
1958-02-20,10.5,38.0,1853200
1958-02-21,15.3,6.0,1853000
1958-02-22,-15.2,2.0,1852300
1958-02-22,-9.6,31.0,1853500
1958-02-22,-32.3,6.0,1853600
1958-02-22,31.1,316.0,1853700
1958-02-24,-24.8,52.0,1853900
1958-02-25,5.9,36.0,1854100
1958-02-25,22.5,9.0,13970500
1958-02-26,-4.8,79.0,1853100
1958-02-26,-9.6,6.0,1853300
1958-02-26,-7.1,28.0,1854000
1958-02-27,-21.7,321.0,1853400
1958-02-27,11.8,5.0,13970600
1958-02-27,-3.8,12.0,13970700
1958-02-27,-15.2,2.0,13970800
1958-02-28,-15.9,424.0,1852500
1958-02-28,-17.3,273.0,1854400
1958-03-01,-10.2,64.0,1854500
1958-03-01,-14.7,2.0,13970900
1958-03-02,17.2,126.0,1854700
1958-03-03,-16.1,329.0,1853800
1958-03-03,14.9,3.0,1854200
1958-03-03,23.8,36.0,1855100
1958-03-05,-10.8,20.0,1854800
1958-03-05,-9.4,8.0,1855400
1958-03-05,-16.5,14.0,13971000
1958-03-06,-17.9,25.0,1855500
1958-03-06,15.3,29.0,1855600
1958-03-06,11.1,446.0,1855700
1958-03-06,-5.3,32.0,13971100
1958-03-07,-23.7,282.0,1854300
1958-03-08,-13.1,484.0,1855200
1958-03-08,21.5,15.0,1855800
1958-03-10,17.8,40.0,1856100
1958-03-11,24.3,412.0,1854900
1958-03-11,-12.1,14.0,1855300
1958-03-12,15.1,62.0,1856300
1958-03-12,11.7,471.0,1856400
1958-03-13,-15.1,281.0,1854600
1958-03-13,31.2,174.0,1855000
1958-03-13,-20.4,4.0,1856200
1958-03-14,-33.8,13.0,1856500
1958-03-14,-23.6,79.0,1856800
1958-03-14,18.2,17.0,13980100
1958-03-15,13.1,9.0,1856000
1958-03-15,-11.8,13.0,1856900
1958-03-15,17.5,77.0,1857000
1958-03-15,5.7,15.0,13980200
1958-03-16,38.8,19.0,13980300
1958-03-17,-12.9,23.0,1856600
1958-03-17,44.8,8.0,1857100
1958-03-17,-5.6,13.0,1857400
1958-03-17,16.7,15.0,13980400
1958-03-18,5.7,38.0,1857300
1958-03-18,-15.2,21.0,1857700
1958-03-19,12.1,346.0,1855900
1958-03-19,-22.8,11.0,1858000
1958-03-21,14.8,6.0,1858100
1958-03-21,18.4,313.0,1858200
1958-03-21,-15.4,3.0,13980500
1958-03-23,18.7,251.0,1857900
1958-03-23,18.4,17.0,1858500
1958-03-23,-20.1,592.0,1858700
1958-03-25,37.3,236.0,1856700
1958-03-26,-7.5,10.0,1858300
1958-03-27,24.8,228.0,1859100
1958-03-28,-15.7,28.0,1857200
1958-03-28,22.7,448.0,1857500
1958-03-28,-14.8,151.0,1859200
1958-03-29,9.1,164.0,1857600
1958-03-29,33.4,805.0,1859500
1958-03-29,19.3,44.0,1859600
1958-03-29,-17.6,212.0,1859700
1958-03-29,18.1,10.0,13980600
1958-03-30,24.5,484.0,1857800
1958-03-30,9.0,21.0,1859400
1958-03-31,23.1,498.0,1859300
1958-03-31,25.4,18.0,1860000
1958-03-31,-25.8,22.0,13980700
1958-04-01,10.9,6.0,1860100
1958-04-02,-7.4,216.0,1858800
1958-04-02,-2.6,52.0,1858900
1958-04-02,-22.0,16.0,1860200
1958-04-02,-26.2,61.0,1860300
1958-04-02,20.5,15.0,13980800
1958-04-02,27.6,29.0,13980900
1958-04-02,9.7,13.0,13981000
1958-04-03,12.5,604.0,1860500
1958-04-03,15.8,154.0,1860600
1958-04-04,-13.2,458.0,1858400
1958-04-04,-7.5,29.0,1858600
1958-04-04,6.6,69.0,1860900
1958-04-05,42.7,48.0,1861100
1958-04-05,-10.5,14.0,13990100
1958-04-06,-10.4,13.0,1861200
1958-04-06,44.7,8.0,1861400
1958-04-06,21.2,13.0,13990200
1958-04-07,8.0,114.0,1859900
1958-04-08,-16.4,722.0,1859000
1958-04-08,-13.8,19.0,1861500
1958-04-08,12.4,182.0,1861600
1958-04-09,-24.6,17.0,1860400
1958-04-09,24.1,12.0,1861000
1958-04-09,9.9,7.0,13990300
1958-04-10,-21.4,23.0,1862000
1958-04-10,-4.4,92.0,1862100
1958-04-11,22.1,144.0,1859800
1958-04-11,9.9,24.0,1861700
1958-04-11,-11.8,23.0,1861900
1958-04-11,29.3,34.0,13990400
1958-04-12,-15.2,14.0,1861300
1958-04-12,39.2,21.0,1862300
1958-04-13,15.7,451.0,1860700
1958-04-13,11.7,124.0,1860800
1958-04-13,11.8,19.0,1861800
1958-04-13,14.1,21.0,1862200
1958-04-13,-15.7,41.0,1862500
1958-04-13,40.4,20.0,13990500
1958-04-13,11.7,15.0,13990600
1958-04-13,5.7,7.0,13990700
1958-04-13,9.0,4.0,13990800
1958-04-14,-21.3,225.0,1862800
1958-04-14,15.9,4.0,13990900
1958-04-14,2.9,5.0,13991000
1958-04-15,26.0,175.0,1862400
1958-04-15,39.8,117.0,1862900
1958-04-16,21.7,18.0,1863100
1958-04-16,13.2,55.0,13991100
1958-04-17,6.9,45.0,1863000
1958-04-17,-9.8,57.0,1863500
1958-04-18,-10.0,52.0,1862700
1958-04-18,-6.6,39.0,1863200
1958-04-18,12.7,30.0,1863300
1958-04-19,-21.3,1.0,1863800
1958-04-19,-6.3,59.0,1864000
1958-04-19,-16.9,5.0,13991200
1958-04-20,6.9,124.0,1864100
1958-04-20,-12.8,20.0,1864200
1958-04-21,18.9,24.0,1863400
1958-04-21,8.7,27.0,1864500
1958-04-21,-15.1,6.0,13991300
1958-04-21,12.4,22.0,13991400
1958-04-22,-26.0,68.0,1863700
1958-04-22,34.6,33.0,1863900
1958-04-22,12.6,8.0,13991500
1958-04-23,13.6,26.0,1864700
1958-04-23,-16.0,526.0,1864800
1958-04-23,22.4,10.0,13991600
1958-04-23,11.7,7.0,13991700
1958-04-23,-9.7,5.0,13991800
1958-04-23,-9.0,5.0,13991900
1958-04-24,17.6,131.0,1862600
1958-04-24,27.1,11.0,13992000
1958-04-24,-9.7,13.0,13992100
1958-04-25,-24.2,4.0,1864600
1958-04-25,16.0,4.0,1864900
1958-04-25,9.1,19.0,1865000
1958-04-25,16.5,431.0,1865200
1958-04-25,-16.2,182.0,1865300
1958-04-26,9.1,45.0,13992200
1958-04-26,-28.8,11.0,13992300
1958-04-26,-10.5,8.0,13992400
1958-04-26,25.1,5.0,13992500
1958-04-26,-22.0,7.0,13992600
1958-04-27,15.5,10.0,1865500
1958-04-27,-25.0,6.0,1865600
1958-04-27,19.4,15.0,1865700
1958-04-27,9.7,3.0,13992700
1958-04-27,11.9,4.0,13992800
1958-04-28,-13.0,30.0,1865900
1958-04-29,12.5,214.0,1863600
1958-04-29,-16.6,4.0,1865800
1958-04-29,-22.8,4.0,13992900
1958-04-30,-29.9,16.0,1866000
1958-04-30,-25.9,25.0,13993000
1958-04-30,-24.0,12.0,13993100
1958-05-01,-25.0,8.0,1866600
1958-05-01,11.1,253.0,1866700
1958-05-01,10.8,8.0,13993200
1958-05-01,16.0,6.0,13993300
1958-05-02,11.7,189.0,1864300
1958-05-02,-13.1,8.0,1866900
1958-05-03,16.9,175.0,1864400
1958-05-03,13.5,15.0,1866300
1958-05-03,20.7,20.0,1866400
1958-05-04,28.2,109.0,1866200
1958-05-04,22.6,17.0,1867400
1958-05-04,-10.4,11.0,14000100
1958-05-04,23.7,18.0,14000200
1958-05-05,23.0,33.0,1866100
1958-05-05,15.7,19.0,1867100
1958-05-05,-21.8,20.0,1867600
1958-05-05,11.6,30.0,14000300
1958-05-07,27.5,155.0,1865100
1958-05-07,-25.9,44.0,1867300
1958-05-07,-4.6,42.0,1867800
1958-05-08,23.6,258.0,1866500
1958-05-08,-6.9,164.0,1868000
1958-05-09,-14.7,122.0,1865400
1958-05-09,18.7,15.0,1868200
1958-05-09,-18.7,144.0,1868300
1958-05-09,29.9,24.0,14000400
1958-05-09,10.0,9.0,14000500
1958-05-10,23.3,35.0,1867200
1958-05-10,-13.1,25.0,1868400
1958-05-11,9.7,25.0,1868500
1958-05-11,12.5,16.0,14000600
1958-05-12,1.7,10.0,1867000
1958-05-12,-23.4,255.0,1868700
1958-05-12,-25.9,17.0,14000700
1958-05-13,26.4,523.0,1866800
1958-05-13,13.2,14.0,1867700
1958-05-13,-6.8,244.0,1868800
1958-05-15,7.1,120.0,1867900
1958-05-15,-7.4,15.0,1868600
1958-05-15,40.1,22.0,1868900
1958-05-16,14.0,130.0,1867500
1958-05-17,-13.8,31.0,1869000
1958-05-17,21.6,385.0,1869100
1958-05-18,-7.9,10.0,14000800
1958-05-18,9.0,11.0,14000900
1958-05-19,18.1,108.0,1869500
1958-05-19,22.4,17.0,14001000
1958-05-20,-15.7,122.0,1869600
1958-05-21,-18.3,238.0,1868100
1958-05-21,18.2,59.0,1869400
1958-05-21,-17.3,3.0,14001100
1958-05-21,17.2,15.0,14001200
1958-05-22,-19.0,11.0,1870000
1958-05-22,-13.9,4.0,14001300
1958-05-23,21.6,90.0,1870200
1958-05-23,-18.4,23.0,1870300
1958-05-23,-13.7,360.0,1870400
1958-05-24,23.3,66.0,1869200
1958-05-24,24.9,41.0,1870700
1958-05-25,-17.2,14.0,1870500
1958-05-25,20.4,9.0,1870800
1958-05-25,16.3,10.0,14001400
1958-05-26,-23.0,41.0,1869300
1958-05-26,-30.3,9.0,1870600
1958-05-26,24.1,9.0,14001500
1958-05-26,-28.0,15.0,14001600
1958-05-26,-14.5,3.0,14001700
1958-05-27,-31.8,33.0,1871100
1958-05-28,8.6,34.0,1869700
1958-05-28,-17.0,56.0,1871400
1958-05-28,11.5,77.0,1871600
1958-05-28,25.9,15.0,14001800
1958-05-28,16.7,3.0,14001900
1958-05-29,-12.2,14.0,1869900
1958-05-29,8.4,11.0,1870100
1958-05-29,20.1,13.0,1871300
1958-05-29,18.2,17.0,1871700
1958-05-29,25.7,264.0,1871800
1958-05-29,-14.5,6.0,14002000
1958-05-30,-21.6,67.0,1872000
1958-05-30,23.6,4.0,14010100
1958-05-31,-5.3,4.0,14010200
1958-05-31,20.4,33.0,14010300
1958-06-01,9.3,164.0,1869800
1958-06-01,15.2,23.0,1871000
1958-06-01,12.7,8.0,1872100
1958-06-01,27.3,9.0,14010400
1958-06-03,11.5,17.0,1872400
1958-06-03,-22.6,128.0,1872500
1958-06-03,-15.4,5.0,14010500
1958-06-03,16.7,27.0,14010600
1958-06-03,-15.4,8.0,14010700
1958-06-04,-17.0,368.0,1872900
1958-06-04,-36.6,18.0,14010800
1958-06-05,9.7,13.0,14010900
1958-06-06,30.2,134.0,1871500
1958-06-06,15.4,135.0,1871900
1958-06-06,-17.3,72.0,1872200
1958-06-06,9.7,62.0,1872700
1958-06-07,-14.3,108.0,1870900
1958-06-07,16.1,34.0,1873000
1958-06-07,10.1,4.0,14011000
1958-06-07,12.2,8.0,14011100
1958-06-08,26.6,170.0,1871200
1958-06-08,16.4,294.0,1872300
1958-06-08,-15.8,36.0,1873200
1958-06-08,14.4,24.0,1873300
1958-06-09,6.5,60.0,1873100
1958-06-09,-12.5,26.0,1873400
1958-06-09,-24.3,76.0,1873500
1958-06-09,20.7,18.0,14011200
1958-06-10,-9.1,7.0,1873700
1958-06-10,39.8,13.0,14011300
1958-06-11,7.9,23.0,1873800
1958-06-11,35.6,13.0,14011400
1958-06-12,-26.2,182.0,1874000
1958-06-12,29.9,6.0,14011500
1958-06-13,18.2,5.0,14011600
1958-06-14,22.5,5.0,1874100
1958-06-14,-24.9,21.0,14011700
1958-06-15,-19.9,7.0,1874200
1958-06-16,43.7,44.0,1872800
1958-06-16,-24.9,9.0,1873600
1958-06-16,5.5,128.0,1874300
1958-06-16,19.6,21.0,1874400
1958-06-17,29.5,261.0,1872600
1958-06-17,-15.0,16.0,1874600
1958-06-17,22.3,16.0,14011800
1958-06-18,-9.2,15.0,1874500
1958-06-18,11.7,37.0,1874700
1958-06-18,13.0,59.0,1874800
1958-06-18,7.5,3.0,14011900
1958-06-20,-11.7,140.0,1875000
1958-06-20,-14.5,115.0,1875100
1958-06-22,25.1,10.0,1875300
1958-06-22,18.1,12.0,1875400
1958-06-23,15.2,408.0,1873900
1958-06-23,-13.6,50.0,1875500
1958-06-23,-5.4,88.0,1875700
1958-06-23,8.0,223.0,1875800
1958-06-23,24.5,3.0,14012000
1958-06-24,-25.9,8.0,14012100
1958-06-25,6.4,18.0,1875200
1958-06-25,18.8,5.0,1875900
1958-06-25,-10.3,19.0,1876100
1958-06-26,-15.8,11.0,1876000
1958-06-26,14.9,6.0,1876300
1958-06-26,26.5,98.0,1876400
1958-06-26,26.5,5.0,14020100
1958-06-26,20.8,16.0,14020200
1958-06-27,-19.8,12.0,1876500
1958-06-27,10.7,23.0,1876600
1958-06-27,22.4,5.0,14020300
1958-06-28,-24.0,5.0,1876200
1958-06-28,21.3,325.0,1876700
1958-06-28,4.0,10.0,14020400
1958-06-29,10.7,132.0,1874900
1958-06-29,25.1,363.0,1876800
1958-06-29,-6.9,5.0,14020500
1958-06-29,23.2,9.0,14020600
1958-07-01,-5.0,21.0,1877100
1958-07-01,-26.1,16.0,14020700
1958-07-02,15.9,38.0,1877400
1958-07-02,16.0,13.0,14020800
1958-07-02,24.5,5.0,14020900
1958-07-04,-16.1,529.0,1875600
1958-07-04,28.8,209.0,1877700
1958-07-04,-15.5,4.0,14021000
1958-07-06,20.7,5.0,14021100
1958-07-07,11.1,97.0,1876900
1958-07-07,-21.9,316.0,1877900
1958-07-07,21.0,7.0,14021200
1958-07-07,25.6,7.0,14021300
1958-07-08,11.9,95.0,1877500
1958-07-08,16.6,5.0,14021400
1958-07-10,3.0,86.0,1877000
1958-07-10,25.3,47.0,1877600
1958-07-10,40.2,139.0,1878100
1958-07-10,-12.7,7.0,14021500
1958-07-10,-7.8,6.0,14021600
1958-07-10,31.0,7.0,14021700
1958-07-11,-15.7,70.0,1877800
1958-07-12,-21.4,166.0,1878300
1958-07-12,-3.4,157.0,1878400
1958-07-12,-9.3,19.0,14021800
1958-07-12,-11.1,5.0,14021900
1958-07-12,11.1,4.0,14022000
1958-07-14,-21.8,57.0,1877200
1958-07-14,28.5,47.0,1877300
1958-07-14,-12.5,16.0,1878500
1958-07-14,20.1,119.0,1878700
1958-07-14,-8.6,7.0,14022100
1958-07-15,19.9,22.0,1878800
1958-07-15,19.5,99.0,1878900
1958-07-15,-13.8,5.0,14022200
1958-07-16,15.1,4.0,1879100
1958-07-16,5.1,8.0,14022300
1958-07-18,10.3,7.0,1879200
1958-07-18,-16.1,10.0,1879400
1958-07-19,20.5,22.0,1879500
1958-07-19,15.0,141.0,1879700
1958-07-19,-4.8,184.0,1879800
1958-07-20,-18.0,22.0,1880000
1958-07-20,-15.5,20.0,1880100
1958-07-20,5.6,12.0,14022400
1958-07-21,17.2,209.0,1878000
1958-07-21,-23.4,460.0,1878600
1958-07-21,-12.9,21.0,1879000
1958-07-21,4.1,22.0,1880300
1958-07-21,17.9,14.0,1880400
1958-07-21,-17.8,970.0,1880500
1958-07-22,8.0,5.0,1879300
1958-07-23,-17.2,23.0,1880200
1958-07-23,24.7,32.0,1880700
1958-07-23,16.3,149.0,1880800
1958-07-24,7.9,459.0,1878200
1958-07-24,4.5,101.0,1880900
1958-07-25,6.6,539.0,1881000
1958-07-25,3.9,27.0,14030100
1958-07-26,27.3,175.0,1880600
1958-07-27,-12.9,54.0,1879900
1958-07-29,-23.8,192.0,1881700
1958-07-29,-6.0,39.0,14030200
1958-07-29,10.2,9.0,14030300
1958-07-30,-10.6,6.0,1881600
1958-07-30,10.3,12.0,14030400
1958-07-31,-14.9,618.0,1879600
1958-07-31,7.1,11.0,1882100
1958-07-31,-18.2,381.0,14030500
1958-08-01,-6.7,5.0,14030600
1958-08-01,-27.3,7.0,14030700
1958-08-02,12.8,18.0,1881200
1958-08-02,5.7,31.0,1881500
1958-08-03,19.1,442.0,1881100
1958-08-03,21.0,16.0,1882200
1958-08-03,-11.2,225.0,1882700
1958-08-03,26.4,8.0,14030800
1958-08-04,22.3,4.0,1882300
1958-08-04,-21.3,13.0,1882800
1958-08-05,9.1,85.0,1882000
1958-08-05,-26.7,17.0,1883100
1958-08-05,-23.0,89.0,1883200
1958-08-05,17.5,34.0,1883300
1958-08-07,27.5,163.0,1881300
1958-08-07,14.9,100.0,1881400
1958-08-07,-9.0,212.0,1881900
1958-08-07,33.8,3.0,1882500
1958-08-08,23.0,8.0,1883400
1958-08-09,-10.2,311.0,1881800
1958-08-09,24.6,391.0,1882900
1958-08-09,-12.8,29.0,1884200
1958-08-09,14.9,98.0,1884400
1958-08-10,19.6,7.0,1883800
1958-08-10,16.1,51.0,1884600
1958-08-10,4.0,31.0,1884700
1958-08-11,39.9,19.0,1882600
1958-08-11,24.3,214.0,1883000
1958-08-11,-10.0,29.0,1883600
1958-08-11,-12.6,36.0,1883700
1958-08-13,-22.1,202.0,1883900
1958-08-13,-6.0,6.0,1884100
1958-08-14,20.9,75.0,1882400
1958-08-14,-16.9,5.0,14030900
1958-08-15,-24.1,11.0,1884800
1958-08-15,9.6,2.0,1885400
1958-08-15,-14.2,215.0,1885500
1958-08-15,6.3,18.0,1885600
1958-08-15,7.6,6.0,14031000
1958-08-15,-12.1,6.0,14031100
1958-08-16,-23.6,209.0,1884000
1958-08-16,-14.8,46.0,1884900
1958-08-16,8.5,10.0,1885100
1958-08-16,12.3,8.0,14031200
1958-08-16,21.0,8.0,14031300
1958-08-17,-23.5,6.0,1885200
1958-08-18,-13.6,601.0,1883500
1958-08-18,-26.6,220.0,1884500
1958-08-18,8.6,12.0,1885900
1958-08-18,20.4,74.0,1886100
1958-08-19,46.3,8.0,1884300
1958-08-19,-8.5,20.0,1885000
1958-08-19,-11.1,9.0,1886000
1958-08-20,-20.2,13.0,1886300
1958-08-20,8.8,12.0,1886400
1958-08-20,17.8,38.0,1886500
1958-08-20,10.6,28.0,1886600
1958-08-20,-33.4,10.0,14040100
1958-08-20,27.3,7.0,14040200
1958-08-21,22.9,4.0,1885800
1958-08-21,-7.6,83.0,1886700
1958-08-23,25.5,5.0,1886800
1958-08-23,22.9,9.0,14040300
1958-08-23,9.2,27.0,14040400
1958-08-24,-11.4,208.0,1885300
1958-08-24,-10.1,262.0,1887000
1958-08-25,-31.1,103.0,14040500
1958-08-25,-19.6,5.0,14040600
1958-08-25,-10.4,4.0,14040700
1958-08-26,30.5,15.0,1887300
1958-08-27,-11.9,30.0,1887600
1958-08-27,13.1,26.0,14040800
1958-08-28,18.1,178.0,1885700
1958-08-28,-16.6,27.0,1887400
1958-08-28,-19.0,119.0,1888000
1958-08-28,16.6,47.0,1888100
1958-08-29,-17.3,355.0,1886200
1958-08-29,22.6,263.0,1886900
1958-08-29,11.1,7.0,1887700
1958-08-29,-4.6,38.0,1887800
1958-08-30,-23.1,27.0,1888300
1958-08-30,6.1,14.0,14040900
1958-09-01,11.3,20.0,1888500
1958-09-01,-17.7,39.0,1888600
1958-09-01,-25.9,88.0,1888700
1958-09-02,-14.4,86.0,1888800
1958-09-03,17.5,282.0,1889100
1958-09-03,-9.0,37.0,1889200
1958-09-05,-6.4,843.0,1887200
1958-09-06,26.5,121.0,1887100
1958-09-06,13.9,283.0,1887500
1958-09-06,-10.3,325.0,1888200
1958-09-06,19.3,196.0,1889600
1958-09-07,28.6,28.0,1887900
1958-09-08,35.0,46.0,1888400
1958-09-08,8.5,17.0,1889300
1958-09-08,-8.3,232.0,1889400
1958-09-08,12.2,9.0,14041000
1958-09-08,10.7,13.0,14041100
1958-09-09,10.5,3.0,1889800
1958-09-09,16.0,10.0,1889900
1958-09-10,12.1,25.0,1890100
1958-09-10,-24.6,17.0,1890200
1958-09-10,-9.6,9.0,1890300
1958-09-10,-34.0,196.0,1890400
1958-09-10,-30.0,133.0,1890500
1958-09-10,14.2,113.0,1890600
1958-09-11,33.0,30.0,1890800
1958-09-11,-12.0,74.0,1891000
1958-09-11,-8.3,9.0,14041200
1958-09-13,9.7,136.0,1889500
1958-09-13,-17.3,1008.0,1891200
1958-09-13,18.0,20.0,14041300
1958-09-14,-14.5,235.0,1888900
1958-09-14,-8.3,487.0,1889000
1958-09-15,13.9,5.0,1891300
1958-09-16,-10.2,25.0,1891600
1958-09-16,19.3,23.0,1891700
1958-09-17,-8.5,16.0,1890700
1958-09-17,34.8,31.0,1891500
1958-09-17,6.5,20.0,1891800
1958-09-17,13.4,15.0,1891900
1958-09-17,-8.5,7.0,14050100
1958-09-18,-22.4,112.0,1890000
1958-09-18,-18.8,7.0,1892000
1958-09-18,28.8,17.0,14050200
1958-09-19,-23.6,9.0,14050300
1958-09-20,-10.9,46.0,1889700
1958-09-20,14.4,31.0,1892100
1958-09-20,-7.8,96.0,1892200
1958-09-20,-4.8,191.0,1892300
1958-09-22,-17.9,743.0,1892500
1958-09-22,25.6,8.0,14050400
1958-09-23,16.5,28.0,1890900
1958-09-23,29.2,5.0,1892400
1958-09-23,36.6,11.0,1892800
1958-09-23,18.7,8.0,1892900
1958-09-23,-4.6,18.0,1893000
1958-09-23,-8.2,67.0,1893100
1958-09-23,15.5,6.0,14050500
1958-09-24,-16.9,117.0,1891100
1958-09-24,-22.2,48.0,1893200
1958-09-26,23.6,392.0,1891400
1958-09-26,9.4,44.0,1893300
1958-09-26,-15.0,8.0,1893400
1958-09-26,15.3,12.0,14050600
1958-09-27,-11.3,4.0,1892700
1958-09-27,28.2,137.0,1893700
1958-09-29,-13.9,14.0,1893800
1958-09-29,-8.2,20.0,1893900
1958-09-29,13.5,3.0,14050700
1958-09-30,32.6,8.0,1892600
1958-09-30,13.0,20.0,1893500
1958-09-30,-10.5,34.0,1893600
1958-09-30,-15.6,20.0,1894000
1958-09-30,18.2,104.0,1894100
1958-09-30,21.3,31.0,1894200
1958-09-30,22.7,10.0,14050800
1959-01-01,18.1,190.0,1909300
1959-01-01,-18.8,30.0,1909500
1959-01-01,11.7,10.0,1909900
1959-01-01,31.9,173.0,1910100
1959-01-01,-23.8,47.0,1910200
1959-01-01,-8.3,131.0,1910400
1959-01-02,-19.5,221.0,1908100
1959-01-03,-13.4,637.0,1908300
1959-01-03,17.1,443.0,1908400
1959-01-03,-12.9,259.0,1910800
1959-01-04,20.0,12.0,1908800
1959-01-04,11.2,393.0,1910600
1959-01-04,17.4,4.0,14090100
1959-01-05,6.9,189.0,1908900
1959-01-05,13.7,7.0,1911100
1959-01-06,-28.7,38.0,1909700
1959-01-06,21.8,141.0,1910500
1959-01-06,11.9,28.0,1911300
1959-01-06,-24.8,40.0,1911400
1959-01-06,-16.7,7.0,1911600
1959-01-07,-5.6,149.0,1909000
1959-01-07,-15.8,19.0,1909600
1959-01-08,-14.8,31.0,1909800
1959-01-08,13.7,13.0,1911700
1959-01-08,23.3,4.0,1912100
1959-01-08,21.0,15.0,1912200
1959-01-08,25.3,35.0,1912300
1959-01-09,3.8,89.0,1911200
1959-01-09,35.5,3.0,1911900
1959-01-09,-12.1,15.0,1912400
1959-01-09,-12.5,21.0,14090200
1959-01-09,15.0,17.0,14090300
1959-01-10,22.4,47.0,1909400
1959-01-10,-8.2,10.0,1912000
1959-01-10,14.8,10.0,1912500
1959-01-10,21.0,44.0,1912600
1959-01-13,-16.4,97.0,1910000
1959-01-13,16.5,425.0,1910300
1959-01-13,-9.7,75.0,1910700
1959-01-13,22.3,224.0,1911000
1959-01-13,-6.7,16.0,1912900
1959-01-14,-5.8,7.0,1911500
1959-01-14,19.1,64.0,1911800
1959-01-14,-3.5,22.0,1912800
1959-01-14,19.0,69.0,1913100
1959-01-15,16.5,257.0,1913500
1959-01-16,30.2,13.0,1913300
1959-01-16,20.5,14.0,1913700
1959-01-16,15.6,28.0,1913800
1959-01-16,-10.1,176.0,1913900
1959-01-16,7.9,234.0,1914000
1959-01-17,10.6,1032.0,1910900
1959-01-17,25.5,24.0,1913000
1959-01-17,-5.8,17.0,1913200
1959-01-17,18.7,341.0,1914200
1959-01-17,-13.5,295.0,1914300
1959-01-18,-9.6,50.0,1914400
1959-01-19,9.9,772.0,1914600
1959-01-20,18.9,46.0,1912700
1959-01-20,35.1,201.0,1914700
1959-01-20,-6.6,216.0,1914800
1959-01-21,-1.8,17.0,1913400
1959-01-21,8.7,32.0,1915000
1959-01-21,28.6,23.0,1915100
1959-01-21,20.5,200.0,1915200
1959-01-21,1.8,81.0,1915300
1959-01-21,19.7,3.0,14090400
1959-01-22,19.3,16.0,14090500
1959-01-23,22.2,36.0,1915400
1959-01-23,11.5,24.0,14090600
1959-01-24,11.0,24.0,1914900
1959-01-24,4.4,192.0,1915600
1959-01-25,19.6,120.0,1915700
1959-01-25,14.2,4.0,14090700
1959-01-26,8.3,69.0,1914500
1959-01-26,7.5,9.0,1915900
1959-01-26,15.1,10.0,1916000
1959-01-26,-11.4,174.0,1916100
1959-01-26,11.9,10.0,14090800
1959-01-26,-12.3,2.0,14090900
1959-01-27,12.4,21.0,1913600
1959-01-27,16.9,888.0,1914100
1959-01-27,23.4,15.0,1916500
1959-01-27,-12.9,69.0,1916600
1959-01-28,11.9,2.0,1915800
1959-01-28,15.5,12.0,1916300
1959-01-28,22.3,64.0,1916700
1959-01-28,15.0,246.0,1916800
1959-01-28,2.5,9.0,14091000
1959-01-29,-4.1,12.0,1916900
1959-01-29,20.7,74.0,1917000
1959-01-29,19.5,243.0,1917100
1959-01-29,-10.4,7.0,14091100
1959-01-30,7.6,22.0,1915500
1959-01-30,18.0,53.0,1916200
1959-01-30,-2.3,7.0,14100100
1959-01-31,-26.6,69.0,1917200
1959-01-31,-3.8,18.0,14100200
1959-02-01,-8.9,2.0,1917300
1959-02-01,9.7,590.0,1917400
1959-02-01,-13.0,31.0,1917500
1959-02-01,-3.2,4.0,14100300
1959-02-02,-9.1,15.0,1916400
1959-02-02,8.2,149.0,1917600
1959-02-02,46.3,12.0,14100400
1959-02-03,-25.7,8.0,14100500
1959-02-04,-9.7,22.0,14100600
1959-02-05,30.0,58.0,1918000
1959-02-05,23.7,11.0,14100700
1959-02-06,13.5,9.0,1917700
1959-02-07,14.1,27.0,14100800
1959-02-08,24.0,33.0,1918100
1959-02-08,10.4,11.0,14100900
1959-02-09,10.8,2.0,14101000
1959-02-10,8.2,61.0,1918200
1959-02-11,17.8,30.0,14101100
1959-02-12,35.2,43.0,1918500
1959-02-12,8.5,121.0,1918600
1959-02-12,13.1,68.0,1918700
1959-02-12,6.4,10.0,14101200
1959-02-12,-11.2,3.0,14101300
1959-02-13,13.7,15.0,1918800
1959-02-13,8.5,191.0,1918900
1959-02-14,31.4,20.0,1918400
1959-02-15,23.7,137.0,1917800
1959-02-15,18.7,624.0,1919000
1959-02-15,34.9,7.0,14101400
1959-02-16,18.9,135.0,1917900
1959-02-17,24.2,13.0,1919400
1959-02-17,32.7,23.0,14101500
1959-02-18,-10.0,18.0,1919500
1959-02-18,-16.6,67.0,1919600
1959-02-19,-10.4,13.0,1919200
1959-02-22,6.8,388.0,1918300
1959-02-22,7.2,187.0,1920300
1959-02-23,-35.5,12.0,1919300
1959-02-24,28.4,305.0,1919800
1959-02-24,-16.9,2.0,1920400
1959-02-25,-5.8,32.0,1920500
1959-02-26,-19.4,17.0,1920600
1959-02-26,-10.2,23.0,1920700
1959-02-26,-2.8,110.0,1920800
1959-02-26,18.0,4.0,14110100
1959-02-27,16.9,8.0,1920900
1959-02-27,9.4,15.0,1921000
1959-02-27,16.6,41.0,1921100
1959-02-27,12.0,17.0,1921200
1959-02-27,11.2,29.0,1921300
1959-02-27,-16.3,6.0,14110200
1959-02-28,10.7,369.0,1919100
1959-02-28,30.8,43.0,1920100
1959-03-01,26.7,76.0,1921600
1959-03-02,20.8,75.0,1919700
1959-03-02,17.7,215.0,1920200
1959-03-03,24.6,49.0,1921900
1959-03-04,-33.5,134.0,1919900
1959-03-04,23.8,853.0,1920000
1959-03-04,15.8,159.0,1921400
1959-03-04,22.6,139.0,1922000
1959-03-04,-3.4,19.0,14110300
1959-03-04,17.4,14.0,14110400
1959-03-05,0.1,10.0,1921800
1959-03-05,-16.6,28.0,1922200
1959-03-05,6.8,23.0,1922300
1959-03-06,-14.7,17.0,1922500
1959-03-06,7.5,107.0,1922600
1959-03-07,16.6,91.0,1922800
1959-03-07,22.8,67.0,1922900
1959-03-08,9.2,174.0,1922400
1959-03-09,8.4,173.0,1923000
1959-03-09,-7.2,102.0,1923100
1959-03-09,26.9,6.0,14110500
1959-03-10,21.0,96.0,1922700
1959-03-10,-21.7,5.0,14110600
1959-03-11,-15.4,113.0,1921500
1959-03-11,8.7,8.0,1922100
1959-03-11,11.9,482.0,1923300
1959-03-13,12.8,8.0,1923200
1959-03-13,12.3,46.0,1923800
1959-03-14,-12.3,44.0,1921700
1959-03-14,-18.1,71.0,1923900
1959-03-14,17.9,433.0,1924000
1959-03-15,7.3,18.0,1924100
1959-03-15,10.8,449.0,1924200
1959-03-16,-13.2,30.0,1924300
1959-03-17,23.0,12.0,1923500
1959-03-17,17.6,41.0,1924500
1959-03-18,-13.8,11.0,1923600
1959-03-18,16.5,556.0,1924600
1959-03-19,-13.0,8.0,14110700
1959-03-19,-3.8,2.0,14110800
1959-03-20,24.6,241.0,1924700
1959-03-20,23.5,144.0,1924900
1959-03-20,33.4,12.0,14110900
1959-03-21,-18.7,4.0,1923700
1959-03-21,11.9,7.0,14111000
1959-03-23,-9.0,13.0,1924400
1959-03-23,8.1,387.0,1925200
1959-03-24,26.8,1257.0,1923400
1959-03-24,-4.0,19.0,1925400
1959-03-25,-24.2,26.0,1925100
1959-03-25,-8.6,6.0,1925500
1959-03-25,10.2,211.0,1925700
1959-03-25,16.7,51.0,1925800
1959-03-25,-30.2,10.0,14111100
1959-03-26,12.8,7.0,1925900
1959-03-26,12.1,72.0,1926000
1959-03-26,23.5,9.0,14120100
1959-03-28,-10.2,68.0,1926100
1959-03-29,-3.9,26.0,1926300
1959-03-30,13.9,10.0,1926200
1959-03-30,16.3,5.0,1926500
1959-03-31,10.9,8.0,1926700
1959-03-31,14.3,5.0,14120200
1959-03-31,-24.3,8.0,14120300
1959-04-01,-33.3,100.0,1924800
1959-04-02,-8.8,284.0,1925000
1959-04-02,-2.7,15.0,1926600
1959-04-02,-10.2,28.0,1926900
1959-04-02,23.0,6.0,14120400
1959-04-03,19.5,268.0,1925300
1959-04-04,-12.0,5.0,1926400
1959-04-04,3.4,8.0,1926800
1959-04-04,-15.1,12.0,1927000
1959-04-04,24.5,17.0,1927200
1959-04-04,17.3,2.0,14120500
1959-04-04,-16.4,2.0,14120600
1959-04-05,21.6,264.0,1927500
1959-04-05,-21.1,11.0,14120700
1959-04-06,28.1,144.0,1925600
1959-04-06,-19.7,10.0,14120800
1959-04-07,11.8,9.0,14120900
1959-04-07,20.3,18.0,14121000
1959-04-08,-22.4,5.0,1928100
1959-04-08,10.2,501.0,1928200
1959-04-08,21.4,19.0,14121100
1959-04-09,-23.1,48.0,1928500
1959-04-10,16.6,32.0,1927300
1959-04-10,-20.1,7.0,1927900
1959-04-10,7.8,4.0,1928000
1959-04-11,16.7,286.0,1928300
1959-04-11,-14.7,14.0,1928800
1959-04-11,17.3,279.0,1928900
1959-04-11,10.0,7.0,14121200
1959-04-11,16.5,15.0,14121300
1959-04-12,13.3,9.0,1927100
1959-04-12,17.3,12.0,14121400
1959-04-13,26.3,31.0,1928700
1959-04-13,-4.7,9.0,1929000
1959-04-14,35.7,10.0,1929300
1959-04-14,32.1,13.0,14121500
1959-04-15,16.1,10.0,1929200
1959-04-15,-2.0,22.0,1929400
1959-04-15,-15.2,8.0,14121600
1959-04-16,12.8,30.0,1927400
1959-04-16,-23.3,14.0,1927600
1959-04-16,-13.0,13.0,1929600
1959-04-17,18.7,134.0,1929700
1959-04-18,-0.5,9.0,1927700
1959-04-18,2.6,26.0,1929900
1959-04-19,20.8,72.0,1930100
1959-04-20,-16.4,209.0,1927800
1959-04-20,26.1,263.0,1928400
1959-04-20,24.5,106.0,1929500
1959-04-20,8.5,212.0,1930200
1959-04-20,12.0,22.0,14121700
1959-04-21,-10.0,49.0,1928600
1959-04-21,24.8,7.0,14121800
1959-04-22,23.6,39.0,1930500
1959-04-22,11.1,293.0,1930600
1959-04-23,11.7,84.0,1929100
1959-04-23,-4.7,11.0,1930900
1959-04-23,-13.0,58.0,1931000
1959-04-23,17.0,25.0,1931100
1959-04-23,9.7,2.0,14130100
1959-04-23,16.6,7.0,14130200
1959-04-23,-18.0,12.0,14130300
1959-04-24,18.2,308.0,1929800
1959-04-24,30.5,3.0,1930300
1959-04-24,12.6,7.0,1931200
1959-04-24,30.3,11.0,1931400
1959-04-25,15.8,382.0,1931600
1959-04-26,7.7,88.0,1930000
1959-04-26,-11.5,7.0,1930700
1959-04-26,31.6,5.0,14130400
1959-04-26,-15.8,4.0,14130500
1959-04-27,20.3,154.0,1930400
1959-04-28,5.7,4.0,14130600
1959-04-28,20.7,18.0,14130700
1959-04-28,31.7,4.0,14130800
1959-04-29,-6.7,454.0,1930800
1959-04-29,-6.6,137.0,1931900
1959-04-30,-17.5,10.0,1931800
1959-05-01,22.3,37.0,1931500
1959-05-01,18.9,21.0,14130900
1959-05-02,13.2,129.0,1932000
1959-05-02,15.3,7.0,14131000
1959-05-03,-12.5,17.0,14131100
1959-05-04,8.6,9.0,14131200
1959-05-05,15.5,334.0,1931300
1959-05-05,-21.6,6.0,1932300
1959-05-05,13.4,198.0,1932500
1959-05-05,24.7,42.0,1932600
1959-05-05,34.0,11.0,14131300
1959-05-05,12.4,18.0,14131400
1959-05-06,-12.7,10.0,1932100
1959-05-06,-6.1,31.0,1932900
1959-05-06,29.9,85.0,1933000
1959-05-06,21.0,10.0,14131500
1959-05-07,-8.2,278.0,1931700
1959-05-07,12.3,8.0,1932700
1959-05-07,24.8,23.0,1933100
1959-05-07,13.6,16.0,1933200
1959-05-07,-10.1,13.0,1933300
1959-05-07,-0.9,6.0,14131600
1959-05-08,10.8,20.0,1933400
1959-05-08,14.1,401.0,1933500
1959-05-08,17.2,381.0,1933600
1959-05-09,10.5,177.0,1933700
1959-05-09,19.5,243.0,1933800
1959-05-09,6.3,29.0,14131700
1959-05-10,-17.6,16.0,1933900
1959-05-10,-13.1,4.0,14131800
1959-05-11,-22.5,7.0,1934100
1959-05-11,-5.7,7.0,14131900
1959-05-12,16.2,42.0,1934300
1959-05-13,-14.4,4.0,14132000
1959-05-14,11.1,22.0,1934000
1959-05-14,-14.2,91.0,1934200
1959-05-14,-7.2,161.0,1934400
1959-05-14,35.6,10.0,14132100
1959-05-15,-13.1,487.0,1932200
1959-05-15,-18.2,13.0,14132200
1959-05-15,26.8,22.0,14132300
1959-05-16,11.2,628.0,1932800
1959-05-16,12.2,12.0,1934500
1959-05-16,20.7,21.0,1934800
1959-05-17,-18.2,76.0,1932400
1959-05-17,19.3,9.0,1935100
1959-05-17,18.9,70.0,1935300
1959-05-17,22.9,328.0,1935400
1959-05-19,-26.3,164.0,1934900
1959-05-19,15.6,20.0,1935000
1959-05-19,-23.3,5.0,1935500
1959-05-19,19.9,7.0,1935600
1959-05-19,11.1,15.0,1935700
1959-05-19,10.6,152.0,1935800
1959-05-20,17.3,218.0,14140100
1959-05-20,5.7,2.0,14140200
1959-05-21,22.2,24.0,1934600
1959-05-21,14.7,29.0,1936200
1959-05-23,10.3,51.0,1934700
1959-05-23,21.6,80.0,1936400
1959-05-24,11.2,4.0,1936300
1959-05-24,22.9,8.0,14140300
1959-05-25,16.5,12.0,1936800
1959-05-25,19.4,11.0,14140400
1959-05-26,10.2,7.0,14140500
1959-05-26,11.4,7.0,14140600
1959-05-27,15.9,450.0,1935200
1959-05-27,24.1,284.0,1935900
1959-05-27,9.3,20.0,1936500
1959-05-27,-35.4,12.0,1936900
1959-05-29,-13.3,153.0,1937000
1959-05-29,-11.2,165.0,14140700
1959-05-30,12.5,196.0,1936600
1959-05-30,10.4,14.0,1936700
1959-05-30,-12.0,91.0,1937200
1959-05-30,12.9,87.0,1937300
1959-05-31,5.9,9.0,1937400
1959-05-31,5.5,141.0,1937600
1959-05-31,11.2,134.0,1937700
1959-05-31,17.4,12.0,14140800
1959-05-31,20.7,5.0,14140900
1959-06-01,3.1,301.0,1936000
1959-06-01,-13.9,5.0,1937900
1959-06-01,13.8,315.0,1938000
1959-06-02,-17.4,406.0,1936100
1959-06-03,-15.3,4.0,1937500
1959-06-03,13.8,45.0,1937800
1959-06-03,9.8,48.0,1938300
1959-06-03,-22.5,610.0,1938400
1959-06-04,13.7,124.0,1937100
1959-06-05,10.3,48.0,1938100
1959-06-05,29.7,18.0,1938700
1959-06-06,3.1,14.0,1938500
1959-06-06,18.1,203.0,1938800
1959-06-06,-7.6,7.0,14141000
1959-06-07,33.5,73.0,1938200
1959-06-07,11.8,123.0,1939000
1959-06-07,-9.6,4.0,14141100
1959-06-08,21.8,132.0,1939100
1959-06-08,30.3,4.0,14141200
1959-06-08,11.5,34.0,14141300
1959-06-08,20.7,7.0,14141400
1959-06-09,16.5,9.0,1938900
1959-06-09,-5.6,203.0,1939400
1959-06-10,-9.5,295.0,1938600
1959-06-10,6.7,13.0,1939200
1959-06-10,22.0,336.0,1939500
1959-06-10,-14.8,8.0,14141500
1959-06-11,17.0,798.0,1939600
1959-06-11,-5.7,8.0,14141600
1959-06-11,21.2,4.0,14141700
1959-06-11,8.7,14.0,14141800
1959-06-12,15.3,14.0,1939800
1959-06-12,11.0,15.0,14141900
1959-06-12,-22.5,4.0,14142000
1959-06-13,-16.2,13.0,1940100
1959-06-13,10.0,238.0,1940200
1959-06-13,22.7,10.0,14142100
1959-06-14,24.0,11.0,1940000
1959-06-14,12.4,64.0,1940300
1959-06-15,8.1,14.0,1939900
1959-06-15,-27.7,4.0,14150100
1959-06-16,-10.3,9.0,1939700
1959-06-16,-12.1,10.0,1940500
1959-06-16,12.2,63.0,1940600
1959-06-16,17.5,19.0,1940700
1959-06-16,-15.8,79.0,1940800
1959-06-16,3.6,130.0,1940900
1959-06-16,11.1,661.0,1941000
1959-06-17,8.2,21.0,1939300
1959-06-17,8.3,26.0,1940400
1959-06-18,-5.4,19.0,1941300
1959-06-18,-18.8,29.0,1941400
1959-06-19,16.3,21.0,1941100
1959-06-19,0.2,27.0,1941200
1959-06-21,14.6,31.0,1941700
1959-06-21,19.7,389.0,1941800
1959-06-22,-6.7,79.0,1941900
1959-06-24,35.0,16.0,1942300
1959-06-24,21.9,11.0,14150200
1959-06-25,-7.6,28.0,1942100
1959-06-25,29.1,126.0,1942500
1959-06-25,-24.9,17.0,14150300
1959-06-26,-22.9,108.0,1942800
1959-06-26,-19.1,9.0,14150400
1959-06-27,11.9,250.0,1942200
1959-06-27,-9.2,27.0,1942600
1959-06-27,8.9,19.0,1943000
1959-06-28,24.5,26.0,1941500
1959-06-28,10.8,84.0,1943100
1959-06-29,-7.7,8.0,14150500
1959-06-30,-16.5,19.0,1942700
1959-06-30,20.2,32.0,1943400
1959-07-01,9.2,330.0,1941600
1959-07-01,17.3,139.0,1943600
1959-07-02,-8.6,24.0,14150600
1959-07-03,24.2,97.0,1942900
1959-07-03,10.5,12.0,1943700
1959-07-04,-15.9,38.0,1942000
1959-07-04,26.5,4.0,1943800
1959-07-04,10.4,11.0,1943900
1959-07-04,16.6,107.0,1944000
1959-07-04,19.9,4.0,14150700
1959-07-04,-25.3,4.0,14150800
1959-07-04,17.5,10.0,14150900
1959-07-05,35.8,208.0,1943200
1959-07-05,-21.3,28.0,14151000
1959-07-06,-7.8,9.0,1944100
1959-07-06,-2.9,1.0,14151100
1959-07-07,-15.1,22.0,1942400
1959-07-07,17.4,45.0,1944400
1959-07-08,17.0,18.0,1944600
1959-07-08,-2.6,44.0,1944700
1959-07-09,-24.0,9.0,1944300
1959-07-09,-2.3,5.0,14151200
1959-07-10,7.2,146.0,1943500
1959-07-10,19.9,17.0,1944500
1959-07-10,5.2,183.0,1945000
1959-07-10,22.5,12.0,14151300
1959-07-11,15.3,174.0,1943300
1959-07-11,-24.2,93.0,1945200
1959-07-11,9.8,161.0,1945300
1959-07-12,25.0,247.0,1945400
1959-07-13,20.0,4.0,1945500
1959-07-13,29.9,182.0,1945600
1959-07-13,11.2,342.0,1945700
1959-07-14,-9.6,35.0,1944200
1959-07-14,10.2,155.0,1944900
1959-07-15,8.8,126.0,1945800
1959-07-16,27.6,25.0,1945900
1959-07-17,-13.1,290.0,1945100
1959-07-18,22.8,173.0,1946100
1959-07-19,-14.8,56.0,1946300
1959-07-20,22.5,165.0,1946000
1959-07-21,16.9,448.0,1944800
1959-07-21,11.1,17.0,1946400
1959-07-21,-26.8,5.0,14160100
1959-07-22,-16.8,83.0,1946500
1959-07-22,24.6,283.0,1946600
1959-07-23,18.7,14.0,14160200
1959-07-24,30.6,8.0,1946800
1959-07-24,26.9,105.0,1946900
1959-07-24,12.3,228.0,1947000
1959-07-25,-12.6,5.0,1946700
1959-07-25,5.7,77.0,1947100
1959-07-25,35.8,423.0,1947200
1959-07-27,7.2,49.0,1947600
1959-07-30,-5.3,353.0,1947300
1959-07-30,-21.0,87.0,1947400
1959-07-31,19.1,236.0,1946200
1959-08-01,13.7,3.0,1948000
1959-08-01,19.3,12.0,1948400
1959-08-01,29.0,1.0,14160300
1959-08-02,6.2,18.0,1947800
1959-08-03,15.7,24.0,1948200
1959-08-03,-8.8,423.0,1948600
1959-08-04,15.6,7.0,1948900
1959-08-04,27.6,126.0,1949000
1959-08-04,17.7,30.0,14160400
1959-08-04,34.2,24.0,14160500
1959-08-05,26.1,9.0,1948800
1959-08-05,14.6,504.0,1949200
1959-08-06,-3.8,20.0,1949400
1959-08-07,12.4,27.0,1947500
1959-08-07,-18.2,13.0,1949500
1959-08-08,-20.0,13.0,1948100
1959-08-08,29.3,13.0,1949300
1959-08-08,20.9,4.0,1949600
1959-08-09,3.4,298.0,1947700
1959-08-09,-12.4,106.0,1947900
1959-08-09,3.8,27.0,1949700
1959-08-11,13.2,3.0,1950100
1959-08-11,21.2,23.0,14170100
1959-08-12,11.0,596.0,1948300
1959-08-12,-18.9,12.0,1949900
1959-08-13,3.2,226.0,1949100
1959-08-13,6.8,381.0,1950300
1959-08-14,-13.1,106.0,1948500
1959-08-14,5.2,29.0,1950400
1959-08-14,-6.9,17.0,1950500
1959-08-14,11.9,30.0,1950600
1959-08-15,-7.9,35.0,1950700
1959-08-15,18.7,71.0,1950800
1959-08-15,8.2,21.0,1950900
1959-08-15,28.2,10.0,14170200
1959-08-16,20.9,225.0,1948700
1959-08-17,28.3,7.0,1951000
1959-08-18,16.0,65.0,1950000
1959-08-18,-10.2,52.0,1951100
1959-08-18,14.7,879.0,1951200
1959-08-19,-6.8,31.0,1950200
1959-08-20,16.5,21.0,1951800
1959-08-21,-15.8,36.0,1951500
1959-08-21,23.7,118.0,1951600
1959-08-22,12.2,529.0,1949800
1959-08-22,9.5,6.0,14170300
1959-08-23,20.6,14.0,1951300
1959-08-23,20.2,9.0,1952300
1959-08-23,5.1,170.0,1952400
1959-08-24,-11.0,52.0,1952500
1959-08-24,10.8,3.0,14170400
1959-08-25,10.5,45.0,1952600
1959-08-25,10.6,3.0,14170500
1959-08-26,-13.0,16.0,1951700
1959-08-26,10.5,143.0,1952900
1959-08-26,10.2,2.0,14170600
1959-08-27,-24.0,73.0,1951400
1959-08-27,13.2,3.0,14170700
1959-08-27,28.2,12.0,14170800
1959-08-28,11.5,3.0,14170900
1959-08-28,-17.8,16.0,14171000
1959-08-29,1.9,11.0,14171100
1959-08-30,26.6,7.0,1953300
1959-08-30,-19.3,34.0,1953400
1959-08-30,-10.3,393.0,1953500
1959-08-31,11.7,10.0,1953700
1959-08-31,20.9,82.0,1953800
1959-09-01,16.2,29.0,1953600
1959-09-01,9.1,21.0,14171200
1959-09-01,-10.3,4.0,14171300
1959-09-01,6.4,4.0,14171400
1959-09-01,-20.3,21.0,14171500
1959-09-02,18.3,23.0,1953200
1959-09-02,13.9,58.0,1953900
1959-09-03,27.6,322.0,1951900
1959-09-03,10.5,25.0,1952000
1959-09-03,6.9,63.0,1952100
1959-09-03,5.3,5.0,14171600
1959-09-04,-10.9,786.0,1952200
1959-09-04,17.7,36.0,1953000
1959-09-04,15.1,32.0,1954100
1959-09-05,14.8,15.0,1954200
1959-09-05,12.2,16.0,1954500
1959-09-05,16.5,5.0,14180100
1959-09-06,-3.1,221.0,1952700
1959-09-07,10.6,521.0,1952800
1959-09-08,16.6,7.0,1954000
1959-09-08,14.4,5.0,1954800
1959-09-09,18.0,627.0,1953100
1959-09-09,-19.8,23.0,1954700
1959-09-09,-16.2,347.0,1954900
1959-09-09,20.3,11.0,1955000
1959-09-09,20.4,11.0,14180200
1959-09-10,5.5,278.0,1955200
1959-09-10,2.7,11.0,14180300
1959-09-11,9.8,9.0,14180400
1959-09-12,-3.1,53.0,1955300
1959-09-14,14.7,302.0,1955500
1959-09-15,28.4,55.0,1955600
1959-09-16,4.9,51.0,1954300
1959-09-16,-15.2,439.0,1955100
1959-09-16,8.6,17.0,1955700
1959-09-16,14.2,14.0,14180500
1959-09-17,-17.3,302.0,1954400
1959-09-17,6.2,527.0,1954600
1959-09-18,-19.8,36.0,1955900
1959-09-18,-12.4,2.0,1956000
1959-09-18,20.9,11.0,1956100
1959-09-18,24.8,73.0,1956200
1959-09-18,-8.5,426.0,1956300
1959-09-18,16.4,8.0,14180600
1959-09-20,-15.6,10.0,1956400
1959-09-20,-10.5,10.0,1956600
1959-09-20,8.7,7.0,14180700
1959-09-22,18.1,22.0,1956800
1959-09-23,-15.6,45.0,1955400
1959-09-23,1.6,7.0,1956900
1959-09-24,-19.6,25.0,1957100
1959-09-24,-6.7,163.0,1957200
1959-09-24,17.7,124.0,1957300
1959-09-25,-10.2,135.0,1955800
1959-09-25,31.5,22.0,1957000
1959-09-25,-13.8,4.0,14180800
1959-09-27,4.0,14.0,1956500
1959-09-27,14.1,26.0,1957400
1959-09-28,-5.9,20.0,14180900
1959-09-28,22.7,5.0,14181000
1959-09-29,8.0,22.0,1957600
1959-09-29,-8.9,6.0,14181100
1959-09-30,26.4,14.0,1956700
1959-09-30,-11.7,123.0,1957500
1959-09-30,29.5,15.0,1957700
1959-09-30,-18.3,20.0,1957800
1959-09-30,8.7,10.0,14181200
1959-09-30,3.2,8.0,14181300
1959-09-30,-8.5,14.0,14181400
1960-01-01,10.9,350.0,1968300
1960-01-01,-17.4,9.0,1969000
1960-01-01,18.9,16.0,14220600
1960-01-02,12.6,82.0,1968600
1960-01-02,24.5,43.0,1969900
1960-01-03,0.8,24.0,1969500
1960-01-03,-22.7,170.0,1970300
1960-01-04,14.9,6.0,1969700
1960-01-04,14.9,6.0,1970400
1960-01-04,-20.0,170.0,1970600
1960-01-04,-14.0,7.0,14220700
1960-01-05,-10.5,106.0,1968700
1960-01-05,-13.3,18.0,1970700
1960-01-05,19.2,403.0,1970900
1960-01-05,-4.3,8.0,14220800
1960-01-06,8.0,216.0,1968500
1960-01-06,10.7,21.0,1971000
1960-01-08,7.5,502.0,1969100
1960-01-08,9.9,14.0,1970000
1960-01-09,8.1,15.0,1971100
1960-01-09,8.5,9.0,1971200
1960-01-10,8.9,138.0,1969300
1960-01-10,-21.6,15.0,1970800
1960-01-10,-5.8,57.0,1971600
1960-01-10,13.8,23.0,14220900
1960-01-11,7.0,124.0,1969400
1960-01-11,-11.2,277.0,1969800
1960-01-11,-11.8,16.0,1971400
1960-01-11,10.2,9.0,1971700
1960-01-12,-4.9,27.0,1971500
1960-01-12,-17.0,109.0,1971800
1960-01-13,-17.6,68.0,1969600
1960-01-13,5.8,44.0,1972100
1960-01-13,16.2,17.0,1972200
1960-01-13,13.9,16.0,14221000
1960-01-13,-10.8,8.0,14221100
1960-01-14,-2.3,240.0,1970200
1960-01-14,25.4,129.0,1971300
1960-01-14,-17.2,62.0,1971900
1960-01-14,15.8,34.0,1972300
1960-01-15,-23.3,219.0,1970100
1960-01-15,25.5,13.0,1972400
1960-01-15,6.0,16.0,1972500
1960-01-15,7.8,230.0,1972600
1960-01-15,28.6,296.0,1972700
1960-01-15,8.5,18.0,14221200
1960-01-16,-18.1,348.0,1970500
1960-01-17,19.5,88.0,1972800
1960-01-18,-13.2,18.0,1972000
1960-01-18,3.0,24.0,14221300
1960-01-20,-9.3,141.0,1973100
1960-01-22,-13.8,13.0,1973000
1960-01-22,8.0,31.0,1973300
1960-01-22,9.6,104.0,1973400
1960-01-22,1.7,29.0,1973500
1960-01-22,12.8,10.0,14230100
1960-01-23,10.4,7.0,1973200
1960-01-23,7.0,1123.0,1973600
1960-01-23,7.8,255.0,1973700
1960-01-24,7.9,219.0,1974000
1960-01-24,16.2,12.0,14230200
1960-01-24,23.2,10.0,14230300
1960-01-24,29.9,14.0,14230400
1960-01-25,10.9,61.0,1973800
1960-01-25,11.6,40.0,1974200
1960-01-25,-14.9,695.0,1974300
1960-01-26,23.5,7.0,1974100
1960-01-26,-9.5,10.0,1974400
1960-01-26,22.8,9.0,1974500
1960-01-26,8.3,231.0,1974600
1960-01-26,-13.9,11.0,14230500
1960-01-27,6.6,29.0,1974700
1960-01-28,13.6,229.0,1972900
1960-01-29,21.8,23.0,1974900
1960-01-29,24.1,234.0,1975000
1960-01-30,-17.9,52.0,1975200
1960-01-30,-23.6,160.0,1975300
1960-01-30,18.0,18.0,14230600
1960-01-31,-17.0,34.0,1975500
1960-02-02,24.0,15.0,1973900
1960-02-02,17.5,438.0,1975700
1960-02-02,24.4,5.0,14230700
1960-02-02,-16.6,19.0,14230800
1960-02-02,-18.2,17.0,14230900
1960-02-04,14.8,7.0,1974800
1960-02-04,32.6,5.0,14231000
1960-02-04,4.7,19.0,14231100
1960-02-05,21.6,474.0,1975800
1960-02-06,-16.2,109.0,1975100
1960-02-06,31.6,39.0,1975900
1960-02-06,-19.0,107.0,1976000
1960-02-06,6.8,8.0,14231200
1960-02-08,10.1,442.0,1976100
1960-02-08,-16.2,12.0,14231300
1960-02-09,-24.1,176.0,1976300
1960-02-09,-6.5,34.0,1976400
1960-02-10,-17.0,140.0,1975600
1960-02-12,-13.8,689.0,1975400
1960-02-12,8.5,10.0,1976500
1960-02-12,-19.9,15.0,14231400
1960-02-13,1.5,81.0,1976200
1960-02-14,10.9,31.0,14231500
1960-02-14,-23.9,23.0,14231600
1960-02-15,10.6,9.0,14231700
1960-02-18,-21.3,240.0,1976700
1960-02-18,17.8,3.0,14240100
1960-02-18,26.5,37.0,14240200
1960-02-19,17.1,12.0,1976600
1960-02-20,7.5,249.0,1976800
1960-02-21,27.3,18.0,1977000
1960-02-21,12.1,293.0,1977100
1960-02-22,6.0,30.0,1977200
1960-02-23,9.7,11.0,1977300
1960-02-25,23.5,14.0,1976900
1960-02-25,-18.1,48.0,1977500
1960-02-26,-11.7,16.0,1977700
1960-02-26,-13.5,286.0,1977800
1960-02-28,10.2,31.0,1977900
1960-02-28,-24.4,10.0,14240300
1960-03-02,5.1,25.0,1977400
1960-03-03,8.7,22.0,1978100
1960-03-04,0.8,199.0,1978200
1960-03-04,12.2,15.0,14240400
1960-03-04,-26.8,10.0,14240500
1960-03-05,24.2,32.0,1977600
1960-03-05,-2.1,43.0,1978300
1960-03-07,21.7,11.0,1978700
1960-03-07,13.4,59.0,1978800
1960-03-10,10.8,20.0,1978500
1960-03-10,12.6,16.0,1978900
1960-03-12,9.0,21.0,1978000
1960-03-13,-10.5,108.0,1979000
1960-03-13,-8.8,178.0,1979100
1960-03-13,-7.2,5.0,14240600
1960-03-13,16.6,8.0,14240700
1960-03-15,7.3,25.0,1979200
1960-03-15,5.2,150.0,1979300
1960-03-15,23.8,7.0,14250100
1960-03-16,-6.3,241.0,1978400
1960-03-16,25.7,22.0,1978600
1960-03-20,5.4,23.0,1979400
1960-03-20,10.8,103.0,1979800
1960-03-21,-20.3,11.0,14250200
1960-03-22,22.6,85.0,1980100
1960-03-23,20.8,288.0,1979500
1960-03-23,4.7,107.0,1979900
1960-03-23,-23.6,5.0,14250300
1960-03-23,13.4,5.0,14250400
1960-03-24,-14.3,26.0,1980200
1960-03-24,-24.1,30.0,1980300
1960-03-24,-14.1,14.0,1980400
1960-03-25,-26.1,36.0,1980600
1960-03-25,7.4,12.0,14250500
1960-03-26,26.7,29.0,1980900
1960-03-27,18.0,13.0,1980500
1960-03-28,19.2,172.0,1979700
1960-03-28,4.4,22.0,1981100
1960-03-28,-7.3,54.0,1981200
1960-03-29,20.7,808.0,1979600
1960-03-29,-18.9,34.0,1980700
1960-03-29,9.6,25.0,1980800
1960-03-29,12.2,2.0,14250600
1960-03-30,-13.0,17.0,14250700
1960-03-30,-27.1,11.0,14250800
1960-03-30,1.1,7.0,14250900
1960-03-31,9.9,240.0,1981300
1960-04-01,-12.4,406.0,1980000
1960-04-01,-6.8,204.0,1981500
1960-04-02,-18.5,116.0,1981700
1960-04-03,7.3,9.0,1981800
1960-04-03,-19.5,5.0,1981900
1960-04-04,1.0,6.0,1981600
1960-04-04,10.4,9.0,1982100
1960-04-06,11.0,1666.0,1981000
1960-04-08,11.7,1.0,14251000
1960-04-09,-3.3,11.0,1982000
1960-04-09,-11.5,23.0,1982500
1960-04-09,28.2,11.0,1982600
1960-04-10,16.9,184.0,1981400
1960-04-10,-11.9,594.0,1982700
1960-04-11,-13.4,6.0,14260100
1960-04-11,-19.3,3.0,14260200
1960-04-13,10.5,140.0,1982900
1960-04-15,27.8,3.0,1982800
1960-04-16,-8.3,117.0,1983000
1960-04-16,-3.4,10.0,1983100
1960-04-16,-18.5,11.0,14260300
1960-04-17,-10.6,103.0,1982200
1960-04-17,13.5,6.0,14260400
1960-04-18,18.9,22.0,1983300
1960-04-19,9.8,231.0,1982300
1960-04-19,12.4,90.0,1982400
1960-04-20,-16.4,13.0,1983500
1960-04-21,10.2,393.0,1983600
1960-04-21,-10.9,10.0,14260500
1960-04-22,21.9,12.0,14260600
1960-04-22,-15.2,8.0,14260700
1960-04-23,-11.3,8.0,1983700
1960-04-23,12.8,7.0,14260800
1960-04-24,8.1,11.0,1983900
1960-04-24,-5.4,178.0,1984000
1960-04-26,22.1,94.0,1983200
1960-04-27,6.9,209.0,1983400
1960-04-27,-12.5,9.0,14260900
1960-04-29,5.7,38.0,1984200
1960-04-29,12.3,333.0,1984400
1960-04-30,-12.9,14.0,1984100
1960-04-30,4.3,10.0,1984300
1960-05-02,-15.9,32.0,1984800
1960-05-04,13.0,192.0,1983800
1960-05-04,-16.4,4.0,14261000
1960-05-07,-12.1,32.0,1984900
1960-05-07,-7.9,11.0,1985000
1960-05-07,-9.7,241.0,1985100
1960-05-08,19.0,29.0,1985300
1960-05-10,-8.1,5.0,1985400
1960-05-10,29.5,4.0,14270100
1960-05-11,16.0,106.0,1985700
1960-05-12,11.5,107.0,1984500
1960-05-12,-8.4,354.0,1984600
1960-05-12,31.2,161.0,1985200
1960-05-12,28.3,19.0,1985500
1960-05-13,10.2,21.0,1985600
1960-05-13,-12.6,932.0,1986100
1960-05-14,29.0,742.0,1984700
1960-05-14,-10.3,12.0,1986000
1960-05-15,18.8,94.0,1986200
1960-05-15,10.5,8.0,14270200
1960-05-16,-20.2,12.0,14270300
1960-05-16,23.3,3.0,14270400
1960-05-17,12.5,18.0,1986300
1960-05-18,-2.0,7.0,1986500
1960-05-19,13.1,11.0,1985800
1960-05-20,18.9,9.0,14270500
1960-05-21,12.8,3.0,1986900
1960-05-22,13.6,86.0,1986400
1960-05-22,-6.7,29.0,1987200
1960-05-22,18.1,10.0,14270600
1960-05-23,2.8,46.0,1987400
1960-05-24,5.2,238.0,1985900
1960-05-25,10.7,4.0,1987300
1960-05-25,3.0,27.0,1987600
1960-05-26,-12.2,459.0,1986700
1960-05-26,13.9,8.0,1987500
1960-05-26,12.7,37.0,1987800
1960-05-27,-11.0,398.0,1987900
1960-05-28,19.3,48.0,1987000
1960-05-28,0.8,196.0,1987100
1960-05-28,-16.4,58.0,1988000
1960-05-28,-21.1,14.0,1988100
1960-05-28,-13.0,58.0,1988200
1960-05-29,27.7,74.0,1988300
1960-05-29,29.7,102.0,1988400
1960-05-30,17.5,113.0,1986800
1960-05-31,14.0,369.0,1986600
1960-06-01,8.4,106.0,1987700
1960-06-03,25.2,12.0,14270700
1960-06-05,-13.0,4.0,1988600
1960-06-06,13.4,6.0,1988900
1960-06-06,11.2,19.0,1989000
1960-06-06,13.5,61.0,1989100
1960-06-08,5.5,191.0,1988800
1960-06-08,11.4,44.0,1989200
1960-06-08,16.5,17.0,1989300
1960-06-08,-12.0,38.0,1989500
1960-06-09,15.3,19.0,1989700
1960-06-09,-12.0,545.0,1989800
1960-06-10,7.2,57.0,1988500
1960-06-10,10.4,25.0,1988700
1960-06-10,-13.6,129.0,1990000
1960-06-10,-9.4,8.0,14280100
1960-06-12,-17.7,12.0,1990200
1960-06-13,31.1,6.0,1990100
1960-06-14,-17.5,4.0,1989600
1960-06-14,21.7,301.0,1990400
1960-06-14,-12.8,15.0,14280200
1960-06-15,17.6,28.0,1989900
1960-06-15,17.1,43.0,1990600
1960-06-15,20.3,7.0,14280300
1960-06-16,-16.2,39.0,1990800
1960-06-16,7.7,22.0,1990900
1960-06-17,-9.1,75.0,1990500
1960-06-18,22.3,11.0,14280400
1960-06-20,22.9,168.0,1989400
1960-06-20,20.5,16.0,1990300
1960-06-21,1.3,27.0,1991100
1960-06-23,-7.2,13.0,1991200
1960-06-23,7.5,215.0,1991300
1960-06-25,-3.0,8.0,1991500
1960-06-26,1.7,8.0,14280500
1960-06-27,13.2,370.0,1990700
1960-06-27,-15.1,44.0,1991700
1960-06-27,7.5,3.0,1991800
1960-06-29,-17.8,31.0,1992100
1960-06-30,11.0,11.0,1992200
1960-06-30,2.7,29.0,1992300
1960-06-30,-14.4,14.0,14280600
1960-07-01,24.6,87.0,1992400
1960-07-01,5.7,15.0,14290100
1960-07-01,11.5,8.0,14290200
1960-07-02,20.0,118.0,1991000
1960-07-02,8.4,26.0,1992600
1960-07-02,10.4,6.0,14290300
1960-07-03,13.6,9.0,1992700
1960-07-04,33.9,14.0,1992500
1960-07-05,6.5,39.0,1992800
1960-07-06,-8.6,262.0,1991400
1960-07-06,-14.2,290.0,1991900
1960-07-06,23.4,5.0,1992900
1960-07-06,-25.9,2.0,14290400
1960-07-07,-10.0,7.0,1993100
1960-07-07,-11.3,36.0,1993200
1960-07-07,18.5,28.0,1993300
1960-07-07,-23.2,5.0,14290500
1960-07-08,27.0,452.0,1991600
1960-07-09,-7.0,19.0,14290600
1960-07-10,8.2,61.0,1992000
1960-07-11,-18.6,19.0,14290700
1960-07-12,12.2,3.0,1993600
1960-07-12,-16.6,133.0,1993700
1960-07-14,27.7,12.0,14290800
1960-07-15,-17.5,29.0,1993800
1960-07-16,14.5,362.0,1993000
1960-07-16,15.5,10.0,1994000
1960-07-16,13.0,15.0,1994100
1960-07-16,24.0,315.0,1994200
1960-07-16,-13.3,12.0,14290900
1960-07-17,10.3,24.0,1994300
1960-07-17,20.0,13.0,1994400
1960-07-18,9.7,106.0,1994600
1960-07-18,12.0,24.0,14291000
1960-07-18,22.2,1.0,14291100
1960-07-19,-10.3,12.0,14291200
1960-07-20,0.0,34.0,1993900
1960-07-20,-4.6,50.0,1994700
1960-07-21,-8.1,49.0,1994900
1960-07-21,-3.0,13.0,14291300
1960-07-21,11.9,7.0,14291400
1960-07-22,16.7,26.0,1993400
1960-07-23,21.7,740.0,1993500
1960-07-23,9.1,14.0,1994800
1960-07-24,26.8,77.0,1995200
1960-07-24,8.0,1002.0,1995300
1960-07-24,12.1,169.0,1995400
1960-07-25,-5.4,6.0,14291500
1960-07-26,20.2,3.0,1995100
1960-07-26,10.4,6.0,14291600
1960-07-28,-10.0,76.0,1994500
1960-07-28,6.4,16.0,14300100
1960-07-29,-19.5,8.0,14300200
1960-07-30,9.3,7.0,14300300
1960-07-31,13.5,34.0,1995800
1960-08-01,-15.5,19.0,1995500
1960-08-01,24.5,57.0,1995700
1960-08-02,-10.7,148.0,1995000
1960-08-02,30.6,6.0,1995600
1960-08-02,9.4,12.0,1995900
1960-08-02,-13.6,4.0,14300400
1960-08-04,12.8,14.0,1996000
1960-08-04,10.3,12.0,14300500
1960-08-06,-10.0,11.0,1996100
1960-08-06,19.9,290.0,1996300
1960-08-07,18.6,8.0,1996200
1960-08-07,19.8,1092.0,1996500
1960-08-07,24.3,155.0,1996600
1960-08-10,-11.5,43.0,1996800
1960-08-10,-6.5,496.0,1996900
1960-08-10,15.1,335.0,1997000
1960-08-10,16.5,115.0,1997100
1960-08-11,20.4,37.0,1997300
1960-08-11,-5.8,272.0,1997400
1960-08-12,-22.0,23.0,1996400
1960-08-13,17.0,8.0,1997500
1960-08-14,10.4,69.0,1997800
1960-08-15,12.6,21.0,14300600
1960-08-16,-0.1,21.0,1997200
1960-08-16,25.6,13.0,1997900
1960-08-17,-8.6,143.0,1998000
1960-08-17,27.6,5.0,14300700
1960-08-19,12.3,26.0,14300800
1960-08-19,23.0,8.0,14300900
1960-08-20,-13.7,393.0,1996700
1960-08-20,-14.7,7.0,1998100
1960-08-20,7.5,130.0,1998500
1960-08-21,26.1,14.0,14301000
1960-08-22,16.2,15.0,1998600
1960-08-24,-9.6,16.0,1997600
1960-08-25,15.4,525.0,1997700
1960-08-26,24.8,21.0,1999000
1960-08-27,26.1,91.0,1998700
1960-08-28,5.1,101.0,1998300
1960-08-28,29.1,46.0,1998400
1960-08-29,-18.5,273.0,1998200
1960-08-29,-4.8,234.0,1998800
1960-08-29,25.0,50.0,1998900
1960-08-30,-21.0,16.0,1999300
1960-08-31,-4.7,6.0,14310100
1960-09-01,16.8,20.0,1999700
1960-09-02,-9.0,20.0,1999500
1960-09-03,13.7,23.0,1999400
1960-09-03,-12.8,23.0,1999600
1960-09-03,20.8,575.0,1999800
1960-09-04,-17.4,28.0,1999200
1960-09-04,-6.4,22.0,1999900
1960-09-04,5.2,55.0,2000000
1960-09-06,19.8,255.0,1999100
1960-09-07,-9.7,22.0,2000300
1960-09-07,-16.0,54.0,2000400
1960-09-07,14.7,76.0,2000500
1960-09-09,14.5,216.0,2000700
1960-09-09,10.4,70.0,2000800
1960-09-10,18.9,26.0,2000900
1960-09-11,13.2,1.0,2000600
1960-09-11,29.0,11.0,14310200
1960-09-11,14.6,7.0,14310300
1960-09-13,-4.7,99.0,2000200
1960-09-13,-18.2,31.0,2001300
1960-09-13,26.3,37.0,2001400
1960-09-14,12.7,6.0,2001700
1960-09-14,18.8,6.0,14310400
1960-09-15,-9.6,12.0,2001100
1960-09-15,-17.5,52.0,2001200
1960-09-15,0.5,4.0,2001600
1960-09-15,-13.9,17.0,2001800
1960-09-15,-18.6,482.0,2001900
1960-09-16,-15.6,256.0,2000100
1960-09-17,15.8,7.0,2002000
1960-09-17,-17.0,5.0,14310500
1960-09-18,8.1,272.0,2002400
1960-09-18,22.3,20.0,14310600
1960-09-18,21.4,5.0,14310700
1960-09-19,-3.8,5.0,2001000
1960-09-19,23.4,173.0,2002600
1960-09-19,25.2,63.0,2002700
1960-09-20,-1.2,46.0,2002800
1960-09-20,-2.7,38.0,2002900
1960-09-20,-10.3,208.0,2003000
1960-09-21,-13.3,114.0,2003100
1960-09-21,-11.8,15.0,14320100
1960-09-22,26.1,4.0,2002200
1960-09-22,-18.7,21.0,2003200
1960-09-22,-14.8,16.0,14320200
1960-09-23,-16.7,21.0,2003300
1960-09-24,21.5,159.0,2002100
1960-09-25,-6.5,186.0,2001500
1960-09-26,17.5,17.0,2003400
1960-09-26,22.8,7.0,2003600
1960-09-29,16.3,16.0,2002300
1960-09-29,17.4,4.0,2003700
1960-09-29,19.3,11.0,14320300
1960-09-30,-18.1,352.0,2002500
1960-09-30,-9.7,114.0,2003500
1961-01-01,9.4,17.0,2012800
1961-01-01,-15.8,7.0,2013000
1961-01-01,-14.4,67.0,2013200
1961-01-03,-7.2,18.0,2012700
1961-01-03,8.6,255.0,2013100
1961-01-03,-11.2,37.0,2013400
1961-01-04,-9.2,5.0,2012100
1961-01-05,7.2,26.0,14350300
1961-01-06,15.6,271.0,2012300
1961-01-06,16.6,172.0,2012500
1961-01-07,19.2,234.0,2012400
1961-01-07,13.4,7.0,14350400
1961-01-08,8.9,28.0,2013500
1961-01-09,-11.8,17.0,14350500
1961-01-09,7.5,15.0,14350600
1961-01-12,21.6,320.0,2013300
1961-01-17,-4.7,10.0,2013900
1961-01-18,-13.0,66.0,2013600
1961-01-19,-11.0,100.0,2013700
1961-01-20,-9.9,14.0,2014000
1961-01-21,17.2,143.0,2014100
1961-01-23,-4.5,41.0,2013800
1961-01-25,8.9,386.0,2014200
1961-01-25,19.7,4.0,14360100
1961-01-26,-23.1,72.0,2014300
1961-01-27,-11.9,8.0,14360200
1961-01-28,9.1,6.0,2014600
1961-01-28,22.2,357.0,2014700
1961-01-28,12.9,11.0,14360300
1961-01-29,17.4,20.0,14360400
1961-01-30,-5.0,21.0,2014500
1961-01-31,-16.1,18.0,2014800
1961-01-31,-20.9,12.0,14360500
1961-02-01,7.4,174.0,2014400
1961-02-03,4.4,385.0,2015000
1961-02-04,-10.6,14.0,2015100
1961-02-04,13.4,18.0,14370100
1961-02-07,-8.9,20.0,2015300
1961-02-09,-7.6,14.0,2015400
1961-02-09,10.4,76.0,14370200
1961-02-11,-8.8,18.0,2014900
1961-02-11,-8.4,8.0,2015200
1961-02-15,-11.1,28.0,2015500
1961-02-16,7.2,74.0,2015700
1961-02-17,-18.0,22.0,2015600
1961-02-17,-11.3,52.0,2015900
1961-02-17,13.1,13.0,14370300
1961-02-18,8.6,7.0,2015800
1961-02-22,19.0,21.0,14370400
1961-02-22,7.0,9.0,14370500
1961-02-22,-14.2,6.0,14370600
1961-02-23,-11.7,69.0,2016200
1961-02-24,-13.6,5.0,14370700
1961-02-27,-13.9,4.0,2016000
1961-02-28,3.9,34.0,14370800
1961-03-01,-10.1,11.0,2016300
1961-03-02,-13.0,23.0,14370900
1961-03-03,-15.3,25.0,2016700
1961-03-04,1.5,16.0,2016400
1961-03-04,19.9,19.0,2016500
1961-03-04,-10.1,31.0,2016600
1961-03-05,7.4,114.0,2016100
1961-03-11,3.9,7.0,2016800
1961-03-11,-14.9,6.0,2017000
1961-03-14,19.4,61.0,2017300
1961-03-14,3.4,79.0,2017400
1961-03-16,-9.2,8.0,2017200
1961-03-16,-24.3,49.0,2017600
1961-03-17,19.9,9.0,2017100
1961-03-17,2.0,6.0,2017700
1961-03-17,-4.2,10.0,14380100
1961-03-17,-12.7,12.0,14380200
1961-03-18,23.0,18.0,2017500
1961-03-18,-20.0,26.0,2017800
1961-03-19,-9.1,13.0,14380300
1961-03-20,-5.4,83.0,2016900
1961-03-25,-14.7,139.0,2018300
1961-03-26,-16.8,157.0,2018400
1961-03-27,8.9,40.0,2018000
1961-03-27,3.5,163.0,2018200
1961-03-27,-10.1,10.0,14380400
1961-03-28,10.6,12.0,2018600
1961-03-28,-15.5,75.0,2018700
1961-03-28,-8.6,10.0,2018800
1961-03-28,-17.1,67.0,2018900
1961-03-30,10.7,4.0,2018500
1961-04-01,7.1,339.0,2017900
1961-04-01,-9.9,26.0,2019000
1961-04-02,7.3,13.0,2018100
1961-04-08,-8.3,321.0,2019100
1961-04-09,5.7,18.0,2019400
1961-04-11,15.0,36.0,2019500
1961-04-12,11.9,57.0,2019300
1961-04-13,-28.8,9.0,2019700
1961-04-15,-5.6,64.0,2019200
1961-04-15,1.9,9.0,14390100
1961-04-16,-10.0,11.0,2019900
1961-04-16,-10.9,64.0,2020100
1961-04-17,-11.1,36.0,2020300
1961-04-17,2.6,26.0,14390200
1961-04-18,2.6,10.0,2020200
1961-04-18,-0.1,14.0,14390300
1961-04-18,-15.7,10.0,14390400
1961-04-21,14.3,22.0,2019800
1961-04-22,9.0,11.0,2020400
1961-04-23,2.0,77.0,2019600
1961-04-23,-8.4,7.0,2020500
1961-04-24,-7.6,581.0,2020600
1961-04-26,-3.3,38.0,2020700
1961-04-27,12.3,122.0,2020900
1961-04-28,9.3,186.0,2020000
1961-04-29,-10.9,36.0,14400100
1961-04-30,-22.0,9.0,14400200
1961-05-02,6.1,7.0,2021000
1961-05-04,8.7,4.0,2021100
1961-05-06,4.1,261.0,2020800
1961-05-06,12.0,71.0,2021200
1961-05-06,6.6,175.0,2021300
1961-05-06,3.4,119.0,2021400
1961-05-06,-10.5,10.0,14400300
1961-05-09,11.1,6.0,2021500
1961-05-11,21.1,21.0,2021700
1961-05-13,8.8,177.0,2021800
1961-05-14,1.3,7.0,14400400
1961-05-14,-13.7,20.0,14400500
1961-05-15,-10.9,9.0,2021900
1961-05-15,13.5,10.0,14400600
1961-05-16,11.5,6.0,2021600
1961-05-18,13.1,34.0,2022300
1961-05-19,16.0,77.0,2022400
1961-05-19,-9.4,14.0,14400700
1961-05-20,-13.6,12.0,2022100
1961-05-20,2.5,228.0,2022500
1961-05-22,-11.6,17.0,2022200
1961-05-23,2.9,307.0,2022000
1961-05-24,16.4,14.0,2022600
1961-05-25,5.3,7.0,14410100
1961-05-25,-9.5,11.0,14410200
1961-05-27,14.0,12.0,14410300
1961-05-28,-8.9,8.0,14410400
1961-05-29,-10.1,10.0,2022800
1961-05-30,-8.6,17.0,14410500
1961-05-30,8.7,6.0,14410600
1961-05-31,5.1,38.0,2022700
1961-06-01,-6.3,26.0,2023000
1961-06-01,13.9,12.0,14410700
1961-06-02,1.0,30.0,2023200
1961-06-04,13.1,15.0,2023500
1961-06-04,-10.9,11.0,14410800
1961-06-05,8.4,53.0,2023100
1961-06-06,17.4,19.0,2023300
1961-06-06,-10.4,9.0,2023400
1961-06-09,10.2,14.0,2023600
1961-06-09,2.3,606.0,2023700
1961-06-10,8.8,28.0,2023800
1961-06-11,-2.0,140.0,2022900
1961-06-11,-18.0,52.0,2023900
1961-06-11,-12.6,17.0,14410900
1961-06-15,-6.7,221.0,2024300
1961-06-15,8.6,3.0,14411000
1961-06-16,13.2,47.0,2024100
1961-06-16,22.8,122.0,2024500
1961-06-17,-3.1,38.0,2024200
1961-06-18,9.1,40.0,2024600
1961-06-18,12.5,66.0,2024700
1961-06-19,1.7,13.0,14411100
1961-06-20,-15.1,10.0,14411200
1961-06-21,-9.8,72.0,2024400
1961-06-21,-6.4,10.0,2024900
1961-06-21,-20.8,29.0,2025000
1961-06-21,-11.3,4.0,14420100
1961-06-23,4.3,1.0,14420200
1961-06-24,-8.7,32.0,2024000
1961-06-26,12.0,202.0,2024800
1961-06-26,-13.8,56.0,2025200
1961-06-27,-6.4,52.0,2025100
1961-06-29,-6.2,10.0,2025400
1961-06-30,12.8,380.0,2025500
1961-06-30,12.2,2.0,14420300
1961-07-01,-13.8,3.0,14420400
1961-07-02,0.1,3.0,14420500
1961-07-04,6.9,995.0,2025300
1961-07-05,19.1,14.0,2025600
1961-07-06,2.8,149.0,2025900
1961-07-08,20.8,85.0,2025800
1961-07-09,17.6,63.0,2026100
1961-07-10,12.2,7.0,2025700
1961-07-10,12.4,391.0,2026200
1961-07-11,-10.1,4.0,14420600
1961-07-12,-7.0,4.0,14420700
1961-07-14,-6.8,46.0,2026400
1961-07-14,17.4,6.0,14420800
1961-07-15,-12.3,20.0,2026300
1961-07-17,1.2,16.0,2026500
1961-07-17,-15.5,11.0,2026600
1961-07-19,9.9,16.0,14430100
1961-07-19,18.4,5.0,14430200
1961-07-20,-6.9,367.0,2026000
1961-07-21,13.3,25.0,14430300
1961-07-24,-4.5,11.0,2026700
1961-07-24,-8.0,19.0,2026900
1961-07-24,0.4,46.0,2027100
1961-07-26,-9.9,5.0,14430400
1961-07-27,9.5,441.0,2027000
1961-07-27,17.9,25.0,14430500
1961-07-28,14.3,47.0,2027200
1961-07-28,17.8,7.0,14430600
1961-07-31,7.9,123.0,2026800
1961-07-31,-21.0,19.0,2027400
1961-08-04,23.1,24.0,2027300
1961-08-04,-14.6,19.0,2027500
1961-08-04,-5.9,17.0,2027600
1961-08-05,-21.2,22.0,14430700
1961-08-06,3.0,7.0,14430800
1961-08-07,14.4,82.0,2027700
1961-08-08,12.4,182.0,2027800
1961-08-08,-4.6,33.0,2027900
1961-08-08,10.1,9.0,14430900
1961-08-09,-7.1,4.0,2028100
1961-08-09,-6.8,6.0,2028200
1961-08-10,-2.0,32.0,2028400
1961-08-11,14.9,13.0,2028600
1961-08-11,9.0,38.0,14431000
1961-08-12,1.1,57.0,2028700
1961-08-13,-9.2,27.0,2028500
1961-08-13,0.8,71.0,2028800
1961-08-14,-15.6,24.0,2029000
1961-08-14,4.1,12.0,14440100
1961-08-15,18.2,64.0,2028000
1961-08-15,7.3,156.0,2029200
1961-08-16,11.3,20.0,14440200
1961-08-17,-7.8,14.0,2028900
1961-08-17,0.3,34.0,2029300
1961-08-17,-4.0,25.0,2029400
1961-08-18,18.7,6.0,14440300
1961-08-18,4.6,11.0,14440400
1961-08-18,9.8,8.0,14440500
1961-08-19,10.5,6.0,2029100
1961-08-19,18.4,8.0,2029500
1961-08-20,-15.4,72.0,2029600
1961-08-21,16.7,10.0,2029700
1961-08-22,7.0,190.0,2028300
1961-08-23,11.0,17.0,14440600
1961-08-24,19.8,45.0,2030000
1961-08-25,23.8,12.0,2029800
1961-08-26,20.1,12.0,2030100
1961-08-29,14.3,623.0,2030300
1961-08-30,11.9,7.0,2030200
1961-08-30,-11.7,11.0,14440700
1961-09-01,17.8,210.0,2029900
1961-09-06,8.4,2.0,14440800
1961-09-07,16.9,20.0,14440900
1961-09-07,6.6,8.0,14441000
1961-09-09,13.8,451.0,2030500
1961-09-10,-11.5,1.0,14441100
1961-09-11,20.0,15.0,14450100
1961-09-16,12.2,41.0,14450200
1961-09-16,-7.1,9.0,14450300
1961-09-17,19.8,13.0,2030600
1961-09-17,11.0,21.0,2030800
1961-09-18,-13.7,15.0,2030700
1961-09-20,-10.1,97.0,2030400
1961-09-22,-4.5,5.0,14450400
1961-09-23,3.3,11.0,2031000
1961-09-23,3.1,94.0,2031300
1961-09-24,11.4,115.0,2031400
1961-09-24,16.0,23.0,14450500
1961-09-25,3.1,9.0,14450600
1961-09-26,2.9,19.0,2031200
1961-09-26,13.3,193.0,2031500
1961-09-28,18.5,158.0,2030900
1961-09-29,7.3,26.0,2031100
1962-01-01,-3.7,169.0,2035800
1962-01-02,11.9,34.0,2036400
1962-01-02,15.7,34.0,2036600
1962-01-03,19.1,138.0,2036100
1962-01-10,5.7,17.0,14490200
1962-01-13,13.5,31.0,2036800
1962-01-14,13.9,9.0,14490300
1962-01-15,4.5,146.0,2036700
1962-01-16,10.2,300.0,2036900
1962-01-18,5.6,311.0,2037000
1962-01-25,12.3,10.0,2037200
1962-01-25,-10.5,3.0,2037400
1962-01-28,20.7,13.0,2037100
1962-01-29,-11.2,4.0,2037500
1962-01-30,-18.1,1.0,14500100
1962-01-31,8.4,109.0,2037700
1962-02-05,10.4,322.0,2037300
1962-02-06,-10.3,17.0,14500200
1962-02-08,5.9,19.0,2037800
1962-02-11,6.3,150.0,2037600
1962-02-11,8.2,11.0,14500300
1962-02-12,15.0,6.0,2037900
1962-02-14,12.0,22.0,2038000
1962-02-14,5.4,298.0,2038100
1962-02-14,0.1,15.0,14500400
1962-02-17,-11.8,13.0,2038200
1962-02-18,17.1,3.0,14500500
1962-02-19,-10.3,195.0,2038300
1962-02-21,-8.9,30.0,2038500
1962-02-23,15.9,28.0,2038600
1962-02-24,11.8,4.0,14510100
1962-02-26,12.2,3.0,2038700
1962-02-26,7.3,16.0,2038900
1962-02-27,4.8,12.0,2038800
1962-02-27,7.1,140.0,2039000
1962-02-27,5.1,7.0,14510200
1962-03-03,-8.0,12.0,2039100
1962-03-04,10.2,379.0,2038400
1962-03-04,-8.2,7.0,14510300
1962-03-07,5.0,18.0,14510400
1962-03-10,13.1,8.0,2039200
1962-03-13,10.7,377.0,2039300
1962-03-15,8.5,14.0,2039400
1962-03-17,9.8,16.0,2039500
1962-03-18,-10.3,132.0,2039600
1962-03-19,-7.8,14.0,2039800
1962-03-19,9.5,1841.0,2039900
1962-03-20,-20.8,4.0,2039700
1962-03-20,-15.5,8.0,2040000
1962-03-21,15.9,53.0,2040200
1962-03-22,-14.2,5.0,2040300
1962-03-23,12.6,16.0,2040100
1962-03-23,-15.2,7.0,14520100
1962-03-24,-12.3,10.0,14520200
1962-03-24,-8.1,6.0,14520300
1962-03-28,10.3,10.0,2040400
1962-03-29,14.1,4.0,2040500
1962-03-29,-13.5,14.0,2040600
1962-04-01,14.4,14.0,14520400
1962-04-06,6.4,50.0,2040800
1962-04-08,-8.5,22.0,2040700
1962-04-09,-6.1,7.0,2041000
1962-04-10,10.2,157.0,2040900
1962-04-11,-7.5,283.0,2041200
1962-04-12,24.3,10.0,2041300
1962-04-12,6.4,260.0,2041400
1962-04-13,8.2,311.0,2041500
1962-04-15,8.8,150.0,2041600
1962-04-19,13.3,5.0,2041700
1962-04-20,10.1,141.0,2041100
1962-04-20,-8.7,7.0,14530100
1962-04-22,-8.4,8.0,14530200
1962-04-23,14.0,34.0,2041800
1962-04-24,8.8,246.0,2042000
1962-04-25,-12.6,41.0,2041900
1962-04-25,-17.7,8.0,14530300
1962-04-28,10.1,24.0,2042100
1962-04-28,9.8,11.0,14530400
1962-04-30,5.0,6.0,2042200
1962-04-30,-6.6,5.0,2042300
1962-04-30,19.7,38.0,2042400
1962-05-01,18.7,18.0,2042500
1962-05-04,16.3,74.0,14530500
1962-05-06,15.4,26.0,2042700
1962-05-08,-9.2,307.0,2042800
1962-05-10,13.9,5.0,14530600
1962-05-13,-18.3,393.0,2042600
1962-05-16,5.1,79.0,2042900
1962-05-17,-7.4,22.0,2043000
1962-05-20,13.8,6.0,2043100
1962-05-20,15.6,435.0,2043200
1962-05-20,11.4,4.0,14540100
1962-05-22,4.8,7.0,14540200
1962-05-25,6.2,4.0,14540300
1962-05-30,11.5,21.0,2043400
1962-05-31,-17.8,10.0,2043500
1962-06-02,10.0,33.0,2043600
1962-06-03,-6.6,301.0,2043300
1962-06-03,-7.3,18.0,2043700
1962-06-04,3.8,8.0,2043900
1962-06-05,-19.4,8.0,2043800
1962-06-05,-8.4,160.0,2044000
1962-06-09,4.3,4.0,2044100
1962-06-09,7.1,9.0,14540400
1962-06-11,5.7,28.0,2044300
1962-06-15,4.6,7.0,2044600
1962-06-16,15.3,16.0,2044800
1962-06-17,16.2,158.0,2044900
1962-06-17,12.8,7.0,14550100
1962-06-18,3.9,15.0,2044500
1962-06-18,-9.0,12.0,2045000
1962-06-19,-14.7,47.0,2044700
1962-06-20,-11.7,177.0,2044200
1962-06-21,11.3,14.0,2044400
1962-06-21,8.9,2.0,14550200
1962-06-22,-13.3,37.0,14550300
1962-06-22,19.2,3.0,14550400
1962-06-25,-19.3,53.0,2045200
1962-06-25,5.8,50.0,14550500
1962-06-26,12.2,8.0,14550600
1962-06-30,-24.1,27.0,2045300
1962-06-30,-8.2,16.0,2045400
1962-07-01,-5.6,14.0,14550700
1962-07-06,0.7,511.0,2045100
1962-07-06,9.4,431.0,2045600
1962-07-07,19.4,13.0,2045500
1962-07-08,-10.5,5.0,14560100
1962-07-11,14.8,4.0,14560200
1962-07-13,-10.3,22.0,2045700
1962-07-14,10.8,14.0,2045900
1962-07-15,0.4,13.0,2045800
1962-07-16,4.4,14.0,2046100
1962-07-18,-11.6,8.0,2046000
1962-07-18,22.1,1.0,14560300
1962-07-18,18.2,1.0,14560400
1962-07-21,4.9,28.0,2046200
1962-07-21,0.5,97.0,2046300
1962-07-21,-8.1,8.0,14560500
1962-08-02,8.4,4.0,14560600
1962-08-05,-2.4,1.0,2046400
1962-08-05,11.6,3.0,14570100
1962-08-06,9.8,1.0,14570200
1962-08-07,14.1,6.0,14570300
1962-08-08,6.0,11.0,2046500
1962-08-08,12.9,14.0,14570400
1962-08-13,2.4,85.0,2046700
1962-08-13,23.9,9.0,14570500
1962-08-19,5.7,127.0,2046600
1962-08-19,10.1,6.0,2047000
1962-08-21,4.9,8.0,2046900
1962-08-24,2.7,17.0,2046800
1962-08-24,-12.8,200.0,2047100
1962-08-26,8.4,38.0,2047200
1962-08-27,-5.7,29.0,2047300
1962-09-03,16.0,4.0,2047600
1962-09-04,-6.3,41.0,2047800
1962-09-08,24.1,64.0,2047900
1962-09-09,10.3,190.0,2047400
1962-09-11,21.3,92.0,2048000
1962-09-13,13.6,8.0,2048200
1962-09-14,7.0,308.0,2047500
1962-09-14,-8.8,4.0,2048100
1962-09-15,-12.8,119.0,2047700
1962-09-15,3.0,15.0,14580100
1962-09-20,12.5,7.0,14580200
1962-09-21,7.0,12.0,2048400
1962-09-22,-16.6,18.0,2048300
1962-09-22,9.9,26.0,2048500
1962-09-25,18.1,35.0,2048600
1962-09-27,12.4,6.0,14590100
1962-09-28,14.5,7.0,2048700
1962-09-28,7.5,271.0,2048800
1962-09-30,-11.1,17.0,2048900
1963-01-01,3.3,30.0,2051900
1963-01-01,18.1,63.0,2052000
1963-01-02,-1.2,14.0,2052100
1963-01-05,7.4,10.0,14620400
1963-01-06,-6.4,46.0,2052200
1963-01-07,17.1,38.0,14620500
1963-01-10,10.3,160.0,2052300
1963-01-18,8.0,14.0,2052500
1963-01-21,6.3,27.0,2052400
1963-01-23,11.1,17.0,2052600
1963-01-23,8.9,9.0,14630100
1963-01-26,10.4,14.0,2052700
1963-01-26,3.1,5.0,2052800
1963-02-01,9.4,567.0,2052900
1963-02-02,11.9,88.0,2053100
1963-02-05,12.3,10.0,14630200
1963-02-11,-14.4,47.0,2053000
1963-02-11,-0.1,4.0,14640100
1963-02-14,-11.1,13.0,14640200
1963-02-16,10.0,36.0,2053300
1963-02-16,13.9,4.0,14640300
1963-02-16,7.0,5.0,14640400
1963-02-16,12.5,15.0,14640500
1963-02-18,8.9,122.0,2053200
1963-02-24,6.8,24.0,2053400
1963-02-24,10.9,5.0,2053500
1963-02-26,7.1,30.0,2053600
1963-02-27,15.2,5.0,14640600
1963-03-03,11.4,54.0,2053700
1963-03-05,11.6,3.0,2053800
1963-03-05,-0.1,4.0,14640700
1963-03-06,8.6,11.0,2053900
1963-03-10,12.6,7.0,14650100
1963-03-10,3.8,2.0,14650200
1963-03-14,-12.2,15.0,14650300
1963-03-15,13.9,6.0,2054000
1963-03-15,11.9,232.0,2054100
1963-03-18,12.5,6.0,14650400
1963-03-20,15.7,4.0,2054200
1963-03-22,-12.7,4.0,2054300
1963-03-24,-18.4,13.0,14650500
1963-03-27,-11.5,12.0,2054400
1963-04-01,-7.0,18.0,14650600
1963-04-02,11.8,6.0,14650700
1963-04-04,12.6,7.0,14650800
1963-04-06,-5.9,4.0,14650900
1963-04-07,-5.4,33.0,2054500
1963-04-08,-18.4,48.0,2054900
1963-04-11,0.7,51.0,2054600
1963-04-11,3.1,15.0,14660100
1963-04-12,-8.8,12.0,14660200
1963-04-13,17.5,39.0,2054700
1963-04-13,11.5,65.0,2054800
1963-04-13,16.8,41.0,2055100
1963-04-21,-10.5,241.0,2055000
1963-04-22,13.2,6.0,14660300
1963-04-28,16.2,325.0,2055200
1963-04-30,10.4,14.0,14660400
1963-05-04,7.9,8.0,2055300
1963-05-07,18.4,7.0,2055500
1963-05-07,6.9,8.0,2055700
1963-05-09,13.4,11.0,2055400
1963-05-09,0.5,7.0,2055800
1963-05-09,-9.4,4.0,2055900
1963-05-09,-7.3,242.0,2056000
1963-05-09,8.0,3.0,14670100
1963-05-10,15.9,11.0,14670200
1963-05-12,9.8,18.0,2056100
1963-05-13,-12.7,87.0,2055600
1963-05-13,8.7,83.0,2056300
1963-05-13,-10.5,3.0,14670300
1963-05-13,-11.7,6.0,14670400
1963-05-18,3.6,8.0,14670500
1963-05-20,10.5,24.0,2056200
1963-05-22,14.0,57.0,2056400
1963-05-22,10.2,20.0,2056600
1963-05-23,12.4,46.0,2056700
1963-05-24,3.9,460.0,2056500
1963-05-24,9.8,21.0,2056800
1963-05-27,4.2,14.0,2057000
1963-05-29,-13.6,6.0,14670600
1963-06-02,-8.0,3.0,14680100
1963-06-03,10.8,7.0,2057100
1963-06-04,15.7,8.0,2056900
1963-06-04,8.9,8.0,2057200
1963-06-04,-12.8,2.0,2057300
1963-06-05,-9.2,70.0,2057400
1963-06-08,2.5,80.0,2057600
1963-06-09,8.2,327.0,2057700
1963-06-12,0.3,2.0,14680200
1963-06-14,12.1,20.0,14680300
1963-06-18,12.9,46.0,2057500
1963-06-18,10.5,4.0,14680400
1963-06-25,14.2,106.0,2058100
1963-06-26,7.3,8.0,2057900
1963-06-29,12.8,7.0,2057800
1963-06-30,10.7,17.0,2058200
1963-07-02,6.9,7.0,2058300
1963-07-03,8.2,10.0,2058000
1963-07-03,13.6,5.0,2058400
1963-07-04,8.7,191.0,2058500
1963-07-09,4.5,7.0,14690100
1963-07-15,12.4,165.0,2058600
1963-07-19,4.2,20.0,2058700
1963-07-19,10.1,37.0,2058800
1963-07-23,-0.3,4.0,14690200
1963-07-23,-12.8,6.0,14690300
1963-07-25,9.1,21.0,2058900
1963-07-27,3.6,5.0,14700100
1963-07-28,2.5,7.0,2059000
1963-07-29,10.8,64.0,2059200
1963-07-31,12.4,69.0,2059400
1963-08-03,12.0,139.0,2059100
1963-08-06,7.3,7.0,2059500
1963-08-11,9.5,254.0,2059300
1963-08-12,-12.0,10.0,2059600
1963-08-14,10.6,15.0,14700200
1963-08-18,-8.9,184.0,2059700
1963-08-18,-9.5,9.0,14700300
1963-08-22,-7.7,4.0,14710100
1963-08-23,-8.2,16.0,2060000
1963-08-25,10.6,40.0,2060100
1963-08-26,8.0,49.0,2059800
1963-08-26,-6.6,9.0,2059900
1963-08-26,9.1,105.0,2060200
1963-08-28,12.1,10.0,2060300
1963-08-29,12.9,7.0,14710200
1963-08-31,2.4,12.0,14710300
1963-09-02,-9.6,12.0,14710400
1963-09-03,12.0,4.0,14710500
1963-09-05,11.9,5.0,2060600
1963-09-05,14.3,3.0,14710600
1963-09-06,11.6,4.0,2060500
1963-09-09,3.9,48.0,2060400
1963-09-09,5.4,103.0,2060700
1963-09-10,-5.7,19.0,2060800
1963-09-10,-7.7,53.0,2060900
1963-09-14,13.2,964.0,2061000
1963-09-19,9.0,8.0,14720100
1963-09-25,-19.8,15.0,14720200
1963-09-28,8.2,31.0,14720300
1964-01-02,8.7,14.0,2063700
1964-01-02,-15.5,4.0,14750400
1964-01-03,1.7,12.0,14750500
1964-01-04,-7.0,2.0,2063800
1964-01-05,-5.8,27.0,2063900
1964-01-10,-18.1,10.0,14760100
1964-01-13,11.0,25.0,2064100
1964-01-13,-16.7,6.0,14760200
1964-01-14,-0.6,5.0,2064000
1964-01-17,11.9,6.0,2064200
1964-01-19,10.7,5.0,2064300
1964-01-19,9.1,190.0,2064400
1964-01-20,8.9,39.0,2064500
1964-01-24,21.2,19.0,14760300
1964-01-31,-3.7,197.0,2064600
1964-02-09,19.7,4.0,14770100
1964-02-11,-9.1,9.0,2064700
1964-02-15,9.4,10.0,2064900
1964-02-17,0.0,12.0,14770200
1964-02-18,10.1,9.0,2065000
1964-02-26,-4.6,11.0,2064800
1964-02-29,1.2,85.0,2065200
1964-02-29,-7.7,2.0,2065400
1964-03-01,9.0,237.0,2065100
1964-03-06,6.6,3.0,2065300
1964-03-07,-9.7,5.0,2065500
1964-03-12,-9.3,26.0,2065800
1964-03-14,-3.6,27.0,2065600
1964-03-16,42.9,21.0,2065700
1964-03-16,10.2,194.0,2066000
1964-03-17,5.0,288.0,2065900
1964-03-26,9.3,86.0,2066100
1964-03-27,-9.0,3.0,2066200
1964-04-01,12.6,16.0,2066300
1964-04-05,25.8,18.0,14790100
1964-04-06,15.0,41.0,2066400
1964-04-07,30.1,10.0,14790200
1964-04-08,6.9,4.0,14790300
1964-04-10,-19.7,4.0,14790400
1964-04-12,9.0,26.0,2066500
1964-04-20,-9.7,10.0,14790500
1964-04-24,-13.5,17.0,2066700
1964-04-27,-9.8,7.0,2066600
1964-05-01,33.6,5.0,14800100
1964-05-11,-1.2,25.0,2066800
1964-05-15,9.8,4.0,14800200
1964-05-16,6.4,17.0,2067000
1964-05-17,14.1,6.0,2066900
1964-05-23,7.1,9.0,2067100
1964-05-26,12.3,2.0,2067200
1964-05-26,5.6,35.0,2067300
1964-06-07,33.2,12.0,14810100
1964-06-09,23.6,12.0,2067400
1964-06-11,5.5,9.0,2067500
1964-06-13,26.5,3.0,2067600
1964-06-20,4.4,11.0,14820100
1964-06-20,17.6,5.0,14820200
1964-06-22,26.8,4.0,2067700
1964-06-23,6.2,8.0,14820300
1964-06-24,-5.6,7.0,14820400
1964-06-29,-4.5,22.0,2067800
1964-07-03,32.0,10.0,2067900
1964-07-14,27.4,31.0,2068000
1964-07-19,28.4,5.0,14830100
1964-08-03,18.6,23.0,2068100
1964-08-06,7.4,14.0,2068200
1964-08-07,22.8,12.0,14830200
1964-08-16,23.4,286.0,2068400
1964-08-21,8.2,23.0,2068300
1964-08-31,23.7,6.0,14840100
1964-09-01,21.7,16.0,2068500
1964-09-13,40.2,8.0,2068600
1964-09-15,8.8,19.0,2068700
1964-09-27,14.7,7.0,14850100
1965-01-03,22.7,97.0,2071000
1965-01-03,20.4,43.0,2071100
1965-01-06,22.4,52.0,2070900
1965-01-18,27.3,6.0,2071300
1965-01-20,31.4,4.0,2071400
1965-01-22,21.0,44.0,2071200
1965-01-22,22.9,75.0,2071500
1965-01-23,22.2,103.0,2071600
1965-02-06,20.9,109.0,2071900
1965-02-07,21.8,17.0,2071800
1965-02-09,7.4,116.0,2071700
1965-02-09,29.7,58.0,2072000
1965-02-15,8.6,9.0,14900100
1965-02-24,-4.3,16.0,2072100
1965-02-24,7.1,54.0,2072200
1965-02-26,-15.8,2.0,2072300
1965-02-26,-7.8,4.0,14910100
1965-03-07,19.8,34.0,2072500
1965-03-07,14.2,3.0,2072600
1965-03-08,30.2,12.0,2072400
1965-03-12,19.1,21.0,2072700
1965-03-12,31.0,30.0,2072900
1965-03-21,29.0,93.0,2072800
1965-03-21,22.2,3.0,14920100
1965-03-24,10.1,9.0,2073000
1965-03-28,5.5,3.0,2073100
1965-04-12,4.3,83.0,2073200
1965-04-15,4.1,13.0,2073300
1965-04-15,-30.6,25.0,14930100
1965-04-18,2.1,3.0,14930200
1965-04-27,17.8,7.0,2073400
1965-04-28,-4.3,38.0,2073500
1965-05-01,27.0,13.0,2073600
1965-05-10,36.9,26.0,2073700
1965-05-11,21.5,5.0,2073800
1965-05-13,-13.4,5.0,2073900
1965-05-15,22.7,736.0,2074000
1965-05-17,23.7,170.0,2074100
1965-05-17,26.4,43.0,2074200
1965-05-22,18.9,154.0,2074300
1965-05-23,26.3,22.0,14940100
1965-06-03,-26.7,11.0,14940200
1965-06-07,-11.5,69.0,2074500
1965-06-07,20.0,9.0,2074600
1965-06-07,23.1,51.0,2074700
1965-06-09,-10.2,116.0,2074400
1965-06-11,17.1,5.0,14950100
1965-06-19,29.6,3.0,2074900
1965-06-22,-27.0,43.0,2074800
1965-06-26,28.2,13.0,14950200
1965-06-27,30.4,29.0,2075000
1965-07-03,24.3,25.0,14960100
1965-07-09,31.9,14.0,2075100
1965-07-09,21.4,3.0,2075300
1965-07-11,-31.9,17.0,2075400
1965-07-13,1.9,5.0,2075500
1965-07-14,19.1,178.0,2075200
1965-07-22,15.1,10.0,14960200
1965-07-25,23.2,16.0,14960300
1965-07-27,29.8,11.0,14960400
1965-07-30,31.0,23.0,2075600
1965-08-03,38.4,19.0,2075700
1965-08-03,24.2,7.0,14970100
1965-08-06,35.5,7.0,2075900
1965-08-08,18.2,15.0,14970200
1965-08-08,27.8,1.0,14970300
1965-08-14,-30.7,9.0,2075800
1965-08-18,8.6,16.0,14970400
1965-08-20,3.5,3.0,14970500
1965-08-22,22.2,4.0,2076000
1965-08-26,27.4,7.0,2076100
1965-09-05,3.2,78.0,2076200
1965-09-11,24.0,91.0,2076400
1965-09-14,25.8,18.0,2076300
1965-09-16,28.1,4.0,2076500
1965-09-19,25.3,4.0,14980100
1965-09-26,18.9,86.0,2076700
1965-09-27,27.8,14.0,2076600
1965-09-27,-28.1,48.0,2076800
1966-01-05,-28.4,3.0,2078500
1966-01-05,22.2,14.0,2078600
1966-01-07,-18.8,3.0,15020100
1966-01-09,11.1,3.0,15020200
1966-01-13,29.1,48.0,2078800
1966-01-13,15.8,63.0,2078900
1966-01-14,27.6,51.0,2079000
1966-01-15,30.5,25.0,2079100
1966-01-18,10.3,5.0,15030100
1966-01-20,10.8,16.0,15030200
1966-01-31,-23.3,124.0,2079200
1966-01-31,-23.8,5.0,2079300
1966-02-10,19.6,15.0,15040100
1966-02-13,34.8,33.0,2079400
1966-02-13,30.2,32.0,2079500
1966-02-22,28.3,16.0,2079800
1966-02-26,21.4,179.0,2079600
1966-02-27,21.7,7.0,2080000
1966-02-28,19.3,204.0,2079700
1966-03-01,21.5,92.0,2079900
1966-03-11,26.6,128.0,2080100
1966-03-19,20.1,11.0,2080400
1966-03-19,16.0,7.0,15050100
1966-03-20,27.0,31.0,2080200
1966-03-20,19.9,7.0,2080500
1966-03-21,21.9,15.0,2080600
1966-03-25,19.9,12.0,2080700
1966-03-27,17.1,446.0,2080300
1966-03-28,26.1,474.0,2080800
1966-03-29,23.2,4.0,15050200
1966-03-31,22.3,11.0,2080900
1966-04-01,-27.9,15.0,2081000
1966-04-04,37.7,18.0,15060100
1966-04-08,29.1,104.0,2081100
1966-04-09,30.6,11.0,2081300
1966-04-11,20.1,14.0,2081400
1966-04-12,20.9,792.0,2081200
1966-04-14,18.6,15.0,2081500
1966-04-20,26.4,116.0,2081700
1966-04-21,13.4,5.0,15060200
1966-04-25,27.8,7.0,2081900
1966-04-26,29.0,332.0,2081800
1966-04-27,22.3,80.0,2082000
1966-04-30,19.0,35.0,2081600
1966-05-01,28.9,7.0,2082100
1966-05-02,17.7,20.0,2082400
1966-05-03,15.4,4.0,15070100
1966-05-04,-23.1,2.0,2082200
1966-05-04,21.7,41.0,2082300
1966-05-04,30.8,4.0,2082600
1966-05-04,28.4,22.0,15070200
1966-05-05,27.2,8.0,2082500
1966-05-06,11.9,28.0,15070300
1966-05-12,29.6,65.0,2082700
1966-05-13,20.5,5.0,15070400
1966-05-14,24.2,8.0,2083000
1966-05-16,21.6,11.0,2082800
1966-05-16,21.9,3.0,15070500
1966-05-17,23.5,2.0,15070600
1966-05-18,25.1,7.0,15070700
1966-05-19,23.7,29.0,2082900
1966-05-19,11.9,17.0,2083300
1966-05-20,11.5,42.0,2083400
1966-05-22,19.4,634.0,2083200
1966-05-25,9.1,3.0,15070800
1966-05-26,4.3,26.0,2083600
1966-05-27,-21.4,27.0,2083100
1966-05-27,28.1,23.0,2083700
1966-05-30,17.8,17.0,2083900
1966-05-30,-20.6,24.0,2084000
1966-06-02,22.6,30.0,2083500
1966-06-02,22.1,161.0,2084300
1966-06-02,-13.1,5.0,15080100
1966-06-04,24.2,22.0,15080200
1966-06-06,20.8,69.0,2084400
1966-06-07,31.9,6.0,2084100
1966-06-07,20.8,116.0,2084500
1966-06-08,14.5,8.0,2084200
1966-06-09,31.8,10.0,2083800
1966-06-10,25.3,9.0,15080300
1966-06-16,25.1,32.0,2084600
1966-06-16,-24.9,10.0,2084800
1966-06-17,23.2,102.0,2084900
1966-06-20,17.8,5.0,15080400
1966-06-20,16.6,2.0,15080500
1966-06-24,19.8,8.0,2084700
1966-06-24,13.3,29.0,2085400
1966-06-26,-25.3,24.0,2085500
1966-06-26,32.3,34.0,2085600
1966-06-27,26.9,3.0,2085000
1966-06-28,26.6,103.0,2085200
1966-06-28,20.7,15.0,2085300
1966-07-01,-23.6,43.0,2085100
1966-07-03,38.3,3.0,2085900
1966-07-03,23.5,3.0,2086000
1966-07-03,34.6,4.0,15090100
1966-07-03,26.7,3.0,15090200
1966-07-05,17.3,6.0,2085700
1966-07-10,35.7,352.0,2085800
1966-07-11,23.6,37.0,2086200
1966-07-12,-18.5,69.0,2086800
1966-07-12,26.5,41.0,2086900
1966-07-13,18.9,15.0,2086100
1966-07-13,28.4,113.0,2086300
1966-07-13,24.1,18.0,2086600
1966-07-13,21.4,41.0,2086700
1966-07-14,-32.2,37.0,2086500
1966-07-14,23.4,4.0,2087000
1966-07-15,19.8,27.0,2086400
1966-07-15,29.8,9.0,2087100
1966-07-16,20.1,4.0,2087400
1966-07-16,-23.0,260.0,2087500
1966-07-16,14.2,1.0,15090300
1966-07-17,35.7,35.0,2087200
1966-07-17,33.5,11.0,2087600
1966-07-17,-19.4,8.0,15090400
1966-07-18,10.4,9.0,15090500
1966-07-20,22.8,7.0,2087300
1966-07-20,24.1,12.0,2087700
1966-07-20,21.6,315.0,2087800
1966-07-21,23.8,3.0,15100100
1966-07-23,-7.9,7.0,2087900
1966-07-24,34.1,142.0,2088200
1966-07-25,34.8,10.0,2088100
1966-07-26,23.7,378.0,2088300
1966-07-28,25.1,47.0,2088400
1966-07-28,25.2,8.0,2088500
1966-07-28,35.9,4.0,15100200
1966-07-28,36.2,2.0,15100300
1966-07-29,19.2,9.0,15100400
1966-07-31,17.7,24.0,2088600
1966-07-31,31.2,4.0,15100500
1966-08-01,36.0,36.0,2088000
1966-08-01,19.8,6.0,2088800
1966-08-02,-25.1,16.0,15100600
1966-08-03,18.9,8.0,2088700
1966-08-05,24.5,17.0,2088900
1966-08-05,20.5,4.0,15100700
1966-08-11,33.7,13.0,2089200
1966-08-11,29.4,2.0,2089300
1966-08-11,24.2,8.0,2089400
1966-08-11,26.6,7.0,15100800
1966-08-12,36.6,8.0,15100900
1966-08-13,-29.3,4.0,2089500
1966-08-15,28.9,15.0,2089600
1966-08-17,-21.7,24.0,2089000
1966-08-17,20.2,5.0,2089800
1966-08-17,14.1,15.0,2089900
1966-08-18,-16.1,4.0,15110100
1966-08-19,31.0,22.0,2089100
1966-08-20,21.9,21.0,2089700
1966-08-21,32.8,44.0,2090000
1966-08-21,41.9,13.0,2090100
1966-08-22,24.4,50.0,2090200
1966-08-22,35.3,137.0,2090300
1966-08-23,16.5,1.0,15110200
1966-08-25,26.4,2.0,2090700
1966-08-25,25.3,7.0,2090800
1966-08-25,23.6,3.0,15110300
1966-08-26,19.3,14.0,2090600
1966-08-26,10.8,5.0,15110400
1966-08-26,22.3,2.0,15110500
1966-08-27,-20.7,6.0,2090900
1966-08-28,21.4,3.0,2091000
1966-08-30,5.7,23.0,2090500
1966-08-30,-29.6,4.0,15110600
1966-08-30,27.0,6.0,15110700
1966-08-31,42.7,2.0,15110800
1966-09-01,24.8,6.0,2091100
1966-09-02,24.4,5.0,15110900
1966-09-04,22.9,798.0,2090400
1966-09-04,24.5,6.0,15111000
1966-09-05,31.1,28.0,2091400
1966-09-05,-22.8,4.0,15111100
1966-09-06,29.5,128.0,2091200
1966-09-06,21.6,36.0,2091600
1966-09-06,-23.1,36.0,2091700
1966-09-11,27.8,5.0,15111200
1966-09-11,-22.9,5.0,15111300
1966-09-12,-20.8,76.0,2091800
1966-09-12,-14.9,7.0,2091900
1966-09-12,10.1,9.0,15120100
1966-09-13,-20.2,105.0,2091300
1966-09-13,8.0,503.0,2092000
1966-09-15,20.3,53.0,2092100
1966-09-15,21.4,5.0,15120200
1966-09-18,30.1,23.0,15120300
1966-09-19,22.0,142.0,2091500
1966-09-20,6.7,8.0,2092200
1966-09-21,22.6,262.0,2092400
1966-09-21,23.0,2.0,15120400
1966-09-23,18.9,27.0,2092300
1966-09-25,-18.2,4.0,2092600
1966-09-26,19.3,8.0,2092500
1966-09-27,10.2,3.0,15120500
1966-09-27,33.7,5.0,15120600
1966-09-28,31.7,17.0,2092800
1966-09-28,12.2,4.0,15120700
1966-09-28,29.6,11.0,15120800
1966-09-30,-17.4,63.0,2092700
1967-01-01,6.0,93.0,2099800
1967-01-03,-23.7,176.0,2098800
1967-01-03,29.9,138.0,2100200
1967-01-04,28.9,22.0,15160300
1967-01-08,-24.3,632.0,2099500
1967-01-08,15.2,126.0,2100000
1967-01-08,21.9,46.0,15160400
1967-01-08,11.5,11.0,15160500
1967-01-09,27.6,11.0,2100600
1967-01-09,14.7,13.0,2100700
1967-01-09,15.3,19.0,15160600
1967-01-09,-23.0,23.0,15160700
1967-01-10,15.8,101.0,2099700
1967-01-10,18.5,19.0,2100100
1967-01-11,17.2,276.0,2099600
1967-01-11,23.7,8.0,2100500
1967-01-12,-19.3,23.0,2099900
1967-01-12,22.9,16.0,2101100
1967-01-12,21.9,8.0,15160800
1967-01-12,19.6,5.0,15160900
1967-01-13,-32.0,50.0,2100800
1967-01-14,12.5,199.0,2100400
1967-01-14,-29.6,9.0,15161000
1967-01-15,21.5,112.0,2100300
1967-01-16,16.2,99.0,2101200
1967-01-17,14.5,217.0,2100900
1967-01-18,14.9,206.0,2101400
1967-01-18,19.8,5.0,15161100
1967-01-19,27.7,18.0,15161200
1967-01-20,-17.4,14.0,2101700
1967-01-21,-19.0,9.0,2102100
1967-01-21,-29.5,25.0,2102300
1967-01-22,-23.3,16.0,2101000
1967-01-22,18.5,67.0,2102500
1967-01-22,-22.6,24.0,2102600
1967-01-22,14.9,23.0,15161300
1967-01-23,22.1,13.0,2101900
1967-01-24,15.1,10.0,15161400
1967-01-25,11.1,16.0,2101500
1967-01-25,15.8,15.0,2103000
1967-01-25,24.3,6.0,15161500
1967-01-26,-6.6,5.0,2102800
1967-01-26,19.1,279.0,2103100
1967-01-26,-7.5,9.0,15170100
1967-01-27,-16.8,14.0,2102700
1967-01-28,24.0,9.0,2101300
1967-01-28,15.2,11.0,2102400
1967-01-28,1.7,7.0,2102900
1967-01-28,27.0,8.0,2103200
1967-01-28,14.5,10.0,2103400
1967-01-28,32.5,5.0,15170200
1967-01-29,-23.0,27.0,2103300
1967-01-29,-26.6,9.0,2103500
1967-01-29,-22.6,10.0,2103600
1967-01-29,12.1,24.0,2103700
1967-01-29,13.7,41.0,2103800
1967-01-30,15.8,77.0,2102000
1967-01-31,20.3,432.0,2101600
1967-01-31,16.5,199.0,2101800
1967-01-31,27.0,151.0,2103900
1967-02-01,19.3,9.0,2102200
1967-02-01,14.1,240.0,2104100
1967-02-01,13.7,12.0,15170300
1967-02-01,20.8,8.0,15170400
1967-02-02,-14.2,5.0,2104200
1967-02-02,16.8,11.0,15170500
1967-02-03,16.5,11.0,2104300
1967-02-04,-25.5,296.0,2104500
1967-02-04,-20.8,12.0,15170600
1967-02-05,-30.9,5.0,15170700
1967-02-07,13.0,8.0,2104600
1967-02-07,26.7,19.0,2104700
1967-02-07,19.8,38.0,2104800
1967-02-07,18.1,138.0,2104900
1967-02-07,11.5,12.0,15170800
1967-02-07,-22.7,14.0,15170900
1967-02-08,20.7,13.0,2105000
1967-02-08,14.2,38.0,2105100
1967-02-08,19.9,2.0,15171000
1967-02-08,13.7,5.0,15171100
1967-02-11,14.4,49.0,2105200
1967-02-11,17.9,8.0,15171200
1967-02-12,-16.8,147.0,2104000
1967-02-13,-24.2,205.0,2105300
1967-02-14,17.9,6.0,15171300
1967-02-14,15.3,8.0,15171400
1967-02-14,18.4,8.0,15171500
1967-02-15,18.2,120.0,2104400
1967-02-16,23.1,64.0,2105600
1967-02-17,22.0,37.0,2105700
1967-02-17,-28.5,12.0,15171600
1967-02-18,-25.2,7.0,15171700
1967-02-20,-27.1,9.0,2105900
1967-02-20,-22.2,196.0,2106000
1967-02-20,16.2,5.0,15171800
1967-02-21,22.5,337.0,2106100
1967-02-21,13.3,28.0,15171900
1967-02-22,-18.3,23.0,15172000
1967-02-24,15.7,56.0,2105800
1967-02-24,16.3,5.0,2106200
1967-02-26,15.8,88.0,2105400
1967-02-26,-25.0,5.0,2106700
1967-02-26,11.0,12.0,15180100
1967-02-27,18.6,40.0,2105500
1967-02-27,-16.5,75.0,2107000
1967-02-27,18.7,12.0,15180200
1967-02-28,13.8,12.0,2106300
1967-02-28,-26.6,40.0,2106900
1967-02-28,11.1,47.0,2107300
1967-02-28,24.4,11.0,15180300
1967-03-01,-18.3,10.0,2107400
1967-03-02,22.0,119.0,2107600
1967-03-03,-18.8,512.0,2107700
1967-03-03,-45.6,19.0,15180400
1967-03-03,30.2,7.0,15180500
1967-03-04,16.9,9.0,2107800
1967-03-05,-16.4,17.0,2106500
1967-03-05,-9.4,39.0,2107100
1967-03-06,-20.3,18.0,2106400
1967-03-07,15.4,457.0,2106600
1967-03-07,-2.7,5.0,15180600
1967-03-08,30.7,14.0,15180700
1967-03-09,18.4,33.0,2107900
1967-03-10,13.7,61.0,2107200
1967-03-10,18.4,11.0,2107500
1967-03-10,27.6,7.0,2108100
1967-03-10,18.2,6.0,2108200
1967-03-11,-15.8,12.0,15180800
1967-03-12,-20.8,38.0,2106800
1967-03-12,15.0,11.0,2108000
1967-03-12,-15.1,131.0,2108300
1967-03-12,-20.8,18.0,15180900
1967-03-12,-25.3,17.0,15181000
1967-03-15,17.1,14.0,2108500
1967-03-15,24.3,237.0,2108600
1967-03-15,-19.7,13.0,15181100
1967-03-16,17.8,103.0,2108800
1967-03-17,17.0,72.0,2109000
1967-03-18,26.8,18.0,2108700
1967-03-18,21.4,88.0,15181200
1967-03-18,-24.9,18.0,15181300
1967-03-20,28.6,22.0,2108400
1967-03-20,19.9,32.0,2109100
1967-03-20,-21.2,9.0,2109200
1967-03-20,16.6,24.0,2109300
1967-03-20,22.2,529.0,2109400
1967-03-20,10.7,23.0,15181400
1967-03-20,6.4,7.0,15181500
1967-03-21,20.9,30.0,2109500
1967-03-21,26.0,228.0,2109600
1967-03-21,21.3,45.0,15181600
1967-03-23,15.1,35.0,2109800
1967-03-23,24.7,12.0,15190100
1967-03-24,16.9,28.0,2108900
1967-03-24,15.0,42.0,2110000
1967-03-24,22.8,40.0,2110100
1967-03-24,-17.5,11.0,15190200
1967-03-25,-20.6,202.0,2110300
1967-03-26,-23.9,18.0,2110200
1967-03-28,12.7,25.0,2109700
1967-03-28,19.9,13.0,15190300
1967-03-29,26.9,98.0,2109900
1967-03-29,26.6,68.0,2110700
1967-03-29,16.3,35.0,2110800
1967-03-29,-25.9,6.0,15190400
1967-03-29,-17.6,7.0,15190500
1967-03-29,-18.6,14.0,15190600
1967-03-30,16.9,15.0,2110600
1967-03-30,16.4,32.0,2110900
1967-03-30,23.1,134.0,2111000
1967-03-31,27.2,25.0,2111200
1967-03-31,33.1,7.0,15190700
1967-04-01,28.7,26.0,2111100
1967-04-02,-22.8,338.0,2110400
1967-04-02,17.6,16.0,2110500
1967-04-02,-19.2,15.0,2111400
1967-04-03,-22.3,15.0,2111300
1967-04-04,10.4,142.0,2111800
1967-04-05,-20.0,32.0,2111600
1967-04-06,-18.6,38.0,2111900
1967-04-06,23.9,7.0,15190800
1967-04-06,-22.5,34.0,15190900
1967-04-07,31.4,21.0,2111500
1967-04-07,35.8,29.0,2112000
1967-04-07,19.8,23.0,2112300
1967-04-07,18.9,22.0,2112400
1967-04-07,-23.8,29.0,15191000
1967-04-07,-31.4,15.0,15191100
1967-04-08,14.4,75.0,2112600
1967-04-08,18.0,3.0,15191200
1967-04-09,-20.1,27.0,2112500
1967-04-09,35.4,15.0,15191300
1967-04-10,30.2,24.0,2112700
1967-04-13,-24.4,47.0,2111700
1967-04-13,-20.0,80.0,2112100
1967-04-13,24.6,466.0,2113000
1967-04-13,24.5,19.0,15191400
1967-04-15,23.1,464.0,2112200
1967-04-15,14.0,21.0,2112900
1967-04-16,13.6,207.0,2112800
1967-04-16,25.7,8.0,2113100
1967-04-17,-22.4,149.0,2113500
1967-04-17,-8.5,21.0,15191500
1967-04-18,-14.4,34.0,2113600
1967-04-19,16.7,64.0,2113300
1967-04-19,19.2,23.0,15200100
1967-04-19,-27.6,13.0,15200200
1967-04-21,-46.1,13.0,2113700
1967-04-21,25.6,17.0,2113800
1967-04-22,-23.4,17.0,2113900
1967-04-22,28.4,9.0,15200300
1967-04-23,-19.7,18.0,2114100
1967-04-24,-22.1,222.0,2113200
1967-04-24,-25.0,10.0,15200400
1967-04-25,-27.0,241.0,2114200
1967-04-25,-28.8,15.0,15200500
1967-04-26,13.8,3.0,2114000
1967-04-26,-25.4,18.0,15200600
1967-04-26,-20.4,10.0,15200700
1967-04-27,-20.9,72.0,2114500
1967-04-27,20.1,12.0,15200800
1967-04-29,22.8,117.0,2113400
1967-04-30,32.6,31.0,2114600
1967-04-30,20.8,6.0,2114700
1967-05-01,20.8,351.0,2114900
1967-05-03,12.5,15.0,15200900
1967-05-04,-21.4,52.0,2114800
1967-05-04,34.5,14.0,15201000
1967-05-05,-16.7,163.0,2114300
1967-05-05,19.1,13.0,15201100
1967-05-07,18.0,32.0,2114400
1967-05-07,14.5,46.0,2115000
1967-05-07,-23.4,16.0,2115100
1967-05-07,-17.6,23.0,2115200
1967-05-08,-21.2,5.0,15201200
1967-05-09,-24.0,36.0,2115300
1967-05-09,-26.1,19.0,15201300
1967-05-12,-23.4,35.0,2115500
1967-05-13,-15.3,6.0,2115600
1967-05-13,-14.7,55.0,2115700
1967-05-15,-19.6,10.0,2115800
1967-05-15,-13.5,179.0,2115900
1967-05-17,14.1,10.0,2116000
1967-05-17,23.8,17.0,15210100
1967-05-19,13.2,7.0,15210200
1967-05-21,9.3,207.0,2116700
1967-05-23,-26.3,6.0,2116900
1967-05-23,21.0,135.0,2117000
1967-05-24,25.6,95.0,2115400
1967-05-24,-27.9,21.0,2116500
1967-05-24,-18.3,14.0,2116800
1967-05-24,-21.4,10.0,2117400
1967-05-24,26.0,30.0,2117500
1967-05-24,19.8,12.0,15210300
1967-05-25,-15.6,19.0,2116100
1967-05-25,12.5,10.0,2117100
1967-05-25,18.9,139.0,2117700
1967-05-25,17.5,5.0,15210400
1967-05-26,2.3,13.0,2117600
1967-05-26,-24.6,6.0,2118000
1967-05-26,-20.1,9.0,2118100
1967-05-26,-18.0,15.0,15210500
1967-05-26,21.1,21.0,15210600
1967-05-27,30.0,47.0,2117800
1967-05-27,-26.8,23.0,2117900
1967-05-27,19.4,10.0,2118300
1967-05-27,-17.7,9.0,15210700
1967-05-28,19.1,4.0,2118400
1967-05-28,-17.0,7.0,15210800
1967-05-29,21.7,314.0,2118600
1967-05-29,-26.5,16.0,15210900
1967-05-30,25.9,134.0,2116200
1967-05-31,25.3,401.0,2116300
1967-05-31,-23.2,15.0,2118700
1967-05-31,13.5,10.0,2118800
1967-05-31,7.7,23.0,15211000
1967-05-31,27.0,25.0,15211100
1967-06-01,28.5,150.0,2116400
1967-06-01,-17.1,106.0,2116600
1967-06-01,-21.7,88.0,2117200
1967-06-02,11.5,71.0,2117300
1967-06-03,22.5,9.0,15211200
1967-06-04,-13.0,22.0,2119100
1967-06-05,-19.0,3.0,2118900
1967-06-05,19.9,10.0,2119200
1967-06-05,-18.4,14.0,15211300
1967-06-06,34.6,22.0,15211400
1967-06-07,-19.6,46.0,2118200
1967-06-08,16.1,14.0,15211500
1967-06-08,-16.6,12.0,15211600
1967-06-09,22.9,589.0,2118500
1967-06-09,26.7,22.0,2119300
1967-06-09,-15.1,2.0,2119400
1967-06-09,16.0,18.0,15211700
1967-06-09,9.9,11.0,15211800
1967-06-09,-17.3,9.0,15211900
1967-06-10,-23.9,33.0,15212000
1967-06-11,8.9,21.0,15212100
1967-06-12,19.8,6.0,15220100
1967-06-13,15.2,23.0,2119000
1967-06-14,-19.5,50.0,2119600
1967-06-15,-17.5,159.0,2119500
1967-06-15,18.7,90.0,2119700
1967-06-15,24.6,121.0,2119800
1967-06-16,30.6,40.0,2119900
1967-06-16,-19.0,84.0,2120000
1967-06-16,24.4,51.0,2120100
1967-06-16,31.7,9.0,15220200
1967-06-17,10.2,145.0,2120300
1967-06-18,26.0,27.0,2120500
1967-06-20,31.9,14.0,2120600
1967-06-20,20.9,18.0,15220300
1967-06-22,-14.7,30.0,2120200
1967-06-23,13.8,26.0,15220400
1967-06-24,23.3,509.0,2121000
1967-06-24,14.0,7.0,15220500
1967-06-24,23.5,29.0,15220600
1967-06-25,15.0,54.0,2120400
1967-06-25,-27.6,17.0,2120900
1967-06-25,-22.0,14.0,15220700
1967-06-25,-18.5,18.0,15220800
1967-06-26,20.2,14.0,15220900
1967-06-27,-23.7,355.0,2120808
1967-06-27,4.7,7.0,15221000
1967-06-28,19.6,213.0,2121300
1967-06-28,27.6,7.0,15221100
1967-06-29,11.9,12.0,2121500
1967-06-30,17.7,17.0,2121700
1967-06-30,-16.1,113.0,2121800
1967-07-01,16.7,208.0,2120700
1967-07-01,-15.8,2.0,2121100
1967-07-01,-19.2,4.0,2121400
1967-07-01,-22.4,58.0,2122000
1967-07-02,32.2,20.0,2121600
1967-07-03,-24.8,93.0,2120800
1967-07-03,20.2,15.0,2122300
1967-07-03,17.5,115.0,2122400
1967-07-05,14.8,29.0,2121200
1967-07-05,-11.9,4.0,15221200
1967-07-05,11.3,20.0,15221300
1967-07-06,20.2,4.0,15221400
1967-07-07,15.7,4.0,2122100
1967-07-07,25.8,32.0,2122600
1967-07-07,23.6,21.0,2122700
1967-07-08,18.6,4.0,15221500
1967-07-10,-21.9,153.0,2121900
1967-07-10,15.9,11.0,2122900
1967-07-10,-20.8,7.0,15230100
1967-07-10,-22.5,15.0,15230200
1967-07-11,13.7,20.0,2122200
1967-07-11,5.3,5.0,2122800
1967-07-11,-13.9,6.0,2123000
1967-07-11,19.4,3.0,15230300
1967-07-12,-21.1,38.0,2123300
1967-07-13,-26.6,13.0,2123100
1967-07-14,-19.5,89.0,2123500
1967-07-15,24.8,327.0,2122500
1967-07-15,8.5,41.0,2123600
1967-07-16,19.0,3.0,15230400
1967-07-17,-13.8,11.0,2123700
1967-07-17,28.6,6.0,2123800
1967-07-18,-11.3,14.0,2124000
1967-07-18,-22.9,204.0,2124100
1967-07-18,-32.1,6.0,15230500
1967-07-19,26.4,31.0,2123200
1967-07-19,40.5,23.0,15230600
1967-07-20,-14.5,12.0,15230700
1967-07-21,25.5,429.0,2124400
1967-07-21,18.7,21.0,15230800
1967-07-21,-40.1,15.0,15230900
1967-07-21,10.9,3.0,15231000
1967-07-21,19.6,4.0,15231100
1967-07-22,-5.2,7.0,15231200
1967-07-23,-18.8,24.0,2123400
1967-07-23,24.2,10.0,15231300
1967-07-23,16.4,4.0,15231400
1967-07-23,-21.2,7.0,15231500
1967-07-23,29.2,8.0,15231600
1967-07-24,13.4,22.0,2124200
1967-07-24,-23.3,26.0,2124500
1967-07-24,16.5,14.0,15231700
1967-07-24,28.9,14.0,15231800
1967-07-24,-28.6,12.0,15231900
1967-07-25,-17.6,23.0,2124800
1967-07-25,12.5,98.0,2125000
1967-07-26,-19.4,13.0,2125200
1967-07-26,20.3,136.0,2125300
1967-07-26,13.2,26.0,15232000
1967-07-26,28.9,11.0,15232100
1967-07-27,-29.7,118.0,2123900
1967-07-27,30.1,9.0,2124600
1967-07-27,-22.1,4.0,2124900
1967-07-27,-10.2,7.0,15232200
1967-07-27,1.7,5.0,15232300
1967-07-27,27.9,3.0,15232400
1967-07-28,-8.2,21.0,2124300
1967-07-28,-21.4,111.0,2125400
1967-07-28,-28.0,15.0,15232500
1967-07-28,-16.6,4.0,15232600
1967-08-01,31.2,8.0,2125600
1967-08-01,22.4,4.0,15232700
1967-08-01,-1.7,6.0,15232800
1967-08-02,-21.8,10.0,15232900
1967-08-02,9.1,3.0,15233000
1967-08-02,16.9,8.0,15233100
1967-08-02,-19.9,11.0,15233200
1967-08-03,10.4,10.0,2125700
1967-08-03,33.1,9.0,2125800
1967-08-03,20.1,71.0,2125900
1967-08-03,-27.8,19.0,15233300
1967-08-03,-22.2,10.0,15233400
1967-08-03,-21.9,8.0,15233500
1967-08-04,14.8,465.0,2124700
1967-08-05,16.4,339.0,2125100
1967-08-05,26.2,65.0,2126200
1967-08-05,22.4,25.0,15240100
1967-08-05,16.6,29.0,15240200
1967-08-05,24.9,21.0,15240300
1967-08-05,0.8,9.0,15240400
1967-08-05,-14.3,2.0,15240500
1967-08-06,11.6,7.0,2126100
1967-08-06,11.8,14.0,2126600
1967-08-07,17.8,3.0,2126400
1967-08-07,-17.6,181.0,2126700
1967-08-07,38.0,7.0,15240600
1967-08-07,29.6,12.0,15240700
1967-08-08,-16.9,11.0,2126900
1967-08-08,30.9,9.0,15240800
1967-08-08,45.7,8.0,15240900
1967-08-09,-28.1,214.0,2125500
1967-08-10,-19.4,12.0,15241000
1967-08-11,17.2,29.0,2126000
1967-08-11,18.3,8.0,2126500
1967-08-11,-20.1,15.0,2127400
1967-08-11,10.3,12.0,15241100
1967-08-11,-18.0,11.0,15241200
1967-08-13,-19.0,40.0,2126800
1967-08-13,24.8,20.0,2127000
1967-08-13,24.2,649.0,2127200
1967-08-14,-22.8,11.0,2127300
1967-08-14,14.4,12.0,15241300
1967-08-16,26.5,10.0,2127500
1967-08-16,31.3,4.0,15241400
1967-08-17,-22.2,7.0,2127100
1967-08-17,19.3,7.0,15241500
1967-08-18,-21.9,243.0,2126300
1967-08-18,33.2,47.0,2128000
1967-08-18,-31.6,64.0,2128100
1967-08-18,-23.0,17.0,15241600
1967-08-18,-30.4,7.0,15241700
1967-08-18,38.9,6.0,15241800
1967-08-19,26.5,14.0,2127600
1967-08-19,24.4,36.0,2128300
1967-08-19,14.2,21.0,2128400
1967-08-19,23.9,867.0,2128500
1967-08-20,17.2,16.0,2128600
1967-08-20,12.9,90.0,2128700
1967-08-20,31.3,26.0,2128800
1967-08-20,17.2,42.0,2128900
1967-08-20,10.0,13.0,15241900
1967-08-20,7.7,4.0,15242000
1967-08-21,17.8,117.0,2127800
1967-08-21,12.0,19.0,2128200
1967-08-21,-34.0,12.0,15242100
1967-08-21,18.6,19.0,15242200
1967-08-22,20.2,22.0,15242300
1967-08-22,12.7,14.0,15242400
1967-08-23,8.8,245.0,2127900
1967-08-23,17.7,5.0,2129100
1967-08-23,15.0,8.0,15242500
1967-08-23,-24.4,3.0,15242600
1967-08-23,-18.8,5.0,15242700
1967-08-25,10.6,5.0,2129200
1967-08-26,-26.4,92.0,2127700
1967-08-26,-32.7,17.0,2129400
1967-08-26,12.3,9.0,15242800
1967-08-26,31.1,78.0,15242900
1967-08-26,16.7,18.0,15243000
1967-08-27,15.8,12.0,2129600
1967-08-27,36.1,3.0,15243100
1967-08-28,-22.4,66.0,2129700
1967-08-28,-28.9,228.0,2129800
1967-08-28,26.0,597.0,2129900
1967-08-28,24.7,4.0,15243200
1967-08-28,19.4,2.0,15243300
1967-08-28,36.1,7.0,15243400
1967-08-28,-1.2,10.0,15243500
1967-08-28,23.3,12.0,15243600
1967-08-28,5.9,17.0,15243700
1967-08-28,20.6,11.0,15243800
1967-08-29,22.8,67.0,2129500
1967-08-29,-27.2,64.0,2130100
1967-08-29,25.1,10.0,15243900
1967-08-29,19.1,5.0,15244000
1967-08-29,0.5,5.0,15244100
1967-08-29,18.6,12.0,15244200
1967-08-30,32.0,15.0,2129300
1967-08-30,30.2,41.0,2130300
1967-08-30,14.5,323.0,2130400
1967-08-30,22.9,13.0,15244300
1967-08-30,21.0,24.0,15244400
1967-08-31,14.5,30.0,2130200
1967-08-31,21.6,7.0,2130700
1967-08-31,15.2,286.0,2130800
1967-08-31,-16.4,18.0,15244500
1967-08-31,-13.5,4.0,15244600
1967-08-31,-28.6,14.0,15244700
1967-08-31,-23.6,16.0,15244800
1967-09-01,-22.2,47.0,2129000
1967-09-01,26.6,3.0,2130500
1967-09-01,-13.5,5.0,2131000
1967-09-01,15.6,15.0,15250100
1967-09-02,-32.4,5.0,2130900
1967-09-02,-21.4,187.0,2131200
1967-09-02,11.4,19.0,15250200
1967-09-02,21.7,17.0,15250300
1967-09-04,-19.6,261.0,2130000
1967-09-04,8.3,14.0,15250400
1967-09-05,32.3,3.0,2131400
1967-09-05,-12.4,8.0,2131600
1967-09-05,-20.3,36.0,2131700
1967-09-05,6.2,91.0,2131800
1967-09-05,20.9,5.0,15250500
1967-09-06,-28.7,32.0,2131300
1967-09-06,-22.4,51.0,2131900
1967-09-06,33.0,6.0,15250600
1967-09-06,28.2,11.0,15250700
1967-09-07,18.9,11.0,15250800
1967-09-07,16.3,9.0,15250900
1967-09-07,-12.0,11.0,15251000
1967-09-08,21.2,13.0,2132000
1967-09-08,5.9,18.0,15251100
1967-09-08,29.9,11.0,15251200
1967-09-08,9.4,10.0,15251300
1967-09-08,-20.6,17.0,15251400
1967-09-08,9.7,20.0,15251500
1967-09-09,-17.4,75.0,2130600
1967-09-09,13.0,15.0,15251600
1967-09-09,19.0,32.0,15251700
1967-09-09,-23.4,15.0,15251800
1967-09-09,-18.2,13.0,15251900
1967-09-09,17.1,7.0,15252000
1967-09-11,-30.0,135.0,2132200
1967-09-12,-23.4,11.0,2131100
1967-09-12,16.5,32.0,15252100
1967-09-12,10.4,15.0,15252200
1967-09-12,31.0,16.0,15252300
1967-09-13,12.6,8.0,2132300
1967-09-14,24.8,221.0,2131500
1967-09-14,18.4,7.0,15252400
1967-09-17,-13.4,12.0,15252500
1967-09-18,-11.4,43.0,15252600
1967-09-18,-20.5,8.0,15252700
1967-09-19,20.7,60.0,2132500
1967-09-19,12.8,9.0,15252800
1967-09-20,11.1,283.0,2132100
1967-09-20,24.3,14.0,2132800
1967-09-20,24.4,9.0,2133000
1967-09-21,-22.1,13.0,2133300
1967-09-21,8.0,9.0,15252900
1967-09-22,10.7,43.0,2132600
1967-09-22,11.1,29.0,2133200
1967-09-23,17.3,111.0,2133100
1967-09-25,-25.6,185.0,2132400
1967-09-25,26.7,4.0,2132700
1967-09-25,15.3,4.0,2133500
1967-09-25,11.8,232.0,2133600
1967-09-25,21.4,72.0,2133700
1967-09-26,14.6,11.0,2133400
1967-09-26,-18.8,17.0,15253000
1967-09-28,15.2,129.0,2132900
1967-09-28,-14.9,248.0,2133900
1967-09-28,14.6,8.0,15253100
1967-09-30,10.6,32.0,2133800
1967-09-30,-19.7,8.0,2134000
1967-09-30,22.9,23.0,2134100
1967-09-30,-19.1,157.0,2134200
1968-01-01,-13.8,10.0,2145400
1968-01-01,-29.4,34.0,2145600
1968-01-01,-15.2,58.0,2145700
1968-01-01,-19.5,134.0,2145800
1968-01-02,-22.7,240.0,2144400
1968-01-02,-15.3,882.0,2144800
1968-01-02,-23.2,587.0,2145900
1968-01-03,-1.4,14.0,15290500
1968-01-04,-28.7,143.0,2146200
1968-01-04,8.8,171.0,2146300
1968-01-05,-16.5,47.0,2144900
1968-01-05,-25.1,137.0,2146400
1968-01-05,-34.1,12.0,15290600
1968-01-06,-12.6,140.0,2145100
1968-01-06,-20.2,20.0,15290700
1968-01-07,-13.8,17.0,2146100
1968-01-07,9.1,28.0,2146500
1968-01-08,-29.1,184.0,2145000
1968-01-08,24.5,41.0,2146700
1968-01-08,-19.4,7.0,15290800
1968-01-08,10.4,12.0,15290900
1968-01-10,-9.3,47.0,2146800
1968-01-10,14.5,94.0,2146900
1968-01-10,12.6,12.0,2147000
1968-01-10,-19.2,15.0,15291000
1968-01-12,-36.6,6.0,15291100
1968-01-12,-3.6,3.0,15291200
1968-01-12,-10.8,8.0,15291300
1968-01-14,18.1,185.0,2146000
1968-01-14,-17.4,19.0,2147200
1968-01-16,-27.1,25.0,15300100
1968-01-16,-36.0,14.0,15300200
1968-01-16,-13.8,49.0,15300300
1968-01-16,-32.1,24.0,15300400
1968-01-17,-19.7,11.0,2147300
1968-01-17,21.1,47.0,2147400
1968-01-17,-10.8,31.0,2147500
1968-01-17,-0.7,6.0,15300500
1968-01-18,7.5,110.0,2147100
1968-01-19,20.0,173.0,2146600
1968-01-19,16.5,18.0,2147600
1968-01-19,-1.2,6.0,15300600
1968-01-19,-17.5,13.0,15300700
1968-01-20,8.6,21.0,2147700
1968-01-20,8.9,4.0,15300800
1968-01-22,-11.8,26.0,2147900
1968-01-22,30.4,17.0,15300900
1968-01-23,32.6,27.0,2148000
1968-01-24,-28.8,14.0,2147800
1968-01-24,11.6,867.0,2148200
1968-01-24,-10.8,244.0,2148300
1968-01-24,-26.0,8.0,15301000
1968-01-25,-15.2,27.0,2148500
1968-01-26,27.0,86.0,2148100
1968-01-27,21.4,94.0,2148700
1968-01-27,-6.8,6.0,15301100
1968-01-28,-12.0,15.0,2148900
1968-01-28,25.0,60.0,2149000
1968-01-28,11.8,744.0,2149100
1968-01-29,2.4,33.0,2148400
1968-01-30,19.0,65.0,2149200
1968-01-30,6.2,273.0,2149300
1968-01-30,-23.5,112.0,2149400
1968-01-31,11.5,142.0,2149600
1968-01-31,16.6,8.0,15301200
1968-02-02,-31.3,13.0,2149900
1968-02-04,18.3,17.0,2149700
1968-02-04,19.6,35.0,2150100
1968-02-05,-12.7,16.0,2148600
1968-02-05,-25.2,30.0,2150000
1968-02-06,15.0,123.0,2148800
1968-02-07,22.7,14.0,15301300
1968-02-08,-22.7,15.0,2150200
1968-02-08,20.9,5.0,2150300
1968-02-08,19.4,51.0,2150400
1968-02-08,12.9,22.0,2150500
1968-02-08,17.7,201.0,2150600
1968-02-08,-16.3,246.0,2150700
1968-02-08,8.8,10.0,15301400
1968-02-08,-14.0,4.0,15301500
1968-02-08,29.1,5.0,15301600
1968-02-09,-19.6,63.0,2149800
1968-02-09,24.9,18.0,15301700
1968-02-11,-15.9,10.0,2149500
1968-02-11,16.0,4.0,15301800
1968-02-12,24.7,26.0,2150800
1968-02-12,-26.8,18.0,15310100
1968-02-14,-26.1,9.0,2150900
1968-02-14,-8.4,33.0,2151000
1968-02-15,-20.3,4.0,2151100
1968-02-15,-19.9,11.0,15310200
1968-02-15,20.3,22.0,15310300
1968-02-16,2.6,62.0,2151200
1968-02-16,-8.9,73.0,2151300
1968-02-17,-13.5,22.0,2151400
1968-02-17,-28.4,116.0,2151500
1968-02-19,-23.2,16.0,15310400
1968-02-20,-16.5,27.0,2151800
1968-02-20,10.4,434.0,2151900
1968-02-21,6.7,18.0,15310500
1968-02-22,-17.8,30.0,2151600
1968-02-22,-25.6,29.0,2152000
1968-02-23,26.8,126.0,2151700
1968-02-24,13.1,196.0,2152300
1968-02-25,-22.8,21.0,15310600
1968-02-25,-14.8,6.0,15310700
1968-02-25,8.7,19.0,15310800
1968-02-26,14.4,75.0,2152100
1968-02-26,-20.2,3.0,15310900
1968-02-27,9.2,70.0,2152200
1968-02-27,-28.1,11.0,2152400
1968-02-28,21.2,30.0,2152500
1968-02-28,-23.4,124.0,2152700
1968-02-28,19.6,5.0,15311000
1968-02-29,-33.0,28.0,2152600
1968-03-01,19.9,13.0,2152800
1968-03-03,-10.1,28.0,2153100
1968-03-03,-11.7,15.0,15311100
1968-03-05,23.6,42.0,2153300
1968-03-05,18.8,15.0,15311200
1968-03-06,21.6,8.0,15311300
1968-03-07,11.6,15.0,2153000
1968-03-07,11.8,41.0,2153200
1968-03-08,-12.4,17.0,2153500
1968-03-08,-26.6,7.0,15311400
1968-03-11,-16.7,9.0,2153400
1968-03-11,-15.3,30.0,2153800
1968-03-11,12.8,107.0,2154000
1968-03-12,-8.1,26.0,2153600
1968-03-12,15.1,287.0,2154100
1968-03-12,-17.8,94.0,2154200
1968-03-13,-26.9,528.0,2152900
1968-03-13,13.8,53.0,2153900
1968-03-14,19.1,21.0,2153700
1968-03-15,-19.8,32.0,2154400
1968-03-16,-21.4,6.0,15320100
1968-03-18,-15.2,8.0,2154500
1968-03-20,-24.0,29.0,2154700
1968-03-22,-20.0,5.0,15320200
1968-03-23,9.0,9.0,2154900
1968-03-23,11.2,132.0,2155100
1968-03-24,19.0,298.0,2155300
1968-03-25,31.0,343.0,2154300
1968-03-25,15.1,147.0,2155500
1968-03-25,14.2,7.0,15320300
1968-03-25,19.6,20.0,15320400
1968-03-26,15.6,16.0,2155200
1968-03-26,-14.1,13.0,2155700
1968-03-26,-17.9,41.0,2155900
1968-03-27,10.9,57.0,2154800
1968-03-27,-32.4,7.0,2156000
1968-03-27,22.9,12.0,2156100
1968-03-28,-24.5,179.0,2155400
1968-03-29,-15.3,42.0,2156200
1968-03-29,-17.3,49.0,2156300
1968-03-29,22.2,8.0,15320500
1968-03-30,-13.3,147.0,2154600
1968-03-31,-13.6,64.0,2156400
1968-04-02,10.4,24.0,2155000
1968-04-02,-21.0,53.0,2156500
1968-04-03,-16.5,30.0,2155600
1968-04-04,19.3,16.0,2156700
1968-04-06,19.1,22.0,15320600
1968-04-06,-31.0,6.0,15320700
1968-04-07,-23.9,340.0,2155800
1968-04-07,24.5,141.0,2156800
1968-04-09,8.0,45.0,2156600
1968-04-09,-25.3,10.0,2157200
1968-04-09,9.1,12.0,15330100
1968-04-10,16.7,10.0,15330200
1968-04-11,-15.3,260.0,2157000
1968-04-11,-12.7,24.0,2157400
1968-04-12,18.9,27.0,2157100
1968-04-12,18.6,23.0,2157600
1968-04-12,14.1,20.0,15330300
1968-04-14,-12.0,96.0,2158000
1968-04-15,-24.6,1.0,2157800
1968-04-15,24.9,64.0,2158100
1968-04-15,-23.2,41.0,15330400
1968-04-15,-4.9,26.0,15330500
1968-04-16,19.8,50.0,2157700
1968-04-16,11.2,28.0,15330600
1968-04-16,-12.9,12.0,15330700
1968-04-17,-15.9,27.0,2157900
1968-04-17,13.4,21.0,15330800
1968-04-18,-12.3,42.0,2157500
1968-04-20,9.7,6.0,15330900
1968-04-20,-25.9,11.0,15331000
1968-04-21,24.8,454.0,2156900
1968-04-21,10.9,8.0,15331100
1968-04-22,19.1,30.0,2158200
1968-04-22,7.3,10.0,2158400
1968-04-23,32.3,251.0,2157300
1968-04-23,-24.0,96.0,2158600
1968-04-23,6.5,16.0,15331200
1968-04-24,11.1,21.0,2158500
1968-04-24,-34.2,23.0,15331300
1968-04-25,-15.1,100.0,2158800
1968-04-27,16.7,12.0,2158300
1968-04-27,18.0,150.0,2159100
1968-04-28,15.6,19.0,2158700
1968-04-28,10.2,67.0,2158900
1968-04-28,-24.4,60.0,2159000
1968-04-29,9.7,22.0,2159400
1968-04-29,18.0,157.0,2159500
1968-04-30,8.5,225.0,2159600
1968-04-30,-14.1,8.0,2159700
1968-05-01,19.9,173.0,2159800
1968-05-02,22.2,11.0,2159200
1968-05-02,-2.0,4.0,15331400
1968-05-02,-13.3,4.0,15331500
1968-05-03,-39.1,14.0,15331600
1968-05-04,31.8,11.0,15340100
1968-05-05,19.0,8.0,2160000
1968-05-05,-15.9,10.0,15340200
1968-05-06,-28.4,116.0,2160200
1968-05-06,24.6,105.0,2160300
1968-05-07,16.3,380.0,2159300
1968-05-08,41.4,4.0,2160400
1968-05-08,32.2,17.0,2160500
1968-05-09,-6.9,19.0,2160100
1968-05-09,-22.6,9.0,2160600
1968-05-09,-12.5,30.0,2160700
1968-05-12,-28.1,5.0,15340300
1968-05-14,-10.8,23.0,2161000
1968-05-15,27.8,12.0,15340400
1968-05-15,17.5,14.0,15340500
1968-05-16,17.4,61.0,2159900
1968-05-16,11.6,2.0,2161200
1968-05-16,14.1,14.0,15340600
1968-05-17,13.6,370.0,2161600
1968-05-18,12.6,12.0,2160800
1968-05-18,24.9,96.0,2161800
1968-05-20,8.9,57.0,2161900
1968-05-20,-7.3,13.0,2162000
1968-05-20,-13.8,15.0,15340700
1968-05-21,11.7,20.0,2161300
1968-05-21,-21.9,27.0,15340800
1968-05-22,-30.5,58.0,2162100
1968-05-22,15.7,127.0,2162200
1968-05-23,30.2,13.0,15340900
1968-05-24,-28.9,80.0,2160900
1968-05-24,-17.0,10.0,2162300
1968-05-24,25.2,10.0,2162400
1968-05-24,-18.8,137.0,2162500
1968-05-24,18.8,135.0,2162600
1968-05-24,-26.2,8.0,15341000
1968-05-25,9.1,77.0,2161700
1968-05-25,-12.8,12.0,15341100
1968-05-26,15.6,71.0,2162900
1968-05-27,-29.9,414.0,2161100
1968-05-27,23.0,30.0,2163000
1968-05-27,-31.7,226.0,2163300
1968-05-27,-12.8,6.0,15341200
1968-05-28,-13.7,490.0,2161500
1968-05-28,27.9,16.0,2162700
1968-05-29,22.2,525.0,2161400
1968-05-29,-14.7,103.0,2163500
1968-05-29,17.4,16.0,15341300
1968-05-30,26.2,23.0,2163600
1968-05-30,15.5,230.0,2163700
1968-06-01,-20.7,171.0,2162800
1968-06-01,13.1,8.0,15350100
1968-06-02,19.0,140.0,2163800
1968-06-02,-12.8,25.0,2163900
1968-06-02,5.4,8.0,15350200
1968-06-02,20.0,5.0,15350300
1968-06-04,12.3,4.0,2163100
1968-06-05,18.0,8.0,15350400
1968-06-07,8.8,62.0,2163400
1968-06-08,-11.0,210.0,2163200
1968-06-08,-14.8,88.0,2164100
1968-06-08,8.2,228.0,2164400
1968-06-10,-26.8,130.0,2164000
1968-06-10,-10.0,12.0,15350500
1968-06-12,-30.9,213.0,2164700
1968-06-12,-16.3,14.0,15350600
1968-06-12,-6.4,10.0,15350700
1968-06-13,-14.4,409.0,2164800
1968-06-13,21.5,162.0,2164900
1968-06-13,30.9,7.0,15350800
1968-06-14,18.9,10.0,15350900
1968-06-14,29.4,15.0,15351000
1968-06-15,11.0,275.0,2164300
1968-06-15,21.9,7.0,2164600
1968-06-16,10.4,44.0,2165100
1968-06-16,-30.2,42.0,2165200
1968-06-18,16.2,109.0,2164200
1968-06-18,-22.9,13.0,15351100
1968-06-19,-14.3,384.0,2164500
1968-06-20,-16.9,12.0,2165300
1968-06-20,11.9,442.0,2165400
1968-06-20,27.2,10.0,15351200
1968-06-23,17.5,11.0,2165600
1968-06-24,-13.2,16.0,2165700
1968-06-24,2.6,16.0,15351300
1968-06-24,-23.1,11.0,15351400
1968-06-24,21.3,7.0,15351500
1968-06-26,-27.9,31.0,2166000
1968-06-26,-21.4,5.0,15351600
1968-06-27,13.1,277.0,2165000
1968-06-29,16.7,5.0,2166100
1968-06-30,-33.4,21.0,15360100
1968-07-01,-13.2,119.0,2165500
1968-07-01,-14.8,16.0,2165800
1968-07-01,-18.3,13.0,2166200
1968-07-02,7.7,10.0,2166300
1968-07-03,-12.1,21.0,15360200
1968-07-04,31.9,190.0,2165900
1968-07-04,11.5,450.0,2166500
1968-07-05,17.3,36.0,2166400
1968-07-05,-15.1,146.0,2166700
1968-07-06,-44.9,10.0,2166600
1968-07-07,6.8,8.0,15360300
1968-07-08,12.7,175.0,2167000
1968-07-08,-11.2,26.0,15360400
1968-07-08,26.3,11.0,15360500
1968-07-09,16.8,23.0,15360600
1968-07-10,24.6,5.0,2167100
1968-07-11,-29.9,54.0,2167300
1968-07-11,13.6,272.0,2167400
1968-07-12,26.1,55.0,2167600
1968-07-12,-29.6,7.0,15360700
1968-07-14,23.6,5.0,15360800
1968-07-15,8.2,40.0,2167700
1968-07-15,18.0,2.0,15360900
1968-07-15,-28.2,14.0,15361000
1968-07-16,30.6,13.0,2167500
1968-07-16,14.0,5.0,2167900
1968-07-16,34.7,11.0,15361100
1968-07-16,30.3,8.0,15361200
1968-07-16,20.0,5.0,15361300
1968-07-17,17.8,7.0,15361400
1968-07-18,-16.6,36.0,2166900
1968-07-19,12.5,326.0,2166800
1968-07-19,-7.9,15.0,2167800
1968-07-19,17.4,75.0,2168400
1968-07-19,-6.7,12.0,15361500
1968-07-19,21.7,5.0,15361600
1968-07-19,-12.6,9.0,15361700
1968-07-20,13.5,5.0,2168300
1968-07-22,-14.4,164.0,2167200
1968-07-24,15.7,475.0,2168700
1968-07-26,-24.7,19.0,2168600
1968-07-26,-24.8,22.0,15370100
1968-07-26,15.6,1.0,15370200
1968-07-26,-12.1,8.0,15370300
1968-07-27,-20.0,266.0,2168100
1968-07-27,30.7,28.0,2168800
1968-07-27,-18.2,5.0,15370400
1968-07-28,-16.2,132.0,2168000
1968-07-29,-11.0,14.0,15370500
1968-07-29,7.8,12.0,15370600
1968-07-30,9.7,367.0,2168200
1968-07-30,-18.4,115.0,2168500
1968-07-30,23.7,57.0,2169200
1968-07-31,11.2,60.0,2168900
1968-07-31,7.1,9.0,15370700
1968-08-01,29.8,35.0,2169000
1968-08-02,12.2,370.0,2169500
1968-08-02,16.6,14.0,15370800
1968-08-03,12.9,37.0,2169700
1968-08-05,7.7,293.0,2169100
1968-08-05,17.1,8.0,2169600
1968-08-05,5.1,32.0,2169900
1968-08-05,-11.3,22.0,15370900
1968-08-06,-20.6,23.0,2169300
1968-08-08,-7.7,30.0,2170000
1968-08-08,9.1,9.0,15371000
1968-08-08,-14.5,3.0,15371100
1968-08-08,11.1,3.0,15371200
1968-08-08,31.4,14.0,15371300
1968-08-10,14.3,3.0,2170200
1968-08-10,-17.2,165.0,2170500
1968-08-10,14.2,2.0,15371400
1968-08-11,14.7,25.0,2170100
1968-08-11,-21.1,31.0,15371500
1968-08-12,-0.4,16.0,2169800
1968-08-13,8.7,27.0,2169400
1968-08-13,7.0,533.0,2171100
1968-08-14,34.0,6.0,2171400
1968-08-14,-10.8,32.0,2171500
1968-08-14,-15.7,110.0,2171600
1968-08-15,-26.2,57.0,2170900
1968-08-15,17.3,36.0,2171200
1968-08-16,-2.7,278.0,2170400
1968-08-16,-25.7,299.0,2171000
1968-08-16,-8.8,22.0,2171300
1968-08-17,-21.8,11.0,15371600
1968-08-18,-13.8,33.0,2170300
1968-08-18,15.3,27.0,2170600
1968-08-19,15.5,81.0,2170700
1968-08-19,-4.6,15.0,2171800
1968-08-19,9.6,5.0,15371700
1968-08-20,8.3,27.0,2172200
1968-08-20,14.8,10.0,2172300
1968-08-21,7.1,11.0,15380100
1968-08-22,-8.9,9.0,15380200
1968-08-24,-14.3,189.0,2170800
1968-08-24,-24.1,106.0,2172000
1968-08-24,13.5,9.0,15380300
1968-08-25,-10.2,244.0,2171700
1968-08-26,-9.6,15.0,2172700
1968-08-27,26.7,41.0,2171900
1968-08-27,19.4,16.0,2172600
1968-08-27,-46.1,12.0,15380400
1968-08-27,-3.7,8.0,15380500
1968-08-28,11.0,5.0,2172800
1968-08-28,12.1,48.0,2172900
1968-08-29,-31.9,18.0,2172400
1968-08-29,20.3,10.0,15380600
1968-08-29,20.2,7.0,15380700
1968-08-30,-17.5,14.0,2172100
1968-08-30,21.6,22.0,2172500
1968-08-30,-3.3,205.0,2173100
1968-08-30,-8.5,5.0,15380800
1968-08-31,-10.6,12.0,2173000
1968-08-31,-26.0,38.0,2173200
1968-09-01,-27.4,100.0,2173300
1968-09-01,-6.6,5.0,15380900
1968-09-02,16.8,27.0,2173500
1968-09-04,16.3,31.0,2173600
1968-09-04,10.8,16.0,2173800
1968-09-04,-14.4,19.0,2174000
1968-09-04,23.5,18.0,15381000
1968-09-05,-19.1,129.0,2173700
1968-09-05,20.3,23.0,2174100
1968-09-06,11.5,9.0,15381100
1968-09-08,22.8,8.0,15381200
1968-09-09,-15.2,578.0,2173400
1968-09-09,-22.8,116.0,2174600
1968-09-09,-20.0,26.0,2174700
1968-09-09,5.6,146.0,2174900
1968-09-09,-23.5,9.0,15381300
1968-09-10,11.5,3.0,2173900
1968-09-10,-12.8,15.0,2175000
1968-09-10,8.9,34.0,2175100
1968-09-10,15.5,13.0,2175200
1968-09-10,-10.5,38.0,2175300
1968-09-10,14.5,10.0,15381400
1968-09-12,-17.9,7.0,15381500
1968-09-13,12.8,9.0,2174300
1968-09-13,-14.7,31.0,2175400
1968-09-13,21.3,16.0,2175500
1968-09-13,13.1,6.0,15381600
1968-09-14,6.4,18.0,15381700
1968-09-15,-19.4,159.0,2174200
1968-09-16,-17.4,18.0,2174500
1968-09-17,-10.4,51.0,2174400
1968-09-18,2.8,110.0,2175700
1968-09-18,16.5,561.0,2175800
1968-09-19,10.7,16.0,2175900
1968-09-19,-7.9,11.0,15390100
1968-09-20,15.1,12.0,2176000
1968-09-21,-12.2,53.0,2174800
1968-09-21,18.0,34.0,2176100
1968-09-22,10.8,108.0,2176300
1968-09-23,18.9,23.0,2176500
1968-09-23,12.2,119.0,2176600
1968-09-23,13.3,139.0,2176700
1968-09-23,15.6,10.0,15390200
1968-09-24,18.4,54.0,2177000
1968-09-25,-15.7,271.0,2177100
1968-09-26,-8.6,17.0,2176200
1968-09-27,-16.1,6.0,2176400
1968-09-27,21.4,53.0,2176800
1968-09-27,-13.8,6.0,15390300
1968-09-28,18.0,102.0,2175600
1968-09-28,6.5,7.0,15390400
1968-09-29,-5.7,14.0,15390500
1968-09-29,7.8,7.0,15390600
1968-09-29,-8.8,16.0,15390700
1968-09-30,11.0,22.0,2176900
1968-09-30,-18.5,8.0,2177200
1969-01-01,-15.6,51.0,2184900
1969-01-02,17.7,741.0,2184100
1969-01-03,-27.4,83.0,2184200
1969-01-04,-32.2,328.0,2185500
1969-01-04,-8.7,280.0,2185600
1969-01-04,21.0,329.0,2185700
1969-01-06,17.9,21.0,2185100
1969-01-07,16.9,30.0,2184700
1969-01-07,11.2,88.0,2184800
1969-01-07,-35.7,11.0,15430100
1969-01-12,-13.1,130.0,2186000
1969-01-12,-15.4,10.0,15430200
1969-01-13,10.5,17.0,15430300
1969-01-14,7.6,18.0,15430400
1969-01-15,23.7,122.0,2185300
1969-01-15,5.5,60.0,2185400
1969-01-15,10.5,39.0,2186100
1969-01-15,15.0,71.0,2186300
1969-01-15,-17.5,32.0,2186400
1969-01-16,23.3,18.0,2186500
1969-01-17,10.8,289.0,2185900
1969-01-18,-15.1,186.0,2185800
1969-01-22,12.7,4.0,15430500
1969-01-23,14.0,14.0,15430600
1969-01-25,17.2,48.0,2186900
1969-01-25,22.9,39.0,15430700
1969-01-26,13.7,41.0,2186200
1969-01-27,34.9,566.0,2187000
1969-01-29,16.7,140.0,2186600
1969-01-31,10.9,164.0,2186700
1969-01-31,24.7,154.0,2187300
1969-01-31,-6.5,87.0,2187400
1969-02-01,14.5,174.0,2186800
1969-02-01,9.8,97.0,2187600
1969-02-02,-14.8,15.0,2187100
1969-02-02,21.3,119.0,2187200
1969-02-02,23.9,18.0,2187700
1969-02-02,11.7,82.0,2187800
1969-02-02,-14.1,10.0,15440100
1969-02-03,15.3,13.0,2187900
1969-02-05,19.6,4.0,2188000
1969-02-05,-14.3,10.0,15440200
1969-02-06,-28.2,6.0,15440300
1969-02-06,-17.4,19.0,15440400
1969-02-10,4.6,33.0,2188100
1969-02-10,-18.0,5.0,2188200
1969-02-11,1.0,568.0,2187500
1969-02-12,-18.4,68.0,2188300
1969-02-13,13.2,236.0,2188400
1969-02-14,21.2,16.0,15440500
1969-02-15,20.5,6.0,2188900
1969-02-15,14.7,6.0,15440600
1969-02-16,7.7,6.0,2188800
1969-02-16,-15.1,12.0,2189000
1969-02-16,6.9,27.0,2189100
1969-02-16,20.4,10.0,15440700
1969-02-16,11.3,5.0,15440800
1969-02-16,26.6,14.0,15440900
1969-02-17,-10.8,3.0,15441000
1969-02-18,-1.1,9.0,2189200
1969-02-19,15.9,55.0,2188500
1969-02-20,-10.5,83.0,2188600
1969-02-22,21.4,14.0,2189800
1969-02-23,22.4,10.0,2190100
1969-02-24,-12.6,8.0,2188700
1969-02-24,-14.6,112.0,2190300
1969-02-25,20.9,12.0,15441100
1969-02-26,19.0,19.0,2189500
1969-02-26,-24.6,13.0,2190400
1969-02-26,2.4,263.0,2190500
1969-02-26,-12.7,48.0,2190600
1969-02-27,12.2,82.0,2189300
1969-02-27,-14.4,17.0,2189600
1969-02-27,-29.0,120.0,2189900
1969-02-27,-17.6,21.0,2190700
1969-02-28,-20.0,10.0,2190000
1969-02-28,15.6,70.0,2190800
1969-02-28,14.9,181.0,2190900
1969-03-01,12.6,129.0,2189400
1969-03-02,14.3,232.0,2189700
1969-03-05,15.5,6.0,2191300
1969-03-06,-6.5,21.0,2191100
1969-03-06,8.1,195.0,2191400
1969-03-07,18.2,55.0,2191500
1969-03-07,10.8,17.0,15450100
1969-03-08,-19.8,221.0,2190200
1969-03-08,30.9,12.0,2191700
1969-03-08,-9.5,190.0,2191800
1969-03-09,-10.0,35.0,2191900
1969-03-11,10.6,69.0,2191600
1969-03-11,-16.6,39.0,2192000
1969-03-11,-16.0,74.0,2192100
1969-03-13,14.3,20.0,2191000
1969-03-13,10.7,135.0,2191200
1969-03-13,-13.0,18.0,2192300
1969-03-13,-17.9,14.0,2192400
1969-03-13,14.8,332.0,2192500
1969-03-13,-13.1,13.0,15450200
1969-03-15,13.3,50.0,2192600
1969-03-15,-28.2,36.0,2192800
1969-03-15,-11.7,2.0,15450300
1969-03-16,11.3,11.0,2192900
1969-03-16,-14.5,202.0,2193100
1969-03-17,-17.8,91.0,2193400
1969-03-17,-7.1,17.0,15450400
1969-03-18,-16.2,20.0,2193500
1969-03-18,20.6,54.0,2193600
1969-03-18,-20.1,11.0,15450500
1969-03-20,20.3,39.0,2192200
1969-03-20,-0.3,17.0,15450600
1969-03-21,8.6,18.0,2193700
1969-03-21,13.2,5.0,15450700
1969-03-22,-31.1,5.0,15450800
1969-03-23,-9.1,25.0,2193900
1969-03-23,-27.7,12.0,15450900
1969-03-24,-23.3,7.0,2194000
1969-03-24,23.7,13.0,15451000
1969-03-24,-16.1,4.0,15451100
1969-03-25,9.2,17.0,2194400
1969-03-25,-19.3,9.0,15451200
1969-03-25,-32.6,19.0,15451300
1969-03-26,10.9,321.0,2192700
1969-03-26,-23.8,15.0,2194600
1969-03-27,-27.5,60.0,2193200
1969-03-27,-12.4,21.0,2194100
1969-03-27,8.7,524.0,2194700
1969-03-28,20.8,1251.0,2193000
1969-03-28,23.8,53.0,2194800
1969-03-28,-13.3,6.0,15460100
1969-03-28,22.0,13.0,15460200
1969-03-28,-12.9,23.0,15460300
1969-03-28,-19.1,7.0,15460400
1969-03-29,-32.6,35.0,2193300
1969-03-29,11.1,9.0,2193800
1969-03-30,15.0,14.0,2194900
1969-03-31,-11.0,35.0,2194200
1969-04-01,-13.5,7.0,2195000
1969-04-01,22.3,18.0,2195200
1969-04-02,32.0,5.0,2195100
1969-04-02,-9.1,7.0,15460500
1969-04-03,8.8,568.0,2195300
1969-04-03,-19.2,56.0,2195400
1969-04-03,10.1,13.0,15460600
1969-04-04,-9.2,149.0,2194300
1969-04-04,24.9,13.0,15460700
1969-04-06,22.9,62.0,2194500
1969-04-08,-12.7,50.0,2195500
1969-04-08,7.4,7.0,2195600
1969-04-08,-6.4,225.0,2195700
1969-04-09,7.0,19.0,15460800
1969-04-10,15.4,97.0,2195900
1969-04-11,-23.3,14.0,15460900
1969-04-12,-14.7,167.0,2196100
1969-04-14,14.8,14.0,2196200
1969-04-14,-22.8,17.0,15461000
1969-04-15,-34.8,4.0,15461100
1969-04-15,-12.4,20.0,15461200
1969-04-18,23.3,40.0,2196800
1969-04-20,-14.3,9.0,2195800
1969-04-21,-21.2,14.0,2196700
1969-04-22,10.5,154.0,2196000
1969-04-22,21.8,121.0,2196300
1969-04-22,5.3,13.0,2196500
1969-04-22,-14.8,271.0,2196600
1969-04-22,7.2,29.0,2197000
1969-04-24,10.9,30.0,2197100
1969-04-24,8.4,16.0,2197200
1969-04-24,7.4,382.0,2197300
1969-04-24,14.6,5.0,15470100
1969-04-25,22.4,89.0,2196400
1969-04-25,-8.0,16.0,2197400
1969-04-26,-8.6,44.0,2196900
1969-04-28,18.5,18.0,2197700
1969-04-28,-11.8,16.0,15470200
1969-04-29,-21.7,7.0,2197600
1969-04-30,8.6,61.0,2197500
1969-04-30,8.7,139.0,2197800
1969-05-01,-12.6,251.0,2198000
1969-05-01,-14.6,25.0,15470300
1969-05-02,10.7,5.0,15470400
1969-05-02,-19.5,13.0,15470500
1969-05-03,4.5,13.0,2197900
1969-05-03,-24.6,8.0,2198100
1969-05-04,-12.0,73.0,2198300
1969-05-04,-31.6,56.0,2198400
1969-05-04,10.4,5.0,15470600
1969-05-05,-19.8,7.0,2198200
1969-05-06,-16.2,15.0,15470700
1969-05-08,-17.1,22.0,2198600
1969-05-08,-7.3,9.0,15470800
1969-05-09,-10.2,226.0,2198900
1969-05-10,-13.6,12.0,15470900
1969-05-14,-17.4,16.0,15471000
1969-05-17,27.7,11.0,2199400
1969-05-17,-15.0,239.0,2199600
1969-05-18,10.2,20.0,2198500
1969-05-19,12.4,41.0,2198700
1969-05-19,-5.9,117.0,2198800
1969-05-19,16.4,162.0,2199300
1969-05-19,18.0,21.0,2199500
1969-05-19,11.3,135.0,2200000
1969-05-20,17.1,172.0,2199100
1969-05-20,18.2,91.0,2199200
1969-05-20,12.1,12.0,2200100
1969-05-21,12.0,51.0,2199000
1969-05-21,11.8,109.0,2200500
1969-05-23,-12.2,3.0,2200200
1969-05-23,15.4,15.0,2200700
1969-05-26,15.0,12.0,2200300
1969-05-26,5.2,364.0,2200900
1969-05-27,9.1,30.0,2199800
1969-05-27,5.8,11.0,2200800
1969-05-28,-12.9,344.0,2199700
1969-05-28,-21.2,740.0,2200400
1969-05-28,-27.4,32.0,2200600
1969-05-28,16.1,10.0,2201000
1969-05-28,-14.6,190.0,2201100
1969-05-30,9.7,322.0,2199900
1969-05-30,-18.2,15.0,15480100
1969-05-31,-19.7,7.0,15480200
1969-06-02,-8.2,18.0,2201300
1969-06-02,11.4,60.0,2201400
1969-06-03,9.5,11.0,2201500
1969-06-03,15.6,137.0,2201700
1969-06-05,16.5,850.0,2202100
1969-06-06,9.4,26.0,15480300
1969-06-08,-12.7,8.0,2201200
1969-06-10,2.4,10.0,2202200
1969-06-11,8.4,273.0,2202300
1969-06-12,-13.8,52.0,2202400
1969-06-13,11.7,665.0,2202500
1969-06-14,-12.1,22.0,2201600
1969-06-15,9.0,154.0,2201800
1969-06-15,-19.7,19.0,2202900
1969-06-15,8.1,6.0,2203000
1969-06-15,11.6,18.0,15480400
1969-06-16,-15.3,465.0,2201900
1969-06-16,13.6,66.0,2202000
1969-06-16,-10.4,6.0,15480500
1969-06-18,-24.1,17.0,15490100
1969-06-20,15.2,8.0,2202600
1969-06-20,23.7,90.0,2202800
1969-06-20,10.5,18.0,15490200
1969-06-22,15.6,15.0,15490300
1969-06-23,13.5,12.0,2203300
1969-06-23,17.3,5.0,15490400
1969-06-25,-15.4,24.0,2202700
1969-06-25,6.8,361.0,2203100
1969-06-25,-20.5,93.0,2203200
1969-06-25,-11.2,43.0,2203500
1969-06-26,10.2,13.0,15490500
1969-06-27,-17.4,11.0,15490600
1969-06-28,15.2,85.0,2203800
1969-06-29,28.1,16.0,15490700
1969-06-30,20.8,43.0,2203900
1969-06-30,8.3,25.0,2204000
1969-06-30,9.4,39.0,2204100
1969-06-30,-13.9,18.0,2204200
1969-07-01,7.3,12.0,2203400
1969-07-03,14.8,70.0,2203700
1969-07-03,8.4,104.0,2204500
1969-07-03,-16.5,1.0,15490800
1969-07-04,-26.5,21.0,2204600
1969-07-06,-18.2,226.0,2203600
1969-07-06,-15.3,53.0,2204900
1969-07-07,27.3,7.0,2204700
1969-07-07,4.3,3.0,15490900
1969-07-08,-36.0,16.0,2204400
1969-07-10,-7.7,7.0,2205100
1969-07-10,6.4,109.0,2205200
1969-07-11,-15.1,55.0,2205500
1969-07-12,21.8,4.0,15491000
1969-07-13,12.1,153.0,2204300
1969-07-13,-7.5,13.0,2205400
1969-07-13,-26.7,22.0,15491100
1969-07-15,-22.6,8.0,15500100
1969-07-15,27.7,5.0,15500200
1969-07-16,13.8,133.0,2204800
1969-07-17,12.2,667.0,2205700
1969-07-17,-18.4,4.0,15500300
1969-07-18,16.0,16.0,2205600
1969-07-19,22.2,38.0,2205000
1969-07-21,25.1,32.0,2205800
1969-07-22,10.8,39.0,2205300
1969-07-22,11.0,24.0,2206000
1969-07-22,-16.1,23.0,2206100
1969-07-22,21.0,3.0,15500400
1969-07-22,20.8,12.0,15500500
1969-07-24,-15.7,11.0,2205900
1969-07-26,9.2,35.0,15500600
1969-07-27,-10.5,2.0,15500700
1969-07-29,19.4,9.0,2206600
1969-07-29,-14.9,22.0,2206700
1969-07-30,-12.6,56.0,2206800
1969-07-30,23.9,3.0,15500800
1969-07-31,-17.8,18.0,2206300
1969-07-31,5.9,13.0,15500900
1969-08-01,-12.6,5.0,15501000
1969-08-02,-12.2,45.0,2206500
1969-08-02,28.6,23.0,2206900
1969-08-02,13.0,25.0,2207200
1969-08-03,19.3,13.0,2207500
1969-08-04,4.9,18.0,2207300
1969-08-04,14.9,12.0,2207600
1969-08-04,16.4,39.0,2207700
1969-08-04,-8.7,17.0,15501100
1969-08-05,-16.0,85.0,2206200
1969-08-05,3.9,4.0,15501200
1969-08-07,-8.6,628.0,2206400
1969-08-07,12.6,335.0,2207000
1969-08-07,-19.2,3.0,15501300
1969-08-07,11.8,3.0,15501400
1969-08-09,-14.5,15.0,2208000
1969-08-09,17.9,11.0,15501500
1969-08-10,-15.3,6.0,2207800
1969-08-10,9.0,110.0,2208200
1969-08-10,17.6,9.0,15510100
1969-08-11,8.6,110.0,2207100
1969-08-11,13.8,3.0,2208100
1969-08-11,6.2,5.0,15510200
1969-08-12,-20.7,232.0,2207400
1969-08-12,-15.5,16.0,2208400
1969-08-12,13.5,15.0,15510300
1969-08-14,13.3,3.0,15510400
1969-08-15,-31.0,201.0,2207900
1969-08-15,18.7,7.0,2208500
1969-08-18,13.1,11.0,2208300
1969-08-18,-17.8,3.0,15510500
1969-08-21,12.9,23.0,2208600
1969-08-22,19.4,8.0,15510600
1969-08-22,-3.7,5.0,15510700
1969-08-23,-16.2,2.0,15510800
1969-08-24,-14.6,10.0,2208700
1969-08-24,-6.1,6.0,2208900
1969-08-25,13.9,19.0,2208800
1969-08-25,-19.9,42.0,2209100
1969-08-25,-20.7,6.0,2209200
1969-08-25,5.4,63.0,2209300
1969-08-26,10.1,73.0,2209400
1969-08-26,17.1,12.0,15510900
1969-08-26,-17.1,6.0,15511000
1969-08-27,3.6,10.0,2209600
1969-08-28,8.6,14.0,2209700
1969-08-29,-16.6,25.0,2209800
1969-08-30,14.5,8.0,15511100
1969-08-31,13.6,20.0,15511200
1969-09-01,18.3,39.0,2209900
1969-09-01,14.4,11.0,15511300
1969-09-02,-23.2,50.0,2210000
1969-09-02,14.8,6.0,2210100
1969-09-03,18.2,48.0,2210200
1969-09-05,-11.5,202.0,2209000
1969-09-05,-10.2,240.0,2209500
1969-09-05,-12.3,15.0,2210500
1969-09-06,-2.1,17.0,2210700
1969-09-07,5.4,1.0,15520100
1969-09-07,-27.8,5.0,15520200
1969-09-08,11.7,197.0,2210300
1969-09-08,15.6,9.0,2210600
1969-09-08,-12.3,40.0,15520300
1969-09-08,16.2,6.0,15520400
1969-09-09,-18.7,205.0,2210900
1969-09-11,9.3,11.0,15520500
1969-09-12,-1.5,73.0,2211200
1969-09-13,22.5,12.0,2210400
1969-09-14,-17.7,42.0,2211500
1969-09-15,-33.9,37.0,2210800
1969-09-15,1.3,20.0,2211600
1969-09-16,-14.9,26.0,15520600
1969-09-17,-19.9,10.0,2211800
1969-09-17,12.2,12.0,2211900
1969-09-17,26.7,10.0,15520700
1969-09-17,5.5,7.0,15520800
1969-09-17,-5.2,9.0,15520900
1969-09-18,-12.6,3.0,15521000
1969-09-19,-10.8,10.0,2211100
1969-09-19,7.3,171.0,2211400
1969-09-19,-0.8,12.0,2211700
1969-09-19,-10.3,6.0,2212000
1969-09-20,-28.1,3.0,2212100
1969-09-20,-9.1,38.0,2212200
1969-09-21,5.1,20.0,2212300
1969-09-21,5.4,351.0,2212400
1969-09-21,-13.8,70.0,2212500
1969-09-22,13.6,239.0,2211000
1969-09-22,10.8,212.0,2212700
1969-09-22,0.9,14.0,15521100
1969-09-23,-5.0,30.0,2211300
1969-09-23,11.8,11.0,2212900
1969-09-23,11.8,7.0,15521200
1969-09-27,-12.3,113.0,2213000
1969-09-27,-13.8,27.0,15521300
1969-09-28,4.6,371.0,2212600
1969-09-28,-13.4,28.0,2213100
1969-09-28,-14.8,38.0,2213200
1969-09-28,36.3,5.0,15521400
1969-09-28,16.0,4.0,15521500
1969-09-30,-9.4,94.0,2212800
1969-09-30,-29.4,11.0,15521600
1970-01-01,7.1,58.0,2222800
1970-01-01,18.9,53.0,2222900
1970-01-01,20.1,8.0,15560700
1970-01-02,-15.7,107.0,2221600
1970-01-02,21.4,62.0,2221700
1970-01-02,-18.3,11.0,2222100
1970-01-02,11.9,5.0,2222200
1970-01-02,-7.2,29.0,2222400
1970-01-02,-12.6,22.0,2223000
1970-01-03,9.2,39.0,2223100
1970-01-04,26.5,33.0,2223200
1970-01-05,-19.8,325.0,2222500
1970-01-08,10.9,177.0,2222600
1970-01-09,-8.3,194.0,2223700
1970-01-10,-13.5,31.0,2223800
1970-01-11,-2.0,28.0,2223300
1970-01-11,13.5,42.0,2223900
1970-01-11,-15.5,184.0,2224000
1970-01-11,-10.0,468.0,2224100
1970-01-11,-12.0,7.0,15560800
1970-01-11,9.5,20.0,15560900
1970-01-12,10.8,12.0,2224300
1970-01-12,-6.2,637.0,2224500
1970-01-14,-30.8,468.0,2223600
1970-01-14,-10.9,27.0,2224800
1970-01-17,-11.9,20.0,2223400
1970-01-17,-7.3,7.0,15561000
1970-01-17,-13.2,22.0,15561100
1970-01-18,18.4,16.0,2224600
1970-01-19,-11.1,181.0,2223500
1970-01-19,16.4,29.0,15561200
1970-01-20,-20.5,20.0,2224200
1970-01-20,-11.9,50.0,2224400
1970-01-20,-18.0,357.0,2225100
1970-01-21,-7.9,9.0,2225300
1970-01-22,8.8,22.0,2225400
1970-01-22,-2.6,151.0,2225500
1970-01-23,-25.1,406.0,2225200
1970-01-24,-12.6,40.0,2224900
1970-01-24,-13.5,11.0,15570100
1970-01-25,12.1,186.0,2224700
1970-01-25,14.1,13.0,2225800
1970-01-26,11.5,49.0,2226100
1970-01-27,-22.9,9.0,15570200
1970-01-29,-3.0,40.0,2225000
1970-01-29,-32.2,97.0,2226400
1970-01-31,-11.1,44.0,2225700
1970-01-31,-17.6,13.0,2226500
1970-02-01,-16.6,1708.0,2225600
1970-02-01,-5.0,22.0,2226200
1970-02-02,-5.8,16.0,2225900
1970-02-02,-10.9,13.0,2226800
1970-02-03,-7.9,183.0,2226000
1970-02-03,-14.0,9.0,2226300
1970-02-03,-12.7,8.0,2227000
1970-02-03,22.8,7.0,15570300
1970-02-04,-1.4,13.0,2226900
1970-02-04,13.8,7.0,15570400
1970-02-04,-13.4,13.0,15570500
1970-02-05,17.9,75.0,2226700
1970-02-05,-9.9,12.0,2227100
1970-02-05,4.7,11.0,15570600
1970-02-05,-3.1,28.0,15570700
1970-02-06,-12.7,29.0,2227500
1970-02-06,-12.3,6.0,15570800
1970-02-07,-14.5,22.0,2227700
1970-02-07,-12.1,41.0,2227800
1970-02-07,-15.4,23.0,2227900
1970-02-08,3.5,16.0,15570900
1970-02-09,-9.8,269.0,2226600
1970-02-09,-32.4,7.0,15571000
1970-02-10,-12.0,8.0,2228100
1970-02-11,5.1,36.0,2227300
1970-02-11,-11.5,304.0,2228200
1970-02-11,-15.0,6.0,15571100
1970-02-12,-10.9,122.0,2227400
1970-02-12,-13.9,9.0,2228000
1970-02-12,-22.2,519.0,2228400
1970-02-13,-6.5,9.0,2228600
1970-02-13,13.2,11.0,15571200
1970-02-14,-30.8,10.0,15571300
1970-02-16,-24.2,6.0,2228500
1970-02-16,-19.0,226.0,2228800
1970-02-16,21.8,13.0,15571400
1970-02-16,-7.7,11.0,15571500
1970-02-17,25.2,224.0,2227200
1970-02-17,-13.8,11.0,15571600
1970-02-18,13.4,67.0,2228300
1970-02-18,1.4,20.0,2229000
1970-02-18,-8.7,329.0,2229100
1970-02-18,-1.2,26.0,15580100
1970-02-19,-20.2,268.0,2227600
1970-02-19,-9.6,13.0,2229300
1970-02-20,21.4,168.0,2228900
1970-02-21,15.2,364.0,2229700
1970-02-22,26.1,12.0,2229900
1970-02-23,1.9,19.0,15580200
1970-02-24,-12.8,5.0,2229800
1970-02-24,-15.6,15.0,2230000
1970-02-25,10.3,8.0,2229500
1970-02-25,28.4,40.0,2230100
1970-02-26,-4.0,94.0,2230200
1970-02-26,8.1,48.0,2230300
1970-02-27,5.2,30.0,2230500
1970-02-28,-14.4,444.0,2228700
1970-02-28,21.4,13.0,2229600
1970-02-28,4.7,6.0,15580300
1970-03-01,-11.5,266.0,2230700
1970-03-02,16.6,294.0,2229400
1970-03-02,11.5,30.0,2230400
1970-03-02,17.2,17.0,2230600
1970-03-03,-4.3,356.0,2229200
1970-03-03,18.2,349.0,2230900
1970-03-03,-12.0,13.0,2231000
1970-03-04,-5.9,11.0,2231100
1970-03-05,13.0,46.0,2231400
1970-03-06,-15.2,73.0,2230800
1970-03-06,-23.0,14.0,15580400
1970-03-07,-21.2,38.0,15580500
1970-03-09,-9.1,15.0,2231600
1970-03-09,-11.8,31.0,2231700
1970-03-09,15.3,12.0,15580600
1970-03-11,-17.1,84.0,2231500
1970-03-12,14.0,27.0,2231800
1970-03-12,-8.8,2.0,15580700
1970-03-13,19.7,58.0,2232000
1970-03-13,13.6,5.0,15580800
1970-03-14,-12.8,107.0,2231300
1970-03-15,-15.0,159.0,2232100
1970-03-16,-15.4,411.0,2231200
1970-03-16,-20.2,8.0,15580900
1970-03-18,-4.7,154.0,2232200
1970-03-18,16.1,47.0,2232300
1970-03-19,19.0,15.0,2232500
1970-03-20,21.6,42.0,2232700
1970-03-21,-0.5,183.0,2231900
1970-03-23,-16.7,12.0,2233100
1970-03-24,16.1,390.0,2232400
1970-03-24,-2.0,19.0,2233200
1970-03-25,4.0,454.0,2233300
1970-03-26,-5.9,23.0,2232900
1970-03-26,-24.4,5.0,15590100
1970-03-28,20.4,7.0,15590200
1970-03-29,-18.2,5.0,2233600
1970-03-29,-12.3,19.0,2233700
1970-03-30,11.0,10.0,2232600
1970-03-31,-11.2,157.0,2233800
1970-03-31,-13.9,230.0,2233900
1970-04-01,13.8,48.0,2232800
1970-04-01,-7.2,75.0,2233400
1970-04-01,-11.8,11.0,15590300
1970-04-01,12.3,13.0,15590400
1970-04-01,12.8,15.0,15590500
1970-04-02,22.5,36.0,2233000
1970-04-02,27.2,61.0,2234100
1970-04-02,-7.9,7.0,15590600
1970-04-03,-14.5,18.0,2234000
1970-04-03,-36.1,45.0,2234400
1970-04-03,9.6,7.0,15590700
1970-04-03,-2.6,4.0,15590800
1970-04-03,-14.6,3.0,15590900
1970-04-04,-19.9,27.0,2234600
1970-04-05,4.8,29.0,2233500
1970-04-05,-1.1,88.0,2234800
1970-04-07,16.6,14.0,2234900
1970-04-07,-13.5,18.0,2235000
1970-04-07,-16.7,2.0,15591000
1970-04-10,-8.5,14.0,2235400
1970-04-11,8.5,6.0,2235500
1970-04-12,19.8,25.0,2234300
1970-04-12,9.5,243.0,2235100
1970-04-13,-21.9,60.0,2235200
1970-04-13,6.1,13.0,2235300
1970-04-14,17.2,62.0,2235700
1970-04-14,-7.1,161.0,2235800
1970-04-15,10.0,82.0,2234500
1970-04-15,-9.0,206.0,2234700
1970-04-16,-14.7,208.0,2234200
1970-04-16,15.7,8.0,15600100
1970-04-16,-3.6,4.0,15600200
1970-04-17,-10.8,5.0,15600300
1970-04-18,20.1,14.0,2236100
1970-04-21,9.8,14.0,2236000
1970-04-22,23.4,4.0,2236400
1970-04-24,-26.1,12.0,15600400
1970-04-25,-7.7,149.0,2235600
1970-04-25,4.6,261.0,2236300
1970-04-26,15.6,71.0,2235900
1970-04-26,10.5,28.0,2237000
1970-04-26,-11.0,146.0,2237100
1970-04-27,3.7,7.0,2236900
1970-04-27,-28.4,9.0,15600500
1970-04-27,-15.2,5.0,15600600
1970-04-28,-8.6,66.0,2236200
1970-04-28,9.0,55.0,2236600
1970-04-28,-15.7,154.0,2237600
1970-04-29,6.2,5.0,2237300
1970-04-29,-12.6,44.0,2237800
1970-04-29,12.0,5.0,15600700
1970-04-30,12.7,18.0,2236500
1970-05-01,15.4,6.0,15600800
1970-05-03,15.3,24.0,2237200
1970-05-03,16.0,234.0,2238200
1970-05-04,-14.2,32.0,2237400
1970-05-04,11.7,59.0,2237500
1970-05-04,13.9,41.0,2238300
1970-05-04,11.7,5.0,15600900
1970-05-06,20.5,180.0,2236700
1970-05-06,-11.0,12.0,2238100
1970-05-06,-17.2,5.0,15601000
1970-05-07,-8.1,527.0,2236800
1970-05-07,-5.8,8.0,2238400
1970-05-08,-13.0,71.0,2238000
1970-05-09,-3.2,12.0,2238500
1970-05-09,19.6,324.0,2238600
1970-05-10,9.9,28.0,2238900
1970-05-10,0.5,57.0,2239000
1970-05-10,-7.7,148.0,2239100
1970-05-10,27.2,13.0,15601100
1970-05-11,-21.4,95.0,2237700
1970-05-11,-26.1,16.0,2238700
1970-05-11,-11.7,83.0,2239300
1970-05-12,14.4,327.0,2237900
1970-05-12,-12.4,5.0,2238800
1970-05-12,-17.0,21.0,2239500
1970-05-12,-20.2,5.0,15610100
1970-05-13,-11.5,11.0,2239600
1970-05-15,-8.7,3.0,2239700
1970-05-15,8.4,3.0,15610200
1970-05-16,13.8,125.0,2240000
1970-05-17,-13.1,5.0,2239900
1970-05-17,11.0,9.0,15610300
1970-05-18,19.4,5.0,15610400
1970-05-19,-22.9,3.0,2240300
1970-05-19,14.8,57.0,2240400
1970-05-20,-8.1,165.0,2239200
1970-05-20,4.8,11.0,2240500
1970-05-20,16.8,48.0,2240600
1970-05-21,-14.6,174.0,2239800
1970-05-22,22.1,5.0,2240800
1970-05-22,19.6,18.0,2241000
1970-05-23,21.6,4.0,2240700
1970-05-24,18.0,405.0,2239400
1970-05-25,-8.3,20.0,2240100
1970-05-25,-6.9,115.0,2240900
1970-05-25,10.5,28.0,2241400
1970-05-25,24.5,13.0,15610500
1970-05-25,15.0,14.0,15610600
1970-05-26,18.8,19.0,2241300
1970-05-26,-8.9,87.0,2241500
1970-05-26,-20.0,155.0,2241600
1970-05-26,17.1,13.0,15610700
1970-05-27,-7.7,126.0,2240200
1970-05-27,15.7,96.0,2242000
1970-05-28,16.3,7.0,15610800
1970-05-29,19.0,10.0,2241700
1970-05-29,20.0,23.0,15610900
1970-05-30,-9.6,5.0,2241800
1970-05-31,-14.7,171.0,2241200
1970-05-31,22.2,30.0,15611000
1970-06-02,-6.7,495.0,2241100
1970-06-03,18.2,243.0,2242100
1970-06-03,-10.5,16.0,15611100
1970-06-04,-15.5,254.0,2242400
1970-06-05,-6.6,10.0,2242500
1970-06-05,12.4,17.0,15611200
1970-06-05,-2.3,14.0,15611300
1970-06-06,8.1,68.0,2242200
1970-06-06,19.8,3.0,2242300
1970-06-06,17.2,9.0,2242600
1970-06-06,15.4,28.0,2242700
1970-06-07,14.4,378.0,2242800
1970-06-07,-8.0,4.0,15620100
1970-06-08,-13.1,233.0,2241900
1970-06-09,-10.4,5.0,15620200
1970-06-10,15.9,30.0,2243100
1970-06-10,0.2,2.0,15620300
1970-06-10,-10.9,10.0,15620400
1970-06-10,-4.0,3.0,15620500
1970-06-11,18.1,4.0,2243200
1970-06-13,-12.9,41.0,2242900
1970-06-13,-14.9,20.0,2243400
1970-06-14,14.6,23.0,15620600
1970-06-15,13.0,95.0,2243000
1970-06-15,20.1,138.0,2243700
1970-06-15,-29.1,7.0,15620700
1970-06-16,-8.3,4.0,2243500
1970-06-17,-4.9,138.0,2243800
1970-06-17,-19.5,6.0,15620800
1970-06-18,-15.0,10.0,2243900
1970-06-18,20.0,2.0,2244100
1970-06-18,17.8,29.0,2244200
1970-06-20,20.8,5.0,2244300
1970-06-20,10.4,371.0,2244400
1970-06-20,15.1,12.0,15620900
1970-06-21,21.5,112.0,2244500
1970-06-22,17.6,645.0,2243300
1970-06-24,-6.6,6.0,15621000
1970-06-24,-8.4,7.0,15621100
1970-06-25,-6.6,45.0,2244700
1970-06-25,4.0,30.0,15621200
1970-06-26,-8.9,11.0,2243600
1970-06-27,-15.2,42.0,2244000
1970-06-27,-8.9,312.0,2245200
1970-06-28,-13.0,21.0,2244600
1970-06-28,12.8,15.0,2244900
1970-06-29,16.4,2.0,15621300
1970-06-29,10.9,14.0,15621400
1970-06-30,-14.5,5.0,15621500
1970-07-01,14.2,6.0,2245500
1970-07-01,-9.0,143.0,2245600
1970-07-01,10.3,122.0,2245700
1970-07-01,-14.4,18.0,15621600
1970-07-02,-15.9,23.0,15621700
1970-07-03,3.5,47.0,2245000
1970-07-03,-10.5,11.0,2245300
1970-07-04,16.6,109.0,2246000
1970-07-05,13.3,40.0,2245800
1970-07-05,-14.7,3.0,15630100
1970-07-06,21.4,365.0,2244800
1970-07-06,12.0,3.0,15630200
1970-07-07,-23.3,18.0,2246100
1970-07-07,16.5,71.0,2246200
1970-07-08,-3.0,531.0,2245100
1970-07-08,-21.0,7.0,2245900
1970-07-08,3.4,16.0,15630300
1970-07-09,7.3,138.0,2245400
1970-07-09,5.3,18.0,2246300
1970-07-12,26.5,10.0,2246600
1970-07-13,17.6,5.0,2246700
1970-07-13,15.3,16.0,2246900
1970-07-14,-5.1,7.0,2247000
1970-07-14,-13.4,9.0,2247100
1970-07-15,19.8,6.0,2246800
1970-07-15,15.1,15.0,2247200
1970-07-17,7.9,142.0,2247500
1970-07-17,14.4,12.0,15630400
1970-07-18,5.1,10.0,2247300
1970-07-18,-15.6,5.0,2247400
1970-07-18,-16.1,7.0,15630500
1970-07-19,-10.3,14.0,2247700
1970-07-19,-15.7,40.0,2247800
1970-07-21,18.2,47.0,2247900
1970-07-21,22.1,272.0,2248000
1970-07-21,2.3,6.0,15630600
1970-07-21,25.3,3.0,15630700
1970-07-22,17.6,81.0,2246400
1970-07-22,-18.6,75.0,2246500
1970-07-22,-9.6,29.0,2247600
1970-07-22,-13.6,80.0,2248200
1970-07-22,-20.8,41.0,2248300
1970-07-23,-18.8,8.0,15630800
1970-07-24,-2.1,13.0,2248400
1970-07-24,-16.3,2.0,15630900
1970-07-24,23.6,12.0,15631000
1970-07-25,13.2,3.0,2248500
1970-07-25,9.3,39.0,2248600
1970-07-25,-9.3,301.0,2248700
1970-07-27,-9.1,118.0,2248900
1970-07-27,10.7,4.0,15631100
1970-07-28,18.2,17.0,2249100
1970-07-28,11.0,1.0,15631200
1970-07-30,12.2,99.0,2248100
1970-07-30,18.0,3.0,2249000
1970-07-30,11.6,4.0,2249200
1970-07-30,13.5,4.0,2249300
1970-07-31,8.7,5.0,15640100
1970-08-01,17.0,29.0,2249400
1970-08-03,16.8,25.0,2249500
1970-08-04,5.3,213.0,2248800
1970-08-04,20.5,5.0,15640200
1970-08-05,22.5,2.0,15640300
1970-08-05,3.3,14.0,15640400
1970-08-06,17.2,6.0,2249700
1970-08-11,7.7,13.0,2250000
1970-08-13,-7.0,14.0,2249600
1970-08-13,-11.2,41.0,2250200
1970-08-16,21.2,58.0,2249900
1970-08-16,-10.1,16.0,2250500
1970-08-17,13.1,19.0,2250600
1970-08-18,22.0,410.0,2249800
1970-08-18,20.6,1.0,15640500
1970-08-18,-0.1,6.0,15640600
1970-08-19,-6.3,4.0,2251000
1970-08-19,-18.7,12.0,15640700
1970-08-20,-9.9,118.0,2250100
1970-08-20,-15.0,148.0,2250700
1970-08-20,18.0,8.0,2251300
1970-08-21,-15.7,210.0,2250300
1970-08-21,10.8,285.0,2251400
1970-08-22,12.6,10.0,15640800
1970-08-23,-6.7,4.0,2251600
1970-08-23,10.5,3.0,15640900
1970-08-24,11.9,22.0,2251900
1970-08-25,6.5,14.0,15641000
1970-08-26,8.6,131.0,2250400
1970-08-26,-6.0,121.0,2250800
1970-08-26,12.8,4.0,2251700
1970-08-26,-39.1,13.0,15641100
1970-08-27,20.1,36.0,2250900
1970-08-27,19.9,35.0,2252000
1970-08-27,-12.6,6.0,15650100
1970-08-28,5.6,6.0,15650200
1970-08-29,18.6,53.0,2251200
1970-08-29,16.4,411.0,2252500
1970-08-31,4.2,268.0,2251100
1970-08-31,-23.4,56.0,2252100
1970-08-31,7.1,9.0,2252200
1970-08-31,4.0,9.0,2252600
1970-09-01,-20.2,8.0,15650300
1970-09-02,21.2,226.0,2252700
1970-09-03,9.0,5.0,2251500
1970-09-03,-9.1,25.0,2251800
1970-09-03,-10.2,4.0,2252900
1970-09-03,9.6,151.0,2253000
1970-09-03,22.2,86.0,2253100
1970-09-04,-12.2,3.0,15650400
1970-09-05,12.5,10.0,2252800
1970-09-05,-6.9,12.0,2253300
1970-09-06,-15.8,66.0,2253700
1970-09-07,-11.8,10.0,2253200
1970-09-07,-27.3,24.0,2253400
1970-09-07,-20.4,22.0,2253500
1970-09-07,-6.8,14.0,2253800
1970-09-08,-7.9,145.0,2252300
1970-09-08,25.1,8.0,15650500
1970-09-09,18.9,120.0,2252400
1970-09-09,4.1,87.0,2253900
1970-09-09,-10.0,50.0,2254000
1970-09-10,-10.6,37.0,2254200
1970-09-13,-14.7,5.0,2254300
1970-09-15,-10.4,30.0,2253600
1970-09-15,-16.8,140.0,2254500
1970-09-15,4.2,22.0,2254600
1970-09-18,8.9,1.0,2254800
1970-09-19,13.4,16.0,2255000
1970-09-20,3.4,85.0,2255200
1970-09-20,12.0,74.0,2255300
1970-09-20,-15.0,4.0,15650600
1970-09-21,13.0,64.0,2254100
1970-09-21,-22.6,5.0,2254400
1970-09-21,-13.9,147.0,2254900
1970-09-21,1.7,12.0,2255400
1970-09-22,-23.4,4.0,15650700
1970-09-22,10.2,8.0,15650800
1970-09-22,15.5,4.0,15650900
1970-09-23,-7.0,401.0,2255600
1970-09-24,21.2,247.0,2255100
1970-09-24,-18.5,20.0,2255700
1970-09-24,15.2,5.0,2255900
1970-09-24,14.8,9.0,2256000
1970-09-24,23.4,16.0,2256100
1970-09-26,6.8,17.0,2255500
1970-09-26,15.9,90.0,2256200
1970-09-27,20.9,404.0,2254700
1970-09-30,22.9,126.0,2255800
1971-01-03,-15.2,109.0,2266200
1971-01-04,13.3,62.0,2265700
1971-01-04,9.8,214.0,2265800
1971-01-04,19.7,14.0,2266500
1971-01-04,11.0,23.0,2266600
1971-01-08,6.8,13.0,15690100
1971-01-09,21.8,125.0,2266100
1971-01-09,-11.1,39.0,2266800
1971-01-09,19.7,174.0,2266900
1971-01-10,2.9,48.0,2266400
1971-01-11,-19.7,10.0,2267000
1971-01-11,18.4,13.0,2267100
1971-01-11,-11.0,48.0,2267200
1971-01-11,-0.4,5.0,15700100
1971-01-12,-15.2,55.0,2267400
1971-01-12,13.7,3.0,15700200
1971-01-14,3.0,5.0,2267300
1971-01-14,17.2,446.0,2267800
1971-01-15,-23.2,33.0,2267500
1971-01-15,-14.1,3.0,15700300
1971-01-15,14.4,5.0,15700400
1971-01-16,-6.4,681.0,2266700
1971-01-17,9.2,25.0,2268000
1971-01-17,-12.2,32.0,2268100
1971-01-18,9.7,5.0,2267700
1971-01-19,14.1,93.0,2268300
1971-01-20,8.1,10.0,2268200
1971-01-20,12.6,19.0,2268400
1971-01-21,-16.6,8.0,15700500
1971-01-24,12.5,51.0,2267600
1971-01-24,-12.9,934.0,2268600
1971-01-24,-17.0,8.0,15700600
1971-01-25,3.4,6.0,2268500
1971-01-25,-6.2,7.0,2268800
1971-01-26,21.3,59.0,2268700
1971-01-28,19.1,116.0,2267900
1971-01-28,11.5,32.0,2269000
1971-01-29,21.8,26.0,2269400
1971-01-30,19.0,15.0,2269100
1971-01-30,-21.5,7.0,2269500
1971-02-01,3.7,7.0,2268900
1971-02-04,6.9,24.0,2269300
1971-02-06,8.5,5.0,2269800
1971-02-06,-38.5,16.0,2269900
1971-02-06,18.5,59.0,2270000
1971-02-07,8.8,20.0,2270300
1971-02-07,-4.4,5.0,15710100
1971-02-08,8.0,102.0,2269200
1971-02-08,-14.7,7.0,2270100
1971-02-08,-12.7,8.0,15710200
1971-02-09,25.9,144.0,2269700
1971-02-10,23.1,4.0,15710300
1971-02-10,12.6,5.0,15710400
1971-02-11,15.8,159.0,2270700
1971-02-11,-21.2,5.0,15710500
1971-02-11,-19.3,3.0,15710600
1971-02-12,-6.4,300.0,2269600
1971-02-12,-26.2,4.0,2270400
1971-02-12,-10.0,2.0,2270600
1971-02-13,-15.0,49.0,2270500
1971-02-13,-2.5,24.0,15710700
1971-02-14,14.6,318.0,2270200
1971-02-14,6.0,2.0,2270900
1971-02-14,-14.0,23.0,2271200
1971-02-15,11.0,10.0,15710800
1971-02-17,-17.1,484.0,2271300
1971-02-18,-7.2,274.0,2271400
1971-02-19,13.8,309.0,2271000
1971-02-20,10.7,11.0,2271600
1971-02-20,17.2,2.0,15710900
1971-02-22,20.8,218.0,2271500
1971-02-22,7.8,15.0,15711000
1971-02-23,6.8,414.0,2271800
1971-02-24,19.2,170.0,2270800
1971-02-24,-4.5,12.0,15711100
1971-02-25,-13.1,147.0,2271100
1971-02-25,25.0,184.0,2272000
1971-02-25,5.8,4.0,15711200
1971-02-25,-4.6,11.0,15711300
1971-02-26,4.9,6.0,2271900
1971-02-28,-13.3,13.0,15711400
1971-03-01,-12.4,74.0,2272300
1971-03-02,0.9,7.0,2272200
1971-03-02,-2.4,12.0,2272500
1971-03-02,-10.0,12.0,15711500
1971-03-02,-15.0,3.0,15711600
1971-03-03,14.0,5.0,2272600
1971-03-04,-9.8,5.0,2271700
1971-03-05,21.2,2.0,2272700
1971-03-06,-11.8,4.0,15711700
1971-03-07,-14.2,25.0,2272400
1971-03-08,1.4,4.0,15720100
1971-03-09,8.7,72.0,2272100
1971-03-11,-4.7,234.0,2273100
1971-03-12,19.2,8.0,2273200
1971-03-12,7.5,252.0,2273300
1971-03-12,-4.5,34.0,15720200
1971-03-15,16.0,13.0,15720300
1971-03-16,-8.2,14.0,2272900
1971-03-16,-14.1,5.0,2273400
1971-03-16,-21.2,19.0,2273700
1971-03-16,24.0,7.0,15720400
1971-03-16,-19.9,5.0,15720500
1971-03-17,-6.5,4.0,2273600
1971-03-17,-8.0,7.0,2273900
1971-03-17,17.2,10.0,2274000
1971-03-18,-12.6,12.0,2273500
1971-03-18,-15.4,2.0,2274100
1971-03-20,-18.6,232.0,2272800
1971-03-21,18.8,65.0,2273000
1971-03-21,-4.7,277.0,2273800
1971-03-22,31.7,20.0,2274400
1971-03-25,25.4,75.0,2274600
1971-03-25,-18.8,301.0,2274700
1971-03-26,19.4,10.0,2274300
1971-03-27,7.5,5.0,15720600
1971-03-30,-8.1,13.0,2274200
1971-03-30,11.3,2.0,15720700
1971-04-01,13.0,32.0,2275100
1971-04-02,-12.9,4.0,2274800
1971-04-02,-19.0,49.0,2275200
1971-04-03,-13.7,40.0,2274500
1971-04-03,14.7,227.0,2275300
1971-04-04,-13.7,10.0,2275000
1971-04-04,-14.2,168.0,2275500
1971-04-04,-18.6,16.0,2275600
1971-04-04,19.3,9.0,15730100
1971-04-05,18.7,11.0,2275800
1971-04-05,-4.2,21.0,2275900
1971-04-06,10.6,11.0,2274900
1971-04-06,-17.5,29.0,2275400
1971-04-08,-8.0,5.0,15730200
1971-04-09,19.0,7.0,2276000
1971-04-10,11.1,386.0,2275700
1971-04-10,-6.0,208.0,2276200
1971-04-12,19.2,113.0,2276400
1971-04-12,9.3,312.0,2276500
1971-04-12,-19.7,42.0,2276600
1971-04-12,-7.9,9.0,15730300
1971-04-13,9.6,33.0,2276800
1971-04-14,-14.7,14.0,2277000
1971-04-18,-4.7,27.0,2276700
1971-04-18,-10.5,98.0,2277200
1971-04-19,18.9,51.0,2277100
1971-04-20,-3.4,215.0,2276300
1971-04-20,-14.1,13.0,2277300
1971-04-22,2.2,179.0,2276100
1971-04-22,12.8,10.0,2277400
1971-04-22,-18.7,18.0,2277600
1971-04-24,17.9,26.0,2276900
1971-04-24,-8.8,19.0,2277500
1971-04-24,4.0,80.0,2277700
1971-04-24,-12.1,24.0,2277900
1971-04-25,5.6,7.0,2278100
1971-04-29,-15.8,8.0,2278300
1971-05-01,-11.3,19.0,2277800
1971-05-01,18.6,33.0,2278400
1971-05-03,5.9,15.0,2278000
1971-05-03,-11.0,25.0,2278700
1971-05-04,14.2,10.0,2278800
1971-05-04,-13.8,8.0,15740100
1971-05-04,8.6,9.0,15740200
1971-05-07,-5.2,113.0,2278200
1971-05-07,4.5,7.0,2278900
1971-05-07,3.9,132.0,2279000
1971-05-09,3.2,117.0,2279100
1971-05-11,4.3,415.0,2279200
1971-05-13,11.0,170.0,2278500
1971-05-13,8.3,10.0,2279400
1971-05-13,-8.8,4.0,15740300
1971-05-14,11.2,211.0,2278600
1971-05-16,5.1,40.0,2279500
1971-05-16,-15.5,17.0,2279800
1971-05-16,16.2,127.0,2279900
1971-05-17,18.2,32.0,2279300
1971-05-18,-5.0,20.0,2279600
1971-05-18,14.1,49.0,2280000
1971-05-19,13.1,10.0,2279700
1971-05-19,6.8,14.0,2280100
1971-05-19,2.4,11.0,15740400
1971-05-24,2.4,18.0,15740500
1971-05-25,1.8,12.0,15740600
1971-05-26,-10.4,3.0,15740700
1971-05-28,13.1,57.0,2280500
1971-05-28,8.9,36.0,2280600
1971-05-31,-6.6,76.0,2280300
1971-05-31,-20.7,32.0,2280700
1971-05-31,6.4,8.0,2280800
1971-05-31,-0.8,53.0,2280900
1971-06-02,20.5,5.0,2281000
1971-06-02,-5.6,141.0,2281100
1971-06-03,9.3,281.0,2280200
1971-06-03,17.1,3.0,15750100
1971-06-04,8.4,12.0,2280400
1971-06-04,-2.9,18.0,2281200
1971-06-10,16.0,5.0,2281300
1971-06-14,14.4,18.0,2281400
1971-06-14,13.4,22.0,15750200
1971-06-15,-8.3,20.0,2281600
1971-06-16,-4.7,51.0,2281900
1971-06-19,-13.9,10.0,2281500
1971-06-19,12.5,34.0,2282000
1971-06-20,-5.7,20.0,2281800
1971-06-20,-5.0,2.0,15750300
1971-06-22,-2.4,2.0,2282300
1971-06-22,13.2,27.0,2282400
1971-06-23,-11.8,52.0,2281700
1971-06-23,12.1,4.0,15750400
1971-06-26,17.6,6.0,2282700
1971-06-26,-6.7,242.0,2282800
1971-06-26,5.9,7.0,15760100
1971-06-27,16.4,167.0,2283000
1971-06-28,-21.3,72.0,2282200
1971-06-28,-15.1,10.0,2282500
1971-06-28,-10.8,28.0,2283100
1971-06-29,-11.2,64.0,2283300
1971-06-30,10.5,55.0,2282100
1971-06-30,14.5,3.0,2282600
1971-06-30,-10.6,4.0,15760200
1971-07-01,-9.6,35.0,2283400
1971-07-03,20.7,5.0,15760300
1971-07-03,9.2,9.0,15760400
1971-07-04,6.7,31.0,2283200
1971-07-04,-12.6,20.0,2283500
1971-07-06,11.3,11.0,2283600
1971-07-07,-12.0,284.0,2283800
1971-07-09,-13.6,464.0,2282900
1971-07-15,-8.8,18.0,2284200
1971-07-15,-5.8,28.0,2284300
1971-07-16,-16.6,24.0,2284400
1971-07-17,-6.7,36.0,2283700
1971-07-17,-7.6,27.0,15760500
1971-07-18,-13.2,10.0,2284600
1971-07-19,-7.6,3.0,2284800
1971-07-21,15.7,4.0,2285100
1971-07-22,15.5,136.0,2283900
1971-07-22,7.8,25.0,2284700
1971-07-22,18.2,8.0,2285300
1971-07-23,-7.0,116.0,2285500
1971-07-24,6.0,419.0,2284000
1971-07-24,-15.9,22.0,2285600
1971-07-24,-14.2,284.0,2285700
1971-07-25,9.8,12.0,2284100
1971-07-25,16.3,14.0,15770100
1971-07-26,15.3,2.0,2285000
1971-07-26,-2.5,6.0,2285200
1971-07-26,-19.7,7.0,2285400
1971-07-27,14.2,293.0,2284500
1971-07-27,10.3,29.0,2285900
1971-07-27,7.2,172.0,2286000
1971-07-28,18.8,3.0,15770200
1971-07-29,-21.0,9.0,15770300
1971-07-29,-3.7,5.0,15770400
1971-07-30,13.4,168.0,2284900
1971-07-31,26.6,11.0,2286100
1971-07-31,-26.0,35.0,2286300
1971-08-01,-13.1,32.0,2285800
1971-08-01,-6.3,30.0,2286400
1971-08-03,21.8,11.0,2286200
1971-08-03,-8.6,239.0,2286500
1971-08-04,-5.3,5.0,15770500
1971-08-05,-11.4,34.0,2286600
1971-08-07,-11.0,8.0,2286800
1971-08-07,-15.9,8.0,15770600
1971-08-08,20.5,4.0,15770700
1971-08-10,10.9,19.0,2286900
1971-08-10,20.3,9.0,2287000
1971-08-11,13.8,126.0,2287100
1971-08-12,13.2,36.0,2287200
1971-08-13,11.5,122.0,2286700
1971-08-13,9.4,8.0,15770800
1971-08-14,14.2,3.0,2287400
1971-08-14,29.3,2.0,15770900
1971-08-16,16.8,64.0,2287600
1971-08-16,19.6,22.0,15771000
1971-08-17,-12.4,310.0,2287700
1971-08-19,23.4,4.0,15780100
1971-08-20,-15.5,58.0,2287300
1971-08-23,20.8,9.0,2287800
1971-08-23,-2.7,10.0,2288100
1971-08-25,18.9,7.0,15780200
1971-08-26,13.3,160.0,2287500
1971-08-26,12.3,49.0,2288000
1971-08-31,-9.2,3.0,2288200
1971-08-31,-9.3,3.0,15780300
1971-09-01,-3.7,176.0,2287900
1971-09-06,19.9,2.0,15780400
1971-09-07,-3.5,6.0,2288600
1971-09-07,2.3,28.0,2288800
1971-09-08,19.0,6.0,2288700
1971-09-09,2.9,420.0,2288500
1971-09-09,14.2,4.0,15780500
1971-09-09,-10.4,11.0,15780600
1971-09-10,-7.3,146.0,2288300
1971-09-10,13.0,134.0,2288900
1971-09-12,17.8,58.0,2288400
1971-09-13,4.2,201.0,2289200
1971-09-13,-12.9,63.0,2289300
1971-09-14,-11.3,95.0,2289400
1971-09-15,5.3,12.0,15790100
1971-09-16,-2.4,20.0,2289500
1971-09-18,-16.0,60.0,2289000
1971-09-18,-5.6,18.0,2289600
1971-09-21,12.2,7.0,2289800
1971-09-22,12.2,26.0,2289700
1971-09-24,13.8,13.0,2289100
1971-09-24,-6.8,472.0,2290000
1971-09-27,-5.5,136.0,2290100
1971-09-28,10.2,640.0,2290200
1971-09-30,-14.5,32.0,2289900
1971-09-30,-8.0,5.0,2290300
1971-09-30,-12.0,4.0,15790200
1972-01-01,-17.5,5.0,2297800
1972-01-01,-15.9,2.0,15830100
1972-01-02,-13.6,101.0,2297600
1972-01-02,-11.5,3.0,2297900
1972-01-02,-11.7,42.0,2298000
1972-01-03,-22.3,99.0,2298100
1972-01-04,11.0,5.0,15830200
1972-01-05,21.9,5.0,2297300
1972-01-05,-7.9,17.0,2297500
1972-01-06,12.2,66.0,2298200
1972-01-07,21.0,11.0,15830300
1972-01-07,-7.2,11.0,15830400
1972-01-08,-9.0,24.0,2298400
1972-01-09,-4.6,76.0,2297400
1972-01-09,8.1,13.0,2297700
1972-01-14,-10.7,27.0,2298500
1972-01-14,-14.6,367.0,2298600
1972-01-15,-13.3,11.0,2298300
1972-01-17,-13.3,10.0,2298800
1972-01-19,-8.7,3.0,2298900
1972-01-21,-14.0,5.0,15830500
1972-01-22,-14.3,4.0,15830600
1972-01-23,-13.3,179.0,2299500
1972-01-23,-15.6,56.0,2299600
1972-01-24,16.9,244.0,2299000
1972-01-24,-17.3,42.0,2299100
1972-01-24,14.2,51.0,2299800
1972-01-24,-22.3,2.0,15830700
1972-01-25,13.3,281.0,2298700
1972-01-25,13.9,25.0,2299900
1972-01-29,-13.9,97.0,2299300
1972-01-29,15.2,13.0,2299400
1972-01-29,-6.2,8.0,2300100
1972-01-30,-7.9,96.0,2299200
1972-01-30,-15.3,71.0,2299700
1972-02-01,12.0,38.0,2300200
1972-02-03,10.5,7.0,2300300
1972-02-03,-7.4,49.0,2300600
1972-02-06,7.6,176.0,2300000
1972-02-06,-12.5,13.0,2300400
1972-02-07,-0.5,21.0,2300500
1972-02-07,-6.4,19.0,2300900
1972-02-08,-6.3,3.0,2300800
1972-02-08,-7.5,42.0,2301000
1972-02-08,7.5,117.0,2301100
1972-02-08,16.3,303.0,2301200
1972-02-10,-18.8,12.0,2300700
1972-02-12,-22.9,8.0,2301500
1972-02-14,-9.5,185.0,2301700
1972-02-14,27.5,4.0,15840100
1972-02-16,11.8,41.0,2302100
1972-02-17,-14.3,11.0,2301600
1972-02-18,-11.9,5.0,2301900
1972-02-20,16.9,45.0,2302200
1972-02-21,-12.5,4.0,2302400
1972-02-22,24.6,5.0,2301400
1972-02-22,6.1,10.0,2302700
1972-02-23,-18.3,229.0,2301300
1972-02-23,5.0,179.0,2302500
1972-02-24,15.1,4.0,2302600
1972-02-24,14.4,5.0,15850100
1972-02-25,-9.4,306.0,2302900
1972-02-26,-13.6,57.0,2301800
1972-02-28,6.6,615.0,2302000
1972-02-28,12.9,17.0,2302800
1972-02-28,20.3,26.0,2303200
1972-03-01,0.1,2.0,2303300
1972-03-01,10.4,14.0,2303500
1972-03-02,-15.1,72.0,2302300
1972-03-03,-12.1,5.0,2303700
1972-03-04,-8.7,4.0,2303100
1972-03-04,-4.4,6.0,15850200
1972-03-05,9.1,29.0,2303000
1972-03-05,5.2,3.0,2303800
1972-03-05,-19.6,246.0,2303900
1972-03-08,14.2,231.0,2304100
1972-03-09,-19.9,82.0,2304200
1972-03-10,-6.8,26.0,2303400
1972-03-13,-8.0,56.0,2304500
1972-03-14,-8.6,155.0,2303600
1972-03-15,25.3,19.0,15850300
1972-03-16,-6.9,1.0,2304700
1972-03-19,16.4,119.0,2304000
1972-03-19,-16.2,2.0,15850400
1972-03-20,9.3,7.0,2304400
1972-03-21,4.9,119.0,2304300
1972-03-21,-7.8,25.0,2304900
1972-03-22,-7.6,18.0,2305300
1972-03-22,-11.2,19.0,2305600
1972-03-23,-11.0,23.0,2305100
1972-03-24,13.7,13.0,2304800
1972-03-24,15.8,10.0,2305800
1972-03-24,-4.3,4.0,2306000
1972-03-25,13.4,17.0,2305700
1972-03-25,-15.6,25.0,2305900
1972-03-26,7.7,185.0,2304600
1972-03-26,-19.4,52.0,2305000
1972-03-27,9.1,29.0,2305400
1972-03-27,-20.1,4.0,15860100
1972-03-28,-20.5,9.0,2305500
1972-03-28,-7.5,64.0,2306100
1972-03-29,8.2,63.0,2305200
1972-03-29,-8.0,166.0,2306200
1972-04-01,-25.6,5.0,2306300
1972-04-02,-14.6,6.0,2306400
1972-04-03,-9.5,17.0,2306600
1972-04-05,0.9,10.0,2306500
1972-04-05,-8.7,2.0,15860200
1972-04-06,-14.1,89.0,2306900
1972-04-06,-7.7,222.0,2307000
1972-04-08,-12.3,174.0,2307100
1972-04-09,-11.5,36.0,2306700
1972-04-10,8.0,4.0,2306800
1972-04-10,8.1,118.0,2307200
1972-04-10,1.3,14.0,15860300
1972-04-12,0.6,10.0,15860400
1972-04-13,-8.4,3.0,2307300
1972-04-14,9.6,10.0,2307400
1972-04-14,-3.3,3.0,2307500
1972-04-15,-6.5,39.0,2307600
1972-04-15,-11.1,83.0,2307700
1972-04-15,-10.7,541.0,2307800
1972-04-19,17.2,5.0,2308000
1972-04-20,-13.2,2.0,2308200
1972-04-20,-14.0,2.0,15870100
1972-04-21,-6.5,67.0,2308500
1972-04-23,14.1,26.0,2308300
1972-04-23,2.9,5.0,2308600
1972-04-25,-3.7,49.0,2308100
1972-04-25,-10.7,19.0,2308700
1972-04-25,22.2,7.0,2308900
1972-04-27,8.3,36.0,2307900
1972-04-28,16.9,14.0,15870200
1972-04-28,6.0,10.0,15870300
1972-04-29,10.0,590.0,2308800
1972-04-29,20.6,11.0,15870400
1972-05-01,-6.2,28.0,2309000
1972-05-02,16.9,123.0,2308400
1972-05-02,-14.6,54.0,2309100
1972-05-02,-21.4,14.0,15870500
1972-05-02,7.9,10.0,15870600
1972-05-03,8.0,5.0,2309200
1972-05-04,-10.7,12.0,15870700
1972-05-09,-24.2,9.0,2309500
1972-05-09,6.8,8.0,2309700
1972-05-11,12.8,8.0,2309900
1972-05-11,-5.6,139.0,2310000
1972-05-13,11.4,5.0,2310100
1972-05-13,-9.6,46.0,2310200
1972-05-13,7.1,59.0,2310300
1972-05-14,7.3,8.0,2309300
1972-05-14,16.1,409.0,2309400
1972-05-14,14.1,15.0,2309600
1972-05-14,-18.4,12.0,2310400
1972-05-14,13.1,239.0,2310600
1972-05-14,-7.3,2.0,15870800
1972-05-14,3.2,3.0,15870900
1972-05-17,12.1,6.0,2310800
1972-05-19,-12.4,11.0,2310700
1972-05-19,-2.1,3.0,15880100
1972-05-20,-13.5,7.0,15880200
1972-05-20,-10.6,2.0,15880300
1972-05-21,-7.9,76.0,2309800
1972-05-24,7.2,585.0,2311000
1972-05-26,-21.1,14.0,2310900
1972-05-27,-15.4,572.0,2310500
1972-05-27,18.0,18.0,2311100
1972-05-28,-1.3,5.0,15880400
1972-05-29,-12.6,145.0,2311300
1972-05-30,-14.8,13.0,2311400
1972-05-30,-15.0,2.0,2311500
1972-05-30,15.1,102.0,2311600
1972-05-30,-15.1,538.0,2311700
1972-05-31,-7.7,3.0,2311200
1972-05-31,-7.0,3.0,2311800
1972-06-01,-33.1,4.0,15880500
1972-06-02,8.1,39.0,2312100
1972-06-03,9.2,44.0,2312200
1972-06-05,6.1,29.0,2312300
1972-06-08,-6.6,295.0,2312000
1972-06-09,-8.4,1.0,2312500
1972-06-09,-5.0,3.0,15880600
1972-06-10,21.0,2.0,2312400
1972-06-11,-7.9,5.0,15880700
1972-06-12,-8.8,922.0,2311900
1972-06-12,10.7,8.0,2312700
1972-06-13,-12.1,1.0,15890100
1972-06-14,-17.4,2.0,15890200
1972-06-14,-7.9,7.0,15890300
1972-06-15,-5.2,19.0,2312900
1972-06-15,-8.8,167.0,2313100
1972-06-15,-17.1,13.0,15890400
1972-06-16,-24.3,44.0,2313200
1972-06-16,-0.3,8.0,15890500
1972-06-19,-13.0,49.0,2312800
1972-06-20,3.1,57.0,2313400
1972-06-21,8.7,6.0,2313300
1972-06-21,6.2,174.0,2313700
1972-06-23,-13.3,234.0,2312600
1972-06-24,10.8,8.0,2313900
1972-06-24,-8.1,20.0,2314000
1972-06-25,14.8,21.0,2313800
1972-06-25,16.7,2.0,15890600
1972-06-26,16.9,18.0,15890700
1972-06-27,9.6,115.0,2313000
1972-06-27,-9.8,4.0,15890800
1972-06-28,4.3,28.0,2314400
1972-06-29,-10.2,23.0,2313500
1972-06-29,8.5,6.0,2314100
1972-06-29,-5.0,2.0,2314500
1972-06-29,13.1,112.0,2314600
1972-06-29,-19.9,21.0,15890900
1972-06-29,17.9,1.0,15891000
1972-07-01,-21.5,4.0,15891100
1972-07-02,9.3,10.0,2313600
1972-07-03,-9.5,29.0,2314900
1972-07-03,13.0,31.0,15891200
1972-07-03,-10.3,11.0,15891300
1972-07-05,0.1,47.0,2314800
1972-07-06,5.2,52.0,15891400
1972-07-07,6.8,139.0,2314200
1972-07-07,-5.4,25.0,2315000
1972-07-07,15.4,9.0,2315200
1972-07-07,18.1,96.0,2315300
1972-07-08,-13.3,147.0,2314300
1972-07-08,-12.3,85.0,2315400
1972-07-09,-15.1,17.0,2315500
1972-07-12,-2.4,23.0,2315100
1972-07-12,8.5,64.0,2315700
1972-07-13,-8.5,338.0,2316100
1972-07-14,7.8,107.0,2314700
1972-07-14,-12.9,4.0,2315900
1972-07-15,10.8,525.0,2315600
1972-07-16,-10.3,11.0,2316000
1972-07-17,-12.4,16.0,2316300
1972-07-17,-11.8,12.0,2316400
1972-07-17,6.0,2.0,15900100
1972-07-18,-1.2,2.0,15900200
1972-07-19,19.6,17.0,15900300
1972-07-20,-23.6,4.0,2316200
1972-07-21,4.5,102.0,2316600
1972-07-21,-13.0,29.0,15900400
1972-07-22,-20.6,13.0,15900500
1972-07-23,-3.2,9.0,2316900
1972-07-24,-10.1,96.0,2315800
1972-07-24,14.7,13.0,2316500
1972-07-24,-6.5,146.0,2316700
1972-07-25,9.2,4.0,2317300
1972-07-25,-14.3,36.0,2317400
1972-07-26,-6.4,6.0,15900600
1972-07-27,-9.6,3.0,2316800
1972-07-27,-9.7,19.0,2317100
1972-07-27,-19.0,6.0,2317500
1972-07-28,-4.4,5.0,2317700
1972-07-31,5.6,107.0,2317200
1972-07-31,-7.7,5.0,15900700
1972-08-01,6.6,4.0,2317600
1972-08-02,-12.0,7.0,15900800
1972-08-05,-13.1,71.0,2317000
1972-08-06,-17.1,14.0,2317800
1972-08-06,-6.2,2.0,2318200
1972-08-06,-22.5,9.0,15910100
1972-08-07,7.6,11.0,15910200
1972-08-08,-3.8,72.0,2318000
1972-08-09,8.4,10.0,2318300
1972-08-10,-8.9,271.0,2318100
1972-08-11,14.6,540.0,2317900
1972-08-11,-12.3,40.0,2318500
1972-08-12,13.4,38.0,2318800
1972-08-13,16.5,205.0,2318400
1972-08-13,5.7,4.0,15910300
1972-08-14,-16.6,17.0,2318600
1972-08-14,-23.9,160.0,2319000
1972-08-15,6.6,95.0,2319100
1972-08-17,19.1,6.0,15910400
1972-08-19,16.9,4.0,2318700
1972-08-19,-4.9,9.0,2319300
1972-08-20,13.8,330.0,2318900
1972-08-20,-13.3,8.0,2319500
1972-08-20,-14.4,35.0,2319600
1972-08-20,-15.0,3.0,15910500
1972-08-22,-18.4,254.0,2319700
1972-08-22,3.5,3.0,15910600
1972-08-24,-13.0,14.0,2319200
1972-08-24,-7.2,293.0,2319900
1972-08-26,11.5,5.0,2320100
1972-08-26,13.5,20.0,2320200
1972-08-27,-15.2,6.0,2319800
1972-08-28,17.1,125.0,2320600
1972-08-29,-24.8,81.0,2320800
1972-08-30,8.9,232.0,2319400
1972-08-30,6.4,22.0,2321000
1972-08-31,-12.6,3.0,2320900
1972-09-01,-8.5,250.0,2320000
1972-09-01,17.0,9.0,2320300
1972-09-02,-13.6,3.0,2320700
1972-09-04,16.6,5.0,15920100
1972-09-05,-3.8,11.0,2320500
1972-09-06,-5.1,175.0,2321200
1972-09-06,-15.1,23.0,2321300
1972-09-07,5.4,4.0,2321400
1972-09-07,18.0,27.0,2321600
1972-09-07,19.0,4.0,15920200
1972-09-07,-5.8,9.0,15920300
1972-09-08,17.1,66.0,2320400
1972-09-09,-5.1,8.0,2321500
1972-09-09,-12.3,247.0,2321800
1972-09-10,-8.5,155.0,2321100
1972-09-11,9.9,12.0,2321900
1972-09-11,-9.8,86.0,2322000
1972-09-11,-19.4,9.0,15920400
1972-09-14,12.1,5.0,2322200
1972-09-15,-7.6,6.0,15920500
1972-09-16,20.2,133.0,2321700
1972-09-17,-14.4,216.0,2322400
1972-09-17,-15.1,2.0,15920600
1972-09-19,13.1,8.0,2322500
1972-09-19,9.7,12.0,15920700
1972-09-20,-5.6,155.0,2322600
1972-09-20,-6.2,60.0,2322700
1972-09-20,-4.5,2.0,15920800
1972-09-21,-4.2,290.0,2322800
1972-09-22,7.9,18.0,2322100
1972-09-22,8.2,221.0,2322900
1972-09-24,-10.2,22.0,2322300
1972-09-24,-11.1,8.0,2323000
1972-09-24,-20.1,1.0,15920900
1972-09-25,-8.0,93.0,2323200
1972-09-25,-15.6,5.0,15921000
1972-09-26,-9.0,39.0,2323300
1972-09-26,14.5,2.0,15921100
1972-09-27,19.9,4.0,2323400
1972-09-28,15.2,32.0,2323100
1972-09-29,-9.1,57.0,2323500
1972-09-29,16.6,199.0,2323600
1972-09-29,19.7,56.0,2323700
1972-09-29,4.7,2.0,15930100
1972-09-29,6.9,12.0,15930200
1972-09-30,10.6,99.0,2323800
1972-09-30,17.2,7.0,2323900
1973-01-01,-15.3,28.0,2329200
1973-01-01,13.0,27.0,2329500
1973-01-02,-12.9,6.0,2329300
1973-01-02,-16.5,10.0,15960500
1973-01-04,17.8,5.0,2329700
1973-01-04,10.7,3.0,15960600
1973-01-05,-16.8,10.0,2329600
1973-01-05,-18.4,115.0,2329800
1973-01-08,13.4,34.0,2330000
1973-01-09,-11.3,20.0,2329900
1973-01-09,-16.1,21.0,2330100
1973-01-09,-10.8,13.0,15960700
1973-01-11,8.5,194.0,2329400
1973-01-12,-16.0,2.0,15960800
1973-01-12,16.5,8.0,15960900
1973-01-13,9.9,185.0,2330200
1973-01-16,-3.3,3.0,15970100
1973-01-17,-11.3,13.0,2330300
1973-01-19,9.8,14.0,2330600
1973-01-19,3.6,6.0,15970200
1973-01-20,-18.0,25.0,2330400
1973-01-21,17.0,14.0,15970300
1973-01-22,-14.8,15.0,2330700
1973-01-23,-3.1,8.0,15970400
1973-01-24,-15.1,69.0,2330500
1973-01-24,-9.6,23.0,2330900
1973-01-25,-11.0,12.0,2330800
1973-01-28,10.6,19.0,2331000
1973-01-29,5.6,18.0,2331100
1973-01-30,2.4,9.0,15970500
1973-02-02,-8.3,155.0,2331200
1973-02-02,0.6,5.0,15970600
1973-02-03,-16.6,4.0,15970700
1973-02-03,16.7,6.0,15970800
1973-02-05,6.5,188.0,2331300
1973-02-05,11.3,231.0,2331400
1973-02-05,-3.4,29.0,15970900
1973-02-08,15.1,6.0,2331600
1973-02-08,-11.6,6.0,2331700
1973-02-08,18.0,1.0,15971000
1973-02-08,-7.5,9.0,15971100
1973-02-09,-4.4,14.0,2331800
1973-02-10,-16.4,232.0,2331900
1973-02-12,-9.1,47.0,2332200
1973-02-14,10.2,8.0,2332000
1973-02-14,-17.2,3.0,2332100
1973-02-14,-11.5,2.0,15980100
1973-02-15,12.6,14.0,2331500
1973-02-16,16.4,27.0,2332300
1973-02-16,11.5,7.0,15980200
1973-02-17,18.2,8.0,2332400
1973-02-17,14.8,6.0,15980300
1973-02-17,10.3,9.0,15980400
1973-02-20,8.3,23.0,15980500
1973-02-21,-19.1,23.0,2332600
1973-02-22,3.4,2.0,15980600
1973-02-25,-17.5,18.0,2332500
1973-02-25,-10.3,38.0,2332900
1973-03-02,5.8,3.0,2333000
1973-03-02,17.7,8.0,2333100
1973-03-04,-13.7,14.0,2332700
1973-03-04,-17.5,177.0,2333200
1973-03-07,6.5,256.0,2332800
1973-03-08,-11.2,148.0,2333500
1973-03-09,11.9,1.0,15980700
1973-03-12,7.2,23.0,2333600
1973-03-15,11.3,545.0,2333300
1973-03-17,-13.1,8.0,2333700
1973-03-17,-17.0,6.0,15990100
1973-03-19,-7.2,160.0,2333400
1973-03-23,11.9,5.0,15990200
1973-03-27,14.7,76.0,2333800
1973-03-28,-11.0,18.0,2334100
1973-03-30,11.8,113.0,2334200
1973-04-02,-13.1,159.0,2334400
1973-04-03,7.4,306.0,2333900
1973-04-03,8.7,14.0,2334300
1973-04-03,-14.2,25.0,2334600
1973-04-03,-14.8,39.0,2334700
1973-04-04,-13.7,5.0,2334500
1973-04-04,-22.1,6.0,15990300
1973-04-04,15.9,5.0,15990400
1973-04-04,-28.4,5.0,15990500
1973-04-05,15.4,8.0,2334900
1973-04-08,-6.1,229.0,2334000
1973-04-08,-10.9,5.0,2335100
1973-04-11,-24.7,18.0,16000100
1973-04-12,-18.3,2.0,2335200
1973-04-13,-8.9,19.0,2334800
1973-04-15,-0.3,7.0,2335300
1973-04-16,16.9,6.0,16000200
1973-04-17,-7.9,201.0,2335000
1973-04-22,-6.8,470.0,2335600
1973-04-23,-11.3,8.0,2335700
1973-04-23,-1.2,14.0,2335800
1973-04-25,-15.0,12.0,2335400
1973-04-30,10.9,919.0,2335500
1973-04-30,-3.8,2.0,16000300
1973-05-04,-11.1,18.0,2336000
1973-05-04,-10.9,8.0,2336100
1973-05-04,-13.0,41.0,2336200
1973-05-04,12.6,3.0,16000400
1973-05-07,-13.3,6.0,2336300
1973-05-08,13.5,5.0,2336400
1973-05-10,-6.0,3.0,16010100
1973-05-11,2.1,6.0,16010200
1973-05-11,-6.1,3.0,16010300
1973-05-12,5.6,5.0,16010400
1973-05-13,-11.6,42.0,2335900
1973-05-15,11.9,57.0,2336600
1973-05-15,9.4,80.0,2336700
1973-05-18,-7.6,3.0,2336800
1973-05-19,12.1,5.0,16010500
1973-05-20,-9.5,22.0,2336500
1973-05-20,8.9,11.0,16010600
1973-05-21,1.1,36.0,2336900
1973-05-21,-12.8,10.0,16010700
1973-05-22,-4.9,4.0,2337100
1973-05-22,-7.6,8.0,16010800
1973-05-25,-10.3,1.0,16010900
1973-05-27,13.3,18.0,16011000
1973-05-28,-10.7,7.0,2337200
1973-05-30,-1.8,193.0,2337000
1973-06-02,15.5,80.0,2337300
1973-06-03,-17.2,3.0,16020100
1973-06-04,-13.5,6.0,2337400
1973-06-06,13.5,5.0,16020200
1973-06-07,5.6,29.0,2337600
1973-06-07,15.5,471.0,2337700
1973-06-07,-14.8,150.0,2337800
1973-06-08,13.6,5.0,16020300
1973-06-10,13.5,14.0,2337900
1973-06-11,-14.8,1.0,2338100
1973-06-11,12.5,281.0,2338200
1973-06-12,15.3,5.0,2338000
1973-06-15,13.8,213.0,2337500
1973-06-17,-14.9,1.0,2338300
1973-06-17,7.1,3.0,16020400
1973-06-18,-6.6,17.0,2338500
1973-06-18,-9.2,7.0,16020500
1973-06-19,-3.1,237.0,2338600
1973-06-20,-12.1,41.0,2338700
1973-06-22,7.5,8.0,2338400
1973-06-22,-17.4,7.0,16020600
1973-06-28,-5.9,11.0,16020700
1973-06-29,-6.9,64.0,2338800
1973-07-08,13.3,4.0,16030100
1973-07-09,-14.0,7.0,16030200
1973-07-10,0.8,28.0,2339000
1973-07-10,3.5,1.0,16030300
1973-07-12,12.1,218.0,2338900
1973-07-12,-10.9,2.0,16030400
1973-07-17,-11.1,78.0,2339100
1973-07-18,-10.6,12.0,2339300
1973-07-18,17.7,20.0,2339500
1973-07-19,-8.3,2.0,16030500
1973-07-19,-4.0,2.0,16030600
1973-07-20,12.8,14.0,2339200
1973-07-22,-6.4,10.0,2339400
1973-07-22,-15.5,1.0,16030700
1973-07-24,10.2,43.0,2339600
1973-07-25,-5.1,177.0,2339700
1973-07-29,-12.4,9.0,16040100
1973-08-01,-9.2,136.0,2339900
1973-08-01,-9.9,20.0,16040200
1973-08-02,25.7,4.0,16040300
1973-08-03,10.9,7.0,2339800
1973-08-03,14.3,7.0,16040400
1973-08-06,-6.9,14.0,2340200
1973-08-09,13.8,8.0,2340100
1973-08-11,6.7,113.0,2340000
1973-08-24,14.5,165.0,2340500
1973-08-26,9.1,8.0,2340400
1973-08-27,15.9,17.0,16050100
1973-08-28,13.0,20.0,2340300
1973-08-28,-14.7,397.0,2340700
1973-08-30,14.8,135.0,2341000
1973-09-01,2.7,22.0,2340600
1973-09-01,-14.8,3.0,2341200
1973-09-02,-12.3,5.0,2341500
1973-09-04,-9.6,3.0,2341300
1973-09-05,4.9,63.0,2341100
1973-09-06,13.4,20.0,2340800
1973-09-06,-14.4,174.0,2340900
1973-09-09,22.3,194.0,2341400
1973-09-12,-9.9,120.0,2341600
1973-09-14,-9.1,22.0,2341700
1973-09-16,-4.4,20.0,2341900
1973-09-16,-13.4,29.0,2342000
1973-09-16,13.0,4.0,16050200
1973-09-17,-15.5,8.0,16050300
1973-09-18,-6.9,3.0,16050400
1973-09-20,5.6,216.0,2342200
1973-09-20,14.1,13.0,2342300
1973-09-22,-5.0,4.0,16060100
1973-09-23,19.2,7.0,2342400
1973-09-23,10.5,10.0,2342500
1973-09-24,20.5,142.0,2342600
1973-09-25,8.9,19.0,2342700
1973-09-25,-15.5,66.0,2342800
1973-09-25,-17.2,13.0,16060200
1973-09-26,-11.9,52.0,2342900
1973-09-27,14.1,9.0,2341800
1973-09-27,12.4,183.0,2343000
1973-09-27,-39.4,4.0,16060300
1973-09-28,-16.5,16.0,16060400
1973-09-30,5.2,7.0,2342100
1974-01-05,-14.7,12.0,2345700
1974-01-06,-30.5,3.0,16100100
1974-01-08,-10.6,223.0,2345900
1974-01-09,11.6,3.0,2346000
1974-01-10,-14.7,118.0,2346100
1974-01-12,-17.2,226.0,2346200
1974-01-13,-9.9,4.0,16100200
1974-01-14,-13.5,53.0,2346500
1974-01-15,6.6,122.0,2345800
1974-01-15,5.7,2.0,16100300
1974-01-17,16.3,15.0,16100400
1974-01-18,8.8,3.0,2346300
1974-01-18,5.4,5.0,16100500
1974-01-18,8.3,1.0,16100600
1974-01-20,14.2,6.0,2346700
1974-01-20,-9.9,4.0,16100700
1974-01-24,-17.0,21.0,2346400
1974-01-24,6.1,17.0,2346600
1974-01-26,-17.9,6.0,16100800
1974-01-27,-20.5,3.0,16100900
1974-01-28,-16.4,6.0,16101000
1974-02-01,9.9,1.0,16101100
1974-02-01,5.0,6.0,16101200
1974-02-02,15.0,3.0,2346800
1974-02-02,-5.7,2.0,2346900
1974-02-02,10.4,1.0,16110100
1974-02-07,8.4,38.0,2347000
1974-02-12,-16.6,20.0,2347200
1974-02-13,11.1,1.0,16110200
1974-02-13,-8.9,13.0,16110300
1974-02-17,-5.8,2.0,16110400
1974-02-18,-13.1,91.0,2347300
1974-02-20,-15.1,78.0,2347100
1974-02-23,13.8,3.0,2347500
1974-02-24,-18.8,168.0,2347400
1974-02-26,5.6,2.0,2347600
1974-02-26,5.0,24.0,2347700
1974-02-27,10.8,14.0,16110500
1974-02-27,-2.0,3.0,16110600
1974-02-28,25.7,5.0,2347800
1974-03-04,11.4,137.0,2347900
1974-03-04,13.1,3.0,16120100
1974-03-04,-12.2,2.0,16120200
1974-03-06,4.5,36.0,2348000
1974-03-11,-16.8,37.0,2348200
1974-03-12,-17.3,5.0,2348300
1974-03-14,-2.6,7.0,2348400
1974-03-16,0.0,29.0,2348100
1974-03-17,-19.3,3.0,2348500
1974-03-18,-8.2,140.0,2348600
1974-03-18,-16.2,2.0,16120300
1974-03-20,-10.1,2.0,16120400
1974-03-21,19.8,3.0,16120500
1974-03-23,-18.8,1.0,16120600
1974-03-25,13.7,6.0,2348700
1974-03-28,-12.2,3.0,16120700
1974-03-30,-11.3,21.0,2348900
1974-03-31,6.9,79.0,2348800
1974-03-31,-9.3,3.0,16130100
1974-04-06,-1.8,2.0,16130200
1974-04-11,12.8,84.0,2349000
1974-04-14,-4.2,30.0,2349200
1974-04-15,-8.7,45.0,2349500
1974-04-16,7.6,19.0,2349400
1974-04-17,-12.0,1413.0,2349100
1974-04-18,-13.0,251.0,2349300
1974-04-19,15.0,2.0,16130300
1974-04-21,-13.2,310.0,2349600
1974-04-21,-8.3,84.0,2349700
1974-04-21,2.1,23.0,2349800
1974-04-23,-5.9,4.0,2349900
1974-04-27,4.9,3.0,16140100
1974-04-29,7.7,7.0,2350200
1974-04-30,-9.9,2.0,2350000
1974-04-30,17.4,2.0,2350100
1974-05-01,-12.8,445.0,2350600
1974-05-03,-5.9,5.0,16140200
1974-05-05,7.2,57.0,2350400
1974-05-06,-19.5,2.0,2351100
1974-05-07,4.4,21.0,2350700
1974-05-07,-7.3,3.0,2351300
1974-05-08,11.1,36.0,2350900
1974-05-08,-8.9,6.0,2351200
1974-05-11,-2.1,116.0,2350300
1974-05-11,-4.2,11.0,2351000
1974-05-11,-19.3,16.0,2351500
1974-05-11,-13.5,5.0,16140300
1974-05-12,-7.3,54.0,2350500
1974-05-12,-4.2,1.0,16140400
1974-05-12,-7.6,2.0,16140500
1974-05-12,-32.3,3.0,16140600
1974-05-13,-7.2,5.0,2351400
1974-05-14,-16.4,4.0,2351600
1974-05-14,-12.5,4.0,2351700
1974-05-15,-12.5,60.0,2350800
1974-05-17,5.7,15.0,2351800
1974-05-23,38.3,3.0,16150100
1974-05-24,-18.0,7.0,2351900
1974-05-26,16.6,25.0,16150200
1974-05-28,-12.5,9.0,2352100
1974-05-28,5.4,8.0,16150300
1974-05-29,-15.1,279.0,2352000
1974-05-29,-13.2,3.0,16150400
1974-05-30,-13.7,113.0,2352200
1974-05-31,-8.6,24.0,16150500
1974-06-01,-11.1,2.0,16150600
1974-06-04,5.2,10.0,2352400
1974-06-06,-17.3,22.0,2352600
1974-06-07,-8.6,14.0,2352300
1974-06-07,-15.6,1.0,16150700
1974-06-08,4.2,34.0,2352700
1974-06-11,-12.2,5.0,2352500
1974-06-12,-7.5,56.0,2352800
1974-06-13,-14.1,377.0,2352900
1974-06-17,-22.3,1.0,16150800
1974-06-24,10.5,2.0,16160100
1974-06-24,-10.7,6.0,16160200
1974-06-24,-6.3,2.0,16160300
1974-06-25,9.5,6.0,2353000
1974-06-25,3.7,7.0,16160400
1974-06-28,-16.9,131.0,2353300
1974-07-03,-21.1,1.0,16160500
1974-07-06,-8.6,682.0,2353400
1974-07-08,-12.2,34.0,2353100
1974-07-08,-8.5,372.0,2353600
1974-07-08,10.2,2.0,16160600
1974-07-09,-14.3,888.0,2353200
1974-07-09,-13.3,16.0,2353500
1974-07-11,8.6,2.0,16160700
1974-07-13,-9.9,5.0,16160800
1974-07-14,-13.0,2.0,2353800
1974-07-14,-13.9,91.0,2354000
1974-07-18,-3.0,1.0,16170100
1974-07-18,-14.1,7.0,16170200
1974-07-21,-9.5,346.0,2354200
1974-07-21,-8.9,13.0,16170300
1974-07-22,-10.4,83.0,2353700
1974-07-22,-2.9,80.0,2353900
1974-07-24,-16.4,83.0,2354300
1974-07-29,-15.3,106.0,2354100
1974-08-03,-8.1,37.0,2354400
1974-08-03,-11.0,8.0,2354500
1974-08-04,-9.1,315.0,2354600
1974-08-05,-5.7,162.0,2354700
1974-08-06,-18.4,95.0,2354800
1974-08-09,8.5,36.0,2355000
1974-08-09,-14.9,5.0,16170400
1974-08-11,-16.1,7.0,16170500
1974-08-13,5.4,2.0,16180100
1974-08-15,-10.1,5.0,2355400
1974-08-19,-3.4,176.0,2354900
1974-08-19,-17.5,48.0,2355100
1974-08-19,-4.2,2.0,2355500
1974-08-20,8.2,103.0,2355200
1974-08-25,-11.3,45.0,2355700
1974-08-26,-17.2,128.0,2355300
1974-08-29,15.8,1.0,16180200
1974-08-31,1.3,67.0,2355600
1974-08-31,-7.9,148.0,2355800
1974-09-03,-3.2,150.0,2355900
1974-09-04,-13.6,9.0,2356200
1974-09-06,-11.0,4.0,2356000
1974-09-06,10.1,5.0,16180300
1974-09-06,5.5,3.0,16180400
1974-09-09,-11.1,214.0,2356500
1974-09-10,-15.6,48.0,2356600
1974-09-10,-19.6,6.0,16190100
1974-09-11,-12.8,4.0,2356300
1974-09-12,7.7,137.0,2356100
1974-09-16,8.9,48.0,2356700
1974-09-19,-10.5,57.0,2356800
1974-09-19,-9.6,1.0,16190200
1974-09-21,9.9,727.0,2356400
1974-09-23,-1.6,4.0,16190300
1974-09-26,-11.6,3.0,2357000
1974-09-27,14.0,41.0,2356900
1974-09-27,8.8,127.0,2357100
1974-09-28,-5.7,22.0,2357200
1974-09-29,-14.6,2.0,2357300
1974-09-30,14.2,9.0,2357400
1975-01-03,8.0,81.0,2360700
1975-01-07,-4.7,7.0,2360600
1975-01-08,13.5,142.0,2361000
1975-01-09,10.6,43.0,2360900
1975-01-10,-24.7,51.0,16230100
1975-01-12,4.0,5.0,2361100
1975-01-13,4.7,153.0,2360800
1975-01-14,5.4,1.0,16230200
1975-01-16,1.3,17.0,2361200
1975-01-21,3.7,9.0,2361400
1975-01-23,6.5,5.0,2361300
1975-01-24,-10.0,7.0,16240100
1975-01-25,3.3,6.0,2361500
1975-01-29,-7.9,6.0,16240200
1975-02-02,-13.1,53.0,2361600
1975-02-02,-9.9,6.0,2361700
1975-02-12,16.8,5.0,16240300
1975-02-14,3.3,157.0,2361800
1975-02-20,10.7,3.0,16250100
1975-02-21,8.2,2.0,16250200
1975-02-23,-11.5,2.0,2361900
1975-02-24,19.0,2.0,16250300
1975-03-04,11.3,54.0,2362000
1975-03-04,-5.1,2.0,16250400
1975-03-06,6.3,12.0,2362100
1975-03-15,-13.5,84.0,2362200
1975-03-17,-10.9,132.0,2362400
1975-03-19,6.7,3.0,16260100
1975-03-20,-17.8,53.0,2362300
1975-03-27,15.2,3.0,2362500
1975-04-03,14.7,17.0,16260200
1975-04-07,6.0,16.0,2362600
1975-04-08,1.4,6.0,2362700
1975-04-09,-12.6,2.0,16260300
1975-04-11,14.1,5.0,16260400
1975-04-23,8.9,9.0,2362800
1975-04-27,1.1,129.0,2363000
1975-04-30,10.1,7.0,2362900
1975-04-30,-14.5,9.0,2363100
1975-05-01,5.4,6.0,16270100
1975-05-07,-7.4,60.0,2363200
1975-05-10,-5.9,4.0,2363300
1975-05-18,4.1,2.0,16280100
1975-05-22,-8.9,8.0,2363400
1975-05-28,-3.8,1.0,16280200
1975-05-31,-8.5,33.0,2363500
1975-06-05,8.3,17.0,16280300
1975-06-12,5.0,3.0,2363600
1975-06-14,7.2,11.0,16290100
1975-06-19,6.1,20.0,2363700
1975-06-24,7.0,117.0,2363900
1975-06-27,-6.3,26.0,2364000
1975-06-29,-11.8,47.0,2363800
1975-06-29,-9.5,66.0,2364100
1975-07-02,8.0,5.0,16290200
1975-07-06,-7.1,4.0,2364300
1975-07-13,-10.7,2.0,16300100
1975-07-16,6.2,153.0,2364200
1975-07-20,-4.2,7.0,2364600
1975-07-21,7.9,107.0,2364700
1975-07-22,-10.7,66.0,2364400
1975-07-25,-4.6,161.0,2364500
1975-07-29,11.8,1.0,16300200
1975-07-30,4.2,276.0,2364900
1975-07-31,8.1,208.0,2364800
1975-08-11,8.4,223.0,2365100
1975-08-13,-34.9,7.0,2365300
1975-08-16,11.0,68.0,2365000
1975-08-16,-11.8,22.0,2365400
1975-08-19,22.0,5.0,16310100
1975-08-20,7.4,14.0,16310200
1975-08-21,-5.5,46.0,2365200
1975-08-22,26.3,32.0,2365500
1975-08-23,7.5,14.0,16310300
1975-08-27,8.1,2.0,2365600
1975-08-28,0.8,5.0,2365800
1975-08-30,-14.2,47.0,2365700
1975-09-01,7.9,17.0,2365900
1975-09-03,7.1,4.0,16320100
1975-09-04,10.2,28.0,2366200
1975-09-04,6.9,2.0,16320200
1975-09-06,-9.6,173.0,2366300
1975-09-06,8.4,20.0,16320300
1975-09-08,9.7,2.0,2366000
1975-09-08,11.2,2.0,2366100
1975-09-13,-8.0,5.0,16320400
1975-09-14,-3.3,3.0,16320500
1975-09-16,8.2,3.0,16320600
1975-09-20,6.1,23.0,2366600
1975-09-21,-4.2,1.0,16320700
1975-09-22,9.8,11.0,2366400
1975-09-22,2.8,8.0,2366500
1975-09-23,2.9,2.0,16320800
1975-09-28,-1.7,5.0,16330100
1975-09-30,32.4,125.0,2366700
1976-01-12,-11.4,172.0,2368100
1976-01-14,-8.0,12.0,2368000
1976-01-31,-3.2,2.0,2368200
1976-02-15,17.7,1.0,16380100
1976-02-17,-3.0,5.0,2368400
1976-02-19,-12.8,4.0,2368300
1976-03-08,-4.9,15.0,2368500
1976-03-08,-7.9,4.0,2368600
1976-03-15,-36.5,9.0,2368700
1976-03-15,-11.7,4.0,2368800
1976-03-17,-7.5,21.0,2369000
1976-03-24,4.0,587.0,2368900
1976-03-24,-7.8,334.0,2369100
1976-03-27,-8.7,28.0,2369200
1976-03-30,5.8,15.0,2369300
1976-04-11,-13.8,7.0,16400100
1976-04-17,-9.4,12.0,2369600
1976-04-20,1.6,237.0,2369400
1976-04-21,-9.6,203.0,2369700
1976-04-21,-4.2,2.0,16400200
1976-04-24,-6.7,10.0,16400300
1976-04-26,5.0,129.0,2369500
1976-04-26,3.0,63.0,2369800
1976-05-03,9.1,16.0,2369900
1976-05-05,0.8,185.0,2370000
1976-05-05,0.6,3.0,16410100
1976-05-07,-0.3,2.0,16410200
1976-05-11,6.1,21.0,2370100
1976-05-13,-11.3,117.0,2370200
1976-05-14,10.0,1.0,16410300
1976-05-17,-25.0,5.0,16410400
1976-05-17,7.4,2.0,16410500
1976-05-18,-7.0,24.0,2370300
1976-05-20,-8.6,7.0,2370400
1976-05-20,-10.6,5.0,16410600
1976-05-22,-2.3,7.0,2370500
1976-05-23,-3.0,3.0,16410700
1976-06-10,-24.5,4.0,2370600
1976-06-12,-45.2,25.0,2370700
1976-06-14,2.9,33.0,2370800
1976-06-23,2.4,1.0,16420100
1976-06-24,0.2,5.0,2370900
1976-06-26,-0.3,4.0,2371100
1976-06-28,23.6,3.0,16430100
1976-07-03,-27.7,12.0,2371000
1976-07-06,-24.9,6.0,16430200
1976-07-07,22.3,8.0,2371200
1976-07-31,1.7,6.0,16440100
1976-08-01,16.5,457.0,2371300
1976-08-02,5.6,8.0,16440200
1976-08-09,-3.4,7.0,2371500
1976-08-14,24.2,20.0,2371400
1976-08-19,-11.4,74.0,2371700
1976-08-21,-3.1,10.0,2371600
1976-08-27,3.2,1.0,16450100
1976-08-27,-26.6,1.0,16450200
1976-08-28,16.5,114.0,2371800
1976-08-28,14.2,3.0,16450300
1976-09-02,19.9,117.0,2371900
1976-09-05,5.4,5.0,16450400
1976-09-13,-24.3,4.0,2372100
1976-09-15,-18.6,36.0,2372000
1976-09-16,-23.4,18.0,16460100
1976-09-17,-12.4,34.0,2372200
1976-09-19,18.4,15.0,16460200
1976-09-25,-25.7,111.0,2372300
1976-09-25,15.9,176.0,2372400
1976-09-30,29.2,7.0,2372500
1977-01-06,-20.0,70.0,76400
1977-01-06,31.0,56.0,76600
1977-01-17,14.0,14.0,76900
1977-01-19,-29.0,140.0,76800
1977-01-19,17.0,14.0,77100
1977-01-21,31.0,84.0,77300
1977-01-21,26.0,56.0,77500
1977-01-24,-25.0,14.0,77600
1977-01-27,24.0,56.0,77200
1977-02-13,16.0,42.0,78600
1977-02-18,-43.0,280.0,78200
1977-02-26,-19.0,56.0,78800
1977-03-02,18.0,42.0,79000
1977-03-13,22.0,28.0,79200
1977-03-23,-31.0,14.0,79900
1977-03-25,30.0,28.0,80000
1977-03-29,21.0,42.0,80100
1977-04-06,18.0,14.0,80400
1977-04-12,26.0,14.0,80500
1977-04-15,20.0,14.0,80900
1977-04-24,-21.0,42.0,80700
1977-04-26,-22.0,126.0,81300
1977-05-01,35.0,28.0,81400
1977-05-11,19.0,28.0,81800
1977-05-15,32.0,14.0,81900
1977-05-20,-26.0,14.0,82300
1977-05-22,35.0,14.0,82400
1977-05-29,22.0,14.0,82900
1977-06-03,20.0,168.0,82800
1977-06-03,-55.0,14.0,83100
1977-06-06,-18.0,280.0,83300
1977-06-08,19.0,168.0,83200
1977-06-14,-24.0,294.0,83000
1977-06-18,19.0,28.0,83600
1977-06-22,-8.0,14.0,83400
1977-06-25,4.0,28.0,84000
1977-07-01,31.0,14.0,84100
1977-07-02,18.0,14.0,84400
1977-07-04,-19.0,252.0,84500
1977-07-05,15.0,210.0,83900
1977-07-06,39.0,210.0,84300
1977-07-09,19.0,140.0,84600
1977-07-20,17.0,112.0,85100
1977-07-22,-23.0,28.0,85200
1977-07-23,20.0,14.0,85300
1977-07-26,-30.0,28.0,85400
1977-07-29,21.0,14.0,84900
1977-08-01,-22.0,14.0,85600
1977-08-01,21.0,14.0,85700
1977-08-01,12.0,14.0,85800
1977-08-02,19.0,14.0,86000
1977-08-02,24.0,56.0,86100
1977-08-03,28.0,14.0,85500
1977-08-09,-22.0,14.0,86200
1977-08-11,-18.0,28.0,86300
1977-08-12,31.0,14.0,86500
1977-08-13,36.0,14.0,86600
1977-08-13,19.0,14.0,86800
1977-08-16,23.0,14.0,87000
1977-08-17,-27.0,14.0,87100
1977-08-21,-26.0,42.0,87400
1977-08-22,19.0,196.0,86400
1977-08-22,27.0,28.0,86700
1977-08-22,19.0,42.0,87300
1977-08-22,-27.0,14.0,87600
1977-08-23,-22.0,28.0,87500
1977-08-26,18.0,42.0,87700
1977-08-26,44.0,14.0,87800
1977-08-27,-31.0,14.0,88000
1977-08-28,38.0,7.0,88100
1977-08-30,28.0,28.0,87900
1977-09-02,28.0,14.0,88400
1977-09-06,20.0,112.0,88600
1977-09-07,16.0,14.0,88500
1977-09-12,21.0,28.0,88200
1977-09-15,26.0,14.0,89100
1977-09-19,15.0,14.0,89000
1977-09-20,3.0,14.0,89300
1977-09-21,7.0,336.0,88900
1977-09-23,-21.0,14.0,89500
1977-09-24,23.0,14.0,89400
1977-09-24,-20.0,14.0,89700
1977-09-25,16.0,602.0,89800
1977-09-26,34.0,14.0,89900
1977-09-26,-30.0,14.0,90000
1977-09-28,-25.0,252.0,89200
1977-09-28,25.0,28.0,89600
1977-09-28,-21.0,252.0,90300
1977-09-28,20.0,168.0,90400
1977-09-29,-25.0,98.0,90600
1977-09-30,17.0,70.0,90200
1977-09-30,-26.0,14.0,90500
1978-01-02,-22.0,28.0,97400
1978-01-04,22.0,28.0,96600
1978-01-05,19.0,644.0,96900
1978-01-07,-17.0,294.0,96700
1978-01-09,-18.0,14.0,97000
1978-01-09,17.0,7.0,97800
1978-01-11,34.0,7.0,97200
1978-01-12,20.0,7.0,97500
1978-01-12,25.0,7.0,97700
1978-01-14,15.0,7.0,97600
1978-01-14,-27.0,7.0,97900
1978-01-17,-26.0,28.0,98200
1978-01-18,18.0,56.0,98000
1978-01-18,-21.0,7.0,98300
1978-01-20,22.0,56.0,98500
1978-01-24,-23.0,140.0,98100
1978-01-31,18.0,154.0,98600
1978-01-31,-18.0,196.0,99500
1978-02-01,39.0,7.0,98900
1978-02-06,-15.0,14.0,99000
1978-02-07,-27.0,238.0,98800
1978-02-07,16.0,7.0,99200
1978-02-07,37.0,28.0,100000
1978-02-07,-23.0,28.0,100200
1978-02-08,17.0,56.0,99100
1978-02-08,27.0,7.0,100300
1978-02-09,15.0,7.0,99300
1978-02-09,-26.0,7.0,99400
1978-02-09,-29.0,14.0,100500
1978-02-10,27.0,7.0,99600
1978-02-13,23.0,84.0,99700
1978-02-14,25.0,84.0,99800
1978-02-14,16.0,84.0,99900
1978-02-17,16.0,1414.0,100100
1978-02-17,-29.0,7.0,100600
1978-02-18,-26.0,14.0,101300
1978-02-20,26.0,350.0,100900
1978-02-20,38.0,182.0,101500
1978-02-21,-25.0,7.0,101200
1978-02-21,16.0,56.0,101600
1978-02-23,-25.0,7.0,101900
1978-02-26,30.0,224.0,100700
1978-02-27,20.0,7.0,100800
1978-02-27,19.0,7.0,101800
1978-03-02,21.0,252.0,101100
1978-03-02,23.0,7.0,102100
1978-03-04,18.0,7.0,102200
1978-03-05,-20.0,196.0,101400
1978-03-06,-18.0,7.0,101700
1978-03-07,-23.0,14.0,102300
1978-03-07,21.0,420.0,102400
1978-03-08,19.0,70.0,102000
1978-03-12,14.0,7.0,102500
1978-03-14,28.0,7.0,102700
1978-03-16,12.0,112.0,102800
1978-03-19,14.0,378.0,102900
1978-03-19,-1.0,7.0,103000
1978-03-20,-29.0,7.0,103300
1978-03-20,28.0,7.0,103700
1978-03-21,37.0,84.0,104200
1978-03-23,-33.0,350.0,103100
1978-03-23,-33.0,7.0,103800
1978-03-23,-28.0,7.0,104600
1978-03-25,17.0,7.0,104500
1978-03-26,29.0,7.0,103400
1978-03-26,19.0,7.0,103500
1978-03-28,19.0,7.0,103600
1978-03-28,-29.0,7.0,104800
1978-03-28,21.0,7.0,105200
1978-03-31,-26.0,84.0,104700
1978-04-01,17.0,7.0,104000
1978-04-02,-19.0,7.0,105000
1978-04-04,12.0,7.0,105500
1978-04-04,25.0,7.0,105800
1978-04-05,13.0,7.0,106100
1978-04-09,-19.0,14.0,105400
1978-04-09,20.0,350.0,105900
1978-04-10,-16.0,7.0,105300
1978-04-11,33.0,7.0,106700
1978-04-12,15.0,7.0,106000
1978-04-12,-27.0,7.0,107200
1978-04-13,19.0,350.0,105700
1978-04-13,19.0,7.0,107100
1978-04-14,18.0,14.0,107800
1978-04-15,-26.0,7.0,106200
1978-04-15,15.0,7.0,106600
1978-04-15,17.0,14.0,108100
1978-04-15,-31.0,28.0,108200
1978-04-16,18.0,7.0,106300
1978-04-17,17.0,14.0,106500
1978-04-17,-18.0,28.0,108500
1978-04-18,-30.0,7.0,106400
1978-04-19,-35.0,7.0,106900
1978-04-19,20.0,7.0,107500
1978-04-20,-20.0,7.0,107700
1978-04-21,13.0,7.0,107000
1978-04-22,19.0,196.0,107300
1978-04-23,41.0,7.0,108700
1978-04-23,18.0,462.0,108800
1978-04-24,22.0,7.0,108900
1978-04-25,17.0,98.0,109000
1978-04-26,31.0,7.0,108000
1978-04-26,22.0,112.0,109500
1978-04-26,-22.0,14.0,109600
1978-04-28,14.0,210.0,108300
1978-04-28,21.0,84.0,108600
1978-04-30,24.0,7.0,109100
1978-04-30,36.0,7.0,109700
1978-05-02,27.0,7.0,109300
1978-05-02,-29.0,196.0,109800
1978-05-06,15.0,7.0,110400
1978-05-07,23.0,280.0,109200
1978-05-11,20.0,42.0,111200
1978-05-12,-26.0,14.0,111300
1978-05-13,17.0,14.0,110200
1978-05-14,-26.0,7.0,109900
1978-05-15,20.0,7.0,111800
1978-05-16,-14.0,14.0,111600
1978-05-16,21.0,14.0,112100
1978-05-17,17.0,7.0,110500
1978-05-18,18.0,140.0,110800
1978-05-19,17.0,28.0,112500
1978-05-20,-21.0,140.0,111000
1978-05-20,-17.0,14.0,112700
1978-05-20,20.0,7.0,112900
1978-05-22,18.0,196.0,113000
1978-05-22,26.0,238.0,113100
1978-05-24,17.0,7.0,112600
1978-05-25,11.0,84.0,111500
1978-05-25,-30.0,7.0,112300
1978-05-25,22.0,28.0,113500
1978-05-26,-23.0,14.0,113700
1978-05-28,-32.0,7.0,112800
1978-05-28,-15.0,7.0,113200
1978-05-29,-30.0,7.0,112400
1978-05-31,-22.0,70.0,113800
1978-06-01,21.0,42.0,113300
1978-06-02,-17.0,182.0,113600
1978-06-02,35.0,7.0,114100
1978-06-04,-16.0,7.0,113900
1978-06-04,19.0,7.0,114200
1978-06-05,21.0,140.0,113400
1978-06-05,-17.0,7.0,114000
1978-06-05,14.0,7.0,114400
1978-06-07,-12.0,28.0,114900
1978-06-08,-26.0,196.0,114300
1978-06-10,-20.0,7.0,114500
1978-06-10,-15.0,7.0,114800
1978-06-11,15.0,7.0,114700
1978-06-11,-32.0,42.0,115400
1978-06-11,24.0,14.0,115600
1978-06-12,19.0,98.0,115700
1978-06-14,18.0,7.0,114600
1978-06-15,17.0,42.0,115100
1978-06-15,-23.0,7.0,115200
1978-06-15,18.0,14.0,115900
1978-06-17,17.0,126.0,115300
1978-06-17,32.0,14.0,116600
1978-06-18,-20.0,7.0,116800
1978-06-18,-32.0,28.0,116900
1978-06-19,17.0,7.0,115000
1978-06-19,16.0,14.0,116200
1978-06-19,26.0,196.0,117100
1978-06-20,17.0,112.0,116000
1978-06-21,26.0,7.0,115800
1978-06-23,-21.0,7.0,117400
1978-06-24,18.0,56.0,115500
1978-06-24,11.0,7.0,116700
1978-06-24,18.0,7.0,117500
1978-06-25,12.0,56.0,116500
1978-06-26,14.0,70.0,118200
1978-06-27,-27.0,7.0,116100
1978-06-27,-14.0,7.0,117300
1978-06-27,19.0,14.0,118300
1978-06-28,-17.0,7.0,116300
1978-06-28,14.0,7.0,117700
1978-06-28,22.0,14.0,118500
1978-06-29,20.0,7.0,118100
1978-06-29,19.0,56.0,118600
1978-06-30,19.0,7.0,116400
1978-06-30,-17.0,7.0,117900
1978-07-01,18.0,210.0,117000
1978-07-01,15.0,14.0,118800
1978-07-02,-19.0,196.0,117200
1978-07-02,34.0,14.0,119100
1978-07-03,21.0,98.0,117600
1978-07-05,20.0,14.0,119600
1978-07-06,15.0,7.0,119500
1978-07-06,27.0,28.0,119800
1978-07-06,-12.0,7.0,119900
1978-07-06,-24.0,14.0,120000
1978-07-07,8.0,7.0,119400
1978-07-08,28.0,14.0,118900
1978-07-08,-28.0,14.0,120200
1978-07-09,-17.0,84.0,118400
1978-07-09,-27.0,28.0,119200
1978-07-09,-31.0,28.0,120600
1978-07-10,-21.0,7.0,118700
1978-07-10,18.0,7.0,119300
1978-07-10,27.0,14.0,120700
1978-07-10,17.0,56.0,120800
1978-07-11,-12.0,14.0,120900
1978-07-12,11.0,14.0,121000
1978-07-13,20.0,84.0,121100
1978-07-14,-20.0,7.0,120400
1978-07-14,-30.0,7.0,120500
1978-07-15,-21.0,42.0,120100
1978-07-15,-28.0,14.0,121300
1978-07-15,22.0,7.0,121400
1978-07-15,31.0,14.0,121500
1978-07-17,-18.0,7.0,119700
1978-07-17,-26.0,14.0,121900
1978-07-17,33.0,14.0,122000
1978-07-18,20.0,14.0,122200
1978-07-20,17.0,658.0,120300
1978-07-23,-22.0,28.0,121200
1978-07-23,13.0,56.0,122100
1978-07-23,-39.0,7.0,122300
1978-07-25,-19.0,7.0,122400
1978-07-25,-26.0,7.0,122700
1978-07-25,-12.0,7.0,122800
1978-07-27,20.0,84.0,123100
1978-07-29,18.0,7.0,122500
1978-08-04,18.0,14.0,123900
1978-08-05,25.0,14.0,123400
1978-08-08,21.0,14.0,124500
1978-08-09,36.0,7.0,123000
1978-08-09,-22.0,84.0,123300
1978-08-12,10.0,14.0,124800
1978-08-13,38.0,140.0,125200
1978-08-14,-22.0,28.0,124900
1978-08-14,22.0,7.0,125000
1978-08-15,-32.0,7.0,124600
1978-08-16,-28.0,84.0,123800
1978-08-16,16.0,7.0,124200
1978-08-17,25.0,7.0,124400
1978-08-19,14.0,7.0,124700
1978-08-20,21.0,126.0,125300
1978-08-20,-14.0,14.0,125800
1978-08-23,-31.0,7.0,125600
1978-08-24,-27.0,7.0,125700
1978-08-26,-19.0,140.0,125400
1978-08-28,-19.0,14.0,127000
1978-08-30,-22.0,7.0,126400
1978-08-30,-21.0,7.0,126800
1978-08-31,-19.0,70.0,127500
1978-09-01,-24.0,7.0,126000
1978-09-02,10.0,7.0,126500
1978-09-02,22.0,7.0,127900
1978-09-03,13.0,7.0,127400
1978-09-04,-18.0,7.0,128300
1978-09-08,38.0,21.0,127800
1978-09-09,17.0,224.0,127600
1978-09-10,15.0,98.0,127100
1978-09-10,38.0,112.0,128700
1978-09-11,-33.0,266.0,127200
1978-09-11,-21.0,84.0,128200
1978-09-11,16.0,14.0,128500
1978-09-12,34.0,98.0,129200
1978-09-13,-19.0,7.0,128000
1978-09-15,-19.0,70.0,129700
1978-09-16,18.0,7.0,129000
1978-09-18,17.0,7.0,129900
1978-09-20,17.0,168.0,128600
1978-09-20,-17.0,56.0,129600
1978-09-20,27.0,70.0,130400
1978-09-23,-19.0,28.0,130600
1978-09-23,-13.0,42.0,130700
1978-09-24,28.0,294.0,128900
1978-09-25,35.0,420.0,129400
1978-09-25,-28.0,7.0,129500
1978-09-26,-16.0,7.0,130500
1978-09-26,-25.0,210.0,131600
1978-09-27,14.0,14.0,130000
1978-09-28,-17.0,70.0,131800
1978-09-28,-17.0,14.0,131900
1978-09-29,-13.0,14.0,130300
1978-09-29,-18.0,14.0,130800
1978-09-29,-13.0,7.0,131700
1978-09-30,25.0,7.0,130100
1978-09-30,-12.0,7.0,131200
1978-09-30,19.0,7.0,131300
1979-01-03,12.0,168.0,147400
1979-01-04,-20.0,7.0,148100
1979-01-04,18.0,7.0,149000
1979-01-05,-15.0,56.0,147600
1979-01-06,-32.0,7.0,147500
1979-01-06,-16.0,84.0,147900
1979-01-06,-8.0,14.0,149900
1979-01-07,-22.0,336.0,148200
1979-01-07,-31.0,112.0,148300
1979-01-07,-19.0,42.0,149100
1979-01-07,20.0,56.0,150300
1979-01-08,-14.0,7.0,149700
1979-01-08,27.0,56.0,149800
1979-01-08,34.0,28.0,150000
1979-01-08,-29.0,28.0,150400
1979-01-09,-12.0,7.0,148700
1979-01-10,-35.0,126.0,148400
1979-01-10,-19.0,28.0,148800
1979-01-10,13.0,112.0,148900
1979-01-10,9.0,7.0,150100
1979-01-10,-12.0,14.0,150900
1979-01-11,19.0,14.0,150800
1979-01-11,19.0,14.0,151300
1979-01-12,24.0,98.0,151100
1979-01-13,8.0,616.0,149400
1979-01-14,24.0,7.0,149300
1979-01-15,-17.0,784.0,149200
1979-01-15,-27.0,7.0,151000
1979-01-15,-29.0,7.0,151200
1979-01-15,-17.0,28.0,151800
1979-01-16,17.0,84.0,149600
1979-01-18,15.0,448.0,150200
1979-01-19,27.0,7.0,150500
1979-01-19,-23.0,28.0,150600
1979-01-19,14.0,7.0,151500
1979-01-19,-13.0,7.0,151600
1979-01-19,12.0,7.0,151700
1979-01-19,20.0,154.0,152800
1979-01-20,-25.0,168.0,150700
1979-01-20,-11.0,28.0,153000
1979-01-20,-15.0,14.0,153100
1979-01-22,20.0,7.0,152100
1979-01-24,12.0,84.0,151400
1979-01-25,-23.0,84.0,152300
1979-01-25,23.0,28.0,153900
1979-01-25,-23.0,14.0,154100
1979-01-26,-18.0,7.0,152400
1979-01-27,22.0,56.0,151900
1979-01-27,-14.0,42.0,152000
1979-01-27,-33.0,7.0,152900
1979-01-27,8.0,7.0,153400
1979-01-27,8.0,7.0,153500
1979-01-27,-16.0,14.0,154200
1979-01-28,-10.0,28.0,152200
1979-01-28,-27.0,7.0,153700
1979-01-29,14.0,364.0,152500
1979-01-29,-36.0,28.0,154900
1979-01-30,-26.0,56.0,152600
1979-01-30,10.0,14.0,152700
1979-01-30,18.0,14.0,153800
1979-01-31,-12.0,70.0,153200
1979-02-01,-30.0,7.0,154000
1979-02-02,-25.0,112.0,153300
1979-02-02,14.0,28.0,155300
1979-02-02,37.0,70.0,155400
1979-02-02,-21.0,224.0,155500
1979-02-03,-23.0,112.0,153600
1979-02-03,-29.0,7.0,154400
1979-02-03,-28.0,7.0,154600
1979-02-03,18.0,7.0,155100
1979-02-04,21.0,2.8,155700
1979-02-08,12.0,14.0,156200
1979-02-09,18.0,7.0,154300
1979-02-09,8.0,112.0,154500
1979-02-09,20.0,7.0,154700
1979-02-09,15.0,7.0,155000
1979-02-10,-14.0,84.0,154800
1979-02-10,20.0,7.0,155800
1979-02-10,17.0,14.0,156400
1979-02-11,-21.0,7.0,155200
1979-02-12,27.0,28.0,156900
1979-02-13,-17.0,7.0,156500
1979-02-14,15.0,798.0,155600
1979-02-14,18.0,196.0,157700
1979-02-15,-18.0,126.0,155900
1979-02-18,-16.0,98.0,156000
1979-02-18,-18.0,7.0,157500
1979-02-18,-21.0,42.0,157600
1979-02-18,27.0,14.0,158200
1979-02-20,21.0,140.0,157100
1979-02-23,19.0,84.0,156800
1979-02-23,3.0,7.0,157200
1979-02-23,9.0,84.0,157900
1979-02-23,-21.0,14.0,158400
1979-02-23,12.0,2.8,159000
1979-02-25,18.0,658.0,157400
1979-02-27,-26.0,56.0,157800
1979-02-27,-23.0,196.0,159900
1979-02-28,22.0,7.0,158000
1979-02-28,-15.0,7.0,158300
1979-02-28,-14.0,7.0,159400
1979-03-01,-19.0,7.0,158800
1979-03-01,13.0,98.0,160100
1979-03-02,-25.0,56.0,158100
1979-03-03,-26.0,56.0,158500
1979-03-03,36.0,14.0,158600
1979-03-03,-32.0,42.0,159300
1979-03-05,-16.0,7.0,161100
1979-03-06,22.0,7.0,160000
1979-03-06,22.0,7.0,160200
1979-03-08,-19.0,84.0,159100
1979-03-09,-26.0,84.0,159500
1979-03-09,36.0,14.0,160300
1979-03-10,10.0,7.0,159800
1979-03-10,9.0,112.0,162100
1979-03-10,20.0,7.0,162500
1979-03-11,17.0,14.0,162600
1979-03-11,22.0,28.0,162700
1979-03-12,6.0,42.0,162900
1979-03-13,17.0,112.0,160400
1979-03-13,-12.0,56.0,160500
1979-03-13,11.0,42.0,160600
1979-03-14,-16.0,7.0,161700
1979-03-14,-15.0,42.0,163700
1979-03-15,26.0,14.0,161600
1979-03-17,-27.0,7.0,164100
1979-03-17,9.0,28.0,164600
1979-03-20,18.0,7.0,162000
1979-03-20,-25.0,196.0,163300
1979-03-22,26.0,2.8,162800
1979-03-22,-36.0,14.0,165400
1979-03-23,20.0,14.0,163000
1979-03-23,38.0,7.0,164000
1979-03-24,11.0,14.0,165100
1979-03-25,-13.0,308.0,163400
1979-03-25,-24.0,7.0,165200
1979-03-25,26.0,7.0,165500
1979-03-26,7.0,392.0,163800
1979-03-26,7.0,7.0,164800
1979-03-27,-13.0,42.0,164200
1979-03-28,-35.0,42.0,166700
1979-03-29,-27.0,84.0,164400
1979-03-29,-8.0,70.0,166800
1979-04-01,8.0,210.0,164900
1979-04-01,-23.0,7.0,166900
1979-04-03,-19.0,7.0,165700
1979-04-04,-26.0,70.0,167700
1979-04-05,32.0,7.0,166000
1979-04-05,27.0,7.0,167400
1979-04-06,-20.0,7.0,166200
1979-04-08,-24.0,882.0,166100
1979-04-08,-30.0,28.0,167500
1979-04-08,11.0,7.0,168000
1979-04-09,-16.0,7.0,166500
1979-04-10,15.0,14.0,168700
1979-04-11,18.0,42.0,168800
1979-04-12,-9.0,2.8,169300
1979-04-14,-26.0,42.0,168600
1979-04-16,7.0,56.0,169800
1979-04-18,21.0,7.0,168100
1979-04-18,12.0,7.0,169600
1979-04-19,35.0,7.0,169500
1979-04-21,4.0,700.0,168400
1979-04-21,17.0,14.0,170100
1979-04-22,28.0,350.0,168900
1979-04-22,8.0,7.0,169100
1979-04-22,-14.0,14.0,169900
1979-04-23,17.0,84.0,170400
1979-04-25,14.0,196.0,171100
1979-04-30,-17.0,7.0,170900
1979-04-30,-25.0,84.0,171700
1979-05-01,-40.0,7.0,171500
1979-05-01,-37.0,14.0,172100
1979-05-03,-25.0,7.0,171200
1979-05-03,-20.0,42.0,171900
1979-05-04,18.0,168.0,170500
1979-05-04,-28.0,2.8,172600
1979-05-05,-25.0,56.0,170700
1979-05-06,25.0,7.0,171000
1979-05-08,11.0,7.0,171600
1979-05-08,26.0,7.0,173100
1979-05-08,-30.0,70.0,173500
1979-05-09,12.0,84.0,172000
1979-05-11,13.0,56.0,173900
1979-05-12,-15.0,14.0,174100
1979-05-13,8.0,2.8,174400
1979-05-14,23.0,7.0,172700
1979-05-15,-26.0,84.0,172300
1979-05-15,21.0,112.0,172400
1979-05-15,-29.0,28.0,174900
1979-05-15,-17.0,70.0,175000
1979-05-16,8.0,378.0,173400
1979-05-16,-10.0,14.0,175100
1979-05-16,16.0,14.0,175200
1979-05-17,-20.0,392.0,172900
1979-05-18,5.0,280.0,173000
1979-05-18,-28.0,14.0,175500
1979-05-19,16.0,238.0,174300
1979-05-19,13.0,14.0,175800
1979-05-20,29.0,140.0,173700
1979-05-21,16.0,112.0,174000
1979-05-21,37.0,42.0,174600
1979-05-21,-28.0,14.0,174700
1979-05-21,-15.0,7.0,175300
1979-05-21,-34.0,70.0,176300
1979-05-24,24.0,56.0,174200
1979-05-24,-30.0,7.0,176400
1979-05-25,24.0,7.0,176200
1979-05-27,25.0,7.0,176000
1979-05-28,14.0,7.0,176900
1979-05-29,-22.0,7.0,176100
1979-05-30,-17.0,14.0,177700
1979-05-31,-23.0,14.0,177500
1979-05-31,12.0,14.0,177600
1979-05-31,21.0,14.0,177800
1979-05-31,-21.0,14.0,177900
1979-05-31,-31.0,14.0,178000
1979-06-01,20.0,280.0,175900
1979-06-01,-8.0,7.0,177300
1979-06-03,18.0,7.0,176600
1979-06-04,25.0,7.0,177200
1979-06-04,15.0,7.0,178400
1979-06-04,-28.0,14.0,179100
1979-06-04,18.0,98.0,179400
1979-06-05,-12.0,7.0,178500
1979-06-06,13.0,42.0,179200
1979-06-09,12.0,224.0,177400
1979-06-09,7.0,7.0,178700
1979-06-10,23.0,42.0,180200
1979-06-11,10.0,7.0,179300
1979-06-11,-15.0,2.8,180300
1979-06-12,21.0,42.0,178100
1979-06-12,-22.0,266.0,178200
1979-06-12,-9.0,7.0,179000
1979-06-12,-36.0,7.0,179500
1979-06-12,16.0,7.0,179900
1979-06-12,6.0,7.0,180000
1979-06-12,-22.0,42.0,180500
1979-06-12,8.0,14.0,180600
1979-06-13,7.0,28.0,178300
1979-06-13,-15.0,140.0,178600
1979-06-13,-22.0,266.0,178800
1979-06-13,26.0,14.0,180900
1979-06-13,14.0,2.8,181000
1979-06-14,4.0,378.0,178900
1979-06-14,18.0,7.0,179800
1979-06-14,-15.0,7.0,180800
1979-06-15,-15.0,7.0,180100
1979-06-15,-17.0,14.0,181300
1979-06-17,-15.0,14.0,180400
1979-06-18,17.0,672.0,179600
1979-06-18,-17.0,434.0,179700
1979-06-18,-28.0,7.0,181400
1979-06-18,12.0,28.0,181700
1979-06-19,-28.0,28.0,181900
1979-06-20,-12.0,56.0,182200
1979-06-21,7.0,7.0,181200
1979-06-22,26.0,42.0,182500
1979-06-23,22.0,140.0,180700
1979-06-23,8.0,7.0,181500
1979-06-24,-20.0,28.0,182400
1979-06-25,16.0,7.0,181100
1979-06-26,18.0,112.0,183200
1979-06-27,11.0,14.0,182600
1979-06-27,-26.0,2.8,183100
1979-06-27,5.0,14.0,183700
1979-06-28,17.0,7.0,181600
1979-06-28,-25.0,70.0,182000
1979-06-29,-5.0,7.0,181800
1979-06-30,21.0,7.0,182900
1979-06-30,9.0,14.0,184200
1979-06-30,-28.0,14.0,184500
1979-07-01,-7.0,7.0,183600
1979-07-01,20.0,14.0,183800
1979-07-01,-18.0,7.0,183900
1979-07-02,8.0,140.0,185000
1979-07-03,-28.0,126.0,185500
1979-07-07,10.0,7.0,184600
1979-07-10,-22.0,700.0,184100
1979-07-11,5.0,196.0,184300
1979-07-12,29.0,168.0,186700
1979-07-12,15.0,42.0,186800
1979-07-13,21.0,70.0,184800
1979-07-13,11.0,322.0,184900
1979-07-13,18.0,7.0,185800
1979-07-13,-12.0,2.8,187000
1979-07-15,14.0,140.0,185400
1979-07-16,-18.0,28.0,185600
1979-07-17,27.0,7.0,186000
1979-07-19,31.0,42.0,188100
1979-07-22,-27.0,28.0,186600
1979-07-22,29.0,56.0,187800
1979-07-22,-21.0,7.0,187900
1979-07-23,16.0,882.0,188000
1979-07-24,14.0,56.0,188300
1979-07-25,-18.0,56.0,187500
1979-07-26,-3.0,7.0,187200
1979-07-26,4.0,42.0,189400
1979-07-27,31.0,140.0,187700
1979-07-28,-7.0,28.0,188200
1979-07-28,24.0,7.0,188900
1979-07-29,10.0,70.0,187600
1979-07-31,-16.0,280.0,188700
1979-08-03,27.0,28.0,190500
1979-08-04,18.0,140.0,189000
1979-08-05,13.0,7.0,190800
1979-08-06,25.0,28.0,191200
1979-08-07,-21.0,126.0,189200
1979-08-07,35.0,7.0,189300
1979-08-07,14.0,700.0,191500
1979-08-07,-12.0,14.0,191600
1979-08-08,6.0,84.0,190600
1979-08-09,11.0,28.0,189600
1979-08-09,23.0,7.0,191100
1979-08-10,-16.0,28.0,191300
1979-08-10,-27.0,7.0,191700
1979-08-11,-17.0,14.0,192400
1979-08-11,18.0,70.0,192500
1979-08-12,-12.0,7.0,190200
1979-08-12,19.0,7.0,190300
1979-08-12,26.0,7.0,190400
1979-08-13,-5.0,14.0,192800
1979-08-13,-24.0,7.0,192900
1979-08-14,17.0,7.0,192700
1979-08-15,18.0,28.0,193200
1979-08-16,-25.0,7.0,190900
1979-08-17,27.0,7.0,192200
1979-08-18,-28.0,7.0,191800
1979-08-19,8.0,42.0,193700
1979-08-19,-16.0,42.0,193800
1979-08-19,-19.0,56.0,194000
1979-08-19,24.0,7.0,194100
1979-08-19,-32.0,70.0,194200
1979-08-19,20.0,7.0,194500
1979-08-20,13.0,84.0,193300
1979-08-20,-9.0,7.0,193500
1979-08-20,12.0,7.0,193600
1979-08-22,-21.0,14.0,195000
1979-08-24,-24.0,28.0,192600
1979-08-24,-15.0,14.0,194800
1979-08-24,6.0,7.0,195400
1979-08-25,-12.0,42.0,193100
1979-08-25,24.0,56.0,193400
1979-08-26,-15.0,7.0,194600
1979-08-26,26.0,28.0,194900
1979-08-28,13.0,28.0,196100
1979-08-29,-13.0,7.0,193900
1979-08-29,13.0,7.0,195600
1979-08-30,28.0,7.0,195700
1979-08-31,-12.0,7.0,195300
1979-09-01,4.0,70.0,194300
1979-09-01,20.0,7.0,195100
1979-09-03,-21.0,2.8,195200
1979-09-03,17.0,70.0,196000
1979-09-05,-26.0,7.0,195500
1979-09-07,17.0,252.0,195800
1979-09-07,13.0,14.0,196500
1979-09-07,-21.0,98.0,197100
1979-09-07,12.0,28.0,197900
1979-09-08,12.0,7.0,197400
1979-09-09,28.0,2.8,198100
1979-09-10,20.0,308.0,196200
1979-09-10,14.0,7.0,197500
1979-09-11,13.0,140.0,196700
1979-09-12,-19.0,28.0,196600
1979-09-13,-12.0,70.0,198900
1979-09-14,-26.0,7.0,198400
1979-09-14,10.0,7.0,199400
1979-09-16,13.0,14.0,198000
1979-09-17,-8.0,7.0,199200
1979-09-19,8.0,308.0,198200
1979-09-19,13.0,7.0,198300
1979-09-20,-10.0,14.0,198800
1979-09-20,18.0,84.0,200600
1979-09-22,-27.0,70.0,198500
1979-09-22,18.0,7.0,198600
1979-09-22,-17.0,14.0,200700
1979-09-22,16.0,56.0,201100
1979-09-23,-24.0,7.0,201500
1979-09-23,22.0,70.0,201600
1979-09-23,18.0,14.0,201700
1979-09-24,-21.0,56.0,201900
1979-09-24,12.0,56.0,202000
1979-09-25,13.0,98.0,199700
1979-09-25,23.0,7.0,202200
1979-09-26,-10.0,7.0,200300
1979-09-28,-20.0,7.0,199800
1979-09-28,21.0,98.0,201200
1979-09-28,-27.0,168.0,202400
1979-09-29,22.0,588.0,202100
1979-09-29,11.0,42.0,202500
1979-09-30,-19.0,70.0,200000
1979-09-30,27.0,7.0,200100
1979-09-30,14.0,28.0,201000
1979-09-30,10.0,7.0,201300
1979-09-30,-13.0,238.0,201400
1979-09-30,-31.0,7.0,201800
1979-09-30,24.0,7.0,202300
1980-01-02,-15.0,14.0,221200
1980-01-03,-19.0,28.0,221800
1980-01-03,28.0,28.0,222400
1980-01-05,-25.0,84.0,221300
1980-01-05,12.0,42.0,223300
1980-01-09,-16.0,28.0,221500
1980-01-09,19.0,14.0,222600
1980-01-11,14.0,70.0,222000
1980-01-13,19.0,42.0,222100
1980-01-13,-14.0,42.0,222300
1980-01-13,15.0,28.0,224200
1980-01-13,-13.0,140.0,224300
1980-01-14,-19.0,98.0,222700
1980-01-15,20.0,224.0,222900
1980-01-16,-13.0,154.0,223200
1980-01-16,27.0,210.0,224000
1980-01-18,14.0,42.0,225300
1980-01-21,-21.0,42.0,223800
1980-01-21,29.0,14.0,224100
1980-01-26,9.0,602.0,224500
1980-01-27,-14.0,14.0,226300
1980-01-28,-17.0,658.0,224700
1980-01-30,17.0,42.0,226500
1980-02-02,26.0,84.0,227300
1980-02-04,-12.0,168.0,227600
1980-02-06,17.0,140.0,226000
1980-02-07,-18.0,28.0,227900
1980-02-08,14.0,350.0,226200
1980-02-08,12.0,14.0,228000
1980-02-10,-17.0,994.0,226600
1980-02-11,4.0,308.0,227400
1980-02-11,-18.0,14.0,228300
1980-02-15,10.0,14.0,227700
1980-02-19,15.0,84.0,228200
1980-02-22,7.0,126.0,228100
1980-02-23,-16.0,28.0,229000
1980-02-23,14.0,42.0,229200
1980-02-24,-8.0,14.0,228900
1980-02-26,3.0,196.0,230000
1980-02-26,18.0,126.0,230200
1980-02-27,18.0,14.0,230500
1980-02-27,-19.0,14.0,230700
1980-02-28,-10.0,98.0,228700
1980-02-29,8.0,56.0,228800
1980-02-29,-9.0,56.0,230400
1980-03-01,10.0,28.0,231200
1980-03-01,-9.0,70.0,231300
1980-03-02,-26.0,294.0,230900
1980-03-02,-10.0,14.0,231500
1980-03-03,-9.0,84.0,229100
1980-03-03,9.0,14.0,231700
1980-03-04,14.0,28.0,231800
1980-03-04,24.0,14.0,232000
1980-03-06,12.0,14.0,232200
1980-03-06,12.0,98.0,232300
1980-03-07,-15.0,14.0,229600
1980-03-07,-15.0,168.0,232400
1980-03-08,27.0,14.0,232100
1980-03-09,-19.0,28.0,229800
1980-03-09,3.0,42.0,230300
1980-03-09,17.0,56.0,231400
1980-03-09,-18.0,70.0,231900
1980-03-09,-19.0,14.0,232500
1980-03-09,-14.0,14.0,232600
1980-03-10,-10.0,182.0,232700
1980-03-11,-29.0,14.0,232800
1980-03-12,18.0,14.0,233000
1980-03-13,18.0,28.0,233100
1980-03-13,-21.0,84.0,233200
1980-03-14,-11.0,280.0,231600
1980-03-15,-6.0,28.0,233300
1980-03-15,-3.0,28.0,233400
1980-03-15,-23.0,14.0,233600
1980-03-15,-20.0,14.0,233700
1980-03-16,-21.0,42.0,233500
1980-03-16,18.0,14.0,233800
1980-03-18,26.0,70.0,234200
1980-03-19,-18.0,14.0,232900
1980-03-19,-3.0,14.0,234400
1980-03-19,20.0,14.0,234500
1980-03-19,-28.0,14.0,234700
1980-03-20,5.0,448.0,234600
1980-03-21,-19.0,70.0,234300
1980-03-21,-21.0,14.0,235000
1980-03-21,23.0,14.0,235200
1980-03-22,-31.0,14.0,235500
1980-03-22,-28.0,14.0,235600
1980-03-23,25.0,210.0,235800
1980-03-24,17.0,84.0,235900
1980-03-26,-25.0,28.0,233900
1980-03-26,-8.0,14.0,235300
1980-03-27,9.0,42.0,236100
1980-03-27,-27.0,28.0,236400
1980-03-27,-17.0,28.0,236500
1980-03-27,-10.0,14.0,236600
1980-03-28,13.0,0.0,234100
1980-03-29,-22.0,28.0,234000
1980-03-29,-25.0,28.0,235100
1980-03-29,-28.0,14.0,235400
1980-03-29,-12.0,84.0,236700
1980-03-30,7.0,14.0,236800
1980-04-02,14.0,14.0,237100
1980-04-03,8.0,28.0,235700
1980-04-03,14.0,112.0,236000
1980-04-05,20.0,14.0,237400
1980-04-07,-14.0,140.0,236200
1980-04-07,27.0,294.0,236300
1980-04-07,-15.0,14.0,237800
1980-04-08,10.0,84.0,237900
1980-04-09,-37.0,14.0,238300
1980-04-11,-31.0,28.0,238700
1980-04-11,-10.0,14.0,238800
1980-04-12,19.0,28.0,238900
1980-04-13,12.0,196.0,237200
1980-04-14,24.0,1022.0,237000
1980-04-14,-26.0,14.0,239200
1980-04-15,-15.0,28.0,239400
1980-04-17,-20.0,196.0,237300
1980-04-18,24.0,14.0,239800
1980-04-20,-32.0,434.0,237500
1980-04-20,7.0,14.0,240100
1980-04-21,-27.0,28.0,239300
1980-04-22,13.0,14.0,239100
1980-04-24,-8.0,14.0,240900
1980-04-25,-16.0,14.0,241000
1980-04-26,6.0,70.0,241400
1980-04-27,13.0,140.0,241600
1980-04-29,-19.0,168.0,241800
1980-04-30,-14.0,14.0,239600
1980-04-30,-31.0,448.0,240700
1980-04-30,-16.0,14.0,242200
1980-04-30,22.0,112.0,242300
1980-05-02,26.0,70.0,242500
1980-05-03,-23.0,252.0,242000
1980-05-03,-20.0,56.0,243000
1980-05-06,-30.0,28.0,243700
1980-05-07,-18.0,14.0,241100
1980-05-07,7.0,14.0,244100
1980-05-08,-12.0,28.0,243200
1980-05-12,-13.0,28.0,244900
1980-05-14,-12.0,14.0,244600
1980-05-15,11.0,56.0,245700
1980-05-15,-29.0,56.0,245800
1980-05-16,25.0,14.0,246000
1980-05-17,-21.0,14.0,246100
1980-05-17,24.0,14.0,246200
1980-05-18,-23.0,140.0,246400
1980-05-18,-7.0,112.0,246600
1980-05-19,-12.0,28.0,247100
1980-05-20,-20.0,42.0,244500
1980-05-20,9.0,14.0,247200
1980-05-21,-22.0,84.0,245000
1980-05-21,-17.0,154.0,247400
1980-05-21,-12.0,28.0,247500
1980-05-22,-11.0,14.0,247300
1980-05-23,-7.0,112.0,245200
1980-05-24,14.0,42.0,245500
1980-05-26,-11.0,28.0,245600
1980-05-27,17.0,14.0,248200
1980-05-28,18.0,70.0,246500
1980-05-31,-12.0,560.0,246900
1980-06-01,-21.0,378.0,247000
1980-06-01,26.0,14.0,248900
1980-06-02,8.0,56.0,247600
1980-06-05,-11.0,1050.0,247800
1980-06-06,12.0,84.0,247900
1980-06-07,13.0,280.0,249500
1980-06-08,-12.0,14.0,248800
1980-06-08,-23.0,14.0,250100
1980-06-09,21.0,14.0,250800
1980-06-09,-23.0,28.0,250900
1980-06-10,25.0,14.0,249400
1980-06-12,19.0,56.0,251400
1980-06-14,-14.0,28.0,249000
1980-06-14,-25.0,14.0,250400
1980-06-15,-15.0,14.0,250500
1980-06-15,14.0,140.0,250600
1980-06-15,-13.0,28.0,251700
1980-06-15,18.0,14.0,251800
1980-06-16,14.0,28.0,250300
1980-06-17,24.0,28.0,252300
1980-06-18,-23.0,14.0,251000
1980-06-19,11.0,14.0,251100
1980-06-19,-13.0,350.0,252900
1980-06-20,18.0,308.0,250200
1980-06-20,-12.0,196.0,250700
1980-06-20,-21.0,42.0,253100
1980-06-21,13.0,42.0,253500
1980-06-23,17.0,14.0,253600
1980-06-24,-18.0,56.0,253800
1980-06-25,21.0,70.0,252400
1980-06-28,-28.0,532.0,252200
1980-06-29,-24.0,112.0,253000
1980-06-29,13.0,112.0,253900
1980-06-29,-30.0,28.0,254500
1980-06-30,-13.0,42.0,254600
1980-07-02,-10.0,112.0,253200
1980-07-03,-22.0,182.0,254700
1980-07-04,-14.0,182.0,254400
1980-07-05,21.0,42.0,255200
1980-07-05,23.0,14.0,255300
1980-07-06,18.0,56.0,253700
1980-07-06,-19.0,42.0,254900
1980-07-07,-24.0,70.0,255600
1980-07-08,-6.0,56.0,255100
1980-07-08,29.0,14.0,255700
1980-07-10,28.0,182.0,255000
1980-07-10,-10.0,154.0,256200
1980-07-10,19.0,182.0,256300
1980-07-12,23.0,14.0,256600
1980-07-12,-9.0,42.0,256700
1980-07-13,-8.0,28.0,255800
1980-07-14,-19.0,84.0,257100
1980-07-14,10.0,28.0,257200
1980-07-15,4.0,42.0,257400
1980-07-17,18.0,84.0,255400
1980-07-17,-12.0,126.0,255500
1980-07-19,11.0,28.0,258200
1980-07-23,-25.0,84.0,257500
1980-07-23,-26.0,84.0,258400
1980-07-24,7.0,28.0,258000
1980-07-24,28.0,84.0,258900
1980-07-25,19.0,70.0,256900
1980-07-25,-13.0,42.0,258500
1980-07-25,26.0,14.0,259000
1980-07-26,-27.0,140.0,257000
1980-07-27,15.0,98.0,257600
1980-07-29,-13.0,126.0,257700
1980-07-29,-20.0,28.0,257900
1980-07-30,-26.0,14.0,259500
1980-08-03,18.0,14.0,259100
1980-08-03,-9.0,28.0,259200
1980-08-04,-8.0,28.0,258800
1980-08-06,11.0,28.0,259300
1980-08-07,-12.0,14.0,260900
1980-08-09,-21.0,42.0,260400
1980-08-10,-12.0,14.0,261600
1980-08-10,-29.0,112.0,261800
1980-08-11,-22.0,28.0,261900
1980-08-11,-22.0,98.0,262100
1980-08-12,-7.0,322.0,260500
1980-08-12,24.0,14.0,261300
1980-08-14,18.0,14.0,260800
1980-08-14,12.0,224.0,261000
1980-08-15,-18.0,14.0,263000
1980-08-16,-27.0,28.0,260600
1980-08-17,17.0,84.0,260700
1980-08-17,16.0,84.0,263200
1980-08-19,9.0,7.0,263100
1980-08-20,12.0,42.0,261400
1980-08-20,3.0,28.0,261500
1980-08-20,-27.0,84.0,263300
1980-08-20,10.0,126.0,263500
1980-08-22,11.0,14.0,262000
1980-08-22,18.0,28.0,263700
1980-08-23,-8.0,140.0,262600
1980-08-24,16.0,42.0,262500
1980-08-24,8.0,14.0,262800
1980-08-27,19.0,336.0,262900
1980-08-28,18.0,14.0,264700
1980-08-29,-5.0,14.0,264000
1980-08-29,-8.0,42.0,265000
1980-08-30,12.0,14.0,265200
1980-08-31,27.0,14.0,265100
1980-08-31,14.0,28.0,265400
1980-09-01,24.0,140.0,265600
1980-09-02,11.0,70.0,265800
1980-09-02,-15.0,28.0,265900
1980-09-02,-16.0,28.0,266000
1980-09-06,-23.0,14.0,266300
1980-09-06,5.0,28.0,266400
1980-09-07,12.0,98.0,266500
1980-09-08,-7.0,294.0,264500
1980-09-08,12.0,350.0,264600
1980-09-08,17.0,14.0,266800
1980-09-09,-5.0,126.0,264800
1980-09-10,-28.0,14.0,266900
1980-09-12,-11.0,126.0,266600
1980-09-12,7.0,28.0,266700
1980-09-13,12.0,182.0,265700
1980-09-15,13.0,28.0,267700
1980-09-19,-8.0,98.0,267400
1980-09-19,19.0,42.0,267800
1980-09-19,22.0,14.0,268500
1980-09-19,-27.0,56.0,268800
1980-09-19,-17.0,14.0,268900
1980-09-20,-7.0,28.0,269000
1980-09-21,19.0,28.0,268600
1980-09-22,-11.0,280.0,267200
1980-09-22,-12.0,28.0,267500
1980-09-22,19.0,112.0,269300
1980-09-23,12.0,98.0,269400
1980-09-23,-32.0,28.0,269500
1980-09-23,-7.0,14.0,269600
1980-09-23,-18.0,182.0,269700
1980-09-25,11.0,42.0,268700
1980-09-26,29.0,70.0,269800
1980-09-26,20.0,42.0,269900
1980-09-26,-9.0,28.0,270000
1980-09-27,5.0,112.0,269100
1980-09-27,15.0,476.0,270100
1980-09-27,-18.0,70.0,270300
1980-09-28,-32.0,126.0,268000
1980-09-28,18.0,294.0,268400
1980-09-28,8.0,56.0,269200
1980-09-28,16.0,56.0,270600
1980-09-29,15.0,42.0,270700
1980-09-30,9.0,14.0,270200
1980-09-30,7.0,42.0,270500
1981-01-02,13.0,98.0,287000
1981-01-03,-22.0,196.0,285500
1981-01-04,-7.0,322.0,285700
1981-01-04,14.0,70.0,286600
1981-01-04,8.0,28.0,287200
1981-01-04,8.0,14.0,287700
1981-01-05,-30.0,42.0,285800
1981-01-06,22.0,140.0,287100
1981-01-07,8.0,112.0,287300
1981-01-09,12.0,112.0,286800
1981-01-09,12.0,28.0,286900
1981-01-09,-17.0,42.0,288600
1981-01-09,-5.0,14.0,288700
1981-01-13,-13.0,112.0,287400
1981-01-13,5.0,84.0,289400
1981-01-14,-6.0,56.0,288100
1981-01-15,16.0,42.0,288400
1981-01-15,18.0,140.0,290000
1981-01-16,12.0,14.0,289500
1981-01-19,5.0,28.0,288200
1981-01-19,8.0,112.0,290100
1981-01-19,-9.0,28.0,290300
1981-01-20,-24.0,14.0,290200
1981-01-20,-28.0,350.0,290500
1981-01-25,14.0,28.0,290900
1981-01-26,7.0,42.0,291500
1981-01-27,-16.0,42.0,291900
1981-01-28,-19.0,14.0,292000
1981-01-28,-5.0,14.0,292100
1981-01-28,15.0,28.0,292200
1981-01-30,-27.0,14.0,291200
1981-01-31,-5.0,14.0,290400
1981-02-02,5.0,14.0,292700
1981-02-06,16.0,14.0,291600
1981-02-07,-13.0,238.0,291100
1981-02-08,-9.0,322.0,291800
1981-02-09,-15.0,728.0,292600
1981-02-10,19.0,294.0,292300
1981-02-10,-18.0,126.0,294200
1981-02-12,4.0,14.0,293200
1981-02-12,-7.0,14.0,293600
1981-02-13,-22.0,14.0,294400
1981-02-14,8.0,14.0,293300
1981-02-14,-17.0,14.0,293700
1981-02-16,23.0,98.0,293500
1981-02-17,10.0,280.0,293000
1981-02-22,18.0,294.0,294100
1981-02-22,11.0,168.0,294300
1981-02-22,10.0,42.0,294700
1981-02-22,-8.0,140.0,295500
1981-02-22,17.0,28.0,295600
1981-02-24,16.0,84.0,294500
1981-03-03,-7.0,14.0,295700
1981-03-04,-14.0,42.0,295300
1981-03-07,-18.0,252.0,295400
1981-03-08,-12.0,322.0,295800
1981-03-08,11.0,14.0,297400
1981-03-08,-5.0,70.0,297500
1981-03-10,-11.0,112.0,296000
1981-03-11,-3.0,70.0,296100
1981-03-12,2.0,42.0,296200
1981-03-12,18.0,28.0,297900
1981-03-13,11.0,70.0,296300
1981-03-14,-4.0,168.0,296400
1981-03-14,-14.0,196.0,297300
1981-03-14,20.0,28.0,298300
1981-03-16,25.0,196.0,296600
1981-03-16,-15.0,70.0,298600
1981-03-17,8.0,770.0,297100
1981-03-18,-16.0,14.0,298500
1981-03-19,17.0,70.0,299400
1981-03-21,13.0,14.0,297800
1981-03-21,-28.0,56.0,299800
1981-03-24,-13.0,140.0,300200
1981-03-25,8.0,868.0,298400
1981-03-26,15.0,28.0,298700
1981-03-28,17.0,14.0,299000
1981-03-28,10.0,14.0,299100
1981-03-28,15.0,14.0,300800
1981-03-28,4.0,14.0,301000
1981-03-29,10.0,14.0,301300
1981-03-30,15.0,238.0,299300
1981-03-31,-14.0,28.0,302100
1981-03-31,8.0,84.0,302200
1981-04-02,-15.0,14.0,300300
1981-04-03,-43.0,420.0,299900
1981-04-03,23.0,28.0,300100
1981-04-03,-10.0,14.0,302300
1981-04-03,10.0,28.0,302400
1981-04-04,23.0,28.0,302800
1981-04-06,18.0,14.0,300600
1981-04-07,14.0,14.0,301200
1981-04-07,20.0,28.0,303300
1981-04-09,-6.0,70.0,303900
1981-04-11,18.0,238.0,301900
1981-04-12,4.0,728.0,303100
1981-04-12,14.0,14.0,304100
1981-04-12,24.0,168.0,304300
1981-04-12,-11.0,14.0,304400
1981-04-14,10.0,84.0,302500
1981-04-14,9.0,224.0,302600
1981-04-14,16.0,14.0,304000
1981-04-16,20.0,280.0,302700
1981-04-17,-15.0,14.0,305700
1981-04-20,14.0,1022.0,303500
1981-04-21,10.0,140.0,303800
1981-04-21,18.0,14.0,305800
1981-04-22,-7.0,392.0,304500
1981-04-22,13.0,14.0,305200
1981-04-22,25.0,14.0,305300
1981-04-25,10.0,14.0,305900
1981-04-27,18.0,14.0,306900
1981-04-27,4.0,14.0,307400
1981-04-30,7.0,14.0,307600
1981-04-30,4.0,42.0,308100
1981-05-01,-12.0,14.0,308600
1981-05-01,8.0,14.0,308700
1981-05-02,-22.0,28.0,309000
1981-05-02,9.0,14.0,309200
1981-05-03,-22.0,168.0,309300
1981-05-03,23.0,14.0,309400
1981-05-03,-19.0,28.0,309600
1981-05-04,23.0,14.0,307700
1981-05-05,15.0,70.0,306600
1981-05-05,8.0,364.0,309900
1981-05-06,5.0,98.0,306700
1981-05-09,19.0,126.0,307300
1981-05-10,5.0,84.0,307900
1981-05-11,16.0,238.0,308000
1981-05-12,17.0,42.0,308800
1981-05-12,12.0,112.0,308900
1981-05-12,22.0,28.0,310100
1981-05-15,7.0,14.0,310400
1981-05-19,11.0,70.0,310200
1981-05-19,-7.0,70.0,310300
1981-05-20,-8.0,28.0,311700
1981-05-21,-11.0,28.0,312000
1981-05-21,12.0,70.0,312500
1981-05-22,13.0,196.0,310600
1981-05-22,-27.0,70.0,311400
1981-05-24,-22.0,56.0,312800
1981-05-25,18.0,14.0,313200
1981-05-26,-24.0,378.0,311300
1981-05-26,16.0,28.0,313400
1981-05-30,18.0,196.0,312300
1981-05-31,-13.0,70.0,313600
1981-05-31,21.0,14.0,314200
1981-06-01,3.0,196.0,312100
1981-06-03,-8.0,28.0,314500
1981-06-05,-7.0,182.0,312900
1981-06-05,15.0,14.0,315100
1981-06-09,-23.0,154.0,315800
1981-06-11,16.0,14.0,316000
1981-06-13,19.0,14.0,316400
1981-06-15,12.0,56.0,316300
1981-06-16,20.0,14.0,316600
1981-06-16,-25.0,14.0,316700
1981-06-17,12.0,14.0,315200
1981-06-18,16.0,182.0,316500
1981-06-19,-25.0,154.0,315700
1981-06-20,-15.0,14.0,317100
1981-06-20,-8.0,28.0,317200
1981-06-22,-26.0,210.0,315900
1981-06-23,-19.0,196.0,316100
1981-06-24,10.0,28.0,316200
1981-06-26,15.0,14.0,317400
1981-06-30,14.0,462.0,317000
1981-06-30,-18.0,98.0,317900
1981-07-02,-16.0,14.0,318200
1981-07-03,11.0,42.0,318800
1981-07-03,-10.0,14.0,318900
1981-07-04,-4.0,14.0,319300
1981-07-05,20.0,42.0,317800
1981-07-06,-16.0,518.0,318000
1981-07-06,-7.0,154.0,318300
1981-07-06,8.0,14.0,319000
1981-07-06,-17.0,14.0,319500
1981-07-07,9.0,14.0,319800
1981-07-07,21.0,84.0,320000
1981-07-08,-17.0,70.0,318500
1981-07-08,-3.0,224.0,318600
1981-07-08,-26.0,434.0,320400
1981-07-10,14.0,14.0,320800
1981-07-11,-26.0,28.0,319200
1981-07-11,13.0,14.0,321100
1981-07-12,-10.0,182.0,321200
1981-07-13,11.0,14.0,320600
1981-07-13,15.0,42.0,321400
1981-07-14,-6.0,28.0,319900
1981-07-14,22.0,56.0,320900
1981-07-15,-20.0,14.0,321500
1981-07-15,-3.0,14.0,321600
1981-07-15,12.0,14.0,321800
1981-07-16,15.0,14.0,321700
1981-07-17,-8.0,546.0,322100
1981-07-17,19.0,28.0,322200
1981-07-17,-14.0,28.0,322300
1981-07-18,-15.0,14.0,322700
1981-07-19,23.0,42.0,321000
1981-07-19,-11.0,14.0,322500
1981-07-20,-7.0,294.0,320300
1981-07-20,-8.0,238.0,321900
1981-07-20,-8.0,14.0,323200
1981-07-21,3.0,14.0,322600
1981-07-22,5.0,70.0,322000
1981-07-22,11.0,28.0,323100
1981-07-22,-2.0,126.0,323700
1981-07-23,2.0,14.0,322900
1981-07-23,20.0,28.0,323800
1981-07-25,14.0,14.0,324100
1981-07-25,9.0,14.0,324200
1981-07-26,9.0,14.0,324500
1981-07-27,8.0,28.0,322800
1981-07-28,16.0,56.0,322400
1981-07-28,-16.0,14.0,324000
1981-07-28,-1.0,14.0,324900
1981-07-29,-18.0,84.0,323000
1981-07-29,-20.0,14.0,323500
1981-07-29,25.0,14.0,324600
1981-07-29,-21.0,42.0,325000
1981-07-29,19.0,14.0,325100
1981-07-29,8.0,28.0,325200
1981-07-30,-6.0,14.0,324400
1981-07-31,-5.0,14.0,325300
1981-07-31,-18.0,28.0,325400
1981-08-02,11.0,112.0,325600
1981-08-03,-12.0,616.0,323400
1981-08-03,-4.0,98.0,323600
1981-08-03,10.0,126.0,323900
1981-08-04,-5.0,14.0,324300
1981-08-06,24.0,126.0,324800
1981-08-06,-9.0,98.0,325500
1981-08-06,22.0,28.0,325900
1981-08-06,-13.0,14.0,326000
1981-08-07,15.0,252.0,324700
1981-08-10,-32.0,56.0,326300
1981-08-10,-14.0,28.0,326400
1981-08-12,15.0,14.0,326100
1981-08-12,14.0,14.0,326900
1981-08-12,-20.0,28.0,327000
1981-08-12,-7.0,14.0,327100
1981-08-13,-22.0,56.0,325800
1981-08-13,4.0,14.0,326500
1981-08-14,-5.0,28.0,327200
1981-08-14,12.0,14.0,327500
1981-08-16,-19.0,28.0,326700
1981-08-17,-23.0,14.0,327700
1981-08-20,-12.0,42.0,326200
1981-08-20,-5.0,14.0,328600
1981-08-21,11.0,28.0,326800
1981-08-21,20.0,196.0,328800
1981-08-22,8.0,14.0,329600
1981-08-24,22.0,14.0,329900
1981-08-26,-17.0,14.0,330100
1981-08-27,-16.0,266.0,327900
1981-08-27,13.0,168.0,330300
1981-08-28,18.0,14.0,330400
1981-08-28,-8.0,56.0,330500
1981-08-29,-4.0,14.0,329400
1981-08-29,-26.0,70.0,330700
1981-08-29,-22.0,14.0,330900
1981-08-30,-10.0,658.0,328400
1981-08-30,11.0,308.0,329300
1981-08-31,-9.0,98.0,328700
1981-08-31,-6.0,14.0,331200
1981-08-31,18.0,28.0,331500
1981-09-01,-6.0,112.0,329200
1981-09-03,15.0,140.0,329500
1981-09-03,-12.0,14.0,330600
1981-09-04,-8.0,14.0,329700
1981-09-05,17.0,126.0,329800
1981-09-05,-12.0,14.0,332100
1981-09-05,-1.0,14.0,332200
1981-09-05,-8.0,42.0,332400
1981-09-06,12.0,14.0,332000
1981-09-07,-13.0,378.0,330000
1981-09-08,-4.0,14.0,331800
1981-09-08,-14.0,42.0,332700
1981-09-09,7.0,56.0,331300
1981-09-11,-10.0,210.0,331000
1981-09-11,11.0,112.0,331100
1981-09-11,-17.0,294.0,331400
1981-09-11,-30.0,14.0,333000
1981-09-12,17.0,14.0,332600
1981-09-12,-17.0,42.0,333300
1981-09-12,-5.0,42.0,333400
1981-09-13,-16.0,42.0,331600
1981-09-13,32.0,14.0,331900
1981-09-14,-9.0,14.0,333800
1981-09-14,-17.0,14.0,333900
1981-09-14,-7.0,14.0,334100
1981-09-15,9.0,770.0,331700
1981-09-15,9.0,70.0,334400
1981-09-16,-17.0,14.0,333700
1981-09-16,-17.0,14.0,334200
1981-09-17,-9.0,7.0,334500
1981-09-18,-17.0,14.0,333100
1981-09-18,-5.0,14.0,334600
1981-09-19,-7.0,14.0,335300
1981-09-20,-8.0,14.0,335100
1981-09-21,-9.0,28.0,335900
1981-09-22,15.0,210.0,333200
1981-09-23,20.0,196.0,334900
1981-09-23,17.0,14.0,336200
1981-09-24,12.0,7.0,334800
1981-09-24,-23.0,14.0,335700
1981-09-25,10.0,7.0,334000
1981-09-26,-15.0,56.0,336900
1981-09-27,16.0,7.0,337300
1981-09-28,-18.0,84.0,337400
1981-09-29,-9.0,84.0,334700
1981-09-29,14.0,42.0,337500
1981-09-30,-9.0,56.0,336100
1981-09-30,-6.0,70.0,337600
1981-09-30,8.0,56.0,337700
1982-01-01,-21.0,56.0,3521
1982-01-01,-9.0,14.0,3523
1982-01-01,-19.0,42.0,3525
1982-01-01,5.0,14.0,3533
1982-01-01,10.0,28.0,3534
1982-01-01,-15.0,42.0,3535
1982-01-02,20.0,182.0,3522
1982-01-02,22.0,42.0,3536
1982-01-03,-25.0,224.0,3520
1982-01-03,-5.0,14.0,3528
1982-01-03,-17.0,0.0,3532
1982-01-03,-17.0,56.0,3538
1982-01-03,-35.0,126.0,3539
1982-01-05,-6.0,14.0,3543
1982-01-06,18.0,0.0,3530
1982-01-08,25.0,0.0,3531
1982-01-08,-16.0,0.0,3544
1982-01-09,-8.0,14.0,3546
1982-01-09,-20.0,14.0,3548
1982-01-10,9.0,28.0,3541
1982-01-11,8.0,560.0,3537
1982-01-11,21.0,84.0,3542
1982-01-11,-35.0,0.0,3547
1982-01-15,-17.0,196.0,3545
1982-01-15,-9.0,42.0,3551
1982-01-15,-84.0,1.4,3552
1982-01-16,-15.0,210.0,3540
1982-01-17,7.0,14.0,3556
1982-01-19,-18.0,0.0,3558
1982-01-20,-47.0,1.0,3562
1982-01-20,-6.0,14.0,3567
1982-01-21,-28.0,0.7,3570
1982-01-22,-8.0,266.0,3553
1982-01-22,-9.0,84.0,3554
1982-01-22,-8.0,140.0,3569
1982-01-23,-11.0,420.0,3549
1982-01-23,88.0,1.4,3550
1982-01-23,-20.0,0.6,3561
1982-01-23,5.0,98.0,3564
1982-01-23,8.0,0.5,3566
1982-01-24,-12.0,266.0,3559
1982-01-25,31.0,42.0,3565
1982-01-25,21.0,14.0,3572
1982-01-25,20.0,14.0,3574
1982-01-25,11.0,28.0,3575
1982-01-26,11.0,588.0,3573
1982-01-27,12.0,84.0,3568
1982-01-28,4.0,406.0,3557
1982-01-28,-7.0,14.0,3571
1982-02-02,-13.0,42.0,3584
1982-02-02,-17.0,0.0,3585
1982-02-02,-17.0,70.0,3588
1982-02-02,-13.0,14.0,3590
1982-02-02,-11.0,14.0,3591
1982-02-03,19.0,0.6,3581
1982-02-04,11.0,84.0,3580
1982-02-04,-9.0,840.0,3594
1982-02-04,-21.0,0.0,3596
1982-02-05,-15.0,490.0,3577
1982-02-06,-12.0,14.0,3578
1982-02-06,-79.0,1.4,3603
1982-02-07,-15.0,28.0,3597
1982-02-07,-20.0,28.0,3599
1982-02-08,-7.0,28.0,3600
1982-02-08,16.0,154.0,3602
1982-02-09,-15.0,252.0,3576
1982-02-09,9.0,224.0,3579
1982-02-09,15.0,98.0,3582
1982-02-09,-3.0,0.3,3593
1982-02-10,-5.0,140.0,3595
1982-02-10,9.0,14.0,3606
1982-02-11,-19.0,42.0,3583
1982-02-11,-20.0,14.0,3587
1982-02-11,61.0,1.2,3589
1982-02-11,14.0,238.0,3592
1982-02-12,3.0,364.0,3607
1982-02-16,24.0,42.0,3604
1982-02-16,13.0,98.0,3610
1982-02-19,1.0,42.0,3598
1982-02-20,-12.0,28.0,3601
1982-02-20,6.0,126.0,3613
1982-02-21,12.0,14.0,3609
1982-02-21,18.0,28.0,3616
1982-02-21,-7.0,196.0,3618
1982-02-22,-23.0,0.0,3612
1982-02-22,-11.0,168.0,3619
1982-02-23,-13.0,0.0,3620
1982-02-23,-13.0,28.0,3622
1982-02-24,-35.0,14.0,3621
1982-02-24,4.0,0.0,3624
1982-02-24,14.0,238.0,3625
1982-02-25,6.0,98.0,3608
1982-02-25,-23.0,0.7,3617
1982-02-26,8.0,98.0,3627
1982-02-26,17.0,280.0,3628
1982-02-27,-20.0,336.0,3629
1982-02-28,18.0,0.0,3623
1982-03-04,-12.0,196.0,3614
1982-03-04,-8.0,98.0,3632
1982-03-05,-12.0,70.0,3633
1982-03-07,-16.0,0.0,3630
1982-03-07,-13.0,112.0,3636
1982-03-09,-5.0,112.0,3626
1982-03-10,-10.0,0.9,3637
1982-03-10,3.0,224.0,3640
1982-03-12,-13.0,112.0,3631
1982-03-12,-15.0,28.0,3638
1982-03-12,13.0,0.0,3641
1982-03-13,48.0,1.0,3635
1982-03-14,10.0,28.0,3645
1982-03-18,24.0,14.0,3646
1982-03-19,4.0,70.0,3634
1982-03-20,7.0,14.0,3654
1982-03-22,3.0,14.0,3651
1982-03-22,-12.0,0.0,3656
1982-03-23,14.0,490.0,3639
1982-03-23,-9.0,28.0,3657
1982-03-24,-5.0,770.0,3643
1982-03-24,7.0,224.0,3644
1982-03-25,16.0,168.0,3649
1982-03-25,-22.0,98.0,3662
1982-03-26,-10.0,378.0,3648
1982-03-26,-7.0,70.0,3663
1982-03-26,-15.0,70.0,3664
1982-03-28,5.0,0.0,3669
1982-03-29,18.0,14.0,3650
1982-03-29,18.0,0.0,3666
1982-03-30,3.0,434.0,3652
1982-03-31,13.0,70.0,3655
1982-03-31,-76.0,1.3,3670
1982-04-01,-12.0,84.0,3653
1982-04-01,8.0,0.0,3665
1982-04-03,7.0,14.0,3668
1982-04-03,8.0,14.0,3672
1982-04-03,8.0,238.0,3673
1982-04-04,-13.0,224.0,3658
1982-04-04,18.0,84.0,3661
1982-04-04,-15.0,154.0,3675
1982-04-04,-32.0,0.7,3677
1982-04-05,13.0,392.0,3659
1982-04-05,12.0,14.0,3676
1982-04-05,9.0,154.0,3678
1982-04-06,-16.0,98.0,3660
1982-04-07,13.0,280.0,3679
1982-04-07,-4.0,210.0,3680
1982-04-08,18.0,28.0,3667
1982-04-08,-6.0,84.0,3681
1982-04-08,5.0,126.0,3682
1982-04-08,-39.0,0.9,3685
1982-04-09,-7.0,28.0,3674
1982-04-10,17.0,70.0,3686
1982-04-10,-9.0,322.0,3687
1982-04-12,15.0,0.0,3691
1982-04-12,-8.0,0.2,3697
1982-04-13,-12.0,14.0,3689
1982-04-13,-23.0,0.0,3692
1982-04-14,84.0,1.4,3671
1982-04-16,-18.0,14.0,3690
1982-04-16,-5.0,0.0,3693
1982-04-18,-13.0,224.0,3699
1982-04-19,16.0,28.0,3688
1982-04-19,21.0,14.0,3694
1982-04-19,-17.0,14.0,3700
1982-04-20,5.0,154.0,3701
1982-04-20,12.0,350.0,3702
1982-04-21,88.0,1.4,3684
1982-04-21,23.0,14.0,3704
1982-04-22,-25.0,0.6,3705
1982-04-23,-19.0,14.0,3696
1982-04-25,24.0,14.0,3710
1982-04-26,5.0,294.0,3695
1982-04-27,18.0,14.0,3711
1982-04-28,3.0,56.0,3708
1982-04-28,-4.0,112.0,3709
1982-04-28,8.0,14.0,3713
1982-05-01,18.0,98.0,3703
1982-05-01,12.0,224.0,3707
1982-05-03,23.0,70.0,3706
1982-05-03,88.0,1.4,3715
1982-05-04,56.0,1.2,3716
1982-05-04,-22.0,14.0,3724
1982-05-05,16.0,0.0,3712
1982-05-06,-11.0,0.4,3718
1982-05-06,-79.0,1.4,3721
1982-05-08,16.0,14.0,3723
1982-05-10,-17.0,112.0,3714
1982-05-10,-7.0,0.5,3719
1982-05-11,5.0,154.0,3727
1982-05-12,9.0,0.0,3729
1982-05-12,-3.0,308.0,3731
1982-05-12,-78.0,1.4,3733
1982-05-13,-86.0,1.4,3736
1982-05-13,-66.0,1.3,3738
1982-05-14,-4.0,210.0,3717
1982-05-14,-5.0,14.0,3732
1982-05-14,-27.0,14.0,3735
1982-05-15,-7.0,56.0,3722
1982-05-15,-18.0,0.0,3734
1982-05-17,14.0,112.0,3720
1982-05-17,14.0,238.0,3739
1982-05-17,23.0,84.0,3740
1982-05-18,-41.0,0.9,3737
1982-05-18,24.0,28.0,3741
1982-05-18,-12.0,28.0,3742
1982-05-19,24.0,14.0,3743
1982-05-21,25.0,0.6,3744
1982-05-21,-85.0,1.4,3748
1982-05-22,-23.0,28.0,3747
1982-05-23,18.0,0.0,3745
1982-05-24,-17.0,70.0,3750
1982-05-25,-18.0,14.0,3749
1982-05-30,-5.0,0.0,3754
1982-05-31,-20.0,14.0,3755
1982-05-31,6.0,0.0,3756
1982-05-31,-67.0,1.3,3758
1982-06-01,-22.0,868.0,3751
1982-06-01,9.0,56.0,3759
1982-06-01,14.0,84.0,3761
1982-06-03,28.0,0.7,3752
1982-06-05,-2.0,0.0,3765
1982-06-06,-4.0,84.0,3753
1982-06-07,2.0,196.0,3768
1982-06-07,-79.0,1.4,3770
1982-06-08,53.0,1.1,3764
1982-06-08,10.0,28.0,3769
1982-06-08,-2.0,98.0,3771
1982-06-09,18.0,42.0,3772
1982-06-10,-14.0,70.0,3773
1982-06-12,61.0,1.2,3762
1982-06-12,75.0,1.4,3767
1982-06-12,13.0,434.0,3776
1982-06-13,26.0,14.0,3778
1982-06-14,12.0,14.0,3777
1982-06-15,-10.0,364.0,3763
1982-06-15,-18.0,294.0,3780
1982-06-16,-12.0,0.6,3779
1982-06-18,16.0,56.0,3782
1982-06-20,-19.0,70.0,3783
1982-06-20,-24.0,0.7,3785
1982-06-21,1.0,0.0,3784
1982-06-22,-7.0,0.2,3787
1982-06-23,7.0,182.0,3774
1982-06-24,7.0,0.0,3788
1982-06-27,-22.0,14.0,3789
1982-06-28,15.0,224.0,3781
1982-06-28,13.0,0.0,3790
1982-06-28,7.0,14.0,3792
1982-06-29,-12.0,14.0,3793
1982-06-30,-9.0,28.0,3794
1982-07-02,-10.0,14.0,3795
1982-07-02,7.0,14.0,3797
1982-07-02,-12.0,14.0,3798
1982-07-03,16.0,42.0,3800
1982-07-04,-15.0,0.0,3791
1982-07-04,-7.0,0.0,3799
1982-07-05,19.0,0.5,3796
1982-07-05,-19.0,28.0,3801
1982-07-05,-17.0,42.0,3802
1982-07-07,10.0,14.0,3803
1982-07-09,13.0,770.0,3804
1982-07-10,-7.0,210.0,3807
1982-07-12,-10.0,28.0,3805
1982-07-12,13.0,0.0,3810
1982-07-13,21.0,154.0,3812
1982-07-13,-4.0,112.0,3813
1982-07-15,-20.0,56.0,3815
1982-07-16,15.0,0.0,3808
1982-07-16,10.0,0.0,3811
1982-07-16,-18.0,0.0,3816
1982-07-16,19.0,14.0,3817
1982-07-18,24.0,0.8,3818
1982-07-19,-23.0,266.0,3806
1982-07-19,21.0,14.0,3814
1982-07-20,11.0,28.0,3820
1982-07-22,-18.0,28.0,3822
1982-07-24,-13.0,84.0,3809
1982-07-24,-23.0,0.0,3819
1982-07-24,15.0,14.0,3821
1982-07-24,-6.0,14.0,3823
1982-07-26,1.0,0.0,3825
1982-07-27,21.0,42.0,3824
1982-07-27,-12.0,28.0,3827
1982-07-28,6.0,84.0,3828
1982-07-30,15.0,14.0,3830
1982-08-02,-14.0,14.0,3834
1982-08-03,-12.0,28.0,3832
1982-08-04,10.0,434.0,3837
1982-08-05,-11.0,14.0,3841
1982-08-07,-7.0,0.0,3835
1982-08-07,20.0,0.0,3842
1982-08-08,17.0,196.0,3845
1982-08-10,-11.0,42.0,3829
1982-08-11,12.0,0.0,3852
1982-08-11,-12.0,14.0,3853
1982-08-12,-16.0,14.0,3848
1982-08-12,16.0,0.0,3850
1982-08-12,-22.0,0.0,3855
1982-08-13,10.0,70.0,3838
1982-08-13,-19.0,14.0,3840
1982-08-14,-16.0,0.0,3836
1982-08-14,-19.0,28.0,3847
1982-08-14,20.0,14.0,3851
1982-08-15,-5.0,56.0,3858
1982-08-15,16.0,14.0,3859
1982-08-15,14.0,14.0,3860
1982-08-17,-8.0,0.0,3844
1982-08-17,22.0,0.0,3866
1982-08-18,11.0,28.0,3839
1982-08-18,-13.0,70.0,3867
1982-08-20,-8.0,84.0,3843
1982-08-21,8.0,70.0,3861
1982-08-21,15.0,70.0,3864
1982-08-21,-3.0,14.0,3869
1982-08-22,-12.0,546.0,3856
1982-08-26,25.0,14.0,3862
1982-08-26,-15.0,14.0,3873
1982-08-26,8.0,42.0,3876
1982-08-27,23.0,14.0,3878
1982-08-28,11.0,182.0,3880
1982-08-28,-6.0,0.2,3881
1982-08-29,15.0,14.0,3871
1982-08-31,8.0,0.0,3884
1982-08-31,11.0,252.0,3885
1982-09-01,23.0,182.0,3877
1982-09-01,14.0,182.0,3886
1982-09-02,15.0,294.0,3870
1982-09-04,8.0,14.0,3875
1982-09-04,-9.0,56.0,3889
1982-09-04,7.0,168.0,3890
1982-09-05,16.0,0.0,3894
1982-09-06,-9.0,504.0,3895
1982-09-07,6.0,56.0,3887
1982-09-08,-14.0,98.0,3879
1982-09-08,17.0,0.0,3891
1982-09-08,21.0,0.0,3893
1982-09-09,26.0,28.0,3888
1982-09-10,-1.0,28.0,3882
1982-09-10,-21.0,168.0,3883
1982-09-10,19.0,140.0,3897
1982-09-10,-12.0,70.0,3901
1982-09-11,-9.0,28.0,3900
1982-09-13,-16.0,14.0,3905
1982-09-14,2.0,14.0,3906
1982-09-14,-10.0,210.0,3907
1982-09-15,-13.0,0.0,3899
1982-09-16,13.0,168.0,3910
1982-09-18,-23.0,42.0,3902
1982-09-20,-10.0,0.0,3912
1982-09-21,18.0,0.0,3909
1982-09-21,16.0,98.0,3914
1982-09-23,-18.0,28.0,3916
1982-09-23,14.0,210.0,3917
1982-09-24,17.0,0.0,3918
1982-09-24,-10.0,14.0,3919
1982-09-24,-22.0,140.0,3921
1982-09-25,16.0,14.0,3915
1982-09-25,15.0,168.0,3922
1982-09-25,-2.0,504.0,3923
1982-09-26,-19.0,84.0,3924
1982-09-27,16.0,0.0,3908
1982-09-27,-10.0,14.0,3913
1982-09-27,10.0,14.0,3926
1982-09-28,-6.0,0.0,3920
1982-09-28,-10.0,0.0,3925
1982-09-30,-28.0,14.0,3927
1982-09-30,-9.0,28.0,3928
1983-01-01,-19.0,14.0,4042
1983-01-01,-2.0,0.0,4043
1983-01-02,24.0,0.0,4045
1983-01-02,-15.0,14.0,4047
1983-01-03,-13.0,112.0,4033
1983-01-03,-16.0,56.0,4039
1983-01-03,-18.0,112.0,4048
1983-01-04,7.0,14.0,4044
1983-01-04,-8.0,56.0,4049
1983-01-05,11.0,0.0,4051
1983-01-06,-8.0,70.0,4053
1983-01-07,-12.0,14.0,4055
1983-01-08,-10.0,0.0,4050
1983-01-08,-20.0,14.0,4056
1983-01-10,6.0,196.0,4041
1983-01-11,-16.0,644.0,4046
1983-01-12,15.0,42.0,4059
1983-01-13,5.0,308.0,4060
1983-01-13,10.0,28.0,4062
1983-01-14,6.0,56.0,4063
1983-01-14,-12.0,56.0,4065
1983-01-16,87.0,1.4,4054
1983-01-16,16.0,56.0,4067
1983-01-17,87.0,1.4,4052
1983-01-17,-11.0,182.0,4068
1983-01-23,-12.0,14.0,4070
1983-01-24,-17.0,56.0,4058
1983-01-26,9.0,70.0,4064
1983-01-26,-18.0,42.0,4074
1983-01-27,-14.0,14.0,4075
1983-01-29,24.0,0.0,4076
1983-02-01,-21.0,14.0,4080
1983-02-03,-8.0,210.0,4072
1983-02-04,4.0,154.0,4073
1983-02-04,-9.0,28.0,4081
1983-02-06,7.0,154.0,4071
1983-02-08,-17.0,0.0,4083
1983-02-09,-7.0,0.0,4082
1983-02-10,-18.0,294.0,4077
1983-02-10,-12.0,0.0,4084
1983-02-10,3.0,28.0,4086
1983-02-14,-18.0,84.0,4079
1983-02-16,-17.0,14.0,4090
1983-02-17,14.0,14.0,4089
1983-02-17,-11.0,28.0,4091
1983-02-19,-61.0,1.2,4095
1983-02-23,22.0,14.0,4096
1983-02-24,17.0,196.0,4097
1983-02-24,-16.0,56.0,4098
1983-02-25,-13.0,14.0,4103
1983-02-27,-15.0,238.0,4102
1983-02-28,16.0,0.0,4101
1983-03-03,87.0,1.4,4092
1983-03-03,67.0,1.3,4094
1983-03-03,-9.0,42.0,4100
1983-03-09,-13.0,14.0,4108
1983-03-10,-19.0,140.0,4099
1983-03-10,12.0,28.0,4111
1983-03-10,25.0,0.0,4112
1983-03-11,-7.0,210.0,4105
1983-03-13,-21.0,84.0,4104
1983-03-13,6.0,0.0,4113
1983-03-14,-2.0,14.0,4110
1983-03-15,-10.0,14.0,4114
1983-03-16,-12.0,56.0,4118
1983-03-19,11.0,14.0,4119
1983-03-19,-13.0,56.0,4120
1983-03-20,17.0,14.0,4117
1983-03-22,-11.0,14.0,4123
1983-03-26,-11.0,84.0,4115
1983-03-27,-7.0,280.0,4116
1983-03-27,-14.0,98.0,4128
1983-03-27,-22.0,14.0,4129
1983-03-28,-12.0,42.0,4121
1983-03-28,21.0,154.0,4124
1983-03-28,-25.0,14.0,4126
1983-03-30,-13.0,0.5,4132
1983-03-31,-10.0,0.0,4136
1983-04-01,-13.0,14.0,4133
1983-04-04,-14.0,0.0,4134
1983-04-04,-61.0,1.2,4137
1983-04-05,-6.0,0.0,4131
1983-04-06,74.0,1.3,4125
1983-04-06,-15.0,42.0,4138
1983-04-07,-8.0,56.0,4140
1983-04-08,-16.0,98.0,4127
1983-04-08,-7.0,28.0,4139
1983-04-11,-6.0,42.0,4142
1983-04-11,-7.0,28.0,4145
1983-04-12,41.0,0.9,4135
1983-04-12,-13.0,28.0,4143
1983-04-13,21.0,0.0,4144
1983-04-22,-30.0,588.0,4148
1983-04-22,-11.0,56.0,4154
1983-04-23,-10.0,0.0,4149
1983-04-24,7.0,0.5,4152
1983-04-24,-8.0,28.0,4153
1983-04-24,-16.0,252.0,4156
1983-04-25,-3.0,280.0,4157
1983-04-25,10.0,0.0,4158
1983-04-26,68.0,1.3,4146
1983-04-26,-20.0,0.7,4155
1983-04-27,14.0,0.0,4161
1983-04-28,11.0,112.0,4151
1983-04-29,-8.0,70.0,4163
1983-04-29,-15.0,14.0,4164
1983-05-02,-12.0,84.0,4150
1983-05-04,14.0,0.0,4159
1983-05-04,19.0,14.0,4160
1983-05-06,-13.0,420.0,4162
1983-05-06,-17.0,14.0,4169
1983-05-10,-8.0,28.0,4170
1983-05-11,14.0,154.0,4167
1983-05-12,89.0,1.4,4165
1983-05-13,84.0,1.4,4168
1983-05-14,-9.0,14.0,4175
1983-05-16,-12.0,868.0,4173
1983-05-16,-23.0,84.0,4181
1983-05-17,-9.0,42.0,4178
1983-05-18,17.0,238.0,4183
1983-05-20,-28.0,42.0,4171
1983-05-20,-11.0,406.0,4172
1983-05-20,-8.0,14.0,4177
1983-05-21,-9.0,126.0,4176
1983-05-21,11.0,42.0,4182
1983-05-21,-21.0,14.0,4184
1983-05-21,-18.0,98.0,4185
1983-05-21,-14.0,14.0,4186
1983-05-24,15.0,14.0,4189
1983-05-24,12.0,14.0,4191
1983-05-25,11.0,28.0,4174
1983-05-25,20.0,0.0,4190
1983-05-26,-23.0,14.0,4180
1983-05-26,-6.0,42.0,4188
1983-05-26,-16.0,14.0,4194
1983-05-26,-3.0,28.0,4195
1983-05-28,-27.0,140.0,4179
1983-05-28,-12.0,0.0,4192
1983-05-29,24.0,0.6,4198
1983-05-31,-9.0,42.0,4193
1983-06-02,-18.0,294.0,4187
1983-06-02,-52.0,1.1,4203
1983-06-05,54.0,1.1,4202
1983-06-05,-8.0,476.0,4204
1983-06-07,-13.0,14.0,4199
1983-06-07,-12.0,42.0,4205
1983-06-08,-9.0,14.0,4196
1983-06-11,-15.0,14.0,4206
1983-06-13,-9.0,126.0,4201
1983-06-13,-27.0,56.0,4207
1983-06-14,-7.0,42.0,4208
1983-06-14,13.0,168.0,4209
1983-06-14,18.0,112.0,4210
1983-06-18,-11.0,14.0,4212
1983-06-19,-5.0,0.0,4215
1983-06-20,12.0,0.0,4211
1983-06-20,18.0,56.0,4217
1983-06-22,-10.0,252.0,4219
1983-06-24,-16.0,28.0,4221
1983-06-24,4.0,42.0,4223
1983-06-26,-13.0,140.0,4213
1983-06-26,-7.0,14.0,4224
1983-06-26,-18.0,14.0,4226
1983-06-27,-3.0,42.0,4225
1983-06-27,-73.0,1.3,4227
1983-06-29,13.0,182.0,4214
1983-06-30,17.0,336.0,4216
1983-06-30,19.0,0.0,4220
1983-07-02,9.0,0.4,4231
1983-07-02,-8.0,28.0,4234
1983-07-03,11.0,126.0,4222
1983-07-03,-9.0,28.0,4228
1983-07-03,-6.0,14.0,4233
1983-07-10,-18.0,210.0,4230
1983-07-11,-7.0,14.0,4238
1983-07-12,-14.0,168.0,4240
1983-07-12,-11.0,42.0,4241
1983-07-13,7.0,0.0,4242
1983-07-15,-18.0,210.0,4235
1983-07-15,15.0,42.0,4247
1983-07-15,5.0,14.0,4248
1983-07-16,-10.0,70.0,4236
1983-07-19,-17.0,140.0,4237
1983-07-19,13.0,56.0,4243
1983-07-19,-10.0,14.0,4252
1983-07-20,-8.0,14.0,4250
1983-07-20,21.0,14.0,4259
1983-07-22,17.0,0.0,4246
1983-07-22,-7.0,14.0,4258
1983-07-24,-8.0,462.0,4249
1983-07-24,-5.0,98.0,4260
1983-07-25,-4.0,42.0,4251
1983-07-25,-7.0,14.0,4261
1983-07-26,14.0,42.0,4245
1983-07-26,13.0,14.0,4254
1983-07-28,-5.0,210.0,4256
1983-07-28,-7.0,196.0,4263
1983-07-29,10.0,70.0,4253
1983-07-29,9.0,28.0,4255
1983-07-30,-6.0,42.0,4268
1983-08-01,-14.0,28.0,4264
1983-08-01,-10.0,14.0,4271
1983-08-02,4.0,28.0,4272
1983-08-04,-15.0,0.0,4266
1983-08-04,14.0,14.0,4269
1983-08-05,12.0,28.0,4276
1983-08-06,-22.0,28.0,4262
1983-08-07,20.0,14.0,4273
1983-08-07,6.0,14.0,4277
1983-08-08,-5.0,308.0,4278
1983-08-11,-22.0,70.0,4267
1983-08-11,-16.0,0.0,4274
1983-08-11,-4.0,28.0,4281
1983-08-11,8.0,98.0,4282
1983-08-12,-19.0,28.0,4283
1983-08-16,19.0,14.0,4286
1983-08-16,-17.0,14.0,4287
1983-08-20,-9.0,70.0,4279
1983-08-20,-3.0,70.0,4280
1983-08-21,-12.0,14.0,4289
1983-08-22,-18.0,14.0,4291
1983-08-23,-11.0,14.0,4290
1983-08-24,-9.0,28.0,4293
1983-08-25,20.0,84.0,4284
1983-08-25,-9.0,98.0,4295
1983-08-26,-17.0,14.0,4296
1983-08-27,31.0,0.7,4288
1983-08-28,-15.0,14.0,4297
1983-08-29,-20.0,14.0,4300
1983-08-31,-8.0,14.0,4299
1983-08-31,12.0,98.0,4301
1983-09-01,-1.0,14.0,4298
1983-09-01,-9.0,42.0,4303
1983-09-03,-8.0,350.0,4302
1983-09-04,1.0,28.0,4306
1983-09-05,18.0,14.0,4308
1983-09-11,10.0,84.0,4304
1983-09-11,-6.0,14.0,4312
1983-09-12,7.0,28.0,4311
1983-09-14,74.0,1.4,4305
1983-09-15,44.0,1.1,4310
1983-09-15,7.0,0.0,4313
1983-09-16,-13.0,0.0,4321
1983-09-17,-8.0,14.0,4307
1983-09-19,86.0,1.4,4315
1983-09-19,-6.0,28.0,4318
1983-09-20,15.0,14.0,4314
1983-09-21,-6.0,0.0,4320
1983-09-22,17.0,42.0,4322
1983-09-23,-12.0,28.0,4317
1983-09-23,-19.0,420.0,4324
1983-09-25,-17.0,0.0,4326
1983-09-26,27.0,0.7,4319
1983-09-27,8.0,14.0,4325
1983-09-30,-14.0,280.0,4327
1984-01-03,12.0,14.0,4387
1984-01-06,-9.0,42.0,4389
1984-01-07,16.0,56.0,4384
1984-01-08,-5.0,14.0,4391
1984-01-10,-12.0,14.0,4390
1984-01-13,-16.0,14.0,4388
1984-01-17,-5.0,56.0,4394
1984-01-18,-16.0,56.0,4395
1984-01-21,17.0,112.0,4397
1984-01-22,-13.0,112.0,4392
1984-01-22,14.0,42.0,4398
1984-01-23,12.0,490.0,4399
1984-01-24,-17.0,112.0,4393
1984-01-25,8.0,28.0,4400
1984-01-26,-12.0,14.0,4402
1984-01-28,-6.0,126.0,4396
1984-01-28,7.0,28.0,4401
1984-01-31,-18.0,0.0,4405
1984-02-01,15.0,14.0,4404
1984-02-01,-15.0,0.0,4407
1984-02-01,-12.0,126.0,4408
1984-02-02,-13.0,28.0,4409
1984-02-04,-13.0,14.0,4406
1984-02-04,8.0,14.0,4411
1984-02-06,-17.0,28.0,4412
1984-02-06,-13.0,56.0,4413
1984-02-07,11.0,0.0,4403
1984-02-13,-5.0,14.0,4418
1984-02-15,-15.0,0.0,4416
1984-02-15,7.0,42.0,4419
1984-02-17,-12.0,0.0,4410
1984-02-18,-12.0,0.0,4414
1984-02-18,15.0,714.0,4421
1984-02-20,10.0,560.0,4422
1984-02-23,-11.0,238.0,4423
1984-02-24,-6.0,14.0,4417
1984-02-24,22.0,14.0,4424
1984-02-27,-19.0,70.0,4420
1984-02-29,-15.0,28.0,4427
1984-03-02,6.0,14.0,4428
1984-03-04,-12.0,112.0,4426
1984-03-06,-9.0,14.0,4432
1984-03-11,-4.0,42.0,4434
1984-03-13,-22.0,14.0,4437
1984-03-15,-10.0,70.0,4430
1984-03-15,15.0,56.0,4440
1984-03-15,12.0,252.0,4441
1984-03-16,-12.0,56.0,4431
1984-03-17,-15.0,196.0,4429
1984-03-17,-23.0,14.0,4444
1984-03-17,12.0,532.0,4450
1984-03-18,-10.0,182.0,4433
1984-03-19,-16.0,14.0,4442
1984-03-19,13.0,126.0,4446
1984-03-19,-13.0,0.0,4447
1984-03-20,-17.0,14.0,4436
1984-03-21,-4.0,14.0,4438
1984-03-21,-13.0,98.0,4449
1984-03-24,81.0,1.4,4445
1984-03-25,8.0,0.0,4448
1984-03-26,18.0,0.0,4452
1984-03-26,-15.0,28.0,4453
1984-03-26,-10.0,28.0,4454
1984-03-29,12.0,84.0,4443
1984-03-29,14.0,42.0,4457
1984-03-29,19.0,70.0,4458
1984-03-30,-12.0,70.0,4451
1984-03-31,-9.0,98.0,4460
1984-04-01,8.0,14.0,4459
1984-04-03,-15.0,56.0,4461
1984-04-04,-11.0,42.0,4456
1984-04-05,-12.0,14.0,4464
1984-04-06,2.0,0.0,4465
1984-04-09,-15.0,196.0,4455
1984-04-13,-11.0,14.0,4462
1984-04-15,-16.0,56.0,4469
1984-04-18,-21.0,0.0,4470
1984-04-18,-11.0,140.0,4472
1984-04-22,4.0,378.0,4471
1984-04-22,-17.0,0.0,4473
1984-04-23,8.0,266.0,4468
1984-04-26,18.0,14.0,4475
1984-05-01,29.0,0.7,4474
1984-05-01,1.0,0.2,4476
1984-05-04,-14.0,56.0,4477
1984-05-05,-21.0,14.0,4478
1984-05-05,-11.0,14.0,4479
1984-05-06,1.0,98.0,4480
1984-05-09,-10.0,42.0,4482
1984-05-12,-12.0,42.0,4484
1984-05-13,15.0,14.0,4486
1984-05-13,-13.0,14.0,4487
1984-05-15,-7.0,14.0,4483
1984-05-15,16.0,28.0,4488
1984-05-15,-14.0,42.0,4490
1984-05-16,-17.0,14.0,4489
1984-05-18,-11.0,0.0,4492
1984-05-19,-12.0,14.0,4485
1984-05-20,9.0,210.0,4481
1984-05-20,-11.0,112.0,4494
1984-05-21,-16.0,42.0,4493
1984-05-24,-6.0,42.0,4495
1984-05-25,5.0,14.0,4497
1984-05-26,-86.0,1.4,4500
1984-05-27,-1.0,0.3,4496
1984-05-27,-1.0,14.0,4498
1984-05-27,-18.0,14.0,4499
1984-05-30,-23.0,0.0,4506
1984-06-02,-10.0,14.0,4503
1984-06-03,7.0,210.0,4508
1984-06-05,-12.0,14.0,4507
1984-06-10,-2.0,0.0,4510
1984-06-11,-7.0,28.0,4511
1984-06-12,2.0,28.0,4512
1984-06-15,-5.0,140.0,4514
1984-06-15,9.0,28.0,4515
1984-06-16,2.0,14.0,4516
1984-06-17,16.0,28.0,4517
1984-06-19,18.0,0.0,4518
1984-06-20,-11.0,42.0,4509
1984-06-23,-6.0,14.0,4519
1984-06-23,-13.0,196.0,4521
1984-06-25,-5.0,84.0,4513
1984-06-25,-14.0,28.0,4522
1984-06-27,5.0,154.0,4523
1984-06-29,13.0,154.0,4525
1984-07-01,-14.0,56.0,4520
1984-07-01,3.0,28.0,4526
1984-07-03,9.0,14.0,4528
1984-07-03,4.0,42.0,4529
1984-07-04,9.0,70.0,4531
1984-07-04,-10.0,112.0,4532
1984-07-04,2.0,56.0,4533
1984-07-05,-3.0,14.0,4535
1984-07-06,-12.0,84.0,4536
1984-07-10,-7.0,0.0,4539
1984-07-12,-16.0,56.0,4541
1984-07-14,2.0,28.0,4540
1984-07-17,-11.0,0.0,4543
1984-07-19,-8.0,70.0,4537
1984-07-20,-13.0,14.0,4542
1984-07-20,22.0,28.0,4547
1984-07-21,10.0,28.0,4544
1984-07-22,-16.0,14.0,4548
1984-07-23,-18.0,56.0,4549
1984-07-25,-13.0,14.0,4546
1984-07-26,-7.0,14.0,4551
1984-07-27,-7.0,42.0,4545
1984-07-28,-19.0,0.5,4550
1984-08-01,-16.0,42.0,4552
1984-08-04,-8.0,14.0,4553
1984-08-07,2.0,14.0,4556
1984-08-08,13.0,14.0,4559
1984-08-11,9.0,14.0,4558
1984-08-15,13.0,14.0,4562
1984-08-17,8.0,0.0,4554
1984-08-17,4.0,14.0,4560
1984-08-17,-10.0,70.0,4564
1984-08-19,5.0,28.0,4563
1984-08-27,-14.0,28.0,4566
1984-08-30,-15.0,70.0,4565
1984-09-01,8.0,42.0,4569
1984-09-02,4.0,28.0,4571
1984-09-03,2.0,14.0,4573
1984-09-06,-6.0,294.0,4567
1984-09-06,72.0,1.4,4574
1984-09-09,-12.0,14.0,4572
1984-09-09,11.0,56.0,4575
1984-09-09,-4.0,42.0,4576
1984-09-24,-7.0,14.0,4579
1985-01-01,-11.0,14.0,4611
1985-01-09,6.0,14.0,4614
1985-01-20,4.0,0.0,4618
1985-01-21,-6.0,56.0,4616
1985-01-21,-6.0,28.0,4619
1985-01-26,-11.0,434.0,4617
1985-02-03,-14.0,28.0,4622
1985-02-06,-16.0,14.0,4620
1985-02-06,-7.0,14.0,4623
1985-02-08,17.0,28.0,4621
1985-02-09,-1.0,14.0,4625
1985-02-09,-12.0,42.0,4626
1985-02-15,9.0,42.0,4624
1985-02-24,-9.0,14.0,4628
1985-03-04,4.0,14.0,4629
1985-03-09,-2.0,28.0,4630
1985-03-09,-15.0,14.0,4631
1985-03-15,8.0,0.0,4632
1985-03-20,7.0,14.0,4635
1985-03-22,11.0,0.3,4633
1985-03-25,-7.0,28.0,4639
1985-03-26,3.0,14.0,4638
1985-04-01,11.0,0.0,4636
1985-04-02,-2.0,14.0,4641
1985-04-03,-22.0,42.0,4642
1985-04-04,6.0,98.0,4637
1985-04-04,-22.0,0.7,4640
1985-04-05,-16.0,0.0,4643
1985-04-10,-4.0,14.0,4644
1985-04-20,-55.0,1.1,4646
1985-04-26,-12.0,14.0,4634
1985-04-27,0.0,28.0,4648
1985-05-03,5.0,238.0,4647
1985-05-03,4.0,0.0,4650
1985-05-03,10.0,28.0,4651
1985-05-08,-13.0,420.0,4652
1985-05-09,7.0,0.0,4653
1985-05-13,6.0,14.0,4649
1985-05-14,5.0,0.0,4654
1985-05-18,8.0,140.0,4656
1985-05-28,-7.0,28.0,4655
1985-05-31,4.0,0.0,4658
1985-06-04,-4.0,0.0,4659
1985-06-04,-14.0,126.0,4660
1985-06-06,-20.0,28.0,4661
1985-06-11,0.0,42.0,4664
1985-06-15,-10.0,14.0,4665
1985-06-16,-10.0,42.0,4666
1985-06-17,-13.0,56.0,4662
1985-06-19,-1.0,42.0,4663
1985-06-24,71.0,1.3,4667
1985-06-24,-14.0,28.0,4668
1985-06-29,-8.0,98.0,4670
1985-07-02,-8.0,14.0,4669
1985-07-05,-18.0,28.0,4672
1985-07-07,5.0,0.3,4674
1985-07-10,1.0,0.0,4675
1985-07-14,-15.0,154.0,4671
1985-07-16,3.0,14.0,4676
1985-07-17,-14.0,126.0,4677
1985-07-23,-13.0,0.0,4678
1985-07-27,2.0,14.0,4679
1985-07-27,7.0,154.0,4680
1985-07-29,-11.0,28.0,4681
1985-07-31,-7.0,14.0,4683
1985-08-09,-1.0,14.0,4687
1985-08-09,11.0,14.0,4688
1985-08-10,-15.0,42.0,4682
1985-08-19,-11.0,14.0,4689
1985-08-21,-17.0,28.0,4690
1985-08-26,8.0,0.0,4692
1985-08-28,5.0,14.0,4691
1985-09-12,19.0,14.0,4693
1985-09-14,-10.0,28.0,4694
1985-09-30,-14.0,14.0,4695
1986-01-17,-12.0,84.0,4710
1986-01-31,-8.0,182.0,4711
1986-02-06,-4.0,28.0,4712
1986-02-15,0.0,392.0,4713
1986-02-21,-2.0,14.0,4714
1986-03-02,-3.0,14.0,4716
1986-03-02,0.0,490.0,4717
1986-03-05,4.0,14.0,4718
1986-03-24,3.0,14.0,4720
1986-03-25,-12.0,14.0,4719
1986-04-04,-2.0,14.0,4721
1986-04-09,-8.0,14.0,4722
1986-04-11,-10.0,14.0,4723
1986-04-15,-8.0,14.0,4724
1986-04-15,0.0,84.0,4725
1986-05-01,4.0,154.0,4726
1986-05-03,7.0,70.0,4727
1986-05-05,8.0,14.0,4728
1986-05-16,4.0,28.0,4729
1986-05-18,5.0,14.0,4730
1986-05-31,8.0,14.0,4731
1986-06-02,-2.0,14.0,4732
1986-07-06,1.0,14.0,4735
1986-07-09,26.0,98.0,4734
1986-07-13,3.0,28.0,4737
1986-07-14,7.0,84.0,4736
1986-07-16,6.0,56.0,4738
1986-07-18,-6.0,14.0,4739
1986-07-21,7.0,28.0,4740
1986-07-28,11.0,126.0,4741
1986-08-17,1.0,0.0,4742
1986-08-21,-11.0,14.0,4743
1986-09-05,5.0,56.0,4744
1986-09-07,28.0,42.0,4745
1986-09-30,6.0,98.0,4746
1987-01-08,5.0,0.0,4763
1987-01-15,-24.0,14.0,4764
1987-01-19,-24.0,14.0,4766
1987-01-26,13.0,0.0,4767
1987-01-27,-25.0,14.0,4765
1987-01-28,-38.0,0.0,4768
1987-02-10,-5.0,14.0,4769
1987-02-12,3.0,0.0,4770
1987-02-16,18.0,14.0,4771
1987-02-21,-24.0,0.0,4772
1987-02-25,37.0,56.0,4773
1987-03-04,-34.0,14.0,4775
1987-03-06,-22.0,42.0,4777
1987-03-12,5.0,42.0,4778
1987-03-15,-32.0,56.0,4779
1987-03-15,-19.0,0.0,4780
1987-03-25,4.0,14.0,4782
1987-03-26,4.0,238.0,4783
1987-03-27,24.0,14.0,4781
1987-04-01,32.0,14.0,4784
1987-04-07,-32.0,182.0,4787
1987-04-10,-24.0,14.0,4788
1987-04-10,-16.0,0.0,4792
1987-04-12,25.0,28.0,4791
1987-04-16,-22.0,126.0,4786
1987-04-19,28.0,0.0,4793
1987-04-19,30.0,14.0,4794
1987-04-20,-7.0,56.0,4789
1987-04-20,-31.0,336.0,4790
1987-04-22,-41.0,0.0,4796
1987-04-22,4.0,42.0,4797
1987-04-25,-26.0,0.0,4795
1987-04-25,12.0,0.0,4800
1987-04-27,27.0,56.0,4798
1987-05-01,-23.0,42.0,4804
1987-05-03,5.0,14.0,4805
1987-05-04,34.0,14.0,4801
1987-05-05,-30.0,14.0,4803
1987-05-05,-32.0,168.0,4806
1987-05-10,-6.0,14.0,4807
1987-05-14,28.0,14.0,4809
1987-05-15,-25.0,28.0,4810
1987-05-16,29.0,308.0,4811
1987-05-20,-19.0,28.0,4808
1987-06-03,22.0,14.0,4812
1987-06-13,27.0,14.0,4815
1987-06-14,-12.0,0.0,4813
1987-06-14,-19.0,14.0,4814
1987-06-19,-4.0,14.0,4816
1987-06-19,-31.0,84.0,4817
1987-06-21,-20.0,0.0,4818
1987-06-26,29.0,56.0,4820
1987-06-29,-31.0,14.0,4821
1987-06-30,20.0,154.0,4819
1987-07-11,-17.0,28.0,4822
1987-07-17,27.0,28.0,4823
1987-07-21,-23.0,70.0,4827
1987-07-23,-19.0,14.0,4830
1987-07-24,22.0,14.0,4828
1987-07-24,28.0,168.0,4831
1987-07-25,-25.0,0.0,4825
1987-07-27,-19.0,14.0,4829
1987-07-28,-29.0,224.0,4826
1987-07-29,-32.0,42.0,4824
1987-08-01,-28.0,42.0,4832
1987-08-02,21.0,14.0,4833
1987-08-03,22.0,0.0,4836
1987-08-07,16.0,84.0,4834
1987-08-09,58.0,14.0,4838
1987-08-10,-27.0,168.0,4839
1987-08-12,6.0,14.0,4837
1987-08-12,23.0,14.0,4840
1987-08-13,-25.0,28.0,4835
1987-08-13,-23.0,56.0,4842
1987-08-15,18.0,14.0,4843
1987-08-17,-24.0,14.0,4844
1987-08-22,16.0,56.0,4845
1987-08-26,-29.0,126.0,4841
1987-08-28,19.0,196.0,4846
1987-08-28,-21.0,14.0,4847
1987-08-31,-25.0,14.0,4848
1987-09-03,-17.0,14.0,4850
1987-09-07,-26.0,42.0,4851
1987-09-09,27.0,28.0,4852
1987-09-11,-32.0,112.0,4853
1987-09-13,23.0,14.0,4854
1987-09-14,-23.0,28.0,4849
1987-09-23,-21.0,28.0,4858
1987-09-25,-30.0,70.0,4857
1987-09-29,-27.0,28.0,4856
1987-09-29,-20.0,14.0,4859
1987-09-30,13.0,14.0,4855
1987-09-30,30.0,140.0,4860
1988-01-01,-22.0,14.0,4917
1988-01-03,-35.0,42.0,4915
1988-01-03,-9.0,14.0,4916
1988-01-05,19.0,14.0,4918
1988-01-05,27.0,14.0,4919
1988-01-08,-34.0,56.0,4912
1988-01-11,-8.0,14.0,4922
1988-01-13,-23.0,56.0,4920
1988-01-13,-23.0,0.0,4924
1988-01-14,-24.0,14.0,4926
1988-01-16,26.0,14.0,4923
1988-01-16,17.0,28.0,4928
1988-01-19,-27.0,14.0,4921
1988-01-21,22.0,14.0,4930
1988-01-21,-24.0,14.0,4932
1988-01-25,-33.0,14.0,4935
1988-01-26,-37.0,14.0,4925
1988-01-27,-20.0,210.0,4927
1988-01-28,-30.0,84.0,4931
1988-01-29,18.0,112.0,4938
1988-01-30,21.0,126.0,4934
1988-01-30,19.0,84.0,4939
1988-01-31,-13.0,14.0,4936
1988-01-31,-27.0,0.0,4941
1988-02-01,-29.0,14.0,4933
1988-02-02,17.0,14.0,4942
1988-02-02,28.0,14.0,4943
1988-02-06,18.0,42.0,4937
1988-02-09,-36.0,14.0,4947
1988-02-13,28.0,14.0,4946
1988-02-14,-16.0,42.0,4950
1988-02-19,19.0,14.0,4948
1988-02-21,-9.0,98.0,4951
1988-02-22,40.0,14.0,4952
1988-02-25,-19.0,14.0,4954
1988-02-26,21.0,392.0,4949
1988-02-27,30.0,28.0,4955
1988-02-27,21.0,28.0,4956
1988-02-28,17.0,42.0,4957
1988-03-02,-24.0,42.0,4960
1988-03-03,-20.0,28.0,4959
1988-03-06,-33.0,28.0,4962
1988-03-10,-22.0,70.0,4958
1988-03-11,21.0,42.0,4961
1988-03-12,23.0,42.0,4965
1988-03-12,-23.0,28.0,4967
1988-03-13,-26.0,28.0,4966
1988-03-14,29.0,28.0,4963
1988-03-16,-13.0,0.0,4968
1988-03-16,-25.0,14.0,4969
1988-03-22,28.0,14.0,4973
1988-03-22,-33.0,14.0,4974
1988-03-23,-29.0,42.0,4970
1988-03-26,-26.0,140.0,4964
1988-03-29,24.0,14.0,4976
1988-04-01,24.0,14.0,4972
1988-04-03,17.0,42.0,4979
1988-04-03,16.0,14.0,4980
1988-04-04,19.0,238.0,4981
1988-04-07,24.0,42.0,4975
1988-04-07,-20.0,84.0,4977
1988-04-07,32.0,0.0,4984
1988-04-08,-19.0,126.0,4978
1988-04-08,-18.0,56.0,4985
1988-04-10,-19.0,56.0,4987
1988-04-12,23.0,154.0,4990
1988-04-12,20.0,56.0,4991
1988-04-12,-17.0,28.0,4992
1988-04-13,-23.0,0.0,4994
1988-04-15,26.0,28.0,4982
1988-04-18,-21.0,28.0,4993
1988-04-18,-27.0,0.0,4997
1988-04-20,-31.0,28.0,4983
1988-04-20,17.0,182.0,4986
1988-04-20,-33.0,28.0,4996
1988-04-20,-27.0,14.0,4998
1988-04-21,-25.0,14.0,5000
1988-04-22,-16.0,42.0,4989
1988-04-24,-14.0,28.0,4999
1988-04-25,-20.0,84.0,5002
1988-04-26,24.0,84.0,4995
1988-05-01,-19.0,28.0,5004
1988-05-01,21.0,14.0,5006
1988-05-02,-22.0,14.0,5003
1988-05-03,17.0,42.0,5008
1988-05-04,25.0,28.0,5009
1988-05-05,18.0,28.0,5007
1988-05-05,-26.0,56.0,5010
1988-05-06,-17.0,56.0,5001
1988-05-06,17.0,98.0,5012
1988-05-07,-21.0,196.0,5005
1988-05-08,3.0,14.0,5013
1988-05-10,-35.0,28.0,5015
1988-05-10,-12.0,14.0,5017
1988-05-11,12.0,0.0,5019
1988-05-12,-27.0,28.0,5016
1988-05-13,24.0,14.0,5011
1988-05-14,14.0,28.0,5020
1988-05-15,8.0,14.0,5021
1988-05-16,-37.0,14.0,5024
1988-05-19,-19.0,42.0,5014
1988-05-20,23.0,14.0,5023
1988-05-20,-21.0,28.0,5025
1988-05-21,-17.0,84.0,5018
1988-05-22,24.0,0.0,5022
1988-05-22,-15.0,28.0,5026
1988-05-22,-24.0,56.0,5027
1988-05-28,27.0,14.0,5030
1988-05-30,17.0,140.0,5032
1988-06-02,-22.0,14.0,5028
1988-06-05,40.0,14.0,5033
1988-06-05,-16.0,84.0,5036
1988-06-08,14.0,28.0,5035
1988-06-09,25.0,28.0,5043
1988-06-11,-26.0,168.0,5038
1988-06-12,27.0,252.0,5031
1988-06-12,15.0,98.0,5037
1988-06-13,33.0,28.0,5039
1988-06-13,29.0,42.0,5040
1988-06-14,-22.0,14.0,5034
1988-06-14,-36.0,14.0,5045
1988-06-14,24.0,0.0,5046
1988-06-15,37.0,112.0,5048
1988-06-15,-28.0,14.0,5049
1988-06-16,-22.0,14.0,5050
1988-06-17,30.0,0.0,5052
1988-06-19,-20.0,70.0,5053
1988-06-20,19.0,14.0,5044
1988-06-20,-22.0,0.0,5054
1988-06-21,16.0,14.0,5041
1988-06-21,-23.0,14.0,5055
1988-06-24,-17.0,56.0,5058
1988-06-25,15.0,28.0,5059
1988-06-27,36.0,28.0,5051
1988-06-27,13.0,42.0,5062
1988-06-28,-17.0,1260.0,5047
1988-06-29,19.0,14.0,5063
1988-07-01,-24.0,42.0,5056
1988-07-05,-9.0,14.0,5067
1988-07-06,-14.0,14.0,5070
1988-07-07,-20.0,56.0,5066
1988-07-07,22.0,112.0,5071
1988-07-09,-18.0,420.0,5060
1988-07-09,19.0,14.0,5072
1988-07-10,27.0,70.0,5061
1988-07-11,29.0,0.0,5068
1988-07-17,24.0,42.0,5069
1988-07-18,-21.0,56.0,5077
1988-07-19,29.0,28.0,5073
1988-07-19,37.0,14.0,5078
1988-07-19,-18.0,28.0,5080
1988-07-22,-13.0,14.0,5076
1988-07-22,32.0,14.0,5083
1988-07-23,-16.0,140.0,5079
1988-07-23,12.0,168.0,5085
1988-07-23,-31.0,14.0,5086
1988-07-24,-15.0,70.0,5074
1988-07-25,-21.0,406.0,5075
1988-07-25,-21.0,0.0,5081
1988-07-26,21.0,14.0,5088
1988-07-27,24.0,14.0,5082
1988-07-27,26.0,126.0,5092
1988-07-28,-23.0,14.0,5087
1988-07-28,-23.0,14.0,5091
1988-07-28,22.0,14.0,5094
1988-07-28,32.0,84.0,5095
1988-07-29,17.0,14.0,5089
1988-07-30,27.0,28.0,5093
1988-07-31,-23.0,14.0,5097
1988-08-04,-18.0,28.0,5098
1988-08-04,22.0,84.0,5099
1988-08-04,29.0,84.0,5100
1988-08-05,-20.0,196.0,5084
1988-08-05,15.0,196.0,5090
1988-08-07,23.0,28.0,5096
1988-08-07,-18.0,84.0,5102
1988-08-07,18.0,0.0,5103
1988-08-08,23.0,112.0,5106
1988-08-09,31.0,14.0,5107
1988-08-12,-27.0,0.0,5110
1988-08-13,-11.0,42.0,5101
1988-08-13,24.0,28.0,5109
1988-08-15,-9.0,0.0,5111
1988-08-15,6.0,0.0,5112
1988-08-18,-17.0,14.0,5113
1988-08-18,-24.0,14.0,5114
1988-08-20,15.0,280.0,5105
1988-08-20,32.0,0.0,5116
1988-08-21,-21.0,140.0,5108
1988-08-22,16.0,14.0,5121
1988-08-23,17.0,14.0,5122
1988-08-23,22.0,0.0,5123
1988-08-24,-37.0,14.0,5124
1988-08-26,-21.0,14.0,5118
1988-08-26,22.0,14.0,5128
1988-08-27,-14.0,84.0,5129
1988-08-30,28.0,14.0,5125
1988-08-30,21.0,210.0,5127
1988-08-30,35.0,14.0,5132
1988-08-31,19.0,42.0,5117
1988-08-31,-18.0,0.0,5120
1988-09-01,15.0,84.0,5115
1988-09-01,13.0,98.0,5130
1988-09-02,26.0,28.0,5133
1988-09-04,33.0,28.0,5134
1988-09-05,-20.0,84.0,5137
1988-09-05,36.0,56.0,5139
1988-09-07,-20.0,280.0,5126
1988-09-08,-17.0,14.0,5143
1988-09-09,17.0,14.0,5135
1988-09-09,15.0,56.0,5136
1988-09-09,15.0,14.0,5144
1988-09-10,-21.0,224.0,5131
1988-09-11,-28.0,14.0,5140
1988-09-12,19.0,42.0,5141
1988-09-13,31.0,14.0,5146
1988-09-13,-25.0,14.0,5147
1988-09-14,23.0,0.0,5150
1988-09-16,17.0,14.0,5145
1988-09-16,23.0,14.0,5153
1988-09-16,20.0,14.0,5154
1988-09-17,15.0,84.0,5138
1988-09-17,-15.0,84.0,5156
1988-09-18,-19.0,70.0,5149
1988-09-20,29.0,28.0,5159
1988-09-20,-29.0,14.0,5160
1988-09-20,25.0,14.0,5162
1988-09-20,-38.0,14.0,5167
1988-09-21,33.0,56.0,5161
1988-09-21,21.0,42.0,5163
1988-09-22,31.0,28.0,5142
1988-09-22,-17.0,14.0,5155
1988-09-24,-10.0,238.0,5148
1988-09-24,18.0,252.0,5168
1988-09-24,-23.0,14.0,5169
1988-09-25,30.0,14.0,5152
1988-09-25,-17.0,14.0,5157
1988-09-25,26.0,0.0,5170
1988-09-26,21.0,0.0,5165
1988-09-26,18.0,0.0,5174
1988-09-27,19.0,14.0,5164
1988-09-27,-26.0,224.0,5171
1988-09-29,-20.0,14.0,5172
1988-09-30,-35.0,70.0,5158
1988-09-30,18.0,14.0,5166
1988-09-30,28.0,14.0,5173
1989-01-01,22.0,126.0,5285
1989-01-01,27.0,0.0,5302
1989-01-02,23.0,0.0,5304
1989-01-03,23.0,280.0,5290
1989-01-03,10.0,126.0,5305
1989-01-03,17.0,28.0,5306
1989-01-03,24.0,238.0,5307
1989-01-04,-17.0,266.0,5292
1989-01-04,16.0,112.0,5296
1989-01-04,-41.0,28.0,5300
1989-01-05,-25.0,28.0,5310
1989-01-06,-31.0,98.0,5312
1989-01-06,27.0,14.0,5313
1989-01-06,32.0,28.0,5315
1989-01-07,-16.0,42.0,5297
1989-01-07,-19.0,350.0,5303
1989-01-09,-18.0,42.0,5301
1989-01-09,-33.0,28.0,5316
1989-01-11,28.0,126.0,5318
1989-01-11,-19.0,28.0,5319
1989-01-11,-19.0,84.0,5320
1989-01-12,19.0,266.0,5321
1989-01-14,-16.0,14.0,5322
1989-01-17,-19.0,126.0,5309
1989-01-18,-17.0,84.0,5311
1989-01-18,23.0,70.0,5324
1989-01-19,27.0,14.0,5325
1989-01-19,-19.0,28.0,5326
1989-01-20,29.0,14.0,5327
1989-01-21,26.0,14.0,5333
1989-01-22,23.0,14.0,5328
1989-01-22,-17.0,168.0,5330
1989-01-23,23.0,280.0,5317
1989-01-24,17.0,28.0,5331
1989-01-24,-15.0,42.0,5332
1989-01-26,-21.0,238.0,5334
1989-01-28,19.0,112.0,5323
1989-01-30,-15.0,14.0,5335
1989-01-30,21.0,14.0,5338
1989-01-31,-20.0,14.0,5337
1989-01-31,-21.0,112.0,5339
1989-02-01,-16.0,84.0,5340
1989-02-01,-26.0,84.0,5341
1989-02-01,24.0,14.0,5343
1989-02-02,-5.0,28.0,5342
1989-02-03,21.0,14.0,5329
1989-02-03,10.0,28.0,5344
1989-02-03,16.0,98.0,5347
1989-02-04,-20.0,42.0,5336
1989-02-04,19.0,28.0,5345
1989-02-04,13.0,14.0,5350
1989-02-04,30.0,0.0,5351
1989-02-04,-31.0,0.0,5353
1989-02-05,-26.0,14.0,5346
1989-02-05,36.0,14.0,5348
1989-02-07,20.0,84.0,5355
1989-02-08,-15.0,210.0,5356
1989-02-09,22.0,14.0,5349
1989-02-10,17.0,0.0,5365
1989-02-11,-18.0,28.0,5359
1989-02-11,28.0,70.0,5360
1989-02-12,18.0,182.0,5362
1989-02-13,-16.0,14.0,5361
1989-02-13,22.0,0.0,5364
1989-02-15,-28.0,0.0,5358
1989-02-15,-38.0,14.0,5363
1989-02-16,-22.0,140.0,5369
1989-02-17,16.0,14.0,5372
1989-02-17,15.0,14.0,5373
1989-02-19,32.0,210.0,5354
1989-02-20,-10.0,70.0,5374
1989-02-21,17.0,56.0,5357
1989-02-21,25.0,28.0,5366
1989-02-21,-25.0,0.0,5375
1989-02-22,28.0,28.0,5367
1989-02-23,30.0,0.0,5371
1989-02-24,-22.0,28.0,5379
1989-02-24,37.0,28.0,5380
1989-02-27,-12.0,378.0,5368
1989-03-01,28.0,42.0,5376
1989-03-01,-16.0,14.0,5382
1989-03-02,-19.0,28.0,5384
1989-03-02,22.0,14.0,5386
1989-03-02,-19.0,28.0,5387
1989-03-03,15.0,182.0,5378
1989-03-03,-23.0,0.0,5388
1989-03-03,13.0,14.0,5389
1989-03-04,-9.0,70.0,5390
1989-03-05,-18.0,14.0,5391
1989-03-05,26.0,42.0,5392
1989-03-07,13.0,182.0,5377
1989-03-07,-36.0,28.0,5394
1989-03-07,-32.0,14.0,5396
1989-03-08,18.0,490.0,5383
1989-03-08,34.0,42.0,5397
1989-03-10,13.0,28.0,5400
1989-03-11,11.0,0.0,5399
1989-03-12,24.0,56.0,5385
1989-03-13,17.0,14.0,5393
1989-03-13,31.0,14.0,5402
1989-03-13,-13.0,224.0,5403
1989-03-13,33.0,42.0,5404
1989-03-15,16.0,14.0,5405
1989-03-15,-12.0,0.0,5418
1989-03-16,-18.0,14.0,5401
1989-03-16,-15.0,14.0,5408
1989-03-16,21.0,28.0,5409
1989-03-17,-16.0,56.0,5410
1989-03-18,-12.0,56.0,5412
1989-03-20,34.0,784.0,5395
1989-03-20,-15.0,140.0,5398
1989-03-20,-22.0,0.0,5416
1989-03-21,-26.0,434.0,5417
1989-03-22,-16.0,28.0,5406
1989-03-22,19.0,28.0,5407
1989-03-22,15.0,84.0,5419
1989-03-23,25.0,154.0,5413
1989-03-23,-18.0,0.0,5421
1989-03-24,-21.0,14.0,5415
1989-03-24,20.0,84.0,5422
1989-03-27,-20.0,42.0,5414
1989-03-27,15.0,0.0,5420
1989-03-27,14.0,14.0,5426
1989-03-28,-29.0,14.0,5423
1989-03-29,12.0,28.0,5411
1989-03-31,-11.0,42.0,5424
1989-03-31,-27.0,14.0,5430
1989-04-01,37.0,14.0,5431
1989-04-01,-27.0,28.0,5432
1989-04-02,-23.0,42.0,5434
1989-04-03,-28.0,28.0,5436
1989-04-04,16.0,98.0,5838
1989-04-05,22.0,56.0,5435
1989-04-05,37.0,14.0,5437
1989-04-05,34.0,70.0,5441
1989-04-10,16.0,42.0,5427
1989-04-10,30.0,14.0,5442
1989-04-11,31.0,14.0,5440
1989-04-11,26.0,14.0,5445
1989-04-12,-19.0,266.0,5428
1989-04-12,17.0,14.0,5433
1989-04-12,-10.0,0.0,5439
1989-04-12,14.0,84.0,5450
1989-04-13,-17.0,28.0,5446
1989-04-13,10.0,84.0,5451
1989-04-14,19.0,28.0,5455
1989-04-16,-16.0,42.0,5438
1989-04-16,-16.0,70.0,5452
1989-04-17,-28.0,42.0,5448
1989-04-17,-23.0,98.0,5454
1989-04-20,17.0,84.0,5444
1989-04-22,6.0,70.0,5458
1989-04-22,-27.0,14.0,5461
1989-04-23,-20.0,224.0,5449
1989-04-24,30.0,28.0,5457
1989-04-24,-17.0,14.0,5462
1989-04-25,12.0,70.0,5463
1989-04-26,-9.0,56.0,5459
1989-04-26,28.0,14.0,5467
1989-04-28,17.0,28.0,5453
1989-04-28,-32.0,14.0,5466
1989-04-29,-11.0,14.0,5465
1989-05-02,-39.0,14.0,5469
1989-05-02,-22.0,70.0,5471
1989-05-02,22.0,14.0,5472
1989-05-03,32.0,42.0,5456
1989-05-03,-21.0,42.0,5460
1989-05-03,-23.0,0.0,5473
1989-05-04,15.0,0.0,5474
1989-05-05,28.0,70.0,5468
1989-05-07,9.0,0.0,5477
1989-05-08,-8.0,14.0,5475
1989-05-08,28.0,70.0,5478
1989-05-09,-19.0,476.0,5464
1989-05-09,-26.0,14.0,5482
1989-05-09,16.0,14.0,5483
1989-05-11,-22.0,112.0,5480
1989-05-11,-10.0,56.0,5486
1989-05-11,18.0,84.0,5487
1989-05-12,-23.0,14.0,5485
1989-05-13,28.0,42.0,5470
1989-05-13,11.0,14.0,5479
1989-05-15,-25.0,84.0,5490
1989-05-17,-29.0,112.0,5476
1989-05-17,-17.0,84.0,5494
1989-05-18,13.0,0.0,5493
1989-05-20,-21.0,42.0,5492
1989-05-21,-19.0,42.0,5481
1989-05-21,9.0,28.0,5484
1989-05-21,33.0,14.0,5501
1989-05-22,-7.0,14.0,5502
1989-05-23,17.0,42.0,5489
1989-05-23,-19.0,56.0,5503
1989-05-24,22.0,28.0,5504
1989-05-24,-19.0,280.0,5505
1989-05-24,21.0,84.0,5506
1989-05-25,-26.0,14.0,5508
1989-05-26,19.0,84.0,5488
1989-05-26,-16.0,84.0,5491
1989-05-26,-5.0,0.0,5499
1989-05-26,-12.0,14.0,5500
1989-05-27,24.0,84.0,5495
1989-05-27,13.0,14.0,5496
1989-05-28,32.0,126.0,5498
1989-05-28,-20.0,14.0,5513
1989-05-30,-19.0,210.0,5497
1989-05-30,12.0,14.0,5512
1989-05-30,18.0,84.0,5514
1989-05-31,-9.0,70.0,5509
1989-05-31,15.0,14.0,5516
1989-06-01,-19.0,56.0,5517
1989-06-02,30.0,14.0,5518
1989-06-04,-16.0,70.0,5510
1989-06-04,-26.0,154.0,5520
1989-06-04,-19.0,588.0,5521
1989-06-04,26.0,70.0,5522
1989-06-06,29.0,70.0,5507
1989-06-06,-22.0,140.0,5515
1989-06-07,-19.0,112.0,5511
1989-06-08,27.0,0.0,5527
1989-06-08,20.0,28.0,5528
1989-06-09,27.0,14.0,5523
1989-06-10,-20.0,0.0,5519
1989-06-10,10.0,14.0,5529
1989-06-11,17.0,0.0,5525
1989-06-11,12.0,14.0,5534
1989-06-12,30.0,56.0,5535
1989-06-14,-7.0,0.0,5532
1989-06-14,20.0,14.0,5538
1989-06-14,-9.0,0.0,5541
1989-06-15,-6.0,14.0,5539
1989-06-15,18.0,28.0,5543
1989-06-16,21.0,70.0,5544
1989-06-17,9.0,28.0,5526
1989-06-17,18.0,126.0,5531
1989-06-17,8.0,14.0,5547
1989-06-17,-22.0,14.0,5548
1989-06-18,-19.0,28.0,5524
1989-06-18,9.0,0.0,5546
1989-06-18,-21.0,0.0,5550
1989-06-19,10.0,98.0,5545
1989-06-19,-12.0,14.0,5551
1989-06-20,-24.0,14.0,5553
1989-06-20,-29.0,14.0,5554
1989-06-20,15.0,14.0,5567
1989-06-21,-23.0,14.0,5540
1989-06-21,-19.0,84.0,5556
1989-06-21,-19.0,84.0,5561
1989-06-22,-10.0,42.0,5530
1989-06-22,17.0,98.0,5536
1989-06-22,16.0,56.0,5557
1989-06-22,7.0,154.0,5558
1989-06-23,-17.0,252.0,5533
1989-06-23,-15.0,28.0,5563
1989-06-23,24.0,14.0,5565
1989-06-24,24.0,14.0,5537
1989-06-24,26.0,28.0,5564
1989-06-25,13.0,0.0,5566
1989-06-28,-19.0,56.0,5542
1989-06-28,29.0,0.0,5560
1989-06-29,-27.0,0.0,5568
1989-06-30,13.0,14.0,5570
1989-06-30,-15.0,70.0,5572
1989-07-01,-17.0,70.0,5549
1989-07-02,-17.0,42.0,5552
1989-07-02,-15.0,98.0,5574
1989-07-02,23.0,42.0,5575
1989-07-02,11.0,14.0,5576
1989-07-03,25.0,168.0,5555
1989-07-03,14.0,14.0,5578
1989-07-05,21.0,28.0,5559
1989-07-05,31.0,14.0,5577
1989-07-05,-10.0,140.0,5579
1989-07-06,19.0,28.0,5569
1989-07-06,17.0,28.0,5581
1989-07-06,25.0,70.0,5582
1989-07-07,-28.0,14.0,5584
1989-07-07,-13.0,42.0,5585
1989-07-07,-18.0,42.0,5586
1989-07-08,19.0,14.0,5571
1989-07-09,-18.0,14.0,5587
1989-07-11,26.0,140.0,5589
1989-07-11,11.0,84.0,5590
1989-07-13,13.0,14.0,5573
1989-07-13,22.0,14.0,5583
1989-07-13,10.0,14.0,5588
1989-07-14,13.0,14.0,5591
1989-07-14,-5.0,0.0,5594
1989-07-15,-11.0,0.0,5592
1989-07-16,-8.0,0.0,5595
1989-07-16,18.0,0.0,5596
1989-07-16,-11.0,126.0,5597
1989-07-18,14.0,28.0,5593
1989-07-18,28.0,140.0,5599
1989-07-19,-20.0,14.0,5600
1989-07-20,25.0,126.0,5601
1989-07-20,19.0,14.0,5602
1989-07-22,-14.0,28.0,5607
1989-07-23,-19.0,196.0,5608
1989-07-23,-16.0,0.0,5609
1989-07-24,13.0,14.0,5610
1989-07-26,28.0,196.0,5603
1989-07-28,12.0,14.0,5605
1989-07-28,-33.0,42.0,5606
1989-07-29,-21.0,168.0,5598
1989-07-29,11.0,14.0,5614
1989-07-29,-6.0,14.0,5615
1989-07-30,-37.0,14.0,5611
1989-07-30,22.0,28.0,5613
1989-07-30,-12.0,28.0,5619
1989-07-30,26.0,14.0,5620
1989-07-31,-19.0,14.0,5616
1989-07-31,-28.0,14.0,5621
1989-08-01,-13.0,126.0,5623
1989-08-02,14.0,14.0,5624
1989-08-02,16.0,70.0,5625
1989-08-03,-18.0,126.0,5626
1989-08-03,20.0,56.0,5630
1989-08-04,-8.0,14.0,5618
1989-08-04,19.0,14.0,5632
1989-08-05,18.0,42.0,5617
1989-08-06,-40.0,112.0,5627
1989-08-06,-14.0,70.0,5634
1989-08-07,14.0,126.0,5635
1989-08-08,24.0,42.0,5631
1989-08-09,29.0,168.0,5639
1989-08-10,-17.0,210.0,5612
1989-08-10,14.0,0.0,5640
1989-08-11,8.0,14.0,5628
1989-08-11,15.0,56.0,5641
1989-08-12,-26.0,238.0,5622
1989-08-12,-21.0,14.0,5638
1989-08-16,28.0,56.0,5649
1989-08-17,-11.0,42.0,5629
1989-08-17,-24.0,42.0,5633
1989-08-18,-14.0,14.0,5650
1989-08-19,7.0,14.0,5648
1989-08-19,-20.0,70.0,5652
1989-08-20,25.0,28.0,5636
1989-08-21,27.0,98.0,5637
1989-08-22,23.0,168.0,5655
1989-08-23,-2.0,0.2,5651
1989-08-23,26.0,14.0,5656
1989-08-23,-13.0,0.0,5659
1989-08-24,-26.0,42.0,5658
1989-08-24,14.0,0.0,5661
1989-08-24,-26.0,0.0,5664
1989-08-25,16.0,630.0,5643
1989-08-25,23.0,0.0,5654
1989-08-26,19.0,126.0,5644
1989-08-26,-22.0,266.0,5646
1989-08-27,27.0,70.0,5645
1989-08-27,-41.0,42.0,5665
1989-08-28,32.0,42.0,5647
1989-08-28,-20.0,14.0,5657
1989-08-28,-17.0,14.0,5663
1989-08-28,23.0,28.0,5667
1989-08-29,17.0,14.0,5660
1989-08-29,32.0,84.0,5668
1989-08-31,-35.0,28.0,5666
1989-09-01,-21.0,28.0,5653
1989-09-01,-19.0,1148.0,5671
1989-09-04,23.0,28.0,5674
1989-09-04,27.0,56.0,5676
1989-09-06,-18.0,14.0,5662
1989-09-06,19.0,14.0,5678
1989-09-06,16.0,14.0,5681
1989-09-07,29.0,42.0,5684
1989-09-07,7.0,14.0,5685
1989-09-07,19.0,0.0,5686
1989-09-07,20.0,42.0,5687
1989-09-08,-26.0,308.0,5670
1989-09-08,22.0,0.0,5673
1989-09-08,17.0,28.0,5675
1989-09-09,-11.0,196.0,5689
1989-09-11,-22.0,14.0,5692
1989-09-13,-19.0,84.0,5669
1989-09-13,-16.0,56.0,5691
1989-09-13,30.0,14.0,5695
1989-09-14,25.0,210.0,5672
1989-09-14,23.0,42.0,5688
1989-09-15,15.0,14.0,5696
1989-09-16,24.0,84.0,5682
1989-09-16,-15.0,0.0,5699
1989-09-17,-11.0,14.0,5693
1989-09-18,19.0,154.0,5683
1989-09-18,-33.0,0.0,5700
1989-09-18,-25.0,0.0,5701
1989-09-19,17.0,140.0,5680
1989-09-20,31.0,336.0,5697
1989-09-20,-21.0,14.0,5703
1989-09-22,20.0,42.0,5690
1989-09-22,36.0,14.0,5704
1989-09-23,-18.0,14.0,5706
1989-09-24,26.0,112.0,5694
1989-09-25,21.0,28.0,5705
1989-09-25,-11.0,14.0,5709
1989-09-26,-19.0,28.0,5702
1989-09-26,-15.0,14.0,5707
1989-09-26,-14.0,28.0,5708
1989-09-28,31.0,126.0,5710
1989-09-28,-19.0,322.0,5712
1989-09-29,-26.0,490.0,5698
1989-09-29,23.0,0.0,5713
1989-09-29,29.0,154.0,5714
1989-09-29,19.0,0.0,5717
1989-09-30,19.0,14.0,5711
1989-09-30,-24.0,14.0,5715
1989-09-30,15.0,56.0,5716
1990-01-01,26.0,28.0,5848
1990-01-02,-11.0,14.0,5860
1990-01-03,-15.0,14.0,5870
1990-01-04,-26.0,756.0,5852
1990-01-04,25.0,406.0,5854
1990-01-05,-8.0,112.0,5853
1990-01-05,-19.0,112.0,5858
1990-01-05,-23.0,112.0,5867
1990-01-06,-23.0,98.0,5875
1990-01-07,-27.0,42.0,5869
1990-01-07,28.0,14.0,5876
1990-01-08,16.0,504.0,5862
1990-01-08,-24.0,14.0,5872
1990-01-08,-10.0,126.0,5877
1990-01-10,12.0,126.0,5878
1990-01-11,15.0,280.0,5864
1990-01-11,-34.0,56.0,5879
1990-01-12,20.0,14.0,5882
1990-01-12,-20.0,14.0,5883
1990-01-13,-37.0,14.0,5865
1990-01-14,26.0,112.0,5873
1990-01-14,-33.0,14.0,5880
1990-01-14,-7.0,14.0,5885
1990-01-14,41.0,14.0,5886
1990-01-15,-23.0,42.0,5871
1990-01-15,25.0,42.0,5887
1990-01-16,-9.0,14.0,5888
1990-01-16,-10.0,112.0,5889
1990-01-17,-15.0,98.0,5874
1990-01-18,-27.0,70.0,5892
1990-01-18,23.0,14.0,5893
1990-01-19,-11.0,28.0,5895
1990-01-20,-10.0,112.0,5897
1990-01-20,25.0,112.0,5898
1990-01-21,16.0,14.0,5891
1990-01-21,-8.0,392.0,5900
1990-01-22,-29.0,14.0,5894
1990-01-23,-13.0,294.0,5901
1990-01-24,32.0,28.0,5884
1990-01-24,12.0,280.0,5904
1990-01-25,-30.0,14.0,5881
1990-01-25,-9.0,0.0,5905
1990-01-26,8.0,14.0,5899
1990-01-26,-15.0,56.0,5902
1990-01-27,29.0,42.0,5911
1990-01-28,23.0,126.0,5914
1990-01-29,-11.0,14.0,5890
1990-01-29,-13.0,28.0,5918
1990-01-30,-17.0,0.0,5903
1990-01-30,14.0,14.0,5910
1990-01-31,8.0,14.0,5915
1990-02-02,12.0,56.0,5907
1990-02-02,41.0,14.0,5916
1990-02-03,10.0,168.0,5906
1990-02-04,-11.0,182.0,5917
1990-02-05,-15.0,98.0,5908
1990-02-05,24.0,56.0,5909
1990-02-06,14.0,70.0,5913
1990-02-06,-10.0,14.0,5922
1990-02-06,7.0,42.0,5923
1990-02-06,20.0,14.0,5924
1990-02-08,-27.0,42.0,5926
1990-02-08,19.0,252.0,5927
1990-02-08,28.0,14.0,5928
1990-02-09,31.0,56.0,5929
1990-02-09,-11.0,14.0,5931
1990-02-10,8.0,42.0,5919
1990-02-10,14.0,84.0,5920
1990-02-10,-18.0,84.0,5921
1990-02-10,-21.0,126.0,5925
1990-02-10,3.0,42.0,5932
1990-02-14,16.0,14.0,5934
1990-02-14,-13.0,0.0,5937
1990-02-15,15.0,14.0,5936
1990-02-16,22.0,14.0,5933
1990-02-17,-18.0,14.0,5938
1990-02-17,10.0,14.0,5940
1990-02-18,13.0,42.0,5930
1990-02-20,13.0,112.0,5948
1990-02-21,20.0,0.0,5935
1990-02-21,-36.0,14.0,5943
1990-02-23,21.0,0.0,5951
1990-02-25,-17.0,14.0,5954
1990-02-25,-20.0,56.0,5958
1990-02-25,26.0,14.0,5959
1990-02-25,12.0,14.0,5960
1990-02-26,21.0,14.0,5956
1990-02-27,28.0,84.0,5961
1990-02-28,4.0,154.0,5946
1990-02-28,16.0,42.0,5950
1990-03-01,-4.0,42.0,5952
1990-03-01,-27.0,70.0,5962
1990-03-02,-9.0,84.0,5941
1990-03-02,-22.0,14.0,5957
1990-03-04,-38.0,56.0,5942
1990-03-04,-10.0,84.0,5945
1990-03-05,-17.0,182.0,5947
1990-03-06,-9.0,14.0,5953
1990-03-08,-17.0,0.0,5955
1990-03-08,20.0,126.0,5967
1990-03-10,-23.0,14.0,5968
1990-03-10,31.0,140.0,5969
1990-03-11,-8.0,14.0,5970
1990-03-11,26.0,70.0,5971
1990-03-12,-12.0,98.0,5963
1990-03-14,4.0,56.0,5973
1990-03-14,-35.0,14.0,5974
1990-03-15,30.0,14.0,5964
1990-03-15,-11.0,70.0,5965
1990-03-15,-19.0,70.0,5975
1990-03-16,40.0,98.0,5976
1990-03-16,16.0,56.0,5978
1990-03-17,12.0,28.0,5966
1990-03-17,29.0,14.0,5979
1990-03-17,-11.0,56.0,5980
1990-03-17,-12.0,14.0,5981
1990-03-18,18.0,28.0,5982
1990-03-19,-19.0,56.0,5987
1990-03-19,14.0,14.0,5989
1990-03-20,13.0,0.0,5990
1990-03-21,-22.0,0.0,5985
1990-03-23,-32.0,0.0,5986
1990-03-24,9.0,56.0,5993
1990-03-25,-12.0,28.0,5992
1990-03-26,-12.0,126.0,5996
1990-03-27,17.0,14.0,5997
1990-03-29,-18.0,0.0,5994
1990-03-29,-13.0,70.0,5999
1990-03-30,24.0,56.0,5991
1990-03-31,-14.0,210.0,5984
1990-04-01,-30.0,126.0,5983
1990-04-01,-4.0,154.0,5988
1990-04-01,-26.0,42.0,6003
1990-04-02,19.0,14.0,6004
1990-04-02,-17.0,14.0,6005
1990-04-03,-9.0,0.0,6008
1990-04-04,22.0,42.0,6000
1990-04-05,23.0,224.0,6007
1990-04-06,27.0,84.0,5995
1990-04-06,-17.0,42.0,5998
1990-04-06,-41.0,70.0,6009
1990-04-06,19.0,42.0,6010
1990-04-08,-16.0,28.0,6011
1990-04-08,15.0,14.0,6014
1990-04-10,-10.0,14.0,6013
1990-04-11,33.0,56.0,6006
1990-04-11,-32.0,28.0,6018
1990-04-12,21.0,112.0,6001
1990-04-12,-13.0,14.0,6016
1990-04-13,28.0,112.0,6019
1990-04-13,-9.0,14.0,6024
1990-04-15,13.0,14.0,6025
1990-04-16,-6.0,0.0,6028
1990-04-17,25.0,14.0,6029
1990-04-18,18.0,14.0,6023
1990-04-19,32.0,14.0,6012
1990-04-19,21.0,42.0,6017
1990-04-20,11.0,70.0,6033
1990-04-20,-8.0,98.0,6034
1990-04-21,12.0,0.0,6026
1990-04-21,-26.0,14.0,6036
1990-04-21,27.0,28.0,6037
1990-04-22,17.0,14.0,6027
1990-04-23,-8.0,42.0,6039
1990-04-27,-12.0,126.0,6021
1990-04-27,34.0,378.0,6022
1990-04-27,21.0,112.0,6030
1990-04-27,-41.0,14.0,6041
1990-04-28,-19.0,56.0,6031
1990-04-28,-13.0,84.0,6032
1990-04-30,-10.0,28.0,6046
1990-05-01,17.0,84.0,6038
1990-05-01,-15.0,126.0,6048
1990-05-02,-19.0,70.0,6042
1990-05-02,-17.0,42.0,6043
1990-05-03,15.0,70.0,6049
1990-05-04,-15.0,14.0,6050
1990-05-05,13.0,70.0,6040
1990-05-07,-9.0,70.0,6051
1990-05-08,13.0,14.0,6058
1990-05-09,-7.0,14.0,6055
1990-05-10,20.0,56.0,6045
1990-05-10,22.0,112.0,6060
1990-05-11,16.0,0.0,6053
1990-05-11,-7.0,0.0,6059
1990-05-12,29.0,70.0,6062
1990-05-12,-7.0,0.0,6065
1990-05-14,-11.0,14.0,6052
1990-05-15,15.0,14.0,6061
1990-05-18,-10.0,14.0,6069
1990-05-19,-12.0,42.0,6071
1990-05-20,-14.0,42.0,6054
1990-05-20,-16.0,28.0,6066
1990-05-20,26.0,84.0,6072
1990-05-22,10.0,0.0,6073
1990-05-24,-12.0,14.0,6067
1990-05-25,22.0,42.0,6075
1990-05-25,11.0,14.0,6076
1990-05-26,34.0,140.0,6063
1990-05-26,-17.0,308.0,6064
1990-05-26,21.0,196.0,6077
1990-05-27,-24.0,14.0,6079
1990-05-28,9.0,112.0,6068
1990-05-28,19.0,28.0,6074
1990-05-28,15.0,126.0,6080
1990-05-29,14.0,28.0,6083
1990-05-31,-18.0,224.0,6070
1990-05-31,-5.0,14.0,6082
1990-05-31,-13.0,14.0,6084
1990-05-31,2.0,56.0,6085
1990-05-31,24.0,168.0,6086
1990-06-03,-17.0,28.0,6081
1990-06-03,-16.0,42.0,6088
1990-06-04,32.0,14.0,6087
1990-06-04,9.0,196.0,6089
1990-06-06,-11.0,56.0,6078
1990-06-06,1.0,28.0,6091
1990-06-06,18.0,14.0,6092
1990-06-08,-18.0,84.0,6093
1990-06-08,26.0,28.0,6096
1990-06-08,-8.0,14.0,6097
1990-06-08,-12.0,28.0,6098
1990-06-09,-19.0,14.0,6099
1990-06-10,24.0,14.0,6101
1990-06-12,-23.0,14.0,6090
1990-06-12,-11.0,14.0,6094
1990-06-12,15.0,28.0,6103
1990-06-13,-16.0,14.0,6104
1990-06-17,25.0,154.0,6095
1990-06-18,-28.0,14.0,6108
1990-06-19,-36.0,0.0,6109
1990-06-20,5.0,0.0,6112
1990-06-20,-10.0,14.0,6114
1990-06-21,18.0,28.0,6111
1990-06-21,-8.0,0.0,6115
1990-06-21,-6.0,14.0,6116
1990-06-22,-14.0,266.0,6100
1990-06-22,-5.0,0.0,6113
1990-06-23,18.0,0.0,6110
1990-06-23,22.0,0.0,6119
1990-06-23,-17.0,42.0,6120
1990-06-23,16.0,28.0,6121
1990-06-24,8.0,42.0,6105
1990-06-24,-31.0,28.0,6106
1990-06-26,-8.0,126.0,6107
1990-06-26,5.0,0.0,6125
1990-06-27,10.0,28.0,6127
1990-06-28,16.0,0.0,6123
1990-06-28,23.0,14.0,6128
1990-06-28,-28.0,154.0,6132
1990-06-30,23.0,0.0,6130
1990-07-01,22.0,126.0,6138
1990-07-02,12.0,14.0,6129
1990-07-02,15.0,14.0,6143
1990-07-03,-8.0,42.0,6124
1990-07-03,-40.0,42.0,6136
1990-07-05,26.0,14.0,6118
1990-07-07,-21.0,56.0,6122
1990-07-07,12.0,14.0,6134
1990-07-08,13.0,84.0,6145
1990-07-09,-11.0,42.0,6126
1990-07-10,-21.0,112.0,6131
1990-07-10,-13.0,168.0,6137
1990-07-10,-6.0,14.0,6141
1990-07-11,-17.0,42.0,6139
1990-07-11,11.0,14.0,6144
1990-07-11,-10.0,14.0,6147
1990-07-11,-9.0,14.0,6149
1990-07-11,-21.0,0.0,6152
1990-07-11,-17.0,0.0,6158
1990-07-12,17.0,224.0,6133
1990-07-12,9.0,14.0,6148
1990-07-12,18.0,14.0,6156
1990-07-14,12.0,56.0,6155
1990-07-15,-21.0,70.0,6157
1990-07-15,-2.0,14.0,6160
1990-07-18,-19.0,14.0,6146
1990-07-18,-9.0,56.0,6151
1990-07-18,15.0,98.0,6153
1990-07-19,-14.0,14.0,6142
1990-07-19,8.0,84.0,6150
1990-07-21,22.0,28.0,6163
1990-07-21,-22.0,70.0,6164
1990-07-22,18.0,28.0,6154
1990-07-22,-13.0,112.0,6168
1990-07-23,22.0,28.0,6165
1990-07-23,11.0,42.0,6171
1990-07-24,11.0,14.0,6166
1990-07-24,-22.0,28.0,6172
1990-07-24,-11.0,70.0,6174
1990-07-25,-20.0,28.0,6177
1990-07-26,-15.0,0.0,6169
1990-07-26,-15.0,14.0,6170
1990-07-26,24.0,0.0,6173
1990-07-26,28.0,14.0,6178
1990-07-26,17.0,84.0,6179
1990-07-28,17.0,224.0,6180
1990-07-29,-19.0,98.0,6176
1990-07-29,-8.0,28.0,6181
1990-07-30,-28.0,154.0,6161
1990-07-30,-21.0,14.0,6175
1990-07-30,13.0,14.0,6182
1990-07-31,25.0,28.0,6167
1990-07-31,-8.0,14.0,6184
1990-08-01,11.0,420.0,6162
1990-08-01,-7.0,112.0,6187
1990-08-01,6.0,126.0,6189
1990-08-02,25.0,112.0,6188
1990-08-03,10.0,14.0,6190
1990-08-07,-11.0,14.0,6195
1990-08-08,-11.0,42.0,6191
1990-08-08,-17.0,14.0,6193
1990-08-08,-10.0,14.0,6196
1990-08-08,16.0,28.0,6197
1990-08-09,29.0,14.0,6198
1990-08-10,17.0,28.0,6201
1990-08-10,-35.0,28.0,6202
1990-08-10,19.0,112.0,6203
1990-08-10,-35.0,56.0,6204
1990-08-12,-22.0,14.0,6194
1990-08-12,-14.0,56.0,6206
1990-08-12,23.0,42.0,6209
1990-08-13,-18.0,56.0,6192
1990-08-13,-7.0,28.0,6207
1990-08-13,-2.0,14.0,6211
1990-08-14,23.0,98.0,6185
1990-08-14,16.0,70.0,6186
1990-08-14,-27.0,154.0,6212
1990-08-16,-18.0,14.0,6205
1990-08-17,-15.0,14.0,6222
1990-08-18,-11.0,266.0,6223
1990-08-18,20.0,14.0,6225
1990-08-19,5.0,28.0,6213
1990-08-19,21.0,14.0,6218
1990-08-20,-10.0,42.0,6200
1990-08-20,-28.0,56.0,6227
1990-08-20,11.0,14.0,6232
1990-08-21,-6.0,294.0,6228
1990-08-21,-28.0,112.0,6230
1990-08-22,12.0,112.0,6199
1990-08-22,5.0,42.0,6208
1990-08-22,-18.0,42.0,6220
1990-08-22,12.0,42.0,6231
1990-08-23,-17.0,14.0,6221
1990-08-23,-13.0,14.0,6229
1990-08-24,7.0,42.0,6216
1990-08-24,-34.0,84.0,6224
1990-08-24,14.0,266.0,6233
1990-08-24,24.0,14.0,6234
1990-08-27,-13.0,84.0,6214
1990-08-27,9.0,266.0,6215
1990-08-27,17.0,42.0,6236
1990-08-28,11.0,56.0,6219
1990-08-28,-14.0,14.0,6235
1990-08-28,-17.0,14.0,6237
1990-08-28,-11.0,98.0,6238
1990-08-28,18.0,0.0,6240
1990-09-01,-23.0,42.0,6226
1990-09-02,-16.0,14.0,6246
1990-09-02,4.0,70.0,6247
1990-09-04,15.0,42.0,6249
1990-09-04,18.0,0.0,6251
1990-09-05,-6.0,0.0,6250
1990-09-05,13.0,196.0,6252
1990-09-06,8.0,42.0,6253
1990-09-07,18.0,42.0,6254
1990-09-08,-20.0,0.0,6242
1990-09-08,-13.0,0.0,6245
1990-09-10,16.0,28.0,6239
1990-09-10,17.0,14.0,6258
1990-09-11,-14.0,28.0,6241
1990-09-11,14.0,70.0,6244
1990-09-11,-18.0,14.0,6265
1990-09-12,-21.0,14.0,6256
1990-09-12,35.0,0.0,6261
1990-09-12,-32.0,0.0,6264
1990-09-12,-27.0,168.0,6266
1990-09-12,22.0,182.0,6268
1990-09-13,22.0,14.0,6255
1990-09-13,18.0,84.0,6269
1990-09-14,-19.0,56.0,6270
1990-09-15,-24.0,14.0,6271
1990-09-15,-12.0,336.0,6272
1990-09-16,-24.0,14.0,6275
1990-09-17,-9.0,14.0,6274
1990-09-18,-21.0,0.0,6276
1990-09-19,-17.0,14.0,6262
1990-09-19,-24.0,126.0,6278
1990-09-20,13.0,140.0,6280
1990-09-20,5.0,14.0,6281
1990-09-20,25.0,14.0,6282
1990-09-22,-10.0,126.0,6257
1990-09-23,-6.0,280.0,6283
1990-09-23,10.0,0.0,6284
1990-09-24,12.0,168.0,6263
1990-09-24,-13.0,112.0,6267
1990-09-24,-12.0,56.0,6285
1990-09-28,-12.0,14.0,6288
1990-09-28,11.0,14.0,6289
1990-09-29,-8.0,42.0,6279
1990-09-29,14.0,28.0,6286
1990-09-29,-12.0,14.0,6291
1990-09-30,-15.0,56.0,6287
1990-09-30,15.0,42.0,6290
1990-09-30,-16.0,154.0,6292
1990-09-30,6.0,14.0,6293
1990-09-30,-4.0,14.0,6294
1991-01-01,20.0,0.0,6428
1991-01-02,15.0,0.0,6436
1991-01-02,-18.0,42.0,6437
1991-01-03,-22.0,84.0,6423
1991-01-03,-11.0,42.0,6424
1991-01-03,-23.0,0.0,6434
1991-01-04,-29.0,0.0,6420
1991-01-04,-20.0,98.0,6422
1991-01-04,2.0,0.0,6433
1991-01-04,-10.0,56.0,6438
1991-01-07,-8.0,140.0,6430
1991-01-07,8.0,42.0,6439
1991-01-08,-9.0,182.0,6427
1991-01-08,-24.0,28.0,6429
1991-01-08,-24.0,28.0,6435
1991-01-08,21.0,0.0,6443
1991-01-08,6.0,14.0,6446
1991-01-09,-10.0,56.0,6432
1991-01-09,-6.0,56.0,6440
1991-01-10,-6.0,42.0,6447
1991-01-11,7.0,42.0,6431
1991-01-12,-12.0,84.0,6442
1991-01-13,-20.0,28.0,6445
1991-01-13,-21.0,14.0,6452
1991-01-14,-13.0,0.0,6450
1991-01-14,-13.0,14.0,6453
1991-01-16,-35.0,70.0,6448
1991-01-16,14.0,14.0,6451
1991-01-17,-27.0,28.0,6456
1991-01-19,-10.0,0.0,6459
1991-01-20,-22.0,14.0,6457
1991-01-20,-24.0,14.0,6460
1991-01-20,-10.0,14.0,6461
1991-01-21,16.0,952.0,6444
1991-01-21,-18.0,112.0,6462
1991-01-21,26.0,14.0,6464
1991-01-22,27.0,0.0,6454
1991-01-22,-6.0,14.0,6463
1991-01-24,-15.0,70.0,6455
1991-01-26,-7.0,14.0,6470
1991-01-27,-21.0,14.0,6468
1991-01-27,-11.0,14.0,6473
1991-01-27,-9.0,0.0,6474
1991-01-28,-14.0,14.0,6475
1991-01-28,18.0,252.0,6476
1991-01-29,21.0,56.0,6458
1991-01-29,5.0,28.0,6479
1991-02-02,9.0,0.0,6465
1991-02-02,-9.0,42.0,6480
1991-02-02,-21.0,126.0,6481
1991-02-04,-10.0,308.0,6466
1991-02-04,12.0,42.0,6472
1991-02-04,7.0,28.0,6482
1991-02-05,-12.0,574.0,6469
1991-02-05,-25.0,56.0,6483
1991-02-07,-6.0,0.0,6490
1991-02-08,-12.0,392.0,6471
1991-02-08,20.0,56.0,6485
1991-02-08,-13.0,28.0,6488
1991-02-09,-11.0,56.0,6489
1991-02-09,-5.0,0.0,6491
1991-02-10,-17.0,84.0,6477
1991-02-10,-9.0,14.0,6486
1991-02-10,-21.0,0.0,6493
1991-02-11,22.0,14.0,6494
1991-02-12,25.0,84.0,6496
1991-02-16,-7.0,0.0,6499
1991-02-16,-13.0,0.0,6505
1991-02-17,12.0,154.0,6484
1991-02-18,14.0,196.0,6487
1991-02-18,-12.0,70.0,6492
1991-02-18,-4.0,14.0,6507
1991-02-18,-20.0,224.0,6509
1991-02-19,-13.0,112.0,6502
1991-02-19,-22.0,14.0,6503
1991-02-20,-10.0,98.0,6501
1991-02-20,-23.0,140.0,6511
1991-02-20,17.0,98.0,6514
1991-02-21,-3.0,28.0,6495
1991-02-22,-7.0,98.0,6500
1991-02-22,-11.0,98.0,6516
1991-02-22,-14.0,14.0,6519
1991-02-23,-13.0,28.0,6510
1991-02-23,-6.0,28.0,6512
1991-02-23,-19.0,28.0,6518
1991-02-24,24.0,0.0,6498
1991-02-25,8.0,28.0,6515
1991-02-25,17.0,14.0,6520
1991-02-26,-11.0,182.0,6497
1991-02-27,-12.0,14.0,6517
1991-02-28,28.0,42.0,6506
1991-03-01,-16.0,266.0,6504
1991-03-03,13.0,14.0,6513
1991-03-03,-11.0,14.0,6521
1991-03-03,-17.0,14.0,6525
1991-03-03,-19.0,14.0,6526
1991-03-03,11.0,70.0,6530
1991-03-04,-14.0,140.0,6508
1991-03-04,27.0,14.0,6522
1991-03-04,-11.0,0.0,6524
1991-03-04,-18.0,0.0,6527
1991-03-04,-23.0,0.0,6531
1991-03-04,14.0,42.0,6532
1991-03-05,-17.0,14.0,6535
1991-03-05,16.0,56.0,6536
1991-03-05,-9.0,210.0,6537
1991-03-05,20.0,14.0,6539
1991-03-06,-24.0,238.0,6538
1991-03-07,-23.0,42.0,6533
1991-03-07,13.0,14.0,6540
1991-03-07,-11.0,56.0,6542
1991-03-08,4.0,84.0,6523
1991-03-08,8.0,14.0,6529
1991-03-08,11.0,14.0,6543
1991-03-11,19.0,14.0,6541
1991-03-11,-8.0,420.0,6545
1991-03-15,-33.0,0.0,6544
1991-03-15,-8.0,14.0,6547
1991-03-15,-12.0,14.0,6548
1991-03-15,-2.0,84.0,6549
1991-03-16,-17.0,182.0,6550
1991-03-21,-21.0,0.0,6552
1991-03-21,-21.0,42.0,6557
1991-03-22,-14.0,84.0,6558
1991-03-25,-23.0,42.0,6546
1991-03-25,22.0,0.0,6551
1991-03-25,14.0,56.0,6553
1991-03-29,20.0,14.0,6564
1991-03-31,9.0,70.0,6565
1991-04-01,-23.0,896.0,6555
1991-04-01,-7.0,280.0,6556
1991-04-01,18.0,84.0,6559
1991-04-01,-8.0,224.0,6561
1991-04-02,-12.0,0.0,6560
1991-04-02,-11.0,14.0,6567
1991-04-03,-11.0,0.0,6571
1991-04-04,-8.0,14.0,6568
1991-04-04,5.0,98.0,6569
1991-04-06,27.0,14.0,6574
1991-04-07,23.0,0.0,6576
1991-04-07,9.0,14.0,6577
1991-04-07,-19.0,28.0,6578
1991-04-08,-51.0,14.0,6573
1991-04-09,15.0,70.0,6581
1991-04-10,16.0,126.0,6562
1991-04-10,-12.0,154.0,6563
1991-04-10,-20.0,14.0,6585
1991-04-11,-26.0,0.0,6587
1991-04-12,-12.0,28.0,6575
1991-04-13,-21.0,84.0,6572
1991-04-13,-12.0,14.0,6584
1991-04-13,-21.0,14.0,6586
1991-04-13,9.0,14.0,6591
1991-04-15,-21.0,70.0,6566
1991-04-16,-10.0,126.0,6570
1991-04-16,-12.0,14.0,6589
1991-04-16,-21.0,84.0,6596
1991-04-17,7.0,14.0,6579
1991-04-17,-22.0,14.0,6597
1991-04-20,28.0,938.0,6580
1991-04-21,-18.0,14.0,6601
1991-04-22,-24.0,112.0,6582
1991-04-22,-8.0,14.0,6598
1991-04-22,-13.0,14.0,6600
1991-04-23,8.0,140.0,6583
1991-04-23,-18.0,14.0,6594
1991-04-24,16.0,14.0,6592
1991-04-24,-15.0,14.0,6599
1991-04-26,-41.0,0.0,6607
1991-04-27,-9.0,84.0,6593
1991-04-27,-23.0,0.0,6602
1991-04-28,-10.0,14.0,6609
1991-04-28,-13.0,28.0,6610
1991-04-28,-6.0,70.0,6611
1991-04-28,-12.0,0.0,6613
1991-04-29,-16.0,14.0,6614
1991-05-01,-29.0,98.0,6603
1991-05-01,9.0,14.0,6606
1991-05-05,-25.0,84.0,6612
1991-05-05,-12.0,0.0,6616
1991-05-06,-23.0,42.0,6604
1991-05-06,-28.0,84.0,6622
1991-05-09,9.0,84.0,6605
1991-05-10,-21.0,56.0,6608
1991-05-11,24.0,14.0,6626
1991-05-12,-9.0,1106.0,6615
1991-05-12,-16.0,42.0,6627
1991-05-12,-11.0,28.0,6630
1991-05-13,-15.0,14.0,6629
1991-05-15,-11.0,112.0,6633
1991-05-16,-25.0,28.0,6635
1991-05-17,18.0,0.0,6631
1991-05-18,18.0,14.0,6636
1991-05-19,31.0,784.0,6619
1991-05-19,10.0,924.0,6621
1991-05-19,6.0,28.0,6623
1991-05-19,-28.0,56.0,6639
1991-05-20,-26.0,0.0,6643
1991-05-21,-16.0,98.0,6624
1991-05-21,11.0,140.0,6625
1991-05-21,-7.0,98.0,6632
1991-05-21,6.0,14.0,6645
1991-05-22,16.0,28.0,6634
1991-05-22,-8.0,28.0,6642
1991-05-24,-20.0,28.0,6640
1991-05-24,-25.0,14.0,6641
1991-05-25,30.0,0.0,6637
1991-05-25,-13.0,126.0,6649
1991-05-26,-18.0,14.0,6653
1991-05-28,18.0,84.0,6638
1991-05-29,-9.0,126.0,6646
1991-05-31,19.0,98.0,6647
1991-05-31,21.0,28.0,6650
1991-06-02,-26.0,0.0,6651
1991-06-02,-9.0,42.0,6657
1991-06-03,14.0,14.0,6656
1991-06-03,30.0,126.0,6659
1991-06-03,-10.0,0.0,6661
1991-06-03,-10.0,14.0,6662
1991-06-03,15.0,42.0,6664
1991-06-04,10.0,98.0,6665
1991-06-05,22.0,168.0,6644
1991-06-06,-16.0,14.0,6668
1991-06-07,-14.0,112.0,6648
1991-06-08,6.0,56.0,6654
1991-06-08,-22.0,14.0,6669
1991-06-08,-17.0,28.0,6670
1991-06-09,-8.0,14.0,6652
1991-06-09,-9.0,70.0,6655
1991-06-10,15.0,28.0,6672
1991-06-11,-20.0,42.0,6673
1991-06-13,6.0,56.0,6660
1991-06-13,9.0,14.0,6667
1991-06-14,18.0,126.0,6658
1991-06-14,7.0,126.0,6663
1991-06-14,-12.0,14.0,6677
1991-06-14,-28.0,28.0,6678
1991-06-14,10.0,14.0,6679
1991-06-15,-2.0,56.0,6674
1991-06-17,-17.0,84.0,6666
1991-06-17,-15.0,0.0,6684
1991-06-19,12.0,294.0,6671
1991-06-19,-12.0,28.0,6675
1991-06-19,23.0,84.0,6685
1991-06-19,-28.0,14.0,6688
1991-06-20,-6.0,42.0,6676
1991-06-20,-15.0,0.0,6683
1991-06-21,-15.0,14.0,6690
1991-06-21,-25.0,14.0,6691
1991-06-23,-14.0,56.0,6680
1991-06-23,-9.0,42.0,6692
1991-06-25,-12.0,112.0,6682
1991-06-26,-8.0,14.0,6698
1991-06-27,-28.0,42.0,6689
1991-06-28,7.0,56.0,6681
1991-06-28,14.0,56.0,6687
1991-06-28,12.0,112.0,6699
1991-06-29,20.0,84.0,6701
1991-06-30,-15.0,0.0,6686
1991-06-30,24.0,14.0,6708
1991-07-01,-11.0,0.0,6702
1991-07-01,30.0,84.0,6703
1991-07-02,21.0,56.0,6711
1991-07-02,-15.0,28.0,6712
1991-07-02,35.0,252.0,6713
1991-07-03,-4.0,0.0,6697
1991-07-03,-17.0,70.0,6715
1991-07-05,-7.0,252.0,6693
1991-07-05,3.0,28.0,6724
1991-07-06,-29.0,0.0,6719
1991-07-07,5.0,168.0,6694
1991-07-07,4.0,154.0,6695
1991-07-07,-28.0,14.0,6700
1991-07-07,12.0,42.0,6704
1991-07-07,-32.0,14.0,6710
1991-07-07,-13.0,84.0,6717
1991-07-07,18.0,0.0,6720
1991-07-09,-23.0,14.0,6721
1991-07-09,-10.0,154.0,6722
1991-07-09,19.0,14.0,6723
1991-07-11,-10.0,42.0,6706
1991-07-11,11.0,42.0,6714
1991-07-12,16.0,98.0,6709
1991-07-13,-12.0,42.0,6707
1991-07-13,-3.0,0.0,6727
1991-07-14,-24.0,0.0,6725
1991-07-16,12.0,126.0,6716
1991-07-16,21.0,70.0,6730
1991-07-19,-7.0,98.0,6733
1991-07-20,-22.0,14.0,6718
1991-07-20,-26.0,14.0,6738
1991-07-21,-29.0,28.0,6732
1991-07-21,-2.0,84.0,6739
1991-07-21,-26.0,28.0,6740
1991-07-24,-19.0,28.0,6747
1991-07-25,6.0,14.0,6745
1991-07-25,7.0,56.0,6746
1991-07-26,-27.0,0.0,6728
1991-07-26,-18.0,140.0,6749
1991-07-26,13.0,14.0,6750
1991-07-27,-21.0,0.0,6729
1991-07-27,-3.0,42.0,6743
1991-07-28,13.0,14.0,6752
1991-07-30,-10.0,28.0,6736
1991-07-30,-10.0,28.0,6742
1991-07-30,-19.0,28.0,6753
1991-07-31,-21.0,126.0,6748
1991-07-31,33.0,182.0,6759
1991-08-01,9.0,56.0,6744
1991-08-01,8.0,28.0,6754
1991-08-02,11.0,294.0,6734
1991-08-02,-12.0,28.0,6737
1991-08-02,-5.0,28.0,6751
1991-08-02,-13.0,14.0,6756
1991-08-03,12.0,98.0,6741
1991-08-03,-32.0,84.0,6765
1991-08-04,22.0,14.0,6761
1991-08-04,11.0,70.0,6766
1991-08-06,16.0,0.0,6762
1991-08-06,-13.0,56.0,6768
1991-08-07,7.0,0.0,6763
1991-08-07,9.0,84.0,6770
1991-08-09,-18.0,140.0,6758
1991-08-09,-8.0,0.0,6764
1991-08-09,-8.0,0.0,6771
1991-08-09,5.0,112.0,6774
1991-08-10,23.0,560.0,6757
1991-08-12,-8.0,14.0,6775
1991-08-12,-22.0,42.0,6776
1991-08-12,24.0,84.0,6777
1991-08-12,-9.0,126.0,6778
1991-08-14,10.0,42.0,6780
1991-08-14,-10.0,154.0,6782
1991-08-15,-13.0,140.0,6783
1991-08-15,-9.0,14.0,6786
1991-08-16,-24.0,28.0,6767
1991-08-16,-4.0,84.0,6787
1991-08-16,-17.0,56.0,6788
1991-08-16,-26.0,84.0,6789
1991-08-18,2.0,84.0,6792
1991-08-18,10.0,0.0,6796
1991-08-19,-12.0,14.0,6794
1991-08-20,-23.0,126.0,6772
1991-08-20,13.0,14.0,6799
1991-08-21,-9.0,28.0,6797
1991-08-22,13.0,42.0,6800
1991-08-23,20.0,0.0,6802
1991-08-23,-9.0,84.0,6803
1991-08-24,21.0,140.0,6805
1991-08-25,-19.0,98.0,6784
1991-08-25,4.0,14.0,6804
1991-08-25,-13.0,266.0,6808
1991-08-25,-16.0,56.0,6809
1991-08-26,-18.0,1064.0,6781
1991-08-26,-12.0,0.0,6795
1991-08-27,-19.0,126.0,6810
1991-08-29,11.0,126.0,6785
1991-08-29,3.0,126.0,6790
1991-08-29,16.0,0.0,6793
1991-08-30,10.0,126.0,6791
1991-08-30,8.0,14.0,6801
1991-08-31,-9.0,0.0,6798
1991-09-01,11.0,14.0,6813
1991-09-02,-10.0,42.0,6825
1991-09-04,14.0,56.0,6806
1991-09-06,-4.0,14.0,6807
1991-09-06,-25.0,14.0,6819
1991-09-07,11.0,70.0,6812
1991-09-07,-23.0,14.0,6814
1991-09-08,-11.0,14.0,6821
1991-09-08,-7.0,42.0,6822
1991-09-09,-8.0,28.0,6815
1991-09-09,-20.0,266.0,6824
1991-09-10,-20.0,56.0,6811
1991-09-10,-21.0,28.0,6827
1991-09-10,15.0,14.0,6831
1991-09-11,-13.0,294.0,6818
1991-09-11,-9.0,126.0,6828
1991-09-12,17.0,0.0,6826
1991-09-12,3.0,70.0,6829
1991-09-13,-13.0,98.0,6830
1991-09-15,4.0,0.0,6833
1991-09-16,-11.0,168.0,6820
1991-09-16,9.0,14.0,6834
1991-09-16,20.0,14.0,6836
1991-09-16,13.0,14.0,6837
1991-09-17,-24.0,84.0,6817
1991-09-17,3.0,98.0,6823
1991-09-19,7.0,28.0,6839
1991-09-21,-12.0,14.0,6842
1991-09-21,6.0,14.0,6845
1991-09-23,-27.0,42.0,6835
1991-09-23,6.0,84.0,6843
1991-09-24,-8.0,84.0,6848
1991-09-25,6.0,126.0,6832
1991-09-25,-11.0,294.0,6850
1991-09-25,-19.0,14.0,6851
1991-09-26,8.0,42.0,6840
1991-09-26,-12.0,42.0,6841
1991-09-26,-22.0,0.0,6847
1991-09-26,11.0,14.0,6852
1991-09-27,-12.0,14.0,6844
1991-09-27,-19.0,126.0,6853
1991-09-29,9.0,42.0,6838
1991-09-29,17.0,42.0,6855
1991-09-29,-22.0,0.0,6858
1991-09-30,11.0,28.0,6849
1991-09-30,12.0,28.0,6857
1992-01-01,-14.0,154.0,6982
1992-01-01,9.0,0.0,6995
1992-01-03,8.0,378.0,6996
1992-01-04,-11.0,0.0,6990
1992-01-04,-21.0,84.0,6997
1992-01-04,3.0,168.0,6998
1992-01-04,20.0,42.0,6999
1992-01-05,-20.0,210.0,6985
1992-01-06,25.0,70.0,7001
1992-01-07,-15.0,210.0,6988
1992-01-07,-14.0,28.0,6992
1992-01-07,14.0,0.0,7000
1992-01-08,-5.0,112.0,7007
1992-01-10,-12.0,28.0,6991
1992-01-11,8.0,294.0,7002
1992-01-12,11.0,14.0,7006
1992-01-12,-9.0,196.0,7008
1992-01-13,-12.0,168.0,6993
1992-01-13,13.0,0.0,7009
1992-01-14,-16.0,182.0,6994
1992-01-15,-15.0,28.0,7004
1992-01-15,19.0,42.0,7005
1992-01-15,-10.0,28.0,7012
1992-01-16,15.0,56.0,7003
1992-01-17,-13.0,70.0,7010
1992-01-18,-27.0,0.0,7015
1992-01-19,-18.0,14.0,7011
1992-01-19,-9.0,14.0,7013
1992-01-19,24.0,0.0,7014
1992-01-19,-14.0,70.0,7017
1992-01-20,-23.0,28.0,7018
1992-01-20,18.0,14.0,7022
1992-01-21,14.0,0.0,7021
1992-01-21,-11.0,14.0,7023
1992-01-21,-11.0,0.0,7024
1992-01-21,-17.0,42.0,7025
1992-01-21,-13.0,98.0,7026
1992-01-22,-20.0,0.0,7027
1992-01-22,-27.0,14.0,7028
1992-01-24,-8.0,14.0,7020
1992-01-25,-9.0,0.0,7038
1992-01-26,7.0,70.0,7032
1992-01-26,-11.0,28.0,7033
1992-01-27,15.0,28.0,7019
1992-01-28,9.0,112.0,7034
1992-01-28,-14.0,42.0,7036
1992-01-28,6.0,56.0,7037
1992-01-29,-16.0,126.0,7039
1992-01-31,2.0,84.0,7016
1992-01-31,-12.0,140.0,7042
1992-01-31,2.0,14.0,7043
1992-02-01,-26.0,70.0,7044
1992-02-02,-11.0,70.0,7040
1992-02-03,4.0,14.0,7045
1992-02-05,18.0,154.0,7029
1992-02-06,-7.0,350.0,7031
1992-02-06,26.0,28.0,7047
1992-02-06,-7.0,14.0,7049
1992-02-07,7.0,252.0,7030
1992-02-08,-21.0,28.0,7052
1992-02-08,-11.0,28.0,7053
1992-02-08,13.0,14.0,7054
1992-02-09,-12.0,168.0,7056
1992-02-10,-22.0,70.0,7035
1992-02-12,8.0,14.0,7041
1992-02-13,-16.0,0.0,7055
1992-02-15,-6.0,154.0,7048
1992-02-15,20.0,126.0,7051
1992-02-16,-17.0,56.0,7059
1992-02-17,-17.0,0.0,7057
1992-02-18,-6.0,14.0,7066
1992-02-19,13.0,112.0,7050
1992-02-19,4.0,168.0,7067
1992-02-20,-9.0,28.0,7062
1992-02-20,15.0,42.0,7068
1992-02-20,-4.0,238.0,7069
1992-02-21,-9.0,0.0,7061
1992-02-22,11.0,84.0,7058
1992-02-22,-25.0,28.0,7065
1992-02-22,13.0,14.0,7075
1992-02-23,-13.0,0.0,7060
1992-02-24,10.0,126.0,7076
1992-02-24,-16.0,14.0,7078
1992-02-25,-5.0,14.0,7071
1992-02-26,-14.0,322.0,7063
1992-02-26,-14.0,210.0,7073
1992-02-29,-9.0,28.0,7064
1992-02-29,-15.0,0.0,7079
1992-03-03,-8.0,98.0,7082
1992-03-03,-14.0,70.0,7084
1992-03-04,-10.0,112.0,7083
1992-03-04,10.0,84.0,7089
1992-03-05,8.0,98.0,7070
1992-03-05,-9.0,126.0,7072
1992-03-06,17.0,70.0,7074
1992-03-06,-12.0,14.0,7086
1992-03-06,-11.0,84.0,7091
1992-03-07,20.0,42.0,7077
1992-03-07,-25.0,56.0,7093
1992-03-07,11.0,14.0,7094
1992-03-08,-17.0,70.0,7088
1992-03-09,5.0,0.0,7090
1992-03-10,15.0,14.0,7095
1992-03-10,-14.0,70.0,7098
1992-03-11,-17.0,112.0,7081
1992-03-11,-27.0,56.0,7099
1992-03-12,18.0,14.0,7101
1992-03-12,19.0,14.0,7102
1992-03-14,23.0,0.0,7085
1992-03-14,-20.0,0.0,7092
1992-03-15,0.0,14.0,7103
1992-03-15,-17.0,0.0,7105
1992-03-16,-5.0,84.0,7096
1992-03-16,-36.0,14.0,7097
1992-03-17,-4.0,14.0,7106
1992-03-17,4.0,112.0,7108
1992-03-19,-25.0,28.0,7104
1992-03-19,4.0,1652.0,7109
1992-03-20,9.0,42.0,7110
1992-03-20,-10.0,84.0,7111
1992-03-20,-9.0,56.0,7114
1992-03-23,-14.0,140.0,7100
1992-03-23,-17.0,0.0,7113
1992-03-23,-10.0,14.0,7116
1992-03-25,2.0,0.0,7112
1992-03-28,7.0,0.0,7115
1992-03-28,-19.0,56.0,7119
1992-03-28,-22.0,0.0,7121
1992-04-02,-12.0,14.0,7118
1992-04-03,-11.0,28.0,7122
1992-04-05,7.0,224.0,7117
1992-04-06,-17.0,14.0,7120
1992-04-07,-17.0,28.0,7126
1992-04-08,14.0,252.0,7124
1992-04-08,-3.0,14.0,7127
1992-04-09,-15.0,196.0,7128
1992-04-13,7.0,14.0,7129
1992-04-14,-28.0,56.0,7132
1992-04-15,-7.0,84.0,7123
1992-04-16,8.0,28.0,7133
1992-04-16,2.0,28.0,7134
1992-04-17,19.0,0.0,7136
1992-04-19,-14.0,70.0,7125
1992-04-19,-18.0,112.0,7137
1992-04-19,8.0,98.0,7138
1992-04-20,-16.0,42.0,7139
1992-04-20,-11.0,14.0,7140
1992-04-21,6.0,28.0,7141
1992-04-21,-23.0,28.0,7142
1992-04-23,8.0,140.0,7131
1992-04-23,-5.0,168.0,7143
1992-04-24,-18.0,224.0,7130
1992-04-26,16.0,98.0,7144
1992-04-26,8.0,56.0,7146
1992-04-28,-6.0,14.0,7149
1992-04-28,-39.0,14.0,7153
1992-04-29,-16.0,98.0,7135
1992-04-29,-10.0,42.0,7151
1992-04-30,13.0,14.0,7152
1992-05-03,12.0,14.0,7145
1992-05-03,-25.0,294.0,7154
1992-05-03,8.0,0.0,7155
1992-05-05,-8.0,0.0,7161
1992-05-07,-9.0,14.0,7159
1992-05-07,-16.0,70.0,7160
1992-05-08,-8.0,126.0,7150
1992-05-08,-17.0,0.0,7158
1992-05-09,-5.0,42.0,7156
1992-05-12,-17.0,0.0,7157
1992-05-12,-26.0,14.0,7165
1992-05-13,-15.0,14.0,7164
1992-05-13,-24.0,56.0,7168
1992-05-14,6.0,98.0,7162
1992-05-14,-11.0,0.0,7169
1992-05-15,-20.0,28.0,7166
1992-05-15,-20.0,42.0,7170
1992-05-21,-17.0,14.0,7163
1992-05-21,13.0,84.0,7174
1992-05-21,-5.0,70.0,7175
1992-05-22,-22.0,56.0,7178
1992-05-24,-6.0,0.0,7167
1992-05-25,-13.0,70.0,7176
1992-05-26,-22.0,28.0,7177
1992-05-26,17.0,14.0,7180
1992-05-28,5.0,14.0,7181
1992-05-29,-12.0,70.0,7171
1992-05-29,6.0,14.0,7182
1992-05-30,22.0,210.0,7172
1992-05-31,-26.0,84.0,7183
1992-06-01,-7.0,14.0,7179
1992-06-02,8.0,70.0,7186
1992-06-03,-8.0,14.0,7187
1992-06-04,8.0,0.0,7188
1992-06-04,5.0,28.0,7189
1992-06-05,-5.0,14.0,7190
1992-06-08,12.0,0.0,7185
1992-06-10,-11.0,98.0,7194
1992-06-12,15.0,42.0,7193
1992-06-12,-3.0,14.0,7196
1992-06-12,-11.0,84.0,7197
1992-06-12,-16.0,28.0,7198
1992-06-12,-16.0,42.0,7200
1992-06-13,-24.0,28.0,7199
1992-06-15,12.0,70.0,7191
1992-06-15,17.0,14.0,7202
1992-06-16,7.0,0.0,7203
1992-06-16,-23.0,14.0,7204
1992-06-17,12.0,28.0,7192
1992-06-19,17.0,0.0,7207
1992-06-20,-7.0,70.0,7195
1992-06-20,-14.0,14.0,7206
1992-06-23,11.0,42.0,7209
1992-06-24,13.0,14.0,7210
1992-06-26,17.0,14.0,7213
1992-06-27,22.0,84.0,7201
1992-06-27,10.0,770.0,7205
1992-06-28,7.0,0.0,7217
1992-06-29,-26.0,0.0,7208
1992-06-29,-23.0,14.0,7215
1992-07-01,6.0,14.0,7212
1992-07-03,-16.0,14.0,7214
1992-07-05,-6.0,0.0,7219
1992-07-07,7.0,28.0,7218
1992-07-07,-12.0,70.0,7222
1992-07-09,8.0,14.0,7221
1992-07-10,-9.0,84.0,7225
1992-07-12,12.0,28.0,7227
1992-07-12,3.0,14.0,7228
1992-07-13,15.0,210.0,7216
1992-07-13,-15.0,0.0,7223
1992-07-13,-12.0,0.0,7224
1992-07-14,-14.0,14.0,7230
1992-07-19,-13.0,238.0,7220
1992-07-20,-24.0,70.0,7226
1992-07-20,5.0,14.0,7233
1992-07-24,24.0,70.0,7229
1992-07-25,-15.0,42.0,7234
1992-07-25,-5.0,28.0,7235
1992-07-26,7.0,14.0,7237
1992-07-27,-13.0,28.0,7239
1992-07-27,18.0,42.0,7242
1992-07-28,22.0,14.0,7236
1992-07-29,16.0,140.0,7232
1992-07-30,17.0,14.0,7244
1992-08-01,-15.0,14.0,7240
1992-08-01,14.0,28.0,7243
1992-08-02,-5.0,14.0,7246
1992-08-02,-13.0,98.0,7248
1992-08-02,24.0,14.0,7250
1992-08-03,7.0,0.0,7247
1992-08-03,-17.0,28.0,7251
1992-08-06,-19.0,126.0,7238
1992-08-07,-15.0,28.0,7252
1992-08-07,-8.0,14.0,7255
1992-08-08,15.0,28.0,7241
1992-08-08,19.0,0.0,7253
1992-08-08,-15.0,392.0,7256
1992-08-10,-13.0,0.0,7258
1992-08-10,-11.0,14.0,7259
1992-08-12,-6.0,84.0,7245
1992-08-12,-22.0,42.0,7257
1992-08-12,16.0,700.0,7260
1992-08-16,14.0,42.0,7264
1992-08-18,-23.0,14.0,7261
1992-08-19,15.0,14.0,7263
1992-08-20,17.0,84.0,7262
1992-08-20,-19.0,84.0,7265
1992-08-25,18.0,56.0,7266
1992-08-31,6.0,14.0,7268
1992-09-01,-9.0,14.0,7271
1992-09-03,3.0,28.0,7267
1992-09-05,-16.0,14.0,7273
1992-09-06,-12.0,56.0,7272
1992-09-08,-8.0,0.0,7275
1992-09-08,16.0,168.0,7276
1992-09-09,5.0,0.0,7274
1992-09-09,-11.0,14.0,7277
1992-09-10,-6.0,14.0,7279
1992-09-11,-9.0,84.0,7270
1992-09-11,-12.0,56.0,7280
1992-09-13,9.0,14.0,7284
1992-09-15,12.0,84.0,7278
1992-09-16,11.0,84.0,7281
1992-09-17,-18.0,126.0,7282
1992-09-17,-6.0,14.0,7285
1992-09-20,-9.0,126.0,7289
1992-09-21,17.0,0.0,7290
1992-09-22,13.0,14.0,7286
1992-09-23,18.0,112.0,7292
1992-09-24,-7.0,112.0,7293
1992-09-25,-11.0,238.0,7294
1992-09-26,7.0,28.0,7287
1992-09-26,14.0,56.0,7295
1992-09-27,7.0,42.0,7296
1992-09-28,-16.0,84.0,7283
1992-09-28,-17.0,28.0,7288
1992-09-29,-6.0,14.0,7291
1992-09-30,16.0,42.0,7298
1992-09-30,12.0,42.0,7299
1992-09-30,-14.0,14.0,7302
1993-01-01,16.0,140.0,7376
1993-01-01,13.0,28.0,7378
1993-01-01,4.0,14.0,7384
1993-01-02,-4.0,42.0,7383
1993-01-02,-23.0,252.0,7387
1993-01-04,-12.0,28.0,7379
1993-01-04,5.0,42.0,7381
1993-01-05,13.0,42.0,7390
1993-01-05,14.0,0.0,7392
1993-01-05,-18.0,28.0,7393
1993-01-07,-7.0,182.0,7388
1993-01-07,12.0,70.0,7395
1993-01-07,-12.0,0.0,7396
1993-01-08,8.0,28.0,7398
1993-01-09,10.0,28.0,7397
1993-01-13,-20.0,14.0,7389
1993-01-14,-3.0,168.0,7386
1993-01-14,-19.0,182.0,7394
1993-01-14,-11.0,70.0,7401
1993-01-14,-26.0,42.0,7402
1993-01-17,7.0,42.0,7399
1993-01-18,-12.0,14.0,7391
1993-01-19,-12.0,84.0,7406
1993-01-20,-9.0,112.0,7400
1993-01-20,14.0,42.0,7404
1993-01-22,-7.0,42.0,7407
1993-01-27,9.0,14.0,7408
1993-01-27,17.0,14.0,7409
1993-01-28,12.0,168.0,7403
1993-01-28,-14.0,112.0,7412
1993-01-29,16.0,28.0,7413
1993-02-01,4.0,0.0,7415
1993-02-02,-12.0,378.0,7411
1993-02-02,-11.0,70.0,7416
1993-02-04,10.0,140.0,7419
1993-02-05,-8.0,126.0,7420
1993-02-07,-3.0,84.0,7422
1993-02-08,-13.0,112.0,7421
1993-02-11,15.0,42.0,7414
1993-02-11,3.0,98.0,7418
1993-02-11,20.0,28.0,7423
1993-02-15,17.0,322.0,7417
1993-02-15,5.0,14.0,7426
1993-02-15,-22.0,84.0,7427
1993-02-15,-5.0,28.0,7428
1993-02-19,-17.0,28.0,7432
1993-02-21,12.0,70.0,7433
1993-02-22,12.0,42.0,7424
1993-02-22,-13.0,84.0,7434
1993-02-25,16.0,84.0,7425
1993-02-27,7.0,70.0,7430
1993-03-01,-13.0,56.0,7429
1993-03-02,-12.0,84.0,7431
1993-03-02,-24.0,14.0,7437
1993-03-02,-11.0,84.0,7439
1993-03-02,17.0,0.0,7442
1993-03-03,18.0,42.0,7436
1993-03-03,-5.0,364.0,7440
1993-03-05,17.0,14.0,7443
1993-03-06,-8.0,28.0,7444
1993-03-08,-1.0,14.0,7445
1993-03-09,8.0,42.0,7435
1993-03-09,11.0,28.0,7446
1993-03-11,16.0,0.0,7448
1993-03-12,6.0,14.0,7447
1993-03-15,-20.0,70.0,7450
1993-03-16,8.0,14.0,7441
1993-03-16,-9.0,0.0,7449
1993-03-16,-19.0,42.0,7451
1993-03-17,-14.0,126.0,7452
1993-03-19,-6.0,14.0,7453
1993-03-19,5.0,14.0,7456
1993-03-20,-14.0,42.0,7454
1993-03-21,13.0,14.0,7459
1993-03-23,19.0,14.0,7455
1993-03-24,-12.0,14.0,7458
1993-03-26,21.0,42.0,7460
1993-03-26,4.0,126.0,7461
1993-03-27,12.0,0.0,7457
1993-03-28,20.0,0.0,7462
1993-03-28,-14.0,56.0,7463
1993-03-28,10.0,14.0,7464
1993-03-30,-6.0,98.0,7465
1993-04-01,-6.0,14.0,7468
1993-04-04,9.0,0.0,7467
1993-04-04,-9.0,42.0,7470
1993-04-07,-18.0,84.0,7466
1993-04-11,16.0,56.0,7471
1993-04-13,23.0,28.0,7474
1993-04-14,-7.0,84.0,7469
1993-04-14,7.0,42.0,7472
1993-04-14,4.0,28.0,7475
1993-04-17,8.0,84.0,7477
1993-04-17,-11.0,0.0,7485
1993-04-19,17.0,56.0,7473
1993-04-19,-14.0,140.0,7480
1993-04-20,-5.0,0.0,7478
1993-04-20,5.0,0.0,7484
1993-04-21,-11.0,14.0,7479
1993-04-22,-6.0,14.0,7481
1993-04-25,6.0,70.0,7490
1993-04-26,10.0,14.0,7491
1993-04-27,10.0,28.0,7486
1993-04-27,-11.0,28.0,7487
1993-04-27,-14.0,14.0,7492
1993-04-28,-14.0,140.0,7483
1993-04-28,-12.0,140.0,7493
1993-04-30,-4.0,14.0,7494
1993-05-03,-5.0,0.0,7489
1993-05-03,-5.0,0.0,7495
1993-05-04,15.0,84.0,7496
1993-05-05,-20.0,42.0,7488
1993-05-06,-23.0,14.0,7498
1993-05-08,-8.0,84.0,7497
1993-05-10,-8.0,28.0,7501
1993-05-10,-7.0,28.0,7503
1993-05-13,-8.0,84.0,7499
1993-05-13,-12.0,56.0,7502
1993-05-15,12.0,28.0,7505
1993-05-17,11.0,14.0,7507
1993-05-18,17.0,84.0,7500
1993-05-20,-18.0,0.0,7510
1993-05-21,-13.0,14.0,7509
1993-05-22,10.0,14.0,7506
1993-05-23,10.0,0.0,7504
1993-05-24,8.0,14.0,7512
1993-05-24,2.0,0.0,7513
1993-05-26,15.0,98.0,7514
1993-05-28,8.0,140.0,7517
1993-06-01,4.0,28.0,7519
1993-06-02,12.0,14.0,7521
1993-06-07,14.0,182.0,7515
1993-06-12,-11.0,434.0,7518
1993-06-13,12.0,14.0,7523
1993-06-18,7.0,0.0,7527
1993-06-19,22.0,70.0,7522
1993-06-22,12.0,14.0,7526
1993-06-22,-3.0,14.0,7531
1993-06-26,-17.0,14.0,7525
1993-06-28,-1.0,42.0,7535
1993-06-29,-15.0,28.0,7534
1993-07-01,2.0,42.0,7528
1993-07-02,-9.0,0.0,7536
1993-07-03,-9.0,56.0,7538
1993-07-04,22.0,14.0,7541
1993-07-05,-17.0,0.0,7539
1993-07-06,-12.0,168.0,7529
1993-07-07,10.0,0.0,7537
1993-07-08,-11.0,154.0,7530
1993-07-08,6.0,14.0,7540
1993-07-10,7.0,0.0,7545
1993-07-14,-8.0,98.0,7546
1993-07-16,8.0,98.0,7547
1993-07-18,8.0,98.0,7542
1993-07-19,3.0,28.0,7544
1993-07-19,-9.0,42.0,7551
1993-07-20,-9.0,84.0,7543
1993-07-22,-16.0,42.0,7549
1993-07-24,-13.0,14.0,7553
1993-07-26,-9.0,0.0,7554
1993-07-27,7.0,42.0,7555
1993-07-28,-20.0,14.0,7550
1993-07-30,-11.0,84.0,7548
1993-08-02,-16.0,70.0,7557
1993-08-03,17.0,14.0,7556
1993-08-05,18.0,56.0,7552
1993-08-08,-16.0,14.0,7559
1993-08-08,17.0,42.0,7560
1993-08-09,13.0,0.0,7561
1993-08-11,-2.0,140.0,7563
1993-08-14,8.0,252.0,7562
1993-08-15,12.0,112.0,7558
1993-08-23,-11.0,14.0,7569
1993-08-23,-11.0,28.0,7570
1993-08-24,22.0,84.0,7572
1993-08-26,-10.0,56.0,7565
1993-08-26,-18.0,14.0,7571
1993-08-26,7.0,70.0,7573
1993-08-30,-9.0,56.0,7566
1993-08-31,-8.0,28.0,7575
1993-09-02,8.0,28.0,7568
1993-09-02,11.0,112.0,7576
1993-09-04,19.0,14.0,7577
1993-09-07,-27.0,0.0,7578
1993-09-10,9.0,14.0,7579
1993-09-15,-10.0,14.0,7581
1993-09-17,13.0,14.0,7582
1993-09-19,-19.0,0.0,7583
1993-09-19,-3.0,14.0,7584
1993-09-27,3.0,14.0,7587
1993-09-28,17.0,14.0,7589
1993-09-28,12.0,854.0,7590
1993-09-28,9.0,336.0,7591
1993-09-30,-7.0,252.0,7585
1993-09-30,19.0,14.0,7588
1994-01-02,10.0,560.0,7640
1994-01-02,6.0,70.0,7641
1994-01-02,12.0,98.0,7644
1994-01-08,-14.0,14.0,7649
1994-01-09,-16.0,28.0,7647
1994-01-10,13.0,70.0,7645
1994-01-11,-9.0,84.0,7646
1994-01-16,6.0,126.0,7648
1994-01-17,6.0,14.0,7650
1994-01-17,-6.0,14.0,7651
1994-01-17,-4.0,0.0,7653
1994-01-17,-7.0,14.0,7655
1994-01-24,-8.0,0.0,7660
1994-01-26,11.0,42.0,7657
1994-01-28,4.0,56.0,7652
1994-01-28,-16.0,28.0,7662
1994-01-29,9.0,448.0,7654
1994-01-30,4.0,84.0,7665
1994-01-31,13.0,28.0,7658
1994-02-01,10.0,0.0,7661
1994-02-02,-14.0,42.0,7659
1994-02-06,11.0,14.0,7663
1994-02-06,-7.0,14.0,7667
1994-02-11,-12.0,126.0,7664
1994-02-12,6.0,14.0,7669
1994-02-13,8.0,14.0,7670
1994-02-14,16.0,56.0,7666
1994-02-14,10.0,84.0,7671
1994-02-19,10.0,28.0,7668
1994-02-20,8.0,14.0,7673
1994-02-20,-14.0,14.0,7674
1994-02-22,9.0,14.0,7676
1994-02-23,-12.0,56.0,7675
1994-02-25,-14.0,98.0,7678
1994-02-26,-2.0,14.0,7679
1994-02-27,-13.0,14.0,7680
1994-02-28,11.0,14.0,7677
1994-02-28,-13.0,14.0,7681
1994-03-05,-17.0,28.0,7683
1994-03-07,-20.0,98.0,7682
1994-03-10,9.0,28.0,7686
1994-03-11,19.0,28.0,7688
1994-03-12,-8.0,42.0,7684
1994-03-13,18.0,14.0,7687
1994-03-14,-8.0,56.0,7685
1994-03-14,-11.0,28.0,7689
1994-03-15,-15.0,28.0,7690
1994-03-15,7.0,0.0,7691
1994-03-25,8.0,56.0,7693
1994-03-25,11.0,14.0,7694
1994-03-25,-17.0,28.0,7695
1994-03-26,-10.0,0.0,7697
1994-03-28,18.0,14.0,7692
1994-04-02,-16.0,70.0,7696
1994-04-03,-14.0,14.0,7698
1994-04-06,-8.0,0.0,7699
1994-04-09,8.0,28.0,7700
1994-04-15,5.0,70.0,7701
1994-04-18,-11.0,0.0,7702
1994-04-20,9.0,0.0,7703
1994-04-20,8.0,28.0,7704
1994-04-26,6.0,14.0,7706
1994-04-28,10.0,14.0,7708
1994-04-28,2.0,0.0,7709
1994-04-30,3.0,42.0,7705
1994-04-30,-11.0,28.0,7711
1994-05-01,-1.0,28.0,7707
1994-05-01,-12.0,14.0,7712
1994-05-02,-16.0,14.0,7710
1994-05-02,7.0,14.0,7713
1994-05-02,-13.0,0.0,7714
1994-05-05,9.0,28.0,7715
1994-05-07,9.0,14.0,7718
1994-05-07,-8.0,28.0,7719
1994-05-11,-12.0,42.0,7721
1994-05-12,7.0,182.0,7722
1994-05-14,8.0,14.0,7726
1994-05-15,6.0,0.0,7725
1994-05-18,-9.0,0.0,7720
1994-05-18,8.0,42.0,7727
1994-05-20,12.0,0.0,7723
1994-05-26,-7.0,14.0,7728
1994-06-08,-10.0,168.0,7730
1994-06-08,8.0,84.0,7731
1994-06-09,-16.0,168.0,7729
1994-06-13,-9.0,14.0,7732
1994-06-13,-13.0,28.0,7735
1994-06-16,4.0,0.0,7733
1994-06-16,-11.0,0.0,7740
1994-06-18,-12.0,14.0,7737
1994-06-19,12.0,112.0,7734
1994-06-21,-7.0,14.0,7739
1994-06-27,-18.0,14.0,7736
1994-06-28,5.0,0.0,7741
1994-06-28,-8.0,70.0,7742
1994-06-29,-9.0,14.0,7743
1994-07-02,-7.0,0.0,7744
1994-07-03,9.0,14.0,7745
1994-07-03,11.0,126.0,7746
1994-07-11,-12.0,42.0,7751
1994-07-12,-12.0,28.0,7753
1994-07-14,-16.0,56.0,7750
1994-07-15,-14.0,28.0,7747
1994-07-15,-8.0,14.0,7749
1994-07-15,7.0,14.0,7755
1994-07-16,-13.0,70.0,7756
1994-07-17,13.0,140.0,7757
1994-07-19,13.0,14.0,7754
1994-07-19,-12.0,0.0,7758
1994-07-29,4.0,14.0,7759
1994-08-02,-7.0,0.0,7760
1994-08-03,-5.0,0.0,7761
1994-08-12,-12.0,14.0,7763
1994-08-12,-5.0,70.0,7764
1994-08-15,6.0,98.0,7762
1994-08-15,10.0,28.0,7766
1994-08-21,-13.0,70.0,7765
1994-08-24,-7.0,70.0,7770
1994-08-25,-14.0,14.0,7768
1994-08-25,10.0,0.0,7769
1994-08-26,-15.0,0.0,7767
1994-08-29,7.0,70.0,7771
1994-09-03,14.0,14.0,7775
1994-09-04,-24.0,14.0,7772
1994-09-08,-12.0,0.0,7777
1994-09-12,-7.0,168.0,7773
1994-09-13,11.0,0.0,7774
1994-09-13,-6.0,14.0,7778
1994-09-16,-6.0,168.0,7776
1994-09-17,18.0,14.0,7779
1994-09-20,-4.0,42.0,7780
1994-09-27,-7.0,84.0,7783
1994-09-29,3.0,14.0,7782
1994-09-30,-7.0,42.0,7781
1995-01-04,-13.0,28.0,7822
1995-01-04,-10.0,14.0,7823
1995-01-05,-1.0,28.0,7825
1995-01-13,14.0,0.0,7826
1995-01-18,-13.0,56.0,7829
1995-01-22,1.0,14.0,7831
1995-01-23,-13.0,14.0,7828
1995-01-26,-8.0,0.0,7827
1995-01-29,-17.0,42.0,7833
1995-01-31,11.0,98.0,7830
1995-02-02,-9.0,14.0,7835
1995-02-03,-21.0,56.0,7832
1995-02-07,-6.0,28.0,7836
1995-02-07,2.0,28.0,7837
1995-02-09,8.0,28.0,7838
1995-02-10,-2.0,28.0,7840
1995-02-11,-17.0,14.0,7839
1995-02-12,-17.0,0.0,7834
1995-02-15,-14.0,42.0,7842
1995-02-17,-15.0,28.0,7843
1995-02-19,3.0,14.0,7841
1995-02-23,-14.0,56.0,7845
1995-02-27,11.0,28.0,7844
1995-02-28,-12.0,14.0,7847
1995-03-05,-22.0,14.0,7850
1995-03-09,-13.0,84.0,7848
1995-03-10,-15.0,70.0,7846
1995-03-10,-6.0,14.0,7849
1995-03-12,-15.0,14.0,7851
1995-03-13,-7.0,28.0,7852
1995-03-15,-8.0,14.0,7853
1995-03-18,-24.0,14.0,7855
1995-03-19,14.0,14.0,7857
1995-03-24,-17.0,28.0,7858
1995-03-27,11.0,14.0,7856
1995-03-28,-15.0,42.0,7854
1995-03-31,-1.0,14.0,7861
1995-04-05,0.0,14.0,7860
1995-04-21,10.0,0.0,7864
1995-04-23,-4.0,140.0,7863
1995-05-02,12.0,0.0,7865
1995-05-06,-11.0,14.0,7867
1995-05-07,-3.0,140.0,7869
1995-05-14,12.0,14.0,7872
1995-05-21,10.0,84.0,7870
1995-05-23,-14.0,560.0,7871
1995-05-29,9.0,14.0,7873
1995-06-03,-18.0,0.0,7875
1995-06-07,12.0,0.0,7876
1995-06-09,1.0,112.0,7874
1995-06-11,-11.0,14.0,7878
1995-06-11,-16.0,0.0,7879
1995-06-15,8.0,84.0,7877
1995-06-18,-6.0,0.0,7880
1995-06-19,1.0,14.0,7881
1995-06-19,6.0,112.0,7882
1995-06-30,3.0,0.0,7884
1995-06-30,9.0,0.0,7885
1995-06-30,13.0,14.0,7886
1995-07-01,12.0,182.0,7887
1995-07-06,-12.0,84.0,7888
1995-07-20,7.0,42.0,7891
1995-07-20,-19.0,14.0,7892
1995-07-21,6.0,14.0,7890
1995-07-26,-17.0,14.0,7893
1995-08-05,-6.0,0.0,7895
1995-08-07,12.0,14.0,7894
1995-08-09,2.0,28.0,7896
1995-08-11,4.0,14.0,7897
1995-08-11,12.0,28.0,7898
1995-08-13,-19.0,14.0,7899
1995-08-18,7.0,28.0,7900
1995-08-26,4.0,112.0,7903
1995-08-28,-11.0,14.0,7902
1995-08-29,2.0,28.0,7901
1995-09-05,7.0,42.0,7904
1995-09-10,27.0,0.6,7905
1995-09-17,-16.0,0.0,7906
1995-09-20,9.0,140.0,7907
1995-09-21,4.0,42.0,7908
1995-09-22,1.0,14.0,7909
1996-01-02,-9.0,0.0,7937
1996-01-03,-8.0,0.0,7934
1996-01-03,11.0,0.0,7935
1996-01-09,13.0,112.0,7938
1996-01-10,10.0,0.0,7940
1996-01-11,2.0,0.0,7939
1996-01-18,-7.0,0.0,7941
1996-01-23,0.0,0.0,7942
1996-01-25,12.0,0.0,7943
1996-02-03,9.0,42.0,7944
1996-02-16,6.0,0.0,7945
1996-02-20,9.0,0.0,7946
1996-02-23,-13.0,14.0,7947
1996-02-28,10.0,14.0,7948
1996-03-01,-12.0,28.0,7949
1996-03-07,9.0,14.0,7950
1996-03-07,-2.0,14.0,7951
1996-03-20,-4.0,14.0,7952
1996-03-30,8.0,42.0,7953
1996-03-30,1.0,0.0,7954
1996-04-05,1.0,14.0,7955
1996-04-20,4.0,0.0,7956
1996-04-21,-9.0,0.0,7957
1996-04-24,-8.0,42.0,7958
1996-04-25,7.0,0.0,7959
1996-04-29,4.0,14.0,7960
1996-05-07,-4.0,56.0,7962
1996-05-08,16.0,0.0,7961
1996-05-11,25.0,14.0,7963
1996-05-16,-7.0,0.0,7964
1996-05-23,-38.0,0.0,7965
1996-05-23,-11.0,0.0,7966
1996-06-02,35.0,0.0,7967
1996-06-06,8.0,14.0,7969
1996-06-07,-9.0,14.0,7970
1996-06-10,-7.0,14.0,7971
1996-06-13,3.0,0.0,7968
1996-06-19,28.0,0.0,7972
1996-06-22,9.0,0.0,7974
1996-06-23,7.0,14.0,7975
1996-06-24,12.0,14.0,7976
1996-07-02,8.0,70.0,7973
1996-07-03,4.0,14.0,7977
1996-07-14,-10.0,28.0,7978
1996-07-20,-34.0,14.0,7979
1996-07-27,10.0,0.0,7980
1996-08-09,-11.0,168.0,7981
1996-08-11,26.0,14.0,7983
1996-08-16,8.0,0.0,7982
1996-08-19,28.0,14.0,7984
1996-08-25,10.0,14.0,7985
1996-09-01,18.0,0.0,7987
1996-09-05,-10.0,0.0,7986
1996-09-09,-25.0,14.0,7988
1996-09-13,29.0,0.0,7989
1997-01-08,-5.0,0.0,8009
1997-01-12,34.0,28.0,8010
1997-01-16,-6.0,42.0,8011
1997-01-19,27.0,0.0,8012
1997-01-19,-32.0,0.0,8013
1997-01-25,-13.0,28.0,8014
1997-02-08,4.0,28.0,8015
1997-02-08,33.0,14.0,8017
1997-02-10,-19.0,0.0,8016
1997-02-20,5.0,14.0,8018
1997-02-25,25.0,14.0,8019
1997-03-07,6.0,168.0,8020
1997-03-17,-33.0,0.0,8021
1997-03-19,-6.0,0.0,8022
1997-03-19,-10.0,0.0,8023
1997-03-21,-5.0,0.0,8024
1997-03-21,24.0,0.0,8025
1997-03-28,-25.0,56.0,8026
1997-04-03,-30.0,70.0,8027
1997-04-09,-7.0,14.0,8028
1997-04-11,11.0,0.0,8030
1997-04-15,24.0,0.0,8029
1997-04-17,-30.0,154.0,8031
1997-04-18,29.0,14.0,8033
1997-04-19,-23.0,14.0,8032
1997-04-20,21.0,14.0,8034
1997-04-23,17.0,14.0,8035
1997-04-30,-16.0,0.0,8036
1997-05-05,-25.0,0.0,8037
1997-05-12,23.0,14.0,8039
1997-05-18,24.0,0.0,8038
1997-05-18,4.0,0.0,8041
1997-05-18,25.0,0.0,8042
1997-05-20,-35.0,42.0,8044
1997-05-23,27.0,84.0,8043
1997-05-24,-26.0,0.0,8046
1997-05-27,8.0,70.0,8040
1997-05-28,2.0,28.0,8045
1997-05-28,26.0,14.0,8047
1997-05-31,-26.0,0.0,8049
1997-06-09,21.0,0.0,8051
1997-06-10,-28.0,28.0,8048
1997-06-13,17.0,28.0,8052
1997-06-18,27.0,0.0,8050
1997-06-19,-27.0,28.0,8053
1997-06-21,7.0,0.0,8054
1997-06-26,15.0,0.0,8055
1997-06-29,30.0,0.0,8057
1997-06-30,19.0,0.0,8056
1997-07-03,-19.0,14.0,8058
1997-07-10,-34.0,28.0,8059
1997-07-11,5.0,14.0,8060
1997-07-15,-21.0,14.0,8061
1997-07-18,23.0,0.0,8062
1997-07-21,-25.0,14.0,8063
1997-07-23,22.0,14.0,8064
1997-07-26,22.0,28.0,8066
1997-07-28,16.0,210.0,8065
1997-08-03,6.0,14.0,8067
1997-08-09,-19.0,0.0,8068
1997-08-09,21.0,84.0,8071
1997-08-10,21.0,42.0,8069
1997-08-10,21.0,0.0,8072
1997-08-12,26.0,126.0,8074
1997-08-16,-20.0,14.0,8070
1997-08-16,29.0,0.0,8075
1997-08-24,13.0,28.0,8073
1997-08-26,-23.0,14.0,8077
1997-08-29,15.0,14.0,8079
1997-09-01,34.0,28.0,8081
1997-09-02,18.0,0.0,8080
1997-09-02,22.0,0.0,8082
1997-09-03,21.0,14.0,8078
1997-09-07,25.0,0.0,8076
1997-09-15,-27.0,84.0,8083
1997-09-18,22.0,112.0,8084
1997-09-19,-25.0,112.0,8085
1997-09-22,-22.0,42.0,8087
1997-09-24,25.0,0.0,8086
1997-09-30,-29.0,294.0,8088
1997-09-30,20.0,14.0,8089
1998-01-03,-22.0,84.0,8124
1998-01-06,23.0,56.0,8126
1998-01-07,24.0,14.0,8129
1998-01-07,-29.0,14.0,8130
1998-01-12,4.0,14.0,8133
1998-01-12,15.0,0.0,8134
1998-01-14,-19.0,14.0,8132
1998-01-14,-17.0,0.0,8135
1998-01-17,-16.0,14.0,8137
1998-01-18,14.0,14.0,8139
1998-01-20,-24.0,70.0,8131
1998-01-20,15.0,0.0,8136
1998-01-20,-43.0,14.0,8138
1998-01-20,26.0,0.0,8141
1998-01-21,-14.0,0.0,8140
1998-01-24,12.0,0.0,8144
1998-01-25,28.0,28.0,8145
1998-01-25,15.0,0.0,8146
1998-01-27,-24.0,0.0,8147
1998-01-30,-21.0,42.0,8142
1998-02-03,-29.0,0.0,8148
1998-02-04,-36.0,84.0,8143
1998-02-07,25.0,14.0,8150
1998-02-09,-21.0,42.0,8152
1998-02-09,-40.0,14.0,8153
1998-02-10,-24.0,0.0,8154
1998-02-11,-14.0,28.0,8155
1998-02-12,27.0,14.0,8157
1998-02-15,33.0,14.0,8159
1998-02-16,-22.0,0.0,8151
1998-02-16,23.0,14.0,8160
1998-02-17,25.0,14.0,8161
1998-02-22,-32.0,14.0,8162
1998-02-23,-25.0,280.0,8156
1998-02-24,-19.0,98.0,8158
1998-02-24,29.0,14.0,8165
1998-02-25,22.0,0.0,8166
1998-02-27,-21.0,14.0,8163
1998-02-27,16.0,0.0,8168
1998-02-28,0.0,0.0,8170
1998-03-03,15.0,28.0,8164
1998-03-03,-25.0,14.0,8167
1998-03-03,-21.0,84.0,8169
1998-03-07,-24.0,476.0,8171
1998-03-08,23.0,42.0,8172
1998-03-08,44.0,14.0,8175
1998-03-08,-43.0,0.0,8176
1998-03-09,-33.0,14.0,8177
1998-03-13,-20.0,0.0,8181
1998-03-14,-19.0,14.0,8173
1998-03-15,-17.0,0.0,8174
1998-03-21,-25.0,14.0,8182
1998-03-21,-18.0,70.0,8184
1998-03-23,-15.0,42.0,8178
1998-03-23,-24.0,406.0,8179
1998-03-23,-28.0,280.0,8180
1998-03-23,9.0,14.0,8186
1998-03-25,-23.0,0.0,8187
1998-03-26,29.0,0.0,8188
1998-03-30,21.0,70.0,8183
1998-04-01,-27.0,0.0,8189
1998-04-01,-20.0,42.0,8191
1998-04-04,-32.0,28.0,8192
1998-04-05,-22.0,98.0,8185
1998-04-06,-26.0,42.0,8195
1998-04-08,32.0,28.0,8197
1998-04-08,-28.0,84.0,8198
1998-04-10,-22.0,28.0,8190
1998-04-10,18.0,14.0,8196
1998-04-10,19.0,14.0,8201
1998-04-10,-21.0,28.0,8202
1998-04-14,-21.0,140.0,8193
1998-04-14,-26.0,0.0,8199
1998-04-16,-21.0,56.0,8200
1998-04-17,-15.0,14.0,8204
1998-04-18,-17.0,84.0,8194
1998-04-19,33.0,0.0,8203
1998-04-20,23.0,28.0,8206
1998-04-22,0.0,0.0,8207
1998-04-23,18.0,0.0,8208
1998-04-24,22.0,126.0,8205
1998-04-26,-24.0,0.0,8209
1998-04-27,-22.0,0.0,8211
1998-04-29,-25.0,14.0,8213
1998-04-30,-31.0,0.0,8212
1998-05-01,31.0,0.0,8215
1998-05-01,-21.0,0.0,8216
1998-05-08,-15.0,378.0,8210
1998-05-09,28.0,14.0,8219
1998-05-11,26.0,126.0,8214
1998-05-11,-31.0,280.0,8220
1998-05-13,-9.0,0.0,8221
1998-05-15,-17.0,28.0,8217
1998-05-19,-20.0,266.0,8218
1998-05-20,-35.0,14.0,8224
1998-05-21,-16.0,0.0,8223
1998-05-24,24.0,14.0,8222
1998-05-24,-18.0,0.0,8225
1998-05-29,18.0,280.0,8226
1998-05-30,-18.0,14.0,8229
1998-05-31,-21.0,14.0,8231
1998-06-03,-22.0,14.0,8228
1998-06-04,28.0,14.0,8233
1998-06-05,16.0,28.0,8234
1998-06-07,25.0,14.0,8227
1998-06-07,20.0,0.0,8235
1998-06-08,-24.0,14.0,8237
1998-06-09,21.0,14.0,8239
1998-06-11,-19.0,98.0,8230
1998-06-12,21.0,0.0,8236
1998-06-12,19.0,14.0,8238
1998-06-12,-20.0,126.0,8242
1998-06-14,-24.0,84.0,8240
1998-06-14,-26.0,14.0,8241
1998-06-14,-29.0,28.0,8245
1998-06-14,-22.0,14.0,8247
1998-06-15,-21.0,252.0,8232
1998-06-15,13.0,0.0,8246
1998-06-15,21.0,14.0,8248
1998-06-19,-25.0,0.0,8250
1998-06-21,35.0,14.0,8244
1998-06-22,-29.0,14.0,8252
1998-06-24,15.0,42.0,8251
1998-06-26,17.0,140.0,8243
1998-06-26,23.0,0.0,8254
1998-06-28,-28.0,56.0,8249
1998-06-28,25.0,14.0,8259
1998-06-28,-21.0,56.0,8260
1998-06-29,32.0,0.0,8261
1998-06-30,18.0,14.0,8262
1998-07-01,28.0,42.0,8257
1998-07-05,17.0,28.0,8253
1998-07-06,-23.0,42.0,8255
1998-07-06,24.0,0.0,8266
1998-07-07,-25.0,14.0,8256
1998-07-08,-13.0,28.0,8258
1998-07-08,33.0,28.0,8267
1998-07-11,18.0,0.0,8268
1998-07-11,19.0,0.0,8269
1998-07-12,-24.0,0.0,8265
1998-07-12,-9.0,56.0,8271
1998-07-13,-20.0,42.0,8263
1998-07-13,16.0,84.0,8264
1998-07-16,-28.0,28.0,8272
1998-07-17,16.0,14.0,8275
1998-07-20,-19.0,0.0,8276
1998-07-21,-28.0,0.0,8278
1998-07-22,16.0,0.0,8281
1998-07-23,-24.0,56.0,8270
1998-07-23,-24.0,0.0,8273
1998-07-24,-22.0,0.0,8274
1998-07-25,-14.0,56.0,8277
1998-07-28,-23.0,0.0,8285
1998-07-28,18.0,0.0,8286
1998-07-30,23.0,14.0,8279
1998-07-30,17.0,14.0,8287
1998-07-31,-26.0,14.0,8288
1998-08-01,25.0,0.0,8284
1998-08-01,22.0,14.0,8289
1998-08-01,16.0,14.0,8290
1998-08-03,-24.0,308.0,8280
1998-08-03,-22.0,0.0,8291
1998-08-03,25.0,14.0,8292
1998-08-04,30.0,126.0,8282
1998-08-06,16.0,28.0,8296
1998-08-07,16.0,14.0,8294
1998-08-09,27.0,84.0,8283
1998-08-09,13.0,14.0,8295
1998-08-13,-27.0,0.0,8300
1998-08-13,-14.0,14.0,8302
1998-08-14,18.0,14.0,8298
1998-08-15,-23.0,112.0,8293
1998-08-15,20.0,0.0,8303
1998-08-16,28.0,14.0,8306
1998-08-20,31.0,168.0,8297
1998-08-20,-24.0,14.0,8305
1998-08-21,15.0,112.0,8299
1998-08-21,23.0,14.0,8310
1998-08-21,19.0,0.0,8311
1998-08-22,-20.0,70.0,8301
1998-08-22,-18.0,0.0,8313
1998-08-22,17.0,14.0,8314
1998-08-23,23.0,0.0,8312
1998-08-24,25.0,0.0,8315
1998-08-25,28.0,84.0,8316
1998-08-27,-29.0,28.0,8304
1998-08-28,17.0,70.0,8309
1998-08-28,29.0,0.0,8317
1998-08-28,33.0,28.0,8321
1998-08-30,14.0,0.0,8320
1998-08-31,-22.0,42.0,8308
1998-08-31,-23.0,14.0,8318
1998-09-01,23.0,0.0,8324
1998-09-02,32.0,56.0,8307
1998-09-03,-28.0,0.0,8325
1998-09-04,21.0,266.0,8319
1998-09-04,22.0,70.0,8322
1998-09-04,19.0,140.0,8326
1998-09-04,30.0,70.0,8327
1998-09-07,-20.0,70.0,8330
1998-09-09,-27.0,14.0,8332
1998-09-11,-27.0,112.0,8323
1998-09-15,14.0,84.0,8333
1998-09-15,-24.0,0.0,8334
1998-09-16,14.0,140.0,8329
1998-09-17,-15.0,14.0,8328
1998-09-19,22.0,14.0,8331
1998-09-20,19.0,28.0,8341
1998-09-20,42.0,14.0,8343
1998-09-24,-20.0,28.0,8335
1998-09-24,-36.0,0.0,8337
1998-09-25,22.0,14.0,8345
1998-09-25,-30.0,56.0,8346
1998-09-26,-27.0,14.0,8336
1998-09-28,-15.0,112.0,8339
1998-09-29,17.0,70.0,8342
1998-09-29,17.0,14.0,8348
1998-09-29,-26.0,14.0,8349
1998-09-30,31.0,56.0,8338
1998-09-30,19.0,322.0,8340
1998-09-30,-21.0,28.0,8344
1998-09-30,-12.0,28.0,8347
1999-01-02,28.0,84.0,8419
1999-01-02,16.0,14.0,8427
1999-01-03,20.0,0.0,8420
1999-01-03,34.0,0.0,8429
1999-01-04,-25.0,0.0,8430
1999-01-05,-28.0,14.0,8431
1999-01-06,26.0,252.0,8421
1999-01-07,-22.0,84.0,8422
1999-01-08,-22.0,0.0,8425
1999-01-08,22.0,14.0,8428
1999-01-08,-26.0,28.0,8434
1999-01-08,13.0,14.0,8435
1999-01-09,26.0,0.0,8432
1999-01-10,-30.0,14.0,8436
1999-01-12,14.0,42.0,8426
1999-01-12,-28.0,14.0,8433
1999-01-15,18.0,0.0,8441
1999-01-16,-18.0,0.0,8438
1999-01-19,-18.0,14.0,8443
1999-01-20,10.0,0.0,8445
1999-01-23,11.0,70.0,8437
1999-01-23,25.0,56.0,8442
1999-01-25,-16.0,0.0,8448
1999-01-26,-23.0,112.0,8439
1999-01-26,19.0,84.0,8440
1999-01-27,19.0,28.0,8447
1999-01-28,19.0,84.0,8444
1999-01-29,22.0,0.0,8450
1999-02-01,26.0,14.0,8449
1999-02-02,18.0,84.0,8446
1999-02-02,27.0,14.0,8451
1999-02-03,-26.0,28.0,8453
1999-02-03,-22.0,14.0,8454
1999-02-04,19.0,14.0,8452
1999-02-07,-19.0,14.0,8455
1999-02-08,23.0,0.0,8456
1999-02-11,-17.0,70.0,8460
1999-02-13,-32.0,14.0,8461
1999-02-15,-32.0,0.0,8465
1999-02-17,-23.0,0.0,8466
1999-02-17,16.0,84.0,8467
1999-02-20,-28.0,182.0,8459
1999-02-21,15.0,154.0,8457
1999-02-22,-23.0,504.0,8458
1999-02-23,21.0,14.0,8462
1999-02-23,-17.0,14.0,8463
1999-02-23,18.0,0.0,8464
1999-02-23,35.0,84.0,8468
1999-02-23,15.0,56.0,8469
1999-02-23,-23.0,14.0,8470
1999-02-25,28.0,0.0,8472
1999-03-01,16.0,0.0,8473
1999-03-01,-24.0,14.0,8474
1999-03-03,25.0,0.0,8480
1999-03-05,-18.0,14.0,8481
1999-03-06,28.0,84.0,8471
1999-03-07,30.0,28.0,8475
1999-03-07,-15.0,0.0,8478
1999-03-07,-13.0,0.0,8479
1999-03-07,-26.0,0.0,8482
1999-03-09,18.0,210.0,8476
1999-03-09,-22.0,140.0,8484
1999-03-11,-25.0,14.0,8486
1999-03-13,-21.0,84.0,8483
1999-03-15,-28.0,252.0,8477
1999-03-18,14.0,14.0,8489
1999-03-18,-20.0,0.0,8490
1999-03-19,19.0,14.0,8491
1999-03-20,22.0,280.0,8485
1999-03-20,-27.0,14.0,8492
1999-03-20,-21.0,0.0,8495
1999-03-23,16.0,42.0,8487
1999-03-23,-26.0,0.0,8488
1999-03-23,19.0,28.0,8493
1999-03-23,-23.0,14.0,8494
1999-03-26,-11.0,0.0,8496
1999-03-27,23.0,0.0,8499
1999-03-28,28.0,14.0,8501
1999-03-29,-25.0,0.0,8502
1999-03-31,-22.0,0.0,8503
1999-03-31,-28.0,196.0,8504
1999-04-01,10.0,0.0,8505
1999-04-03,30.0,98.0,8497
1999-04-04,12.0,14.0,8507
1999-04-04,19.0,70.0,8508
1999-04-05,19.0,0.0,8498
1999-04-06,11.0,14.0,8509
1999-04-07,-34.0,28.0,8510
1999-04-10,-28.0,182.0,8506
1999-04-10,-18.0,28.0,8513
1999-04-15,-21.0,84.0,8516
1999-04-16,-17.0,0.0,8511
1999-04-19,-27.0,14.0,8512
1999-04-19,-18.0,14.0,8515
1999-04-19,18.0,0.0,8519
1999-04-20,-31.0,14.0,8514
1999-04-22,24.0,56.0,8517
1999-04-22,19.0,0.0,8520
1999-04-24,16.0,14.0,8522
1999-04-25,33.0,14.0,8521
1999-04-30,-13.0,84.0,8518
1999-05-01,27.0,0.0,8527
1999-05-02,-15.0,0.0,8528
1999-05-03,30.0,28.0,8523
1999-05-05,22.0,42.0,8524
1999-05-06,-40.0,14.0,8532
1999-05-06,5.0,70.0,8533
1999-05-07,-14.0,14.0,8529
1999-05-07,-24.0,42.0,8536
1999-05-08,13.0,42.0,8539
1999-05-09,19.0,364.0,8526
1999-05-10,20.0,238.0,8537
1999-05-12,15.0,126.0,8525
1999-05-12,12.0,14.0,8530
1999-05-12,10.0,56.0,8538
1999-05-14,6.0,0.0,8543
1999-05-15,20.0,14.0,8531
1999-05-18,-22.0,84.0,8534
1999-05-19,22.0,294.0,8535
1999-05-19,-32.0,42.0,8546
1999-05-20,-29.0,0.0,8540
1999-05-20,21.0,126.0,8541
1999-05-20,24.0,14.0,8547
1999-05-23,25.0,168.0,8549
1999-05-24,-20.0,14.0,8542
1999-05-27,-22.0,84.0,8544
1999-05-27,29.0,14.0,8553
1999-05-27,16.0,70.0,8555
1999-05-28,37.0,182.0,8545
1999-05-28,-21.0,84.0,8548
1999-05-28,-14.0,14.0,8556
1999-05-28,-28.0,126.0,8557
1999-05-29,-25.0,126.0,8560
1999-05-31,-15.0,14.0,8550
1999-05-31,25.0,0.0,8561
1999-06-01,-25.0,14.0,8563
1999-06-02,-15.0,28.0,8564
1999-06-03,32.0,0.0,8551
1999-06-03,-7.0,28.0,8565
1999-06-03,23.0,14.0,8566
1999-06-05,19.0,350.0,8552
1999-06-05,25.0,112.0,8554
1999-06-06,21.0,140.0,8559
1999-06-06,18.0,0.0,8573
1999-06-07,10.0,14.0,8568
1999-06-07,26.0,0.0,8572
1999-06-08,-13.0,0.0,8567
1999-06-09,-15.0,322.0,8562
1999-06-10,15.0,112.0,8558
1999-06-12,19.0,0.0,8577
1999-06-12,10.0,0.0,8579
1999-06-12,-12.0,112.0,8583
1999-06-13,25.0,14.0,8584
1999-06-16,30.0,70.0,8574
1999-06-16,16.0,56.0,8575
1999-06-16,20.0,126.0,8578
1999-06-16,-35.0,0.0,8581
1999-06-17,18.0,112.0,8569
1999-06-17,-6.0,14.0,8570
1999-06-17,-18.0,0.0,8571
1999-06-17,18.0,0.0,8587
1999-06-18,-27.0,84.0,8576
1999-06-18,34.0,0.0,8586
1999-06-18,-22.0,14.0,8590
1999-06-20,-21.0,14.0,8588
1999-06-20,15.0,0.0,8591
1999-06-21,29.0,42.0,8582
1999-06-21,14.0,560.0,8594
1999-06-22,-21.0,56.0,8580
1999-06-22,26.0,14.0,8595
1999-06-22,23.0,56.0,8596
1999-06-22,21.0,196.0,8597
1999-06-22,-16.0,84.0,8599
1999-06-23,28.0,112.0,8589
1999-06-23,21.0,0.0,8593
1999-06-26,-15.0,14.0,8601
1999-06-26,-24.0,0.0,8605
1999-06-27,37.0,168.0,8585
1999-06-27,-12.0,14.0,8608
1999-06-28,20.0,0.0,8600
1999-06-28,14.0,84.0,8604
1999-06-28,23.0,0.0,8607
1999-06-28,-17.0,42.0,8612
1999-06-30,18.0,14.0,8609
1999-07-01,18.0,56.0,8613
1999-07-02,23.0,28.0,8592
1999-07-03,17.0,14.0,8606
1999-07-03,12.0,0.0,8610
1999-07-04,22.0,70.0,8598
1999-07-04,31.0,0.0,8616
1999-07-04,-17.0,14.0,8618
1999-07-04,-17.0,14.0,8619
1999-07-05,20.0,42.0,8621
1999-07-06,17.0,98.0,8602
1999-07-06,-16.0,196.0,8603
1999-07-07,26.0,0.0,8623
1999-07-08,14.0,126.0,8617
1999-07-08,-31.0,14.0,8622
1999-07-09,-26.0,266.0,8611
1999-07-11,23.0,154.0,8629
1999-07-12,-9.0,14.0,8630
1999-07-13,42.0,14.0,8633
1999-07-13,-18.0,14.0,8634
1999-07-14,17.0,42.0,8614
1999-07-14,-29.0,168.0,8615
1999-07-14,22.0,56.0,8620
1999-07-14,-20.0,28.0,8626
1999-07-14,-20.0,42.0,8632
1999-07-15,23.0,84.0,8624
1999-07-17,44.0,196.0,8635
1999-07-19,-10.0,14.0,8638
1999-07-20,-15.0,84.0,8625
1999-07-20,20.0,98.0,8628
1999-07-21,-12.0,42.0,8627
1999-07-22,12.0,14.0,8637
1999-07-22,30.0,0.0,8641
1999-07-22,-18.0,28.0,8642
1999-07-24,14.0,14.0,8631
1999-07-24,-24.0,42.0,8644
1999-07-25,21.0,14.0,8643
1999-07-26,38.0,322.0,8639
1999-07-26,24.0,0.0,8648
1999-07-27,13.0,0.0,8646
1999-07-29,17.0,14.0,8652
1999-07-31,21.0,112.0,8636
1999-08-02,28.0,28.0,8653
1999-08-03,17.0,14.0,8640
1999-08-03,20.0,14.0,8654
1999-08-04,-16.0,14.0,8649
1999-08-04,-25.0,14.0,8658
1999-08-04,-23.0,14.0,8659
1999-08-06,-19.0,168.0,8647
1999-08-07,-28.0,154.0,8645
1999-08-07,-34.0,0.0,8660
1999-08-08,19.0,28.0,8663
1999-08-09,22.0,14.0,8655
1999-08-09,23.0,14.0,8664
1999-08-10,18.0,0.0,8650
1999-08-10,26.0,252.0,8651
1999-08-11,14.0,14.0,8656
1999-08-11,-14.0,0.0,8661
1999-08-12,-26.0,70.0,8665
1999-08-13,14.0,28.0,8666
1999-08-13,23.0,42.0,8667
1999-08-15,-31.0,28.0,8657
1999-08-15,-21.0,14.0,8669
1999-08-16,-12.0,14.0,8670
1999-08-18,-16.0,56.0,8662
1999-08-20,-10.0,0.0,8671
1999-08-20,-17.0,140.0,8673
1999-08-22,16.0,14.0,8672
1999-08-25,26.0,0.0,8676
1999-08-27,20.0,84.0,8668
1999-08-27,-34.0,70.0,8679
1999-08-28,22.0,0.0,8680
1999-08-29,15.0,0.0,8678
1999-08-31,-10.0,0.0,8683
1999-08-31,-12.0,0.0,8684
1999-09-01,-8.0,28.0,8685
1999-09-03,-26.0,84.0,8674
1999-09-04,-24.0,14.0,8688
1999-09-05,21.0,182.0,8681
1999-09-06,21.0,98.0,8675
1999-09-06,-25.0,14.0,8686
1999-09-07,8.0,0.0,8677
1999-09-09,9.0,70.0,8687
1999-09-10,18.0,42.0,8682
1999-09-10,20.0,14.0,8689
1999-09-11,-31.0,0.0,8691
1999-09-11,-17.0,14.0,8694
1999-09-11,19.0,28.0,8695
1999-09-12,14.0,14.0,8696
1999-09-12,-20.0,14.0,8697
1999-09-12,-16.0,14.0,8698
1999-09-13,12.0,42.0,8700
1999-09-14,18.0,14.0,8701
1999-09-18,21.0,0.0,8703
1999-09-19,16.0,154.0,8690
1999-09-19,-11.0,14.0,8705
1999-09-20,-23.0,84.0,8692
1999-09-20,12.0,0.0,8693
1999-09-20,19.0,112.0,8706
1999-09-21,24.0,84.0,8699
1999-09-23,23.0,0.0,8702
1999-09-23,-9.0,56.0,8708
1999-09-25,-7.0,0.0,8707
1999-09-25,-15.0,0.0,8709
1999-09-27,20.0,42.0,8710
1999-09-30,-19.0,42.0,8704
1999-09-30,22.0,28.0,8711
1999-09-30,-13.0,14.0,8712
1999-09-30,-13.0,0.0,8713
1999-09-30,11.0,0.0,8714
2000-01-01,24.0,0.0,8809
2000-01-01,-27.0,0.0,8812
2000-01-01,10.0,42.0,8815
2000-01-07,-11.0,14.0,8818
2000-01-07,-16.0,70.0,8820
2000-01-08,38.0,56.0,8810
2000-01-08,24.0,0.0,8817
2000-01-09,-31.0,0.0,8823
2000-01-10,-15.0,70.0,8813
2000-01-10,11.0,0.0,8814
2000-01-10,20.0,84.0,8816
2000-01-10,10.0,42.0,8819
2000-01-10,-13.0,168.0,8824
2000-01-11,16.0,0.0,8822
2000-01-11,11.0,14.0,8825
2000-01-12,-19.0,0.0,8828
2000-01-16,8.0,0.0,8835
2000-01-17,18.0,0.0,8826
2000-01-17,-11.0,112.0,8827
2000-01-17,-12.0,14.0,8836
2000-01-18,-15.0,42.0,8834
2000-01-19,12.0,70.0,8838
2000-01-20,26.0,98.0,8821
2000-01-20,-15.0,14.0,8830
2000-01-20,-15.0,0.0,8832
2000-01-24,17.0,70.0,8829
2000-01-24,-8.0,266.0,8837
2000-01-26,-16.0,84.0,8831
2000-01-27,20.0,168.0,8833
2000-01-27,14.0,0.0,8839
2000-01-27,14.0,0.0,8843
2000-01-27,37.0,0.0,8846
2000-01-28,-24.0,0.0,8840
2000-01-28,-16.0,0.0,8842
2000-01-29,-16.0,14.0,8849
2000-01-30,5.0,280.0,8844
2000-01-31,-25.0,42.0,8847
2000-01-31,-18.0,14.0,8850
2000-02-01,10.0,28.0,8852
2000-02-02,-10.0,0.0,8853
2000-02-02,-33.0,28.0,8854
2000-02-03,-15.0,42.0,8845
2000-02-04,-32.0,70.0,8841
2000-02-06,23.0,84.0,8859
2000-02-07,30.0,0.0,8860
2000-02-08,-10.0,14.0,8848
2000-02-09,-14.0,56.0,8863
2000-02-09,-12.0,0.0,8865
2000-02-09,18.0,0.0,8866
2000-02-10,24.0,14.0,8851
2000-02-10,-17.0,14.0,8857
2000-02-12,8.0,336.0,8861
2000-02-12,-28.0,98.0,8872
2000-02-13,18.0,0.0,8855
2000-02-13,44.0,0.0,8864
2000-02-14,-18.0,14.0,8873
2000-02-15,-8.0,14.0,8874
2000-02-16,-16.0,28.0,8856
2000-02-16,-13.0,0.0,8876
2000-02-17,27.0,140.0,8858
2000-02-17,-14.0,0.0,8871
2000-02-17,-26.0,14.0,8877
2000-02-18,-23.0,0.0,8868
2000-02-19,-6.0,112.0,8862
2000-02-19,-16.0,140.0,8867
2000-02-20,-25.0,0.0,8878
2000-02-22,-6.0,14.0,8880
2000-02-23,-20.0,574.0,8869
2000-02-24,19.0,42.0,8870
2000-02-24,-10.0,84.0,8884
2000-02-25,-10.0,42.0,8887
2000-02-25,36.0,56.0,8888
2000-02-25,-11.0,0.0,8890
2000-02-26,-24.0,70.0,8875
2000-02-26,11.0,14.0,8885
2000-02-27,5.0,56.0,8892
2000-03-01,22.0,252.0,8879
2000-03-01,-19.0,0.0,8893
2000-03-01,-34.0,14.0,8894
2000-03-01,18.0,70.0,8896
2000-03-02,19.0,84.0,8881
2000-03-02,14.0,0.0,8895
2000-03-04,-12.0,42.0,8886
2000-03-05,12.0,42.0,8883
2000-03-06,-16.0,420.0,8882
2000-03-07,-18.0,42.0,8902
2000-03-08,19.0,14.0,8889
2000-03-08,-37.0,0.0,8897
2000-03-09,-16.0,378.0,8891
2000-03-09,-6.0,28.0,8905
2000-03-10,-19.0,140.0,8908
2000-03-11,-13.0,0.0,8899
2000-03-12,-17.0,84.0,8900
2000-03-12,-29.0,42.0,8909
2000-03-14,-17.0,0.0,8907
2000-03-15,24.0,224.0,8904
2000-03-15,15.0,0.0,8912
2000-03-16,-12.0,28.0,8898
2000-03-16,-12.0,28.0,8903
2000-03-17,16.0,14.0,8914
2000-03-18,-15.0,0.0,8901
2000-03-18,8.0,14.0,8911
2000-03-20,-22.0,0.0,8919
2000-03-21,-16.0,322.0,8906
2000-03-21,24.0,14.0,8920
2000-03-21,-15.0,42.0,8921
2000-03-22,14.0,14.0,8922
2000-03-23,-27.0,14.0,8923
2000-03-24,-17.0,42.0,8925
2000-03-25,13.0,112.0,8910
2000-03-25,32.0,266.0,8918
2000-03-26,-25.0,0.0,8929
2000-03-26,-36.0,0.0,8930
2000-03-27,-16.0,56.0,8913
2000-03-27,18.0,98.0,8917
2000-03-28,22.0,14.0,8934
2000-03-29,22.0,210.0,8915
2000-03-29,-10.0,112.0,8926
2000-03-30,12.0,84.0,8916
2000-03-30,15.0,0.0,8927
2000-03-30,26.0,0.0,8937
2000-03-31,13.0,14.0,8940
2000-03-31,25.0,0.0,8941
2000-04-02,8.0,70.0,8944
2000-04-02,-17.0,70.0,8945
2000-04-03,21.0,28.0,8928
2000-04-04,12.0,112.0,8924
2000-04-04,-24.0,0.0,8946
2000-04-04,23.0,0.0,8947
2000-04-06,-14.0,98.0,8931
2000-04-06,18.0,406.0,8933
2000-04-06,-10.0,14.0,8942
2000-04-07,-6.0,0.0,8935
2000-04-07,18.0,0.0,8950
2000-04-08,-12.0,70.0,8932
2000-04-08,-24.0,14.0,8952
2000-04-09,-10.0,0.0,8938
2000-04-09,22.0,70.0,8943
2000-04-10,-14.0,42.0,8953
2000-04-11,-16.0,42.0,8936
2000-04-11,23.0,56.0,8939
2000-04-11,31.0,0.0,8954
2000-04-11,11.0,0.0,8956
2000-04-12,-12.0,0.0,8957
2000-04-14,15.0,84.0,8963
2000-04-16,-16.0,84.0,8948
2000-04-18,-27.0,14.0,8961
2000-04-19,-17.0,84.0,8949
2000-04-19,20.0,14.0,8960
2000-04-19,-13.0,84.0,8966
2000-04-20,12.0,56.0,8951
2000-04-21,13.0,112.0,8969
2000-04-22,-15.0,42.0,8959
2000-04-22,35.0,14.0,8964
2000-04-23,18.0,70.0,8958
2000-04-24,-20.0,42.0,8955
2000-04-24,-25.0,0.0,8975
2000-04-26,25.0,0.0,8962
2000-04-26,-21.0,0.0,8974
2000-04-29,-11.0,42.0,8968
2000-04-29,36.0,252.0,8972
2000-04-29,22.0,42.0,8973
2000-04-29,21.0,0.0,8979
2000-04-30,-15.0,0.0,8965
2000-05-01,23.0,84.0,8967
2000-05-04,-14.0,238.0,8970
2000-05-04,18.0,518.0,8971
2000-05-05,-13.0,70.0,8977
2000-05-06,21.0,42.0,8978
2000-05-06,13.0,14.0,8985
2000-05-06,-19.0,14.0,8986
2000-05-07,-13.0,42.0,8976
2000-05-08,-22.0,14.0,8981
2000-05-08,8.0,14.0,8988
2000-05-09,-13.0,0.0,8984
2000-05-09,16.0,28.0,8991
2000-05-10,9.0,70.0,8992
2000-05-11,-20.0,56.0,8980
2000-05-12,-24.0,14.0,8982
2000-05-12,-19.0,0.0,8995
2000-05-12,-14.0,42.0,8997
2000-05-14,26.0,0.0,8983
2000-05-14,9.0,0.0,8987
2000-05-14,21.0,56.0,8999
2000-05-17,10.0,42.0,8994
2000-05-18,18.0,280.0,8989
2000-05-18,-23.0,126.0,8993
2000-05-18,17.0,0.0,9001
2000-05-18,-18.0,0.0,9005
2000-05-18,26.0,14.0,9006
2000-05-18,-42.0,14.0,9007
2000-05-18,-31.0,14.0,9008
2000-05-19,13.0,70.0,8990
2000-05-19,-18.0,42.0,9003
2000-05-21,-43.0,0.0,9014
2000-05-22,-29.0,0.0,9012
2000-05-23,-4.0,56.0,9013
2000-05-25,-22.0,364.0,8996
2000-05-25,13.0,0.0,9015
2000-05-25,26.0,28.0,9016
2000-05-26,-8.0,14.0,8998
2000-05-27,15.0,154.0,9004
2000-05-28,20.0,238.0,9002
2000-05-29,-18.0,0.0,9009
2000-05-29,3.0,14.0,9021
2000-05-29,-22.0,28.0,9022
2000-05-30,22.0,14.0,9010
2000-05-31,-36.0,70.0,9019
2000-05-31,4.0,14.0,9020
2000-06-01,20.0,84.0,9011
2000-06-01,-20.0,28.0,9018
2000-06-03,16.0,0.0,9025
2000-06-04,-2.0,28.0,9023
2000-06-05,25.0,0.0,9027
2000-06-05,18.0,28.0,9029
2000-06-07,-13.0,252.0,9017
2000-06-09,-14.0,126.0,9024
2000-06-09,-33.0,168.0,9031
2000-06-10,14.0,70.0,9028
2000-06-12,19.0,126.0,9040
2000-06-13,13.0,14.0,9030
2000-06-15,22.0,126.0,9026
2000-06-15,-19.0,14.0,9032
2000-06-15,25.0,14.0,9043
2000-06-16,-32.0,14.0,9047
2000-06-17,-15.0,42.0,9035
2000-06-17,14.0,42.0,9038
2000-06-17,8.0,28.0,9039
2000-06-18,-10.0,112.0,9034
2000-06-18,19.0,42.0,9041
2000-06-18,-16.0,168.0,9044
2000-06-18,16.0,14.0,9051
2000-06-19,25.0,0.0,9033
2000-06-19,22.0,14.0,9037
2000-06-19,-17.0,14.0,9045
2000-06-20,4.0,14.0,9053
2000-06-22,-19.0,84.0,9036
2000-06-22,8.0,42.0,9048
2000-06-24,-27.0,126.0,9052
2000-06-25,22.0,168.0,9042
2000-06-25,-7.0,84.0,9050
2000-06-25,-34.0,0.0,9060
2000-06-28,20.0,98.0,9046
2000-06-28,-35.0,42.0,9049
2000-06-29,16.0,0.0,9059
2000-06-30,-13.0,308.0,9058
2000-06-30,-21.0,42.0,9064
2000-06-30,20.0,84.0,9065
2000-07-03,14.0,84.0,9054
2000-07-04,21.0,14.0,9055
2000-07-04,-11.0,154.0,9056
2000-07-05,16.0,168.0,9057
2000-07-06,27.0,0.0,9063
2000-07-06,15.0,0.0,9072
2000-07-06,10.0,0.0,9074
2000-07-07,-13.0,14.0,9061
2000-07-07,6.0,14.0,9075
2000-07-07,-24.0,70.0,9076
2000-07-08,-16.0,112.0,9062
2000-07-08,-13.0,56.0,9078
2000-07-10,24.0,14.0,9071
2000-07-12,-18.0,140.0,9067
2000-07-12,-18.0,14.0,9083
2000-07-13,13.0,28.0,9066
2000-07-13,-17.0,266.0,9068
2000-07-14,-10.0,14.0,9086
2000-07-15,-18.0,210.0,9069
2000-07-15,19.0,70.0,9070
2000-07-16,-18.0,28.0,9073
2000-07-16,11.0,0.0,9089
2000-07-17,-7.0,42.0,9091
2000-07-19,-10.0,70.0,9082
2000-07-19,-12.0,14.0,9093
2000-07-21,19.0,56.0,9077
2000-07-21,-25.0,0.0,9092
2000-07-21,-2.0,14.0,9098
2000-07-22,-28.0,42.0,9079
2000-07-22,24.0,140.0,9080
2000-07-23,21.0,42.0,9084
2000-07-23,-15.0,28.0,9101
2000-07-24,6.0,42.0,9081
2000-07-24,16.0,98.0,9085
2000-07-24,23.0,28.0,9088
2000-07-26,25.0,70.0,9095
2000-07-27,-11.0,336.0,9087
2000-07-29,-24.0,28.0,9094
2000-07-30,15.0,84.0,9090
2000-07-30,-12.0,14.0,9096
2000-07-30,-7.0,28.0,9109
2000-07-31,-10.0,14.0,9106
2000-07-31,-12.0,0.0,9108
2000-08-01,10.0,42.0,9097
2000-08-02,17.0,84.0,9099
2000-08-02,10.0,56.0,9111
2000-08-03,-29.0,84.0,9100
2000-08-04,11.0,84.0,9103
2000-08-04,14.0,14.0,9112
2000-08-05,-17.0,0.0,9102
2000-08-05,-12.0,70.0,9116
2000-08-06,18.0,14.0,9118
2000-08-07,-25.0,14.0,9113
2000-08-07,-22.0,28.0,9120
2000-08-08,-19.0,70.0,9104
2000-08-09,-10.0,0.0,9117
2000-08-09,18.0,112.0,9123
2000-08-10,16.0,84.0,9105
2000-08-10,-13.0,42.0,9107
2000-08-12,-17.0,0.0,9110
2000-08-12,-12.0,42.0,9119
2000-08-15,11.0,224.0,9114
2000-08-15,-33.0,0.0,9121
2000-08-15,6.0,70.0,9126
2000-08-15,-23.0,28.0,9130
2000-08-15,23.0,28.0,9132
2000-08-15,6.0,14.0,9134
2000-08-17,20.0,42.0,9115
2000-08-17,23.0,0.0,9122
2000-08-20,-10.0,0.0,9133
2000-08-20,23.0,14.0,9137
2000-08-21,-39.0,84.0,9127
2000-08-22,-12.0,28.0,9124
2000-08-22,13.0,0.0,9128
2000-08-22,-13.0,14.0,9135
2000-08-22,9.0,14.0,9136
2000-08-23,25.0,70.0,9125
2000-08-24,16.0,14.0,9141
2000-08-25,-4.0,70.0,9129
2000-08-25,16.0,42.0,9142
2000-08-26,15.0,322.0,9131
2000-08-28,-26.0,14.0,9146
2000-08-29,-8.0,154.0,9139
2000-08-29,-20.0,14.0,9148
2000-08-31,-28.0,0.0,9138
2000-08-31,11.0,0.0,9150
2000-09-01,17.0,28.0,9152
2000-09-01,-33.0,28.0,9153
2000-09-03,9.0,140.0,9140
2000-09-03,24.0,70.0,9144
2000-09-04,-11.0,28.0,9155
2000-09-05,-19.0,0.0,9143
2000-09-07,21.0,14.0,9157
2000-09-08,-7.0,42.0,9145
2000-09-08,30.0,70.0,9158
2000-09-08,-19.0,14.0,9159
2000-09-10,7.0,168.0,9147
2000-09-10,14.0,294.0,9149
2000-09-11,10.0,14.0,9151
2000-09-11,-12.0,0.0,9160
2000-09-12,-17.0,168.0,9154
2000-09-15,-17.0,14.0,9163
2000-09-16,-32.0,56.0,9162
2000-09-17,-28.0,42.0,9156
2000-09-18,-13.0,42.0,9164
2000-09-19,9.0,56.0,9168
2000-09-21,7.0,0.0,9161
2000-09-23,15.0,0.0,9165
2000-09-23,-15.0,56.0,9171
2000-09-25,12.0,70.0,9172
2000-09-25,-14.0,42.0,9173
2000-09-27,21.0,42.0,9175
2000-09-28,-11.0,84.0,9166
2000-09-28,-30.0,28.0,9174
2000-09-28,-10.0,196.0,9176
2000-09-29,16.0,14.0,9167
2000-09-29,-23.0,42.0,9178
2000-09-30,12.0,1008.0,9169
2000-09-30,-5.0,42.0,9170
2000-09-30,30.0,14.0,9177
2001-01-01,9.0,182.0,9280
2001-01-01,21.0,14.0,9282
2001-01-01,7.0,14.0,9285
2001-01-01,24.0,0.0,9292
2001-01-02,13.0,56.0,9293
2001-01-02,22.0,56.0,9294
2001-01-04,-11.0,14.0,9283
2001-01-05,28.0,0.0,9290
2001-01-05,-22.0,14.0,9298
2001-01-05,9.0,14.0,9299
2001-01-05,-14.0,14.0,9300
2001-01-08,-12.0,42.0,9291
2001-01-08,-7.0,28.0,9305
2001-01-09,-7.0,126.0,9289
2001-01-10,23.0,42.0,9297
2001-01-10,-4.0,84.0,9303
2001-01-11,-13.0,0.0,9307
2001-01-15,-13.0,0.0,9295
2001-01-15,8.0,42.0,9296
2001-01-15,26.0,42.0,9310
2001-01-16,8.0,0.0,9301
2001-01-16,19.0,0.0,9302
2001-01-16,10.0,0.0,9309
2001-01-17,11.0,28.0,9304
2001-01-17,8.0,84.0,9312
2001-01-19,13.0,112.0,9306
2001-01-20,17.0,14.0,9314
2001-01-20,-28.0,42.0,9315
2001-01-20,-17.0,140.0,9316
2001-01-20,8.0,42.0,9317
2001-01-21,17.0,14.0,9308
2001-01-22,-4.0,14.0,9318
2001-01-24,10.0,84.0,9324
2001-01-25,-18.0,14.0,9319
2001-01-26,5.0,84.0,9311
2001-01-27,-25.0,0.0,9320
2001-01-27,-29.0,28.0,9323
2001-01-30,-4.0,28.0,9313
2001-01-30,-22.0,14.0,9322
2001-01-30,26.0,14.0,9326
2001-01-30,-10.0,42.0,9329
2001-01-31,6.0,70.0,9328
2001-01-31,13.0,70.0,9331
2001-02-02,-4.0,154.0,9321
2001-02-02,12.0,84.0,9334
2001-02-04,9.0,28.0,9332
2001-02-04,9.0,140.0,9335
2001-02-04,-27.0,0.0,9337
2001-02-05,11.0,0.0,9325
2001-02-06,19.0,14.0,9327
2001-02-06,26.0,14.0,9333
2001-02-07,-9.0,28.0,9336
2001-02-08,3.0,0.0,9343
2001-02-09,-11.0,0.0,9340
2001-02-09,31.0,28.0,9344
2001-02-10,18.0,42.0,9346
2001-02-10,4.0,126.0,9347
2001-02-12,22.0,0.0,9330
2001-02-12,-9.0,14.0,9341
2001-02-14,-20.0,0.0,9345
2001-02-16,-23.0,28.0,9352
2001-02-17,-22.0,84.0,9338
2001-02-17,-11.0,84.0,9339
2001-02-17,-23.0,0.0,9342
2001-02-18,17.0,70.0,9348
2001-02-19,20.0,28.0,9355
2001-02-20,-21.0,0.0,9351
2001-02-21,30.0,28.0,9349
2001-02-23,18.0,70.0,9350
2001-02-23,-24.0,14.0,9353
2001-02-24,-13.0,14.0,9356
2001-02-26,-15.0,14.0,9361
2001-02-26,-7.0,14.0,9362
2001-02-27,-9.0,168.0,9354
2001-02-27,-24.0,84.0,9357
2001-02-28,-20.0,14.0,9363
2001-03-01,-10.0,28.0,9358
2001-03-03,-11.0,28.0,9360
2001-03-03,12.0,28.0,9367
2001-03-05,15.0,42.0,9359
2001-03-06,-10.0,98.0,9364
2001-03-07,17.0,84.0,9369
2001-03-09,22.0,378.0,9371
2001-03-10,-12.0,42.0,9365
2001-03-10,-24.0,14.0,9366
2001-03-11,-19.0,14.0,9374
2001-03-13,24.0,112.0,9368
2001-03-13,-35.0,56.0,9372
2001-03-13,-16.0,28.0,9375
2001-03-13,-18.0,0.0,9377
2001-03-13,24.0,28.0,9378
2001-03-13,31.0,28.0,9379
2001-03-13,-9.0,14.0,9380
2001-03-14,11.0,56.0,9370
2001-03-14,-19.0,28.0,9381
2001-03-15,9.0,14.0,9382
2001-03-18,-10.0,70.0,9383
2001-03-18,-13.0,42.0,9385
2001-03-20,4.0,14.0,9386
2001-03-22,18.0,0.0,9384
2001-03-22,-4.0,14.0,9391
2001-03-23,-5.0,84.0,9373
2001-03-23,14.0,42.0,9388
2001-03-24,-13.0,42.0,9376
2001-03-24,10.0,14.0,9394
2001-03-27,18.0,84.0,9392
2001-03-27,21.0,14.0,9398
2001-03-27,-13.0,28.0,9403
2001-03-28,-6.0,98.0,9404
2001-03-30,-31.0,0.0,9399
2001-03-30,-13.0,14.0,9405
2001-03-31,8.0,84.0,9387
2001-03-31,-6.0,196.0,9396
2001-03-31,-36.0,14.0,9410
2001-03-31,7.0,28.0,9411
2001-03-31,-14.0,42.0,9412
2001-04-01,20.0,28.0,9402
2001-04-02,-12.0,70.0,9389
2001-04-02,11.0,42.0,9390
2001-04-03,-21.0,28.0,9414
2001-04-04,18.0,1512.0,9393
2001-04-05,-13.0,0.0,9395
2001-04-06,-9.0,42.0,9397
2001-04-06,24.0,140.0,9401
2001-04-06,17.0,42.0,9416
2001-04-07,-9.0,224.0,9408
2001-04-07,10.0,140.0,9413
2001-04-08,-13.0,70.0,9422
2001-04-10,27.0,112.0,9406
2001-04-10,11.0,84.0,9407
2001-04-10,-16.0,42.0,9421
2001-04-11,8.0,0.0,9419
2001-04-12,-24.0,14.0,9425
2001-04-12,-9.0,42.0,9426
2001-04-13,20.0,14.0,9423
2001-04-15,-5.0,126.0,9417
2001-04-15,14.0,14.0,9428
2001-04-16,-21.0,490.0,9415
2001-04-17,27.0,168.0,9418
2001-04-17,-6.0,28.0,9427
2001-04-18,-7.0,0.0,9420
2001-04-18,-15.0,28.0,9424
2001-04-19,-17.0,28.0,9430
2001-04-22,8.0,70.0,9437
2001-04-23,17.0,14.0,9434
2001-04-25,-13.0,14.0,9438
2001-04-26,8.0,42.0,9429
2001-04-27,8.0,42.0,9432
2001-04-27,7.0,14.0,9440
2001-04-28,-10.0,0.0,9431
2001-04-28,-10.0,14.0,9443
2001-04-29,-20.0,140.0,9435
2001-04-29,-23.0,42.0,9439
2001-04-29,-11.0,84.0,9444
2001-05-01,-5.0,14.0,9446
2001-05-03,20.0,126.0,9433
2001-05-03,-15.0,154.0,9449
2001-05-04,-11.0,70.0,9436
2001-05-06,5.0,210.0,9441
2001-05-07,26.0,70.0,9442
2001-05-08,12.0,168.0,9447
2001-05-08,-9.0,28.0,9452
2001-05-10,-1.0,14.0,9450
2001-05-11,21.0,42.0,9445
2001-05-11,-8.0,14.0,9453
2001-05-11,15.0,420.0,9454
2001-05-14,23.0,154.0,9448
2001-05-15,-21.0,0.0,9457
2001-05-15,-24.0,0.0,9460
2001-05-18,-20.0,84.0,9451
2001-05-18,7.0,98.0,9456
2001-05-18,-11.0,70.0,9458
2001-05-19,27.0,14.0,9459
2001-05-20,-17.0,84.0,9455
2001-05-20,-11.0,98.0,9464
2001-05-21,-8.0,154.0,9465
2001-05-22,-2.0,42.0,9466
2001-05-24,7.0,70.0,9469
2001-05-24,-16.0,0.0,9470
2001-05-24,12.0,70.0,9472
2001-05-25,-13.0,14.0,9471
2001-05-27,12.0,14.0,9473
2001-05-27,18.0,42.0,9474
2001-05-28,22.0,42.0,9461
2001-05-28,14.0,14.0,9478
2001-05-29,-23.0,14.0,9476
2001-05-29,-14.0,14.0,9480
2001-05-30,20.0,84.0,9462
2001-05-30,8.0,420.0,9463
2001-05-31,18.0,0.0,9479
2001-05-31,-16.0,42.0,9482
2001-06-01,-6.0,42.0,9467
2001-06-01,18.0,84.0,9481
2001-06-02,7.0,70.0,9468
2001-06-02,-23.0,84.0,9485
2001-06-03,-17.0,28.0,9477
2001-06-04,-22.0,28.0,9483
2001-06-06,-13.0,14.0,9490
2001-06-08,18.0,84.0,9475
2001-06-09,27.0,126.0,9486
2001-06-11,-6.0,98.0,9484
2001-06-12,8.0,14.0,9496
2001-06-13,-25.0,196.0,9502
2001-06-14,-7.0,168.0,9494
2001-06-15,23.0,196.0,9487
2001-06-15,-17.0,56.0,9488
2001-06-15,22.0,84.0,9505
2001-06-16,20.0,182.0,9489
2001-06-16,13.0,56.0,9507
2001-06-18,23.0,28.0,9492
2001-06-18,5.0,266.0,9495
2001-06-18,-9.0,0.0,9497
2001-06-18,-20.0,14.0,9508
2001-06-19,27.0,98.0,9491
2001-06-19,7.0,84.0,9493
2001-06-19,20.0,42.0,9499
2001-06-21,23.0,0.0,9498
2001-06-23,17.0,56.0,9514
2001-06-24,-13.0,42.0,9501
2001-06-24,-7.0,84.0,9510
2001-06-25,-10.0,70.0,9509
2001-06-26,16.0,196.0,9503
2001-06-26,8.0,308.0,9504
2001-06-27,-14.0,42.0,9517
2001-06-28,18.0,168.0,9506
2001-06-28,17.0,28.0,9519
2001-06-28,-10.0,0.0,9520
2001-06-29,-6.0,14.0,9521
2001-06-29,-8.0,42.0,9522
2001-06-30,-22.0,56.0,9512
2001-07-01,11.0,14.0,9511
2001-07-01,15.0,14.0,9524
2001-07-01,19.0,56.0,9525
2001-07-02,9.0,56.0,9526
2001-07-02,-16.0,98.0,9527
2001-07-03,4.0,98.0,9528
2001-07-04,22.0,42.0,9513
2001-07-04,-6.0,0.0,9515
2001-07-06,12.0,84.0,9516
2001-07-06,-46.0,28.0,9518
2001-07-06,-49.0,14.0,9523
2001-07-11,-18.0,14.0,9530
2001-07-11,7.0,14.0,9532
2001-07-11,18.0,28.0,9534
2001-07-12,11.0,42.0,9536
2001-07-15,-6.0,28.0,9531
2001-07-16,7.0,42.0,9529
2001-07-16,6.0,42.0,9542
2001-07-17,-17.0,70.0,9546
2001-07-18,-9.0,42.0,9533
2001-07-19,15.0,14.0,9544
2001-07-19,-16.0,14.0,9547
2001-07-19,-4.0,28.0,9549
2001-07-21,-8.0,42.0,9537
2001-07-21,-20.0,168.0,9539
2001-07-21,18.0,14.0,9540
2001-07-21,10.0,56.0,9551
2001-07-23,6.0,126.0,9535
2001-07-24,13.0,14.0,9552
2001-07-25,15.0,126.0,9538
2001-07-25,18.0,14.0,9541
2001-07-25,8.0,140.0,9545
2001-07-25,-9.0,0.0,9555
2001-07-27,16.0,14.0,9554
2001-07-27,-7.0,28.0,9556
2001-07-27,18.0,14.0,9558
2001-07-28,9.0,14.0,9550
2001-07-29,-23.0,84.0,9543
2001-07-29,17.0,84.0,9548
2001-07-30,14.0,14.0,9553
2001-07-30,18.0,14.0,9560
2001-07-31,5.0,196.0,9562
2001-08-01,-22.0,14.0,9559
2001-08-05,14.0,112.0,9564
2001-08-06,3.0,0.0,9565
2001-08-07,-20.0,0.0,9568
2001-08-07,5.0,84.0,9571
2001-08-08,16.0,28.0,9572
2001-08-09,-21.0,378.0,9557
2001-08-10,-10.0,28.0,9561
2001-08-10,-13.0,98.0,9567
2001-08-13,26.0,168.0,9563
2001-08-13,17.0,280.0,9566
2001-08-13,-18.0,112.0,9569
2001-08-14,13.0,14.0,9576
2001-08-16,32.0,56.0,9582
2001-08-17,-10.0,84.0,9578
2001-08-17,-23.0,28.0,9583
2001-08-17,-11.0,28.0,9584
2001-08-18,-10.0,98.0,9570
2001-08-18,-4.0,56.0,9574
2001-08-18,15.0,14.0,9577
2001-08-19,-24.0,28.0,9579
2001-08-19,-16.0,28.0,9586
2001-08-21,-8.0,42.0,9573
2001-08-21,-26.0,14.0,9581
2001-08-22,-32.0,42.0,9588
2001-08-24,10.0,126.0,9575
2001-08-25,15.0,28.0,9589
2001-08-25,-9.0,56.0,9592
2001-08-25,0.0,0.0,9593
2001-08-26,37.0,0.0,9594
2001-08-27,17.0,14.0,9597
2001-08-28,23.0,112.0,9580
2001-08-28,16.0,84.0,9600
2001-08-29,12.0,42.0,9585
2001-08-29,-10.0,140.0,9587
2001-08-29,-17.0,42.0,9598
2001-09-01,17.0,42.0,9595
2001-09-02,-29.0,70.0,9590
2001-09-02,-8.0,14.0,9602
2001-09-03,-8.0,56.0,9603
2001-09-04,-20.0,28.0,9605
2001-09-05,-19.0,140.0,9591
2001-09-06,-20.0,140.0,9604
2001-09-07,-18.0,42.0,9599
2001-09-08,22.0,126.0,9596
2001-09-09,-6.0,28.0,9609
2001-09-09,12.0,0.0,9615
2001-09-10,13.0,294.0,9601
2001-09-10,-17.0,56.0,9613
2001-09-10,15.0,14.0,9614
2001-09-13,9.0,294.0,9611
2001-09-13,10.0,252.0,9617
2001-09-14,-17.0,126.0,9606
2001-09-16,-17.0,84.0,9607
2001-09-17,17.0,84.0,9612
2001-09-17,-21.0,28.0,9618
2001-09-18,21.0,28.0,9623
2001-09-19,-30.0,252.0,9608
2001-09-19,-12.0,154.0,9610
2001-09-19,25.0,14.0,9626
2001-09-19,5.0,84.0,9627
2001-09-19,-17.0,224.0,9628
2001-09-21,17.0,28.0,9619
2001-09-21,27.0,14.0,9630
2001-09-21,-18.0,546.0,9632
2001-09-22,-30.0,0.0,9625
2001-09-23,23.0,126.0,9633
2001-09-23,12.0,126.0,9634
2001-09-25,-9.0,84.0,9616
2001-09-25,12.0,364.0,9636
2001-09-25,-14.0,196.0,9637
2001-09-26,26.0,0.0,9629
2001-09-26,9.0,0.0,9631
2001-09-26,3.0,42.0,9638
2001-09-27,13.0,252.0,9622
2001-09-27,4.0,42.0,9639
2001-09-28,10.0,56.0,9640
2001-09-28,-14.0,84.0,9641
2001-09-29,12.0,42.0,9620
2001-09-29,15.0,168.0,9621
2001-09-30,4.0,42.0,9624
2001-09-30,22.0,182.0,9635
2001-09-30,3.0,42.0,9642
2002-01-01,-29.0,42.0,9756
2002-01-01,5.0,28.0,9766
2002-01-02,-17.0,98.0,9753
2002-01-03,4.0,112.0,9751
2002-01-04,-18.0,168.0,9772
2002-01-05,-7.0,28.0,9754
2002-01-06,-5.0,84.0,9755
2002-01-06,13.0,126.0,9764
2002-01-06,7.0,126.0,9770
2002-01-07,-5.0,308.0,9768
2002-01-07,-18.0,42.0,9769
2002-01-08,9.0,14.0,9761
2002-01-08,5.0,14.0,9763
2002-01-08,-21.0,14.0,9771
2002-01-08,12.0,14.0,9774
2002-01-08,10.0,14.0,9776
2002-01-09,-6.0,14.0,9777
2002-01-09,-15.0,84.0,9778
2002-01-10,7.0,56.0,9765
2002-01-12,-18.0,126.0,9767
2002-01-13,-10.0,42.0,9780
2002-01-16,16.0,364.0,9773
2002-01-17,-6.0,224.0,9775
2002-01-21,27.0,42.0,9779
2002-01-21,3.0,14.0,9792
2002-01-21,11.0,14.0,9794
2002-01-24,-3.0,42.0,9781
2002-01-24,8.0,84.0,9782
2002-01-24,-24.0,84.0,9786
2002-01-24,26.0,14.0,9789
2002-01-24,9.0,42.0,9796
2002-01-24,-16.0,28.0,9797
2002-01-24,-3.0,28.0,9798
2002-01-25,8.0,84.0,9785
2002-01-25,-4.0,56.0,9791
2002-01-26,-12.0,84.0,9783
2002-01-26,-34.0,70.0,9784
2002-01-26,18.0,42.0,9795
2002-01-27,27.0,14.0,9790
2002-01-28,-14.0,14.0,9793
2002-01-29,18.0,84.0,9788
2002-01-29,-19.0,28.0,9804
2002-01-29,14.0,14.0,9805
2002-01-31,-7.0,266.0,9787
2002-01-31,-24.0,56.0,9803
2002-01-31,-27.0,224.0,9807
2002-02-02,-24.0,28.0,9799
2002-02-03,-27.0,126.0,9811
2002-02-04,12.0,112.0,9815
2002-02-05,-24.0,14.0,9813
2002-02-06,6.0,196.0,9800
2002-02-06,-7.0,28.0,9817
2002-02-06,6.0,28.0,9818
2002-02-07,-2.0,98.0,9801
2002-02-07,11.0,0.0,9812
2002-02-08,15.0,28.0,9820
2002-02-09,-15.0,70.0,9802
2002-02-09,14.0,42.0,9806
2002-02-09,-13.0,42.0,9816
2002-02-09,18.0,210.0,9822
2002-02-10,17.0,14.0,9808
2002-02-10,6.0,14.0,9814
2002-02-11,-23.0,28.0,9826
2002-02-12,-25.0,14.0,9827
2002-02-13,-6.0,42.0,9809
2002-02-14,10.0,126.0,9810
2002-02-15,-7.0,28.0,9829
2002-02-16,-11.0,154.0,9821
2002-02-16,-3.0,28.0,9823
2002-02-18,-31.0,14.0,9819
2002-02-18,-11.0,0.0,9831
2002-02-19,-13.0,28.0,9832
2002-02-20,11.0,56.0,9833
2002-02-20,3.0,14.0,9834
2002-02-21,-14.0,14.0,9828
2002-02-21,-2.0,14.0,9836
2002-02-21,7.0,84.0,9837
2002-02-22,24.0,112.0,9824
2002-02-22,13.0,168.0,9825
2002-02-23,-8.0,154.0,9835
2002-02-24,5.0,42.0,9838
2002-02-25,-14.0,70.0,9847
2002-02-26,23.0,0.0,9849
2002-02-27,-17.0,238.0,9830
2002-02-27,-22.0,28.0,9841
2002-03-01,-18.0,140.0,9839
2002-03-01,-5.0,42.0,9846
2002-03-02,-19.0,126.0,9842
2002-03-02,26.0,1.4,9850
2002-03-02,16.0,1.4,9852
2002-03-03,-24.0,14.0,9853
2002-03-04,-19.0,0.0,9848
2002-03-04,12.0,28.0,9855
2002-03-05,-19.0,84.0,9840
2002-03-05,21.0,112.0,9844
2002-03-05,10.0,42.0,9854
2002-03-06,-26.0,14.0,9843
2002-03-06,7.0,42.0,9861
2002-03-07,-4.0,70.0,9857
2002-03-07,-29.0,14.0,9858
2002-03-08,17.0,112.0,9845
2002-03-09,6.0,56.0,9862
2002-03-09,18.0,14.0,9863
2002-03-09,14.0,14.0,9865
2002-03-12,-6.0,56.0,9851
2002-03-12,-30.0,14.0,9867
2002-03-12,24.0,0.0,9869
2002-03-15,-11.0,14.0,9859
2002-03-16,-4.0,70.0,9856
2002-03-16,-7.0,28.0,9860
2002-03-17,20.0,14.0,9868
2002-03-19,-32.0,98.0,9872
2002-03-20,18.0,28.0,9864
2002-03-20,17.0,28.0,9874
2002-03-22,-9.0,266.0,9866
2002-03-23,-20.0,126.0,9870
2002-03-23,15.0,98.0,9877
2002-03-23,14.0,56.0,9882
2002-03-24,-17.0,70.0,9873
2002-03-24,6.0,42.0,9883
2002-03-25,14.0,84.0,9879
2002-03-26,-17.0,70.0,9871
2002-03-29,-21.0,14.0,9875
2002-03-29,-3.0,84.0,9881
2002-03-31,8.0,168.0,9880
2002-04-01,-20.0,28.0,9889
2002-04-02,-18.0,14.0,9876
2002-04-02,8.0,28.0,9878
2002-04-03,-15.0,0.0,9890
2002-04-03,5.0,126.0,9892
2002-04-04,-8.0,14.0,9891
2002-04-06,6.0,28.0,9895
2002-04-07,-17.0,42.0,9884
2002-04-07,14.0,14.0,9894
2002-04-07,-19.0,56.0,9898
2002-04-09,13.0,168.0,9885
2002-04-09,14.0,70.0,9886
2002-04-09,19.0,84.0,9903
2002-04-11,3.0,84.0,9887
2002-04-11,-13.0,14.0,9888
2002-04-12,-2.0,14.0,9897
2002-04-12,-4.0,280.0,9907
2002-04-14,-14.0,42.0,9904
2002-04-15,-28.0,56.0,9900
2002-04-16,19.0,490.0,9893
2002-04-16,5.0,42.0,9908
2002-04-17,21.0,378.0,9901
2002-04-17,-15.0,70.0,9905
2002-04-18,-10.0,56.0,9896
2002-04-19,19.0,140.0,9899
2002-04-19,-13.0,28.0,9911
2002-04-20,12.0,56.0,9902
2002-04-22,-14.0,462.0,9906
2002-04-22,-17.0,210.0,9916
2002-04-23,-30.0,28.0,9917
2002-04-23,6.0,14.0,9918
2002-04-23,11.0,84.0,9919
2002-04-24,19.0,14.0,9922
2002-04-26,8.0,28.0,9909
2002-04-26,-21.0,56.0,9910
2002-04-27,-15.0,56.0,9913
2002-04-28,11.0,126.0,9912
2002-04-28,-20.0,14.0,9920
2002-04-28,-3.0,28.0,9923
2002-04-28,-15.0,14.0,9924
2002-04-28,-14.0,14.0,9925
2002-04-30,14.0,14.0,9921
2002-04-30,-28.0,98.0,9927
2002-04-30,18.0,182.0,9928
2002-05-02,5.0,70.0,9914
2002-05-02,12.0,210.0,9915
2002-05-04,12.0,28.0,9930
2002-05-04,-4.0,42.0,9938
2002-05-05,16.0,70.0,9939
2002-05-05,14.0,98.0,9940
2002-05-06,13.0,56.0,9926
2002-05-06,22.0,28.0,9942
2002-05-06,-11.0,70.0,9943
2002-05-08,23.0,126.0,9929
2002-05-08,8.0,56.0,9944
2002-05-09,-8.0,98.0,9946
2002-05-10,15.0,84.0,9931
2002-05-10,-19.0,42.0,9935
2002-05-10,-16.0,0.0,9936
2002-05-11,-22.0,28.0,9941
2002-05-12,-27.0,28.0,9932
2002-05-12,23.0,28.0,9947
2002-05-13,10.0,28.0,9951
2002-05-14,18.0,56.0,9933
2002-05-14,-16.0,980.0,9934
2002-05-14,-15.0,0.0,9952
2002-05-16,-8.0,42.0,9937
2002-05-16,-16.0,0.0,9949
2002-05-16,-22.0,210.0,9954
2002-05-16,-14.0,56.0,9955
2002-05-17,6.0,70.0,9953
2002-05-17,-8.0,0.0,9956
2002-05-18,10.0,42.0,9959
2002-05-19,15.0,140.0,9960
2002-05-20,-1.0,70.0,9945
2002-05-21,-4.0,14.0,9950
2002-05-23,-21.0,420.0,9948
2002-05-25,-13.0,28.0,9968
2002-05-26,9.0,56.0,9969
2002-05-28,4.0,56.0,9958
2002-05-28,-14.0,28.0,9964
2002-05-29,12.0,294.0,9957
2002-05-29,21.0,14.0,9971
2002-05-29,-21.0,70.0,9972
2002-05-30,16.0,14.0,9962
2002-05-30,10.0,14.0,9966
2002-05-30,18.0,42.0,9974
2002-06-01,-21.0,112.0,9961
2002-06-01,12.0,28.0,9967
2002-06-01,-31.0,42.0,9979
2002-06-02,17.0,308.0,9963
2002-06-02,-7.0,42.0,9965
2002-06-02,-10.0,14.0,9976
2002-06-03,-22.0,70.0,9981
2002-06-03,-3.0,0.0,9982
2002-06-03,24.0,70.0,9983
2002-06-04,-20.0,56.0,9977
2002-06-04,19.0,14.0,9984
2002-06-05,3.0,84.0,9986
2002-06-06,6.0,56.0,9970
2002-06-06,-26.0,14.0,9980
2002-06-07,-14.0,14.0,9988
2002-06-09,-35.0,14.0,9989
2002-06-10,22.0,70.0,9975
2002-06-10,10.0,14.0,9994
2002-06-11,-15.0,168.0,9973
2002-06-11,-23.0,14.0,9990
2002-06-12,-21.0,70.0,9978
2002-06-13,-27.0,14.0,9996
2002-06-13,8.0,14.0,9997
2002-06-13,15.0,14.0,9998
2002-06-14,18.0,84.0,9985
2002-06-14,6.0,14.0,9993
2002-06-14,12.0,28.0,9995
2002-06-15,-16.0,168.0,9987
2002-06-16,-24.0,0.0,10002
2002-06-16,0.0,14.0,10003
2002-06-17,-5.0,0.0,9999
2002-06-20,-22.0,308.0,9991
2002-06-21,-17.0,14.0,9992
2002-06-22,-16.0,14.0,10004
2002-06-22,-7.0,28.0,10006
2002-06-22,14.0,14.0,10007
2002-06-22,-18.0,14.0,10009
2002-06-24,-18.0,14.0,10014
2002-06-25,-13.0,28.0,10010
2002-06-25,-27.0,42.0,10015
2002-06-26,4.0,14.0,10013
2002-06-27,20.0,98.0,10001
2002-06-30,13.0,84.0,10005
2002-07-01,-10.0,476.0,10008
2002-07-02,14.0,140.0,10012
2002-07-02,15.0,140.0,10018
2002-07-03,1.0,14.0,10020
2002-07-04,-13.0,140.0,10011
2002-07-04,-23.0,14.0,10023
2002-07-04,-34.0,14.0,10024
2002-07-06,-18.0,210.0,10017
2002-07-07,24.0,28.0,10026
2002-07-08,-17.0,14.0,10016
2002-07-08,-15.0,28.0,10027
2002-07-11,-28.0,42.0,10021
2002-07-11,-18.0,0.0,10022
2002-07-12,-19.0,294.0,10019
2002-07-12,10.0,14.0,10031
2002-07-16,-20.0,14.0,10034
2002-07-17,-18.0,42.0,10025
2002-07-17,-19.0,0.0,10032
2002-07-17,9.0,14.0,10033
2002-07-18,-15.0,196.0,10028
2002-07-18,-12.0,28.0,10029
2002-07-23,20.0,322.0,10030
2002-07-23,16.0,14.0,10041
2002-07-25,14.0,14.0,10046
2002-07-26,-9.0,70.0,10035
2002-07-26,-19.0,14.0,10040
2002-07-27,18.0,42.0,10048
2002-07-28,-8.0,448.0,10036
2002-07-28,9.0,42.0,10047
2002-07-28,-5.0,42.0,10049
2002-07-29,13.0,126.0,10037
2002-07-29,9.0,42.0,10052
2002-07-29,-17.0,14.0,10053
2002-07-29,-21.0,56.0,10054
2002-07-30,18.0,28.0,10038
2002-07-30,6.0,42.0,10045
2002-07-30,14.0,112.0,10055
2002-07-31,-22.0,0.0,10042
2002-08-01,4.0,42.0,10056
2002-08-02,13.0,42.0,10043
2002-08-03,14.0,98.0,10059
2002-08-04,-16.0,462.0,10039
2002-08-04,-24.0,392.0,10044
2002-08-05,-8.0,588.0,10050
2002-08-06,-27.0,28.0,10060
2002-08-06,-5.0,14.0,10062
2002-08-09,-15.0,98.0,10051
2002-08-09,-8.0,210.0,10057
2002-08-09,-10.0,0.0,10065
2002-08-10,-20.0,28.0,10064
2002-08-11,-7.0,126.0,10068
2002-08-12,11.0,56.0,10071
2002-08-13,8.0,14.0,10070
2002-08-13,16.0,14.0,10073
2002-08-13,24.0,14.0,10074
2002-08-13,-9.0,14.0,10075
2002-08-13,12.0,84.0,10076
2002-08-14,-7.0,84.0,10058
2002-08-14,-18.0,14.0,10077
2002-08-16,6.0,112.0,10061
2002-08-17,-18.0,168.0,10072
2002-08-17,17.0,70.0,10081
2002-08-18,-14.0,84.0,10078
2002-08-18,21.0,28.0,10082
2002-08-20,17.0,84.0,10063
2002-08-22,15.0,56.0,10066
2002-08-23,-21.0,28.0,10086
2002-08-24,11.0,98.0,10067
2002-08-24,-8.0,1162.0,10069
2002-08-25,-22.0,154.0,10079
2002-08-25,-16.0,14.0,10089
2002-08-27,12.0,112.0,10080
2002-08-28,-22.0,126.0,10088
2002-08-28,6.0,14.0,10091
2002-08-29,-18.0,98.0,10083
2002-08-30,-17.0,42.0,10084
2002-08-30,-16.0,14.0,10093
2002-08-31,-19.0,42.0,10092
2002-08-31,-14.0,112.0,10096
2002-09-01,-8.0,252.0,10085
2002-09-01,-10.0,42.0,10098
2002-09-02,3.0,70.0,10101
2002-09-04,-8.0,84.0,10087
2002-09-05,-4.0,56.0,10090
2002-09-08,11.0,42.0,10104
2002-09-09,13.0,42.0,10097
2002-09-09,-3.0,0.0,10099
2002-09-09,28.0,14.0,10106
2002-09-10,-18.0,112.0,10094
2002-09-11,7.0,154.0,10095
2002-09-11,-23.0,28.0,10108
2002-09-13,-16.0,42.0,10100
2002-09-13,30.0,14.0,10113
2002-09-14,0.0,14.0,10112
2002-09-15,8.0,42.0,10102
2002-09-15,-8.0,42.0,10109
2002-09-15,11.0,28.0,10111
2002-09-16,16.0,140.0,10103
2002-09-17,14.0,14.0,10118
2002-09-17,-19.0,56.0,10120
2002-09-17,-14.0,70.0,10121
2002-09-19,19.0,28.0,10110
2002-09-20,3.0,14.0,10124
2002-09-20,-23.0,84.0,10126
2002-09-21,-7.0,294.0,10105
2002-09-21,12.0,28.0,10107
2002-09-21,11.0,28.0,10128
2002-09-22,-14.0,28.0,10114
2002-09-22,15.0,56.0,10116
2002-09-23,25.0,14.0,10129
2002-09-23,6.0,28.0,10130
2002-09-23,-7.0,42.0,10131
2002-09-24,-5.0,112.0,10115
2002-09-25,11.0,70.0,10134
2002-09-26,-13.0,588.0,10119
2002-09-26,-16.0,28.0,10123
2002-09-28,-8.0,168.0,10117
2002-09-28,-27.0,0.0,10133
2002-09-29,-16.0,84.0,10122
2002-09-29,-10.0,168.0,10127
2002-09-30,-9.0,196.0,10125
2002-09-30,21.0,140.0,10132
2002-09-30,-25.0,28.0,10135
2002-09-30,-27.0,28.0,10136
2002-09-30,-16.0,56.0,10137
2003-01-04,19.0,14.0,10234
2003-01-04,12.0,98.0,10245
2003-01-05,-24.0,42.0,10241
2003-01-07,8.0,14.0,10246
2003-01-08,-8.0,70.0,10239
2003-01-08,-4.0,42.0,10240
2003-01-08,-18.0,84.0,10243
2003-01-08,-14.0,84.0,10251
2003-01-10,-10.0,70.0,10248
2003-01-10,-4.0,14.0,10252
2003-01-13,-22.0,28.0,10244
2003-01-13,-17.0,112.0,10256
2003-01-14,-7.0,168.0,10242
2003-01-14,9.0,28.0,10253
2003-01-15,13.0,70.0,10259
2003-01-16,-14.0,42.0,10249
2003-01-16,14.0,98.0,10260
2003-01-19,-14.0,42.0,10247
2003-01-21,-26.0,98.0,10250
2003-01-21,-13.0,98.0,10255
2003-01-21,-20.0,14.0,10264
2003-01-21,4.0,14.0,10265
2003-01-21,-20.0,70.0,10267
2003-01-22,16.0,112.0,10257
2003-01-22,26.0,56.0,10261
2003-01-22,-5.0,14.0,10262
2003-01-23,-14.0,84.0,10254
2003-01-25,8.0,84.0,10258
2003-01-25,-11.0,266.0,10263
2003-01-30,15.0,42.0,10268
2003-01-30,-4.0,28.0,10270
2003-01-30,-11.0,14.0,10275
2003-02-01,-21.0,98.0,10266
2003-02-01,-5.0,84.0,10271
2003-02-02,7.0,126.0,10273
2003-02-03,-7.0,70.0,10269
2003-02-04,-4.0,56.0,10272
2003-02-05,-20.0,14.0,10277
2003-02-05,20.0,112.0,10278
2003-02-07,-14.0,42.0,10281
2003-02-08,1.0,56.0,10283
2003-02-09,-12.0,14.0,10279
2003-02-09,-10.0,84.0,10285
2003-02-10,-5.0,70.0,10274
2003-02-11,-13.0,0.0,10286
2003-02-12,12.0,0.0,10284
2003-02-14,-6.0,56.0,10280
2003-02-15,-14.0,140.0,10276
2003-02-16,12.0,56.0,10287
2003-02-17,11.0,56.0,10282
2003-02-22,9.0,112.0,10289
2003-02-23,-23.0,28.0,10291
2003-02-28,14.0,42.0,10288
2003-02-28,-21.0,14.0,10293
2003-02-28,-19.0,98.0,10295
2003-03-01,18.0,70.0,10290
2003-03-04,-9.0,112.0,10292
2003-03-04,-8.0,28.0,10298
2003-03-05,19.0,28.0,10302
2003-03-07,-10.0,28.0,10294
2003-03-08,-22.0,42.0,10305
2003-03-09,-18.0,14.0,10303
2003-03-09,8.0,84.0,10308
2003-03-10,-26.0,14.0,10307
2003-03-11,14.0,42.0,10299
2003-03-11,22.0,28.0,10301
2003-03-11,5.0,28.0,10309
2003-03-11,-16.0,14.0,10310
2003-03-12,9.0,0.0,10312
2003-03-13,12.0,308.0,10296
2003-03-13,-11.0,14.0,10297
2003-03-13,-13.0,28.0,10304
2003-03-15,17.0,28.0,10300
2003-03-17,2.0,14.0,10315
2003-03-18,30.0,14.0,10313
2003-03-19,-12.0,28.0,10311
2003-03-19,-12.0,42.0,10316
2003-03-20,8.0,364.0,10306
2003-03-22,-13.0,252.0,10314
2003-03-23,4.0,28.0,10317
2003-03-27,19.0,84.0,10322
2003-03-31,6.0,140.0,10320
2003-04-01,-13.0,0.0,10328
2003-04-03,-13.0,42.0,10318
2003-04-03,12.0,168.0,10319
2003-04-04,1.0,28.0,10329
2003-04-05,-7.0,126.0,10323
2003-04-05,-6.0,14.0,10327
2003-04-06,9.0,154.0,10321
2003-04-08,-13.0,56.0,10324
2003-04-08,11.0,28.0,10332
2003-04-10,15.0,140.0,10325
2003-04-10,-12.0,126.0,10326
2003-04-10,11.0,14.0,10333
2003-04-11,-8.0,28.0,10331
2003-04-14,-21.0,56.0,10335
2003-04-16,9.0,280.0,10330
2003-04-18,12.0,140.0,10336
2003-04-22,-4.0,14.0,10340
2003-04-22,-10.0,14.0,10341
2003-04-23,-7.0,28.0,10334
2003-04-24,16.0,84.0,10339
2003-04-24,6.0,42.0,10343
2003-04-27,-20.0,56.0,10347
2003-04-28,18.0,280.0,10338
2003-04-28,17.0,42.0,10342
2003-05-02,-15.0,84.0,10337
2003-05-02,-24.0,28.0,10352
2003-05-03,-11.0,84.0,10350
2003-05-05,14.0,168.0,10344
2003-05-05,-16.0,28.0,10353
2003-05-05,19.0,56.0,10354
2003-05-06,12.0,28.0,10355
2003-05-07,-17.0,42.0,10345
2003-05-08,13.0,84.0,10346
2003-05-08,-14.0,630.0,10349
2003-05-09,-36.0,112.0,10348
2003-05-13,8.0,238.0,10351
2003-05-16,-5.0,14.0,10360
2003-05-16,9.0,28.0,10361
2003-05-16,-10.0,98.0,10362
2003-05-17,-14.0,28.0,10359
2003-05-18,8.0,14.0,10358
2003-05-19,-8.0,0.0,10363
2003-05-20,18.0,28.0,10356
2003-05-23,-16.0,84.0,10357
2003-05-23,-26.0,70.0,10364
2003-05-23,11.0,28.0,10366
2003-05-23,-14.0,70.0,10367
2003-05-23,-32.0,252.0,10368
2003-05-24,12.0,28.0,10369
2003-05-24,16.0,28.0,10370
2003-05-28,-13.0,14.0,10371
2003-05-29,-14.0,14.0,10372
2003-05-30,-22.0,14.0,10374
2003-06-02,-7.0,630.0,10365
2003-06-06,16.0,28.0,10378
2003-06-07,-19.0,56.0,10379
2003-06-09,-14.0,28.0,10376
2003-06-10,4.0,98.0,10373
2003-06-14,12.0,770.0,10375
2003-06-16,3.0,224.0,10377
2003-06-16,-17.0,28.0,10382
2003-06-16,15.0,42.0,10384
2003-06-17,-18.0,56.0,10381
2003-06-17,-7.0,266.0,10386
2003-06-19,20.0,14.0,10383
2003-06-20,-15.0,112.0,10380
2003-06-21,-12.0,28.0,10389
2003-06-22,28.0,28.0,10385
2003-06-25,7.0,42.0,10392
2003-06-25,-15.0,84.0,10393
2003-06-26,2.0,56.0,10388
2003-06-27,10.0,84.0,10395
2003-06-29,14.0,238.0,10391
2003-07-01,15.0,84.0,10387
2003-07-01,4.0,14.0,10398
2003-07-01,15.0,42.0,10399
2003-07-03,7.0,14.0,10394
2003-07-03,-5.0,98.0,10396
2003-07-05,17.0,42.0,10390
2003-07-08,-18.0,70.0,10403
2003-07-08,-10.0,84.0,10404
2003-07-11,12.0,364.0,10397
2003-07-11,-12.0,238.0,10402
2003-07-13,5.0,70.0,10400
2003-07-17,-17.0,14.0,10406
2003-07-17,10.0,14.0,10407
2003-07-17,18.0,42.0,10413
2003-07-18,-9.0,14.0,10401
2003-07-19,13.0,14.0,10408
2003-07-23,-9.0,14.0,10405
2003-07-24,-7.0,28.0,10416
2003-07-24,10.0,14.0,10419
2003-07-25,-22.0,154.0,10417
2003-07-25,-5.0,14.0,10418
2003-07-26,16.0,28.0,10409
2003-07-26,-13.0,98.0,10410
2003-07-26,17.0,42.0,10412
2003-07-26,13.0,14.0,10415
2003-07-27,14.0,42.0,10411
2003-07-30,-4.0,84.0,10414
2003-08-02,15.0,56.0,10422
2003-08-03,-12.0,42.0,10426
2003-08-05,-15.0,14.0,10423
2003-08-07,12.0,70.0,10420
2003-08-08,14.0,14.0,10428
2003-08-09,-7.0,84.0,10421
2003-08-09,6.0,98.0,10427
2003-08-13,-8.0,70.0,10430
2003-08-14,-9.0,168.0,10425
2003-08-14,-5.0,42.0,10432
2003-08-15,-18.0,126.0,10424
2003-08-15,-24.0,42.0,10429
2003-08-18,-23.0,14.0,10434
2003-08-19,-17.0,28.0,10435
2003-08-21,-10.0,140.0,10431
2003-08-21,-20.0,0.0,10433
2003-08-21,-22.0,14.0,10437
2003-08-22,-31.0,14.0,10438
2003-08-26,7.0,42.0,10439
2003-08-27,14.0,14.0,10443
2003-08-28,-7.0,28.0,10440
2003-08-28,-22.0,28.0,10446
2003-08-29,7.0,84.0,10436
2003-08-29,-16.0,112.0,10449
2003-08-30,-10.0,28.0,10451
2003-08-31,15.0,28.0,10441
2003-09-01,4.0,42.0,10445
2003-09-01,14.0,14.0,10447
2003-09-03,11.0,28.0,10444
2003-09-04,-12.0,154.0,10442
2003-09-05,19.0,14.0,10448
2003-09-05,-8.0,84.0,10452
2003-09-05,-10.0,42.0,10454
2003-09-07,-16.0,14.0,10455
2003-09-09,-17.0,14.0,10450
2003-09-09,-24.0,126.0,10453
2003-09-16,-8.0,154.0,10456
2003-09-16,16.0,56.0,10460
2003-09-17,-12.0,0.0,10457
2003-09-17,-10.0,28.0,10458
2003-09-20,13.0,224.0,10461
2003-09-21,-10.0,70.0,10462
2003-09-21,5.0,504.0,10464
2003-09-23,-2.0,84.0,10465
2003-09-23,-4.0,42.0,10466
2003-09-24,-11.0,42.0,10459
2003-09-24,-10.0,14.0,10467
2003-09-25,16.0,0.0,10468
2003-09-29,9.0,14.0,10463
2003-09-30,-10.0,42.0,10469
2003-09-30,-13.0,42.0,10470
2004-01-01,9.0,168.0,10528
2004-01-01,-5.0,14.0,10534
2004-01-06,-22.0,28.0,10535
2004-01-08,7.0,14.0,10538
2004-01-08,9.0,14.0,10539
2004-01-14,-12.0,336.0,10536
2004-01-19,4.0,70.0,10537
2004-01-20,-9.0,14.0,10541
2004-01-26,-15.0,84.0,10540
2004-01-27,6.0,14.0,10542
2004-01-27,-17.0,14.0,10543
2004-01-27,3.0,14.0,10544
2004-01-30,-12.0,70.0,10546
2004-01-31,-20.0,56.0,10545
2004-02-01,6.0,14.0,10548
2004-02-05,-9.0,28.0,10550
2004-02-07,-8.0,42.0,10547
2004-02-07,-8.0,14.0,10552
2004-02-08,-4.0,14.0,10553
2004-02-10,-14.0,28.0,10555
2004-02-12,12.0,14.0,10549
2004-02-14,-7.0,70.0,10551
2004-02-14,-11.0,42.0,10557
2004-02-14,-15.0,28.0,10558
2004-02-16,-16.0,28.0,10560
2004-02-16,2.0,42.0,10561
2004-02-17,15.0,28.0,10556
2004-02-17,7.0,42.0,10559
2004-02-20,-8.0,84.0,10554
2004-02-20,-11.0,14.0,10562
2004-02-21,-21.0,42.0,10563
2004-02-25,5.0,28.0,10566
2004-03-01,-17.0,14.0,10568
2004-03-02,13.0,182.0,10564
2004-03-04,-2.0,112.0,10565
2004-03-09,-14.0,42.0,10567
2004-03-12,-14.0,14.0,10571
2004-03-13,-13.0,14.0,10569
2004-03-13,-14.0,112.0,10573
2004-03-18,19.0,56.0,10572
2004-03-19,-14.0,168.0,10570
2004-03-19,-18.0,28.0,10575
2004-03-19,15.0,84.0,10578
2004-03-21,-7.0,42.0,10576
2004-03-23,-11.0,28.0,10579
2004-03-26,-6.0,14.0,10580
2004-03-28,-5.0,14.0,10574
2004-03-28,-13.0,42.0,10584
2004-03-28,-15.0,70.0,10585
2004-03-28,-18.0,14.0,10586
2004-03-29,8.0,56.0,10583
2004-03-29,-13.0,154.0,10587
2004-03-30,-3.0,28.0,10577
2004-04-06,-4.0,56.0,10581
2004-04-06,14.0,168.0,10582
2004-04-06,10.0,70.0,10589
2004-04-08,-9.0,28.0,10590
2004-04-14,-12.0,28.0,10592
2004-04-15,-13.0,56.0,10588
2004-04-15,15.0,84.0,10594
2004-04-17,-9.0,56.0,10595
2004-04-19,-17.0,70.0,10591
2004-04-23,-19.0,28.0,10593
2004-04-23,-7.0,28.0,10598
2004-04-24,-8.0,126.0,10597
2004-04-30,-7.0,168.0,10596
2004-05-02,17.0,42.0,10599
2004-05-02,-13.0,42.0,10602
2004-05-04,-19.0,42.0,10604
2004-05-05,-16.0,14.0,10603
2004-05-06,-9.0,210.0,10601
2004-05-10,-11.0,14.0,10607
2004-05-10,-4.0,56.0,10608
2004-05-11,-11.0,84.0,10605
2004-05-13,-2.0,28.0,10610
2004-05-13,-12.0,28.0,10611
2004-05-17,8.0,0.0,10616
2004-05-18,-8.0,42.0,10614
2004-05-21,-10.0,84.0,10606
2004-05-21,10.0,14.0,10612
2004-05-22,-2.0,126.0,10609
2004-05-24,-11.0,14.0,10617
2004-05-24,-15.0,14.0,10620
2004-05-27,-9.0,84.0,10613
2004-05-27,-9.0,14.0,10619
2004-05-29,17.0,84.0,10615
2004-06-02,-8.0,42.0,10618
2004-06-02,-9.0,42.0,10624
2004-06-03,8.0,14.0,10623
2004-06-05,-12.0,28.0,10625
2004-06-06,-8.0,28.0,10627
2004-06-07,5.0,14.0,10626
2004-06-08,-9.0,14.0,10628
2004-06-08,-4.0,14.0,10629
2004-06-08,13.0,14.0,10630
2004-06-09,-14.0,28.0,10621
2004-06-12,-11.0,28.0,10622
2004-06-14,-5.0,14.0,10633
2004-06-19,-11.0,14.0,10631
2004-06-22,8.0,0.0,10637
2004-06-23,-12.0,42.0,10632
2004-06-26,12.0,168.0,10634
2004-06-27,-16.0,0.0,10636
2004-06-27,7.0,14.0,10638
2004-06-28,-10.0,294.0,10635
2004-06-28,-9.0,56.0,10640
2004-07-07,15.0,14.0,10641
2004-07-08,10.0,28.0,10639
2004-07-12,-8.0,14.0,10643
2004-07-12,-14.0,14.0,10647
2004-07-13,11.0,14.0,10645
2004-07-15,-8.0,14.0,10650
2004-07-16,14.0,14.0,10646
2004-07-16,15.0,14.0,10648
2004-07-19,-7.0,126.0,10642
2004-07-22,-16.0,14.0,10651
2004-07-23,11.0,84.0,10644
2004-07-25,-11.0,84.0,10649
2004-07-29,-12.0,28.0,10653
2004-07-30,8.0,392.0,10652
2004-08-05,7.0,42.0,10654
2004-08-07,10.0,112.0,10657
2004-08-08,-6.0,28.0,10658
2004-08-11,-10.0,140.0,10655
2004-08-11,17.0,42.0,10659
2004-08-12,-8.0,28.0,10660
2004-08-19,-13.0,266.0,10656
2004-08-24,14.0,14.0,10662
2004-08-24,5.0,14.0,10665
2004-08-26,6.0,420.0,10661
2004-08-30,-11.0,84.0,10664
2004-08-30,16.0,0.0,10666
2004-09-01,3.0,70.0,10663
2004-09-06,-14.0,14.0,10670
2004-09-08,-9.0,14.0,10668
2004-09-12,-9.0,238.0,10671
2004-09-14,-10.0,252.0,10667
2004-09-15,-6.0,84.0,10669
2004-09-21,-10.0,14.0,10674
2004-09-22,4.0,70.0,10672
2004-09-26,-8.0,168.0,10675
2004-09-28,-15.0,280.0,10673
2004-09-29,-11.0,84.0,10676
2005-01-01,-14.0,28.0,10716
2005-01-03,8.0,154.0,10717
2005-01-09,8.0,28.0,10715
2005-01-09,-9.0,84.0,10719
2005-01-17,-3.0,28.0,10721
2005-01-19,19.0,0.0,10722
2005-01-19,-12.0,14.0,10724
2005-01-21,-7.0,140.0,10718
2005-01-22,-2.0,56.0,10726
2005-01-23,11.0,1260.0,10720
2005-01-26,-3.0,154.0,10725
2005-01-26,-14.0,70.0,10728
2005-01-30,6.0,126.0,10723
2005-02-04,-10.0,42.0,10727
2005-02-05,-20.0,84.0,10730
2005-02-07,-2.0,42.0,10731
2005-02-07,9.0,56.0,10732
2005-02-08,-11.0,28.0,10729
2005-02-21,-8.0,98.0,10733
2005-02-21,-5.0,56.0,10734
2005-02-24,-9.0,84.0,10735
2005-02-24,13.0,126.0,10736
2005-02-24,-10.0,14.0,10738
2005-02-27,-11.0,56.0,10737
2005-03-04,-7.0,14.0,10740
2005-03-10,-8.0,126.0,10739
2005-03-16,10.0,140.0,10741
2005-03-20,-6.0,350.0,10742
2005-03-23,-8.0,252.0,10743
2005-03-26,-14.0,28.0,10744
2005-03-28,-11.0,42.0,10746
2005-03-31,12.0,14.0,10745
2005-04-01,9.0,28.0,10748
2005-04-04,-6.0,70.0,10749
2005-04-06,-8.0,168.0,10750
2005-04-09,-4.0,84.0,10747
2005-04-11,-7.0,84.0,10751
2005-04-17,12.0,14.0,10753
2005-04-18,-11.0,42.0,10755
2005-04-24,3.0,84.0,10752
2005-04-24,-7.0,14.0,10754
2005-05-05,-5.0,42.0,10757
2005-05-08,-7.0,364.0,10756
2005-05-10,4.0,42.0,10761
2005-05-12,-14.0,154.0,10763
2005-05-13,-8.0,112.0,10760
2005-05-13,-6.0,84.0,10764
2005-05-15,-10.0,210.0,10758
2005-05-17,-12.0,42.0,10762
2005-05-20,9.0,42.0,10765
2005-05-21,12.0,210.0,10759
2005-05-22,15.0,84.0,10766
2005-05-29,-10.0,28.0,10768
2005-05-29,-7.0,70.0,10769
2005-06-02,12.0,0.0,10770
2005-06-03,-9.0,0.0,10767
2005-06-03,23.0,14.0,10771
2005-06-09,4.0,28.0,10774
2005-06-11,-18.0,84.0,10772
2005-06-11,5.0,42.0,10777
2005-06-14,-16.0,42.0,10773
2005-06-17,10.0,182.0,10775
2005-06-17,8.0,14.0,10778
2005-06-18,-6.0,266.0,10776
2005-06-18,-7.0,56.0,10780
2005-06-23,-19.0,252.0,10779
2005-06-28,16.0,84.0,10781
2005-06-30,16.0,70.0,10784
2005-07-05,18.0,42.0,10789
2005-07-06,-19.0,28.0,10785
2005-07-07,-17.0,84.0,10782
2005-07-07,-16.0,84.0,10787
2005-07-10,-3.0,322.0,10783
2005-07-15,12.0,420.0,10786
2005-07-15,-4.0,42.0,10788
2005-07-18,-10.0,84.0,10790
2005-08-03,12.0,84.0,10791
2005-08-04,13.0,28.0,10793
2005-08-10,-8.0,98.0,10796
2005-08-11,13.0,42.0,10792
2005-08-13,-14.0,168.0,10794
2005-08-14,10.0,42.0,10795
2005-08-21,-9.0,42.0,10799
2005-08-23,-13.0,84.0,10797
2005-08-25,-11.0,602.0,10798
2005-08-25,-12.0,28.0,10802
2005-08-25,12.0,42.0,10803
2005-08-28,-8.0,84.0,10805
2005-08-30,16.0,42.0,10800
2005-08-30,9.0,28.0,10801
2005-08-30,11.0,14.0,10804
2005-08-30,-17.0,98.0,10806
2005-09-03,-24.0,28.0,10807
2005-09-08,-12.0,14.0,10808
2005-09-09,10.0,56.0,10809
2005-09-20,-10.0,0.0,10811
2005-09-24,-1.0,42.0,10812
2005-09-30,8.0,210.0,10810
2006-01-01,15.0,42.0,10838
2006-01-01,-14.0,28.0,10844
2006-01-04,-3.0,0.0,10840
2006-01-06,13.0,56.0,10841
2006-01-07,12.0,14.0,10843
2006-01-07,18.0,70.0,10845
2006-01-20,4.0,28.0,10846
2006-01-21,-8.0,14.0,10847
2006-01-23,-7.0,14.0,10849
2006-01-26,6.0,14.0,10850
2006-01-28,-15.0,28.0,10851
2006-01-29,-24.0,42.0,10848
2006-02-10,-11.0,14.0,10852
2006-02-12,-9.0,42.0,10853
2006-02-16,-7.0,42.0,10854
2006-02-17,6.0,28.0,10855
2006-02-28,-8.0,14.0,10856
2006-03-06,8.0,14.0,10857
2006-03-13,18.0,28.0,10858
2006-03-15,-7.0,14.0,10859
2006-03-15,-3.0,14.0,10860
2006-03-16,-12.0,14.0,10861
2006-03-25,-6.0,84.0,10862
2006-03-25,7.0,42.0,10863
2006-03-25,-5.0,28.0,10864
2006-04-07,-7.0,56.0,10868
2006-04-09,-9.0,252.0,10865
2006-04-11,-5.0,42.0,10866
2006-04-11,-15.0,42.0,10867
2006-04-12,-9.0,70.0,10872
2006-04-15,-11.0,56.0,10869
2006-04-18,-6.0,14.0,10870
2006-04-19,-4.0,14.0,10873
2006-04-21,-6.0,14.0,10871
2006-04-24,-1.0,0.0,10874
2006-04-25,-14.0,210.0,10876
2006-04-27,-7.0,56.0,10877
2006-05-01,14.0,84.0,10878
2006-05-06,-13.0,98.0,10875
2006-05-06,-12.0,0.0,10881
2006-05-07,16.0,14.0,10879
2006-05-08,-4.0,28.0,10883
2006-05-12,-12.0,126.0,10882
2006-05-15,-9.0,42.0,10880
2006-05-20,-13.0,28.0,10884
2006-05-27,-12.0,42.0,10887
2006-05-28,-12.0,28.0,10885
2006-05-29,5.0,84.0,10888
2006-05-30,-1.0,14.0,10889
2006-05-31,-13.0,42.0,10891
2006-06-01,-14.0,28.0,10890
2006-06-02,9.0,42.0,10886
2006-06-07,-3.0,42.0,10893
2006-06-16,-6.0,112.0,10892
2006-06-18,-7.0,56.0,10894
2006-06-18,0.0,14.0,10895
2006-06-18,-12.0,28.0,10896
2006-06-26,6.0,84.0,10897
2006-07-06,-5.0,126.0,10899
2006-07-10,-6.0,364.0,10898
2006-08-04,8.0,42.0,10901
2006-08-04,-9.0,42.0,10902
2006-08-09,-9.0,56.0,10903
2006-08-22,-12.0,252.0,10904
2006-09-03,-8.0,42.0,10905
2006-09-03,-9.0,126.0,10906
2006-09-14,-12.0,28.0,10907
2006-09-15,-8.0,42.0,10909
2006-09-18,-14.0,168.0,10908
2006-09-19,-8.0,42.0,10910
2006-09-27,7.0,42.0,10911
2006-09-29,6.0,56.0,10912
2006-09-29,-18.0,84.0,10913
2006-09-29,-7.0,28.0,10914
2006-09-30,-6.0,56.0,10915
2007-01-01,4.0,70.0,10934
2007-01-07,10.0,28.0,10936
2007-01-13,-6.0,154.0,10933
2007-01-14,-14.0,28.0,10937
2007-01-14,2.0,154.0,10938
2007-01-15,-8.0,84.0,10935
2007-01-26,-6.0,84.0,10939
2007-02-08,-5.0,168.0,10940
2007-02-11,-7.0,168.0,10941
2007-02-17,-13.0,84.0,10942
2007-02-21,-12.0,56.0,10943
2007-02-27,-6.0,28.0,10945
2007-03-07,-7.0,28.0,10944
2007-03-13,7.0,28.0,10946
2007-03-26,-15.0,14.0,10947
2007-03-29,-2.0,14.0,10948
2007-03-29,7.0,98.0,10949
2007-04-04,-12.0,14.0,10950
2007-04-15,-12.0,14.0,10951
2007-04-18,-8.0,28.0,10952
2007-05-01,-5.0,42.0,10954
2007-05-09,-11.0,126.0,10953
2007-05-15,2.0,112.0,10956
2007-05-17,-7.0,14.0,10955
2007-05-20,-5.0,42.0,10957
2007-06-02,-12.0,14.0,10959
2007-06-09,-12.0,0.0,10958
2007-06-14,-5.0,98.0,10960
2007-06-29,-12.0,56.0,10962
2007-07-08,-8.0,84.0,10961
2007-07-17,3.0,28.0,10964
2007-07-20,-4.0,154.0,10963
2007-07-29,-11.0,42.0,10965
2007-08-04,-4.0,14.0,10966
2007-08-09,5.0,70.0,10967
2007-08-15,5.0,28.0,10968
2007-08-22,-6.0,126.0,10969
2007-09-07,-7.0,14.0,10970
2007-09-29,3.0,56.0,10971
2008-01-02,-7.0,42.0,10980
2008-01-05,30.0,28.0,10981
2008-01-30,-9.0,28.0,10982
2008-02-29,-6.0,42.0,10983
2008-03-07,-8.0,42.0,10984
2008-03-11,-10.0,126.0,10985
2008-03-18,-4.0,14.0,10986
2008-03-26,-10.0,70.0,10989
2008-04-03,-8.0,28.0,10987
2008-04-04,-6.0,98.0,10988
2008-04-15,26.0,14.0,10990
2008-04-20,-9.0,28.0,10991
2008-04-25,13.0,14.0,10992
2008-05-05,-29.0,14.0,10993
2008-05-17,12.0,14.0,10995
2008-05-17,13.0,28.0,10996
2008-05-21,-12.0,14.0,10994
2008-05-27,-8.0,14.0,10997
2008-06-11,-9.0,56.0,10998
2008-06-17,-2.0,28.0,10999
2008-09-12,6.0,28.0,11001
2008-09-24,26.0,28.0,11002
2009-01-10,18.0,28.0,11010
2009-01-20,-12.0,14.0,11011
2009-02-12,-6.0,14.0,11012
2009-02-25,26.0,28.0,11013
2009-03-08,-1.0,28.0,11014
2009-04-22,22.0,14.0,11015
2009-05-01,-7.0,14.0,11016
2009-05-20,17.0,14.0,11017
2009-05-24,-33.0,42.0,11018
2009-06-01,27.0,42.0,11019
2009-06-13,25.0,14.0,11020
2009-06-18,-16.0,14.0,11021
2009-06-22,-27.0,28.0,11022
2009-06-23,-22.0,56.0,11023
2009-07-11,-25.0,84.0,11024
2009-09-01,17.0,14.0,11025
2009-09-22,-29.0,14.0,11026
2009-09-30,23.0,56.0,11027
2010-01-06,-29.0,126.0,11039
2010-01-19,26.0,196.0,11040
2010-01-21,-25.0,84.0,11041
2010-01-27,18.0,126.0,11042
2010-02-06,18.0,14.0,11044
2010-02-08,23.0,14.0,11043
2010-02-08,25.0,42.0,11046
2010-02-09,-15.0,14.0,11047
2010-02-14,24.0,140.0,11045
2010-02-15,20.0,14.0,11048
2010-02-25,-19.0,14.0,11049
2010-02-25,17.0,140.0,11051
2010-02-28,-18.0,0.0,11050
2010-03-06,-16.0,14.0,11052
2010-03-06,-22.0,14.0,11053
2010-03-13,-24.0,42.0,11055
2010-03-18,17.0,28.0,11056
2010-03-21,16.0,14.0,11054
2010-03-27,25.0,7.0,11058
2010-03-28,-21.0,168.0,11059
2010-04-05,16.0,126.0,11057
2010-04-05,24.0,126.0,11060
2010-04-11,13.0,14.0,11061
2010-04-15,-18.0,14.0,11062
2010-05-01,15.0,28.0,11064
2010-05-03,23.0,28.0,11067
2010-05-04,-32.0,0.0,11065
2010-05-04,-19.0,0.0,11068
2010-05-06,18.0,14.0,11063
2010-05-06,-26.0,14.0,11066
2010-05-06,21.0,14.0,11070
2010-05-09,41.0,42.0,11069
2010-05-09,-20.0,0.0,11071
2010-05-29,-15.0,63.0,11072
2010-05-30,13.0,28.0,11073
2010-05-31,17.0,14.0,11074
2010-06-01,-19.0,0.0,11075
2010-06-06,20.0,14.0,11077
2010-06-08,-19.0,28.0,11076
2010-06-12,-22.0,7.0,11078
2010-06-14,-23.0,14.0,11079
2010-06-14,-24.0,14.0,11080
2010-06-15,25.0,14.0,11081
2010-06-20,19.0,14.0,11083
2010-06-26,26.0,0.0,11082
2010-06-30,-23.0,14.0,11085
2010-07-08,18.0,14.0,11086
2010-07-09,-19.0,70.0,11084
2010-07-14,-21.0,14.0,11088
2010-07-22,18.0,14.0,11087
2010-07-25,23.0,0.0,11090
2010-07-27,12.0,0.0,11091
2010-07-31,-23.0,56.0,11089
2010-08-06,-18.0,14.0,11095
2010-08-08,25.0,42.0,11094
2010-08-10,12.0,280.0,11092
2010-08-11,33.0,14.0,11097
2010-08-13,22.0,0.0,11096
2010-08-16,11.0,56.0,11093
2010-08-17,17.0,84.0,11099
2010-08-19,14.0,14.0,11098
2010-09-02,24.0,14.0,11104
2010-09-04,26.0,14.0,11102
2010-09-06,13.0,168.0,11101
2010-09-06,25.0,14.0,11103
2010-09-09,19.0,14.0,11105
2010-09-13,33.0,14.0,11107
2010-09-22,-22.0,2.8,11106
2010-09-22,19.0,42.0,11109
2010-09-29,-30.0,196.0,11108
2010-09-30,19.0,70.0,11110
2010-09-30,23.0,14.0,11111
2011-01-02,17.0,14.0,11138
2011-01-06,34.0,28.0,11141
2011-01-08,-22.0,28.0,11143
2011-01-09,-29.0,0.0,11139
2011-01-10,-17.0,14.0,11142
2011-01-10,-16.0,0.0,11144
2011-01-10,15.0,14.0,11145
2011-01-11,23.0,0.0,11146
2011-01-13,32.0,98.0,11140
2011-01-16,24.0,168.0,11147
2011-01-21,-28.0,28.0,11148
2011-01-27,17.0,350.0,11149
2011-01-30,11.0,7.0,11151
2011-02-07,-20.0,21.0,11152
2011-02-08,-23.0,0.0,11150
2011-02-09,8.0,14.0,11154
2011-02-09,17.0,14.0,11155
2011-02-09,-19.0,14.0,11156
2011-02-10,15.0,252.0,11153
2011-02-16,19.0,7.0,11159
2011-02-17,19.0,14.0,11157
2011-02-21,-21.0,280.0,11158
2011-02-24,17.0,98.0,11162
2011-02-25,11.0,84.0,11161
2011-02-25,18.0,280.0,11163
2011-03-06,23.0,42.0,11168
2011-03-09,-18.0,280.0,11165
2011-03-10,23.0,490.0,11164
2011-03-11,12.0,14.0,11167
2011-03-11,-25.0,28.0,11170
2011-03-12,11.0,14.0,11172
2011-03-16,12.0,210.0,11166
2011-03-17,-28.0,56.0,11173
2011-03-18,18.0,140.0,11169
2011-03-21,23.0,0.0,11174
2011-03-24,11.0,112.0,11175
2011-03-24,21.0,14.0,11177
2011-03-25,-13.0,0.0,11178
2011-03-26,26.0,42.0,11180
2011-03-26,-25.0,14.0,11181
2011-03-28,9.0,0.0,11179
2011-03-28,13.0,0.0,11182
2011-04-04,-18.0,56.0,11176
2011-04-08,14.0,14.0,11183
2011-04-08,-19.0,14.0,11187
2011-04-10,14.0,112.0,11184
2011-04-10,-24.0,14.0,11188
2011-04-13,9.0,84.0,11191
2011-04-14,21.0,14.0,11189
2011-04-16,14.0,14.0,11185
2011-04-16,21.0,42.0,11186
2011-04-17,10.0,14.0,11192
2011-04-17,-31.0,14.0,11194
2011-04-21,14.0,84.0,11190
2011-04-21,-27.0,112.0,11196
2011-04-22,-16.0,14.0,11197
2011-04-23,-25.0,14.0,11198
2011-04-26,16.0,378.0,11193
2011-05-01,15.0,112.0,11202
2011-05-02,-16.0,168.0,11195
2011-05-02,18.0,294.0,11199
2011-05-03,14.0,0.0,11205
2011-05-06,-18.0,28.0,11200
2011-05-06,22.0,28.0,11206
2011-05-07,14.0,14.0,11201
2011-05-09,35.0,14.0,11209
2011-05-10,-12.0,14.0,11211
2011-05-12,18.0,84.0,11203
2011-05-12,17.0,70.0,11204
2011-05-12,21.0,14.0,11207
2011-05-12,-13.0,14.0,11212
2011-05-15,-21.0,0.0,11213
2011-05-15,-23.0,28.0,11215
2011-05-17,18.0,14.0,11210
2011-05-19,9.0,42.0,11208
2011-05-19,-23.0,14.0,11217
2011-05-19,-16.0,0.0,11218
2011-05-22,15.0,0.0,11219
2011-05-23,-23.0,42.0,11214
2011-05-24,-18.0,28.0,11221
2011-05-25,12.0,14.0,11220
2011-05-28,18.0,28.0,11225
2011-05-29,-16.0,84.0,11216
2011-05-30,-17.0,28.0,11223
2011-05-31,16.0,210.0,11222
2011-05-31,16.0,42.0,11229
2011-06-01,21.0,70.0,11224
2011-06-01,19.0,42.0,11230
2011-06-02,9.0,56.0,11231
2011-06-03,10.0,112.0,11232
2011-06-07,-18.0,0.0,11233
2011-06-09,-20.0,14.0,11226
2011-06-10,17.0,0.0,11228
2011-06-11,-20.0,14.0,11227
2011-06-12,14.0,14.0,11235
2011-06-18,-14.0,0.0,11237
2011-06-20,-16.0,84.0,11234
2011-06-20,-17.0,14.0,11238
2011-06-26,15.0,0.0,11239
2011-06-27,16.0,42.0,11236
2011-06-28,18.0,14.0,11241
2011-06-30,-18.0,0.0,11240
2011-07-05,18.0,7.0,11242
2011-07-08,13.0,14.0,11244
2011-07-09,15.0,70.0,11243
2011-07-09,20.0,14.0,11248
2011-07-10,15.0,0.0,11246
2011-07-14,-18.0,14.0,11247
2011-07-14,-16.0,14.0,11249
2011-07-14,25.0,42.0,11252
2011-07-14,14.0,14.0,11253
2011-07-15,17.0,14.0,11255
2011-07-16,9.0,28.0,11256
2011-07-17,14.0,14.0,11245
2011-07-19,26.0,42.0,11259
2011-07-20,20.0,336.0,11257
2011-07-21,-26.0,42.0,11250
2011-07-21,12.0,28.0,11258
2011-07-24,17.0,84.0,11251
2011-07-26,-23.0,7.0,11254
2011-07-29,16.0,0.0,11262
2011-07-29,-31.0,14.0,11264
2011-08-03,16.0,7.0,11265
2011-08-06,19.0,252.0,11260
2011-08-07,17.0,14.0,11268
2011-08-08,16.0,126.0,11261
2011-08-10,-15.0,14.0,11267
2011-08-11,17.0,322.0,11263
2011-08-12,-22.0,28.0,11269
2011-08-12,23.0,28.0,11270
2011-08-14,20.0,7.0,11266
2011-08-17,-19.0,14.0,11272
2011-08-20,-18.0,14.0,11273
2011-08-22,6.0,42.0,11275
2011-08-24,20.0,14.0,11276
2011-08-26,14.0,168.0,11279
2011-08-28,16.0,84.0,11271
2011-08-29,16.0,0.0,11278
2011-08-29,-21.0,84.0,11281
2011-09-01,19.0,42.0,11274
2011-09-01,29.0,14.0,11285
2011-09-02,-18.0,42.0,11284
2011-09-05,13.0,14.0,11280
2011-09-05,20.0,112.0,11286
2011-09-06,22.0,98.0,11282
2011-09-06,18.0,14.0,11288
2011-09-07,18.0,84.0,11277
2011-09-12,14.0,196.0,11283
2011-09-12,8.0,56.0,11292
2011-09-14,27.0,70.0,11296
2011-09-15,16.0,56.0,11298
2011-09-16,-28.0,14.0,11287
2011-09-17,17.0,14.0,11293
2011-09-17,-18.0,84.0,11297
2011-09-18,-13.0,14.0,11290
2011-09-18,21.0,14.0,11291
2011-09-18,-16.0,14.0,11294
2011-09-19,21.0,84.0,11301
2011-09-20,23.0,168.0,11289
2011-09-22,24.0,42.0,11300
2011-09-23,11.0,672.0,11302
2011-09-24,-20.0,14.0,11299
2011-09-26,25.0,252.0,11295
2011-09-26,12.0,84.0,11305
2011-09-27,-28.0,84.0,11303
2011-09-27,13.0,42.0,11306
2011-09-29,14.0,14.0,11307
2011-09-30,13.0,14.0,11304
2012-01-01,11.0,350.0,11384
2012-01-03,13.0,168.0,11391
2012-01-05,-17.0,42.0,11386
2012-01-07,8.0,294.0,11390
2012-01-07,18.0,14.0,11394
2012-01-09,-26.0,42.0,11388
2012-01-09,22.0,168.0,11395
2012-01-10,-19.0,294.0,11389
2012-01-10,18.0,14.0,11392
2012-01-12,16.0,784.0,11393
2012-01-14,-20.0,56.0,11397
2012-01-15,-24.0,42.0,11399
2012-01-15,15.0,56.0,11401
2012-01-16,-19.0,14.0,11403
2012-01-17,13.0,28.0,11405
2012-01-18,11.0,14.0,11398
2012-01-18,11.0,14.0,11404
2012-01-19,25.0,14.0,11396
2012-01-20,-24.0,14.0,11406
2012-01-22,16.0,0.0,11409
2012-01-26,15.0,14.0,11407
2012-01-28,29.0,84.0,11402
2012-01-31,-16.0,14.0,11412
2012-02-02,7.0,98.0,11408
2012-02-03,-28.0,14.0,11411
2012-02-06,-5.0,14.0,11414
2012-02-08,8.0,14.0,11413
2012-02-09,16.0,112.0,11410
2012-02-11,8.0,14.0,11415
2012-02-11,18.0,14.0,11417
2012-02-13,28.0,112.0,11419
2012-02-18,-17.0,154.0,11416
2012-02-19,17.0,14.0,11421
2012-02-20,-23.0,28.0,11418
2012-02-25,11.0,14.0,11420
2012-02-25,9.0,42.0,11424
2012-02-27,15.0,210.0,11422
2012-02-29,18.0,14.0,11425
2012-03-01,11.0,14.0,11426
2012-03-05,15.0,14.0,11427
2012-03-06,-25.0,0.8,11430
2012-03-07,18.0,42.0,11423
2012-03-10,-28.0,28.0,11431
2012-03-13,-15.0,42.0,11428
2012-03-16,19.0,126.0,11429
2012-03-17,-12.0,14.0,11436
2012-03-18,-34.0,28.0,11437
2012-03-21,14.0,14.0,11432
2012-03-21,-15.0,70.0,11438
2012-03-21,25.0,42.0,11439
2012-03-22,-22.0,70.0,11434
2012-03-22,-24.0,98.0,11435
2012-03-23,9.0,14.0,11433
2012-03-24,-27.0,0.0,11441
2012-03-24,19.0,14.0,11444
2012-03-26,-25.0,28.0,11440
2012-03-26,23.0,14.0,11446
2012-03-29,-18.0,14.0,11448
2012-03-30,-24.0,14.0,11447
2012-04-01,12.0,70.0,11442
2012-04-01,17.0,28.0,11451
2012-04-02,14.0,28.0,11443
2012-04-03,-18.0,56.0,11449
2012-04-05,-21.0,126.0,11445
2012-04-05,-17.0,14.0,11453
2012-04-10,15.0,168.0,11450
2012-04-11,18.0,7.0,11452
2012-04-11,-13.0,14.0,11454
2012-04-13,-20.0,14.0,11456
2012-04-14,22.0,14.0,11457
2012-04-15,7.0,14.0,11458
2012-04-18,5.0,42.0,11455
2012-04-18,13.0,56.0,11461
2012-04-21,23.0,14.0,11464
2012-04-22,-26.0,70.0,11463
2012-04-25,-25.0,420.0,11462
2012-04-25,14.0,14.0,11467
2012-04-27,15.0,84.0,11460
2012-04-28,-19.0,42.0,11459
2012-04-30,-18.0,126.0,11465
2012-04-30,11.0,14.0,11468
2012-04-30,-29.0,14.0,11472
2012-05-02,10.0,140.0,11466
2012-05-03,14.0,14.0,11474
2012-05-04,5.0,56.0,11475
2012-05-06,-20.0,14.0,11473
2012-05-07,-26.0,56.0,11469
2012-05-09,-19.0,42.0,11470
2012-05-11,-22.0,126.0,11471
2012-05-12,-16.0,14.0,11480
2012-05-14,-10.0,56.0,11481
2012-05-16,-19.0,14.0,11485
2012-05-18,12.0,210.0,11476
2012-05-21,-17.0,42.0,11477
2012-05-22,-23.0,84.0,11478
2012-05-22,18.0,14.0,11487
2012-05-23,13.0,42.0,11479
2012-05-24,15.0,266.0,11482
2012-05-24,-30.0,0.0,11489
2012-05-25,-25.0,14.0,11483
2012-05-26,10.0,266.0,11484
2012-05-29,22.0,14.0,11491
2012-05-31,17.0,126.0,11486
2012-05-31,12.0,14.0,11488
2012-06-02,7.0,126.0,11498
2012-06-04,-13.0,56.0,11490
2012-06-05,-15.0,14.0,11495
2012-06-05,7.0,0.0,11501
2012-06-05,-17.0,14.0,11502
2012-06-06,-18.0,14.0,11492
2012-06-07,9.0,0.0,11503
2012-06-10,-9.0,42.0,11505
2012-06-11,16.0,84.0,11493
2012-06-11,17.0,14.0,11496
2012-06-11,-22.0,112.0,11497
2012-06-11,11.0,70.0,11506
2012-06-13,-16.0,70.0,11494
2012-06-13,15.0,14.0,11499
2012-06-18,-17.0,11.2,11509
2012-06-20,-27.0,14.0,11507
2012-06-20,-28.0,42.0,11508
2012-06-22,-15.0,294.0,11504
2012-06-25,-16.0,14.0,11510
2012-06-25,15.0,28.0,11511
2012-06-28,-16.0,14.0,11514
2012-07-05,-15.0,112.0,11512
2012-07-05,9.0,14.0,11518
2012-07-07,20.0,0.0,11516
2012-07-08,19.0,28.0,11517
2012-07-09,17.0,252.0,11513
2012-07-10,-15.0,448.0,11515
2012-07-17,-17.0,126.0,11519
2012-07-18,-19.0,196.0,11521
2012-07-18,12.0,84.0,11522
2012-07-18,-17.0,56.0,11524
2012-07-19,-17.0,420.0,11520
2012-07-21,-17.0,14.0,11526
2012-07-22,-27.0,0.0,11523
2012-07-24,27.0,14.0,11527
2012-07-26,-21.0,14.0,11525
2012-07-29,16.0,14.0,11531
2012-07-29,17.0,14.0,11534
2012-07-31,-28.0,14.0,11533
2012-08-01,12.0,14.0,11537
2012-08-03,-22.0,42.0,11539
2012-08-04,15.0,14.0,11528
2012-08-04,-15.0,14.0,11541
2012-08-05,-10.0,42.0,11529
2012-08-05,-25.0,42.0,11536
2012-08-06,-18.0,168.0,11530
2012-08-07,-13.0,28.0,11542
2012-08-08,-16.0,252.0,11532
2012-08-11,18.0,126.0,11535
2012-08-13,-22.0,14.0,11538
2012-08-14,-25.0,42.0,11540
2012-08-14,-29.0,42.0,11544
2012-08-15,-14.0,14.0,11545
2012-08-17,16.0,70.0,11546
2012-08-18,5.0,42.0,11547
2012-08-19,20.0,168.0,11548
2012-08-20,23.0,252.0,11543
2012-08-21,-18.0,14.0,11549
2012-08-22,-18.0,56.0,11552
2012-08-23,-11.0,14.0,11550
2012-08-23,12.0,14.0,11551
2012-08-26,9.0,224.0,11555
2012-08-28,-12.0,14.0,11556
2012-08-28,17.0,14.0,11557
2012-08-28,18.0,14.0,11558
2012-08-29,18.0,14.0,11559
2012-08-31,-25.0,14.0,11563
2012-09-02,15.0,224.0,11554
2012-09-04,-21.0,126.0,11553
2012-09-05,-10.0,14.0,11561
2012-09-08,5.0,14.0,11560
2012-09-08,11.0,14.0,11565
2012-09-08,17.0,14.0,11567
2012-09-10,-21.0,168.0,11562
2012-09-12,-11.0,154.0,11564
2012-09-13,-9.0,14.0,11568
2012-09-13,-13.0,28.0,11570
2012-09-17,23.0,14.0,11566
2012-09-17,16.0,14.0,11572
2012-09-19,7.0,196.0,11575
2012-09-21,-21.0,98.0,11576
2012-09-22,-11.0,112.0,11569
2012-09-22,-13.0,14.0,11571
2012-09-22,-24.0,42.0,11574
2012-09-25,-9.0,168.0,11579
2012-09-26,17.0,42.0,11580
2012-09-27,16.0,98.0,11573
2012-09-27,-12.0,280.0,11582
2012-09-28,21.0,7.0,11578
2012-09-28,22.0,7.0,11581
2012-09-30,9.0,126.0,11577
2012-09-30,13.0,126.0,11583
2013-01-01,-16.0,14.0,11639
2013-01-01,5.0,56.0,11641
2013-01-02,14.0,14.0,11636
2013-01-03,-14.0,14.0,11643
2013-01-04,13.0,112.0,11646
2013-01-05,5.0,28.0,11648
2013-01-05,-26.0,70.0,11650
2013-01-05,19.0,14.0,11651
2013-01-06,9.0,28.0,11653
2013-01-07,16.0,28.0,11647
2013-01-08,28.0,420.0,11640
2013-01-09,13.0,84.0,11638
2013-01-10,-14.0,42.0,11645
2013-01-12,22.0,14.0,11656
2013-01-12,-17.0,14.0,11657
2013-01-13,-25.0,154.0,11642
2013-01-13,15.0,28.0,11644
2013-01-13,-21.0,14.0,11655
2013-01-16,-16.0,28.0,11649
2013-01-18,18.0,42.0,11652
2013-01-18,4.0,14.0,11659
2013-01-22,9.0,14.0,11654
2013-01-23,13.0,28.0,11661
2013-01-25,-15.0,84.0,11658
2013-01-27,13.0,140.0,11660
2013-01-30,28.0,14.0,11664
2013-01-30,-23.0,14.0,11666
2013-02-04,27.0,28.0,11662
2013-02-04,-9.0,0.0,11663
2013-02-04,12.0,42.0,11668
2013-02-06,8.0,14.0,11669
2013-02-11,10.0,84.0,11665
2013-02-12,-18.0,14.0,11672
2013-02-13,22.0,56.0,11667
2013-02-16,17.0,98.0,11670
2013-02-16,-11.0,56.0,11673
2013-02-16,14.0,14.0,11674
2013-02-17,-18.0,42.0,11676
2013-02-18,-27.0,14.0,11677
2013-02-20,-14.0,14.0,11679
2013-02-23,14.0,42.0,11671
2013-02-24,8.0,490.0,11678
2013-02-26,13.0,0.0,11675
2013-02-26,-28.0,56.0,11680
2013-02-26,16.0,42.0,11681
2013-02-28,-17.0,126.0,11683
2013-03-02,-13.0,28.0,11685
2013-03-04,17.0,14.0,11684
2013-03-04,6.0,42.0,11687
2013-03-04,-17.0,28.0,11688
2013-03-06,-18.0,84.0,11682
2013-03-07,23.0,28.0,11690
2013-03-08,-12.0,168.0,11686
2013-03-11,15.0,42.0,11694
2013-03-12,18.0,14.0,11693
2013-03-15,-18.0,42.0,11689
2013-03-18,12.0,168.0,11691
2013-03-18,15.0,14.0,11697
2013-03-19,-19.0,280.0,11698
2013-03-20,5.0,252.0,11696
2013-03-21,-15.0,28.0,11699
2013-03-22,9.0,378.0,11692
2013-03-23,14.0,42.0,11701
2013-03-24,9.0,84.0,11695
2013-03-26,-26.0,42.0,11703
2013-03-26,-12.0,42.0,11705
2013-03-27,8.0,56.0,11702
2013-03-29,-6.0,14.0,11706
2013-03-29,12.0,70.0,11708
2013-03-30,-33.0,14.0,11709
2013-03-30,-22.0,56.0,11710
2013-04-01,1.0,14.0,11712
2013-04-04,-12.0,14.0,11707
2013-04-05,15.0,42.0,11704
2013-04-06,-10.0,14.0,11717
2013-04-08,18.0,0.0,11715
2013-04-09,10.0,14.0,11720
2013-04-11,8.0,252.0,11713
2013-04-11,-20.0,14.0,11716
2013-04-13,-16.0,140.0,11711
2013-04-14,14.0,56.0,11714
2013-04-14,-27.0,56.0,11724
2013-04-16,20.0,154.0,11718
2013-04-19,9.0,70.0,11719
2013-04-20,-18.0,84.0,11721
2013-04-20,26.0,56.0,11727
2013-04-21,-20.0,42.0,11722
2013-04-21,10.0,14.0,11725
2013-04-24,-20.0,56.0,11723
2013-04-26,13.0,1400.0,11726
2013-04-27,-15.0,28.0,11729
2013-05-02,-17.0,14.0,11733
2013-05-02,-17.0,14.0,11735
2013-05-04,19.0,14.0,11737
2013-05-04,16.0,42.0,11738
2013-05-04,13.0,210.0,11739
2013-05-05,20.0,14.0,11728
2013-05-05,-16.0,112.0,11730
2013-05-05,-20.0,42.0,11740
2013-05-07,9.0,14.0,11731
2013-05-07,-20.0,14.0,11741
2013-05-10,-17.0,112.0,11732
2013-05-10,30.0,70.0,11742
2013-05-11,-8.0,336.0,11736
2013-05-12,-19.0,434.0,11734
2013-05-13,-18.0,14.0,11747
2013-05-16,-23.0,14.0,11751
2013-05-19,20.0,14.0,11743
2013-05-19,-22.0,14.0,11749
2013-05-19,18.0,28.0,11752
2013-05-21,6.0,28.0,11744
2013-05-21,-10.0,140.0,11750
2013-05-21,4.0,84.0,11753
2013-05-21,-16.0,14.0,11754
2013-05-22,10.0,168.0,11755
2013-05-24,15.0,14.0,11745
2013-05-24,-28.0,126.0,11746
2013-05-26,13.0,14.0,11748
2013-05-26,-9.0,168.0,11757
2013-05-27,-23.0,14.0,11758
2013-05-28,-8.0,0.0,11759
2013-05-30,10.0,14.0,11760
2013-05-30,-17.0,14.0,11761
2013-06-01,-18.0,70.0,11756
2013-06-06,-14.0,14.0,11763
2013-06-08,-28.0,280.0,11762
2013-06-08,14.0,84.0,11764
2013-06-08,19.0,14.0,11766
2013-06-10,-17.0,14.0,11767
2013-06-13,9.0,42.0,11765
2013-06-14,-23.0,14.0,11769
2013-06-14,-13.0,42.0,11770
2013-06-15,-12.0,28.0,11771
2013-06-16,4.0,42.0,11773
2013-06-18,-12.0,364.0,11768
2013-06-23,-16.0,154.0,11778
2013-06-26,-22.0,42.0,11772
2013-06-26,11.0,42.0,11776
2013-06-26,17.0,14.0,11779
2013-06-27,-16.0,14.0,11774
2013-06-28,-25.0,154.0,11775
2013-06-29,-14.0,14.0,11782
2013-07-01,4.0,14.0,11783
2013-07-03,-17.0,140.0,11777
2013-07-03,-31.0,42.0,11786
2013-07-04,-13.0,14.0,11780
2013-07-05,22.0,14.0,11781
2013-07-06,-15.0,14.0,11788
2013-07-08,-15.0,14.0,11790
2013-07-10,-16.0,14.0,11784
2013-07-13,-27.0,0.0,11789
2013-07-13,-15.0,70.0,11791
2013-07-13,5.0,14.0,11792
2013-07-14,-11.0,42.0,11785
2013-07-15,-13.0,28.0,11787
2013-07-15,-6.0,14.0,11795
2013-07-17,15.0,154.0,11794
2013-07-19,-12.0,14.0,11798
2013-07-19,-18.0,14.0,11799
2013-07-20,-13.0,14.0,11796
2013-07-20,-19.0,14.0,11797
2013-07-24,14.0,14.0,11802
2013-07-24,-9.0,14.0,11803
2013-07-26,-23.0,42.0,11804
2013-07-27,21.0,98.0,11793
2013-07-30,-8.0,238.0,11800
2013-08-01,-7.0,168.0,11805
2013-08-01,-26.0,42.0,11810
2013-08-02,6.0,14.0,11811
2013-08-03,30.0,14.0,11807
2013-08-04,-12.0,14.0,11812
2013-08-05,21.0,84.0,11801
2013-08-07,-13.0,42.0,11806
2013-08-08,-27.0,42.0,11814
2013-08-08,-19.0,14.0,11816
2013-08-09,15.0,42.0,11808
2013-08-09,7.0,28.0,11815
2013-08-11,-20.0,14.0,11819
2013-08-12,-14.0,28.0,11813
2013-08-13,14.0,14.0,11809
2013-08-16,1.0,14.0,11821
2013-08-16,-8.0,42.0,11822
2013-08-19,8.0,14.0,11826
2013-08-19,-17.0,252.0,11827
2013-08-20,-19.0,84.0,11817
2013-08-20,15.0,42.0,11828
2013-08-22,-6.0,210.0,11818
2013-08-22,-12.0,14.0,11824
2013-08-23,5.0,42.0,11829
2013-08-24,15.0,42.0,11825
2013-08-24,25.0,42.0,11832
2013-08-24,18.0,14.0,11833
2013-08-25,-13.0,56.0,11820
2013-08-25,-5.0,98.0,11830
2013-08-25,13.0,112.0,11831
2013-08-28,-10.0,84.0,11823
2013-09-06,13.0,14.0,11834
2013-09-06,-8.0,42.0,11835
2013-09-06,-3.0,42.0,11838
2013-09-08,-17.0,70.0,11837
2013-09-09,10.0,84.0,11836
2013-09-14,4.0,14.0,11842
2013-09-15,-12.0,28.0,11839
2013-09-18,-11.0,14.0,11840
2013-09-18,24.0,14.0,11844
2013-09-18,-20.0,14.0,11845
2013-09-18,11.0,14.0,11847
2013-09-20,-10.0,14.0,11848
2013-09-20,9.0,14.0,11850
2013-09-23,-4.0,14.0,11841
2013-09-23,3.0,28.0,11843
2013-09-23,-16.0,42.0,11851
2013-09-26,21.0,42.0,11849
2013-09-28,-20.0,14.0,11852
2013-09-29,19.0,42.0,11853
2013-09-29,6.0,70.0,11854
2013-09-30,-17.0,140.0,11846
2014-01-01,-16.0,112.0,11934
2014-01-01,10.0,28.0,11942
2014-01-01,-11.0,28.0,11943
2014-01-04,-12.0,98.0,11940
2014-01-05,-15.0,84.0,11936
2014-01-05,-13.0,28.0,11941
2014-01-07,-13.0,224.0,11937
2014-01-07,11.0,14.0,11945
2014-01-08,-14.0,14.0,11938
2014-01-08,11.0,28.0,11947
2014-01-13,-12.0,14.0,11951
2014-01-14,8.0,126.0,11946
2014-01-15,-12.0,196.0,11944
2014-01-17,16.0,14.0,11950
2014-01-18,6.0,56.0,11948
2014-01-18,-15.0,14.0,11956
2014-01-18,-7.0,14.0,11958
2014-01-19,-17.0,42.0,11953
2014-01-19,8.0,14.0,11954
2014-01-21,-15.0,28.0,11949
2014-01-21,-37.0,28.0,11962
2014-01-22,-6.0,84.0,11963
2014-01-22,-13.0,14.0,11964
2014-01-23,-15.0,28.0,11965
2014-01-25,-31.0,42.0,11952
2014-01-25,-6.0,42.0,11961
2014-01-26,-12.0,28.0,11966
2014-01-27,-14.0,28.0,11955
2014-01-27,10.0,42.0,11957
2014-01-31,-23.0,84.0,11959
2014-01-31,-15.0,70.0,11960
2014-02-03,-18.0,112.0,11970
2014-02-06,-10.0,14.0,11969
2014-02-08,-12.0,42.0,11972
2014-02-10,-13.0,882.0,11967
2014-02-10,11.0,546.0,11968
2014-02-13,-13.0,70.0,11975
2014-02-13,14.0,14.0,11979
2014-02-15,-12.0,42.0,11971
2014-02-15,6.0,14.0,11978
2014-02-17,6.0,14.0,11973
2014-02-19,-12.0,672.0,11974
2014-02-19,-13.0,14.0,11980
2014-02-19,-12.0,14.0,11983
2014-02-21,13.0,14.0,11986
2014-02-22,-13.0,84.0,11976
2014-02-23,-8.0,14.0,11977
2014-02-23,7.0,14.0,11985
2014-02-27,-25.0,168.0,11991
2014-03-01,-6.0,28.0,11981
2014-03-01,-16.0,42.0,11984
2014-03-02,-11.0,70.0,11982
2014-03-04,-8.0,14.0,11988
2014-03-04,-19.0,14.0,11992
2014-03-06,-2.0,84.0,11987
2014-03-06,8.0,42.0,11989
2014-03-06,-6.0,42.0,11994
2014-03-06,-13.0,112.0,11997
2014-03-08,17.0,14.0,11993
2014-03-09,-16.0,42.0,11995
2014-03-10,-12.0,84.0,11990
2014-03-11,19.0,56.0,12001
2014-03-14,16.0,84.0,11996
2014-03-14,-17.0,28.0,11999
2014-03-15,9.0,42.0,12007
2014-03-16,-8.0,0.0,12000
2014-03-16,-11.0,42.0,12008
2014-03-17,-7.0,0.0,11998
2014-03-17,5.0,168.0,12003
2014-03-17,11.0,266.0,12006
2014-03-18,14.0,14.0,12009
2014-03-19,-9.0,14.0,12012
2014-03-19,13.0,42.0,12013
2014-03-20,-18.0,42.0,12002
2014-03-22,-9.0,42.0,12004
2014-03-24,-6.0,154.0,12011
2014-03-25,13.0,112.0,12005
2014-03-25,3.0,14.0,12018
2014-03-27,-12.0,56.0,12015
2014-03-28,-10.0,14.0,12019
2014-03-28,-14.0,14.0,12020
2014-03-29,-28.0,42.0,12016
2014-03-29,16.0,84.0,12022
2014-03-30,-13.0,14.0,12010
2014-03-30,17.0,14.0,12024
2014-03-31,-16.0,14.0,12023
2014-04-01,-13.0,210.0,12014
2014-04-01,-24.0,28.0,12025
2014-04-02,10.0,14.0,12017
2014-04-02,-8.0,42.0,12028
2014-04-03,10.0,28.0,12030
2014-04-08,-13.0,84.0,12021
2014-04-10,18.0,28.0,12029
2014-04-11,4.0,14.0,12031
2014-04-12,-8.0,14.0,12026
2014-04-13,13.0,84.0,12027
2014-04-16,16.0,0.0,12040
2014-04-18,-19.0,14.0,12041
2014-04-18,-11.0,14.0,12043
2014-04-20,12.0,182.0,12032
2014-04-20,24.0,14.0,12039
2014-04-20,-20.0,14.0,12044
2014-04-21,11.0,84.0,12033
2014-04-22,-9.0,42.0,12037
2014-04-23,6.0,112.0,12034
2014-04-23,-17.0,126.0,12036
2014-04-24,-13.0,546.0,12035
2014-04-26,-9.0,56.0,12038
2014-04-26,-16.0,70.0,12046
2014-04-28,19.0,154.0,12042
2014-05-01,20.0,70.0,12048
2014-05-02,-24.0,42.0,12045
2014-05-05,-12.0,56.0,12054
2014-05-07,-17.0,210.0,12047
2014-05-07,-9.0,238.0,12051
2014-05-09,12.0,0.0,12050
2014-05-09,-12.0,70.0,12058
2014-05-10,-7.0,126.0,12049
2014-05-11,0.0,14.0,12059
2014-05-12,-12.0,14.0,12052
2014-05-13,9.0,14.0,12053
2014-05-15,-6.0,56.0,12062
2014-05-15,10.0,168.0,12063
2014-05-18,13.0,84.0,12055
2014-05-18,-17.0,28.0,12068
2014-05-19,4.0,140.0,12056
2014-05-19,16.0,14.0,12057
2014-05-19,-9.0,14.0,12067
2014-05-20,9.0,14.0,12064
2014-05-20,-11.0,14.0,12071
2014-05-21,-13.0,84.0,12060
2014-05-21,-18.0,14.0,12070
2014-05-23,-17.0,28.0,12066
2014-05-24,-25.0,84.0,12061
2014-05-24,-11.0,42.0,12075
2014-05-27,-19.0,252.0,12065
2014-05-28,-19.0,28.0,12072
2014-05-28,-15.0,70.0,12074
2014-05-29,-17.0,14.0,12069
2014-06-01,-20.0,14.0,12076
2014-06-02,-12.0,0.0,12073
2014-06-05,4.0,14.0,12081
2014-06-07,-20.0,0.0,12078
2014-06-08,-12.0,14.0,12083
2014-06-11,-4.0,28.0,12077
2014-06-12,-13.0,14.0,12084
2014-06-14,12.0,126.0,12079
2014-06-14,1.0,14.0,12086
2014-06-15,-11.0,490.0,12080
2014-06-15,-19.0,280.0,12085
2014-06-15,-9.0,28.0,12088
2014-06-15,-8.0,0.0,12091
2014-06-16,15.0,84.0,12082
2014-06-17,-18.0,84.0,12094
2014-06-20,18.0,168.0,12089
2014-06-20,5.0,28.0,12095
2014-06-23,-18.0,84.0,12087
2014-06-23,-19.0,28.0,12092
2014-06-23,9.0,84.0,12096
2014-06-23,13.0,42.0,12097
2014-06-24,25.0,42.0,12090
2014-06-27,-3.0,56.0,12093
2014-06-28,-17.0,14.0,12099
2014-06-28,-6.0,14.0,12101
2014-06-29,-9.0,14.0,12098
2014-06-29,11.0,28.0,12102
2014-06-30,-7.0,14.0,12105
2014-07-04,-16.0,14.0,12110
2014-07-07,12.0,70.0,12113
2014-07-08,-8.0,14.0,12103
2014-07-09,-16.0,0.0,12112
2014-07-09,-19.0,112.0,12114
2014-07-11,8.0,14.0,12115
2014-07-11,-28.0,28.0,12116
2014-07-12,-12.0,70.0,12104
2014-07-12,14.0,42.0,12106
2014-07-13,-19.0,126.0,12107
2014-07-14,-7.0,280.0,12108
2014-07-15,-8.0,420.0,12109
2014-07-15,6.0,14.0,12111
2014-07-15,9.0,14.0,12117
2014-07-21,7.0,14.0,12118
2014-07-21,17.0,14.0,12120
2014-07-23,-12.0,42.0,12122
2014-07-24,-13.0,28.0,12123
2014-07-26,-21.0,14.0,12119
2014-07-27,-21.0,14.0,12124
2014-07-27,-12.0,28.0,12125
2014-07-28,-21.0,42.0,12128
2014-07-30,-18.0,14.0,12131
2014-08-02,-5.0,14.0,12129
2014-08-03,8.0,14.0,12121
2014-08-03,-9.0,84.0,12126
2014-08-03,18.0,28.0,12133
2014-08-03,9.0,126.0,12134
2014-08-08,-11.0,14.0,12127
2014-08-10,-8.0,14.0,12130
2014-08-11,-19.0,84.0,12132
2014-08-12,9.0,28.0,12136
2014-08-13,13.0,42.0,12138
2014-08-15,-18.0,14.0,12137
2014-08-15,13.0,14.0,12140
2014-08-16,-27.0,28.0,12145
2014-08-18,16.0,84.0,12135
2014-08-18,-9.0,42.0,12147
2014-08-20,-17.0,140.0,12144
2014-08-23,16.0,14.0,12139
2014-08-25,9.0,42.0,12142
2014-08-26,17.0,14.0,12141
2014-08-26,-3.0,14.0,12143
2014-08-29,8.0,266.0,12146
2014-08-29,8.0,14.0,12148
2014-09-03,9.0,238.0,12149
2014-09-03,-18.0,28.0,12154
2014-09-04,-12.0,42.0,12150
2014-09-04,-20.0,126.0,12155
2014-09-05,-8.0,84.0,12151
2014-09-05,15.0,14.0,12156
2014-09-06,-19.0,42.0,12159
2014-09-07,-9.0,196.0,12153
2014-09-08,-16.0,70.0,12163
2014-09-09,-15.0,42.0,12152
2014-09-09,-9.0,56.0,12160
2014-09-12,10.0,14.0,12162
2014-09-12,-8.0,28.0,12165
2014-09-13,12.0,42.0,12166
2014-09-14,-13.0,42.0,12161
2014-09-15,7.0,14.0,12167
2014-09-17,-15.0,70.0,12157
2014-09-18,15.0,126.0,12158
2014-09-18,-22.0,14.0,12168
2014-09-18,5.0,84.0,12169
2014-09-18,7.0,84.0,12170
2014-09-20,-12.0,84.0,12164
2014-09-21,-9.0,42.0,12172
2014-09-21,-15.0,28.0,12173
2014-09-24,15.0,42.0,12174
2014-09-26,6.0,14.0,12176
2014-09-26,12.0,42.0,12177
2014-09-28,-1.0,42.0,12178
2014-09-29,-11.0,84.0,12179
2014-09-30,-10.0,42.0,12171
2014-09-30,17.0,700.0,12175
2015-01-03,19.0,126.0,12246
2015-01-04,-22.0,14.0,12254
2015-01-05,-19.0,28.0,12248
2015-01-06,-6.0,84.0,12256
2015-01-07,14.0,14.0,12258
2015-01-08,-13.0,70.0,12251
2015-01-08,-19.0,14.0,12252
2015-01-10,-10.0,42.0,12261
2015-01-11,-6.0,14.0,12253
2015-01-15,-16.0,112.0,12255
2015-01-15,7.0,168.0,12257
2015-01-15,-1.0,14.0,12262
2015-01-16,22.0,42.0,12263
2015-01-17,9.0,42.0,12260
2015-01-17,9.0,14.0,12264
2015-01-20,18.0,42.0,12267
2015-01-21,-15.0,56.0,12259
2015-01-23,-21.0,14.0,12265
2015-01-24,-18.0,14.0,12270
2015-01-26,-5.0,70.0,12266
2015-01-27,13.0,42.0,12272
2015-01-27,-3.0,14.0,12274
2015-01-29,7.0,14.0,12269
2015-01-29,-7.0,14.0,12276
2015-01-30,-9.0,14.0,12278
2015-02-02,18.0,252.0,12271
2015-02-02,-3.0,14.0,12273
2015-02-02,-17.0,84.0,12275
2015-02-04,-11.0,308.0,12268
2015-02-04,13.0,84.0,12281
2015-02-05,-19.0,14.0,12279
2015-02-08,15.0,42.0,12282
2015-02-11,8.0,42.0,12277
2015-02-14,-9.0,42.0,12280
2015-02-14,14.0,42.0,12284
2015-02-15,7.0,14.0,12283
2015-02-18,-8.0,14.0,12285
2015-02-19,-7.0,14.0,12289
2015-02-20,-20.0,42.0,12286
2015-02-22,-8.0,56.0,12288
2015-02-23,13.0,14.0,12291
2015-02-26,14.0,14.0,12287
2015-03-02,20.0,56.0,12290
2015-03-03,-14.0,14.0,12294
2015-03-05,-8.0,252.0,12292
2015-03-06,-8.0,14.0,12295
2015-03-07,5.0,14.0,12293
2015-03-07,-11.0,14.0,12296
2015-03-13,-7.0,14.0,12299
2015-03-14,-11.0,14.0,12298
2015-03-18,-16.0,14.0,12301
2015-03-20,-17.0,350.0,12297
2015-03-20,12.0,112.0,12302
2015-03-21,16.0,14.0,12304
2015-03-23,-18.0,14.0,12306
2015-03-24,5.0,28.0,12310
2015-03-24,8.0,14.0,12312
2015-03-25,11.0,0.0,12311
2015-03-25,18.0,42.0,12313
2015-03-26,15.0,70.0,12308
2015-03-27,-23.0,28.0,12314
2015-03-28,-19.0,14.0,12307
2015-03-29,15.0,112.0,12309
2015-03-30,18.0,70.0,12303
2015-03-30,-21.0,28.0,12316
2015-04-02,-21.0,14.0,12315
2015-04-03,-9.0,308.0,12305
2015-04-04,9.0,28.0,12318
2015-04-07,9.0,42.0,12317
2015-04-07,-10.0,0.0,12319
2015-04-15,-14.0,98.0,12320
2015-04-16,-17.0,42.0,12323
2015-04-20,-1.0,14.0,12328
2015-04-21,15.0,42.0,12330
2015-04-22,11.0,84.0,12322
2015-04-23,-8.0,70.0,12329
2015-04-23,19.0,42.0,12333
2015-04-24,8.0,42.0,12321
2015-04-24,20.0,112.0,12326
2015-04-24,-13.0,14.0,12332
2015-04-26,19.0,14.0,12324
2015-04-27,4.0,308.0,12325
2015-04-29,-9.0,294.0,12331
2015-04-30,-8.0,28.0,12327
2015-05-01,-19.0,28.0,12334
2015-05-04,-16.0,14.0,12337
2015-05-04,4.0,14.0,12338
2015-05-08,-6.0,42.0,12340
2015-05-09,13.0,14.0,12336
2015-05-11,10.0,28.0,12343
2015-05-11,-10.0,42.0,12344
2015-05-12,6.0,28.0,12347
2015-05-13,-14.0,14.0,12335
2015-05-14,16.0,28.0,12345
2015-05-19,11.0,98.0,12339
2015-05-19,-16.0,14.0,12350
2015-05-20,-20.0,14.0,12341
2015-05-20,22.0,14.0,12351
2015-05-21,18.0,14.0,12342
2015-05-23,-5.0,14.0,12346
2015-05-23,5.0,42.0,12352
2015-05-26,-11.0,42.0,12348
2015-05-27,-19.0,56.0,12349
2015-05-28,7.0,42.0,12353
2015-05-28,-19.0,14.0,12354
2015-05-30,9.0,14.0,12357
2015-06-01,-9.0,14.0,12355
2015-06-01,-3.0,84.0,12358
2015-06-05,16.0,112.0,12361
2015-06-05,7.0,126.0,12362
2015-06-06,-13.0,14.0,12359
2015-06-07,-5.0,14.0,12364
2015-06-08,4.0,14.0,12363
2015-06-09,-16.0,42.0,12356
2015-06-14,6.0,0.0,12369
2015-06-15,15.0,84.0,12360
2015-06-15,18.0,28.0,12370
2015-06-16,16.0,0.0,12366
2015-06-16,-6.0,0.0,12368
2015-06-18,-13.0,84.0,12365
2015-06-23,20.0,14.0,12372
2015-06-24,-20.0,168.0,12367
2015-06-29,13.0,182.0,12371
2015-06-30,9.0,14.0,12374
2015-07-03,-15.0,56.0,12378
2015-07-06,-10.0,14.0,12377
2015-07-06,9.0,14.0,12380
2015-07-07,-5.0,0.0,12382
2015-07-10,12.0,14.0,12376
2015-07-11,16.0,42.0,12373
2015-07-11,-11.0,14.0,12379
2015-07-12,-9.0,56.0,12375
2015-07-12,-6.0,14.0,12383
2015-07-13,8.0,140.0,12385
2015-07-16,12.0,126.0,12381
2015-07-17,17.0,42.0,12387
2015-07-19,14.0,14.0,12388
2015-07-20,-17.0,84.0,12384
2015-07-25,9.0,28.0,12386
2015-07-25,-11.0,42.0,12389
2015-07-28,5.0,56.0,12391
2015-07-30,-5.0,28.0,12392
2015-08-03,-15.0,70.0,12390
2015-08-04,11.0,42.0,12395
2015-08-08,15.0,42.0,12398
2015-08-09,-12.0,14.0,12397
2015-08-10,19.0,0.0,12393
2015-08-12,12.0,42.0,12394
2015-08-13,-16.0,14.0,12399
2015-08-15,-18.0,56.0,12396
2015-08-19,5.0,14.0,12402
2015-08-22,-11.0,14.0,12401
2015-08-26,14.0,0.0,12404
2015-08-28,-21.0,14.0,12405
2015-08-30,3.0,14.0,12406
2015-08-31,-15.0,112.0,12403
2015-09-01,-12.0,0.0,12408
2015-09-02,5.0,42.0,12409
2015-09-03,17.0,42.0,12407
2015-09-04,-19.0,14.0,12410
2015-09-05,14.0,14.0,12411
2015-09-07,-8.0,28.0,12412
2015-09-08,2.0,14.0,12413
2015-09-13,-14.0,14.0,12416
2015-09-13,23.0,14.0,12417
2015-09-16,13.0,14.0,12419
2015-09-17,-12.0,168.0,12414
2015-09-21,9.0,378.0,12420
2015-09-23,-18.0,224.0,12415
2015-09-23,-20.0,14.0,12422
2015-09-26,-15.0,84.0,12418
2015-09-26,16.0,14.0,12426
2015-09-28,12.0,14.0,12424
2015-09-28,-5.0,0.0,12425
2015-09-28,18.0,42.0,12427
2015-09-29,16.0,14.0,12421
2015-09-30,-8.0,14.0,12423
2015-09-30,-4.0,28.0,12428
2016-01-02,-11.0,14.0,12476
2016-01-02,12.0,28.0,12477
2016-01-03,-21.0,56.0,12473
2016-01-03,7.0,14.0,12478
2016-01-05,11.0,14.0,12479
2016-01-10,-19.0,168.0,12481
2016-01-11,2.0,14.0,12482
2016-01-15,13.0,42.0,12485
2016-01-18,-20.0,56.0,12486
2016-01-19,3.0,196.0,12480
2016-01-19,17.0,98.0,12483
2016-01-20,7.0,28.0,12484
2016-01-28,-12.0,14.0,12487
2016-01-31,4.0,182.0,12488
2016-02-01,2.0,14.0,12491
2016-02-05,9.0,140.0,12489
2016-02-06,-20.0,112.0,12490
2016-02-06,-5.0,14.0,12493
2016-02-06,9.0,14.0,12496
2016-02-09,-8.0,252.0,12495
2016-02-10,19.0,14.0,12498
2016-02-13,14.0,14.0,12492
2016-02-13,-14.0,14.0,12494
2016-02-13,11.0,14.0,12499
2016-02-18,13.0,308.0,12497
2016-02-19,9.0,14.0,12502
2016-02-20,5.0,28.0,12503
2016-02-22,13.0,14.0,12504
2016-02-25,8.0,224.0,12505
2016-02-27,4.0,28.0,12501
2016-02-28,19.0,14.0,12507
2016-03-01,9.0,28.0,12509
2016-03-02,5.0,14.0,12508
2016-03-03,5.0,42.0,12510
2016-03-03,11.0,84.0,12513
2016-03-05,-3.0,14.0,12515
2016-03-05,-4.0,14.0,12516
2016-03-06,-6.0,56.0,12506
2016-03-08,24.0,14.0,12517
2016-03-09,12.0,14.0,12514
2016-03-11,12.0,42.0,12512
2016-03-12,2.0,14.0,12511
2016-03-12,4.0,14.0,12518
2016-03-13,4.0,14.0,12520
2016-03-16,14.0,56.0,12522
2016-03-18,18.0,14.0,12521
2016-03-18,-9.0,14.0,12523
2016-03-18,12.0,14.0,12525
2016-03-22,4.0,28.0,12519
2016-03-29,14.0,84.0,12524
2016-04-04,14.0,0.0,12527
2016-04-06,-3.0,168.0,12526
2016-04-10,7.0,14.0,12528
2016-04-14,14.0,14.0,12531
2016-04-17,8.0,14.0,12530
2016-04-20,10.0,840.0,12529
2016-04-25,6.0,14.0,12534
2016-04-25,5.0,84.0,12535
2016-04-28,5.0,28.0,12532
2016-04-28,-4.0,14.0,12538
2016-04-29,17.0,42.0,12539
2016-05-01,-9.0,28.0,12537
2016-05-01,21.0,28.0,12540
2016-05-02,-3.0,98.0,12533
2016-05-03,4.0,14.0,12541
2016-05-08,15.0,14.0,12536
2016-05-17,11.0,42.0,12542
2016-05-17,-5.0,14.0,12543
2016-05-17,-20.0,28.0,12545
2016-05-21,22.0,112.0,12544
2016-05-21,-17.0,14.0,12547
2016-05-27,-7.0,420.0,12546
2016-05-31,13.0,56.0,12548
2016-06-01,-13.0,0.0,12549
2016-06-03,15.0,14.0,12550
2016-06-03,4.0,126.0,12551
2016-06-13,14.0,112.0,12552
2016-06-16,8.0,70.0,12554
2016-06-18,5.0,42.0,12556
2016-06-19,-9.0,28.0,12555
2016-06-19,10.0,14.0,12557
2016-06-21,13.0,28.0,12558
2016-06-23,-6.0,210.0,12553
2016-07-06,10.0,14.0,12559
2016-07-06,-8.0,14.0,12560
2016-07-08,-5.0,42.0,12562
2016-07-09,19.0,14.0,12563
2016-07-09,10.0,56.0,12564
2016-07-10,-16.0,14.0,12561
2016-07-16,-15.0,28.0,12568
2016-07-19,10.0,0.0,12566
2016-07-19,17.0,42.0,12569
2016-07-24,3.0,350.0,12565
2016-07-25,5.0,210.0,12567
2016-07-29,11.0,14.0,12570
2016-08-08,4.0,84.0,12573
2016-08-09,15.0,154.0,12572
2016-08-09,16.0,42.0,12575
2016-08-09,-11.0,56.0,12576
2016-08-13,12.0,28.0,12571
2016-08-18,4.0,14.0,12577
2016-08-20,6.0,98.0,12574
2016-08-25,9.0,28.0,12578
2016-08-27,12.0,14.0,12579
2016-08-31,9.0,70.0,12582
2016-09-01,14.0,168.0,12583
2016-09-01,-6.0,105.0,12584
2016-09-02,-16.0,84.0,12580
2016-09-04,13.0,126.0,12581
2016-09-05,10.0,0.0,12587
2016-09-08,7.0,14.0,12586
2016-09-12,11.0,7.0,12588
2016-09-13,8.0,308.0,12585
2016-09-13,8.0,14.0,12590
2016-09-15,12.0,28.0,12589
2016-09-15,4.0,14.0,12591
2016-09-16,14.0,14.0,12592
2016-09-19,12.0,14.0,12594
2016-09-22,8.0,154.0,12595
2016-09-25,7.0,42.0,12593
2016-09-25,5.0,42.0,12596
2016-09-30,-14.0,140.0,12597
2017-01-05,-8.0,0.0,12624
2017-01-13,3.0,42.0,12625
2017-01-25,8.0,14.0,12626
2017-01-26,6.0,14.0,12627
2017-01-30,11.0,154.0,12628
2017-01-31,16.0,14.0,12630
2017-02-01,-5.0,14.0,12631
2017-02-04,15.0,14.0,12633
2017-02-05,16.0,42.0,12629
2017-02-06,14.0,14.0,12632
2017-02-06,2.0,14.0,12634
2017-02-16,11.0,14.0,12636
2017-02-17,13.0,0.0,12635
2017-02-20,-3.0,28.0,12637
2017-02-27,-8.0,14.0,12639
2017-02-28,15.0,56.0,12641
2017-03-03,8.0,14.0,12640
2017-03-04,16.0,112.0,12638
2017-03-04,15.0,14.0,12642
2017-03-22,9.0,28.0,12643
2017-03-30,6.0,0.0,12646
2017-04-02,11.0,14.0,12647
2017-04-02,-3.0,14.0,12648
2017-04-05,13.0,210.0,12644
2017-04-05,14.0,42.0,12649
2017-04-08,-9.0,98.0,12645
2017-04-10,8.0,28.0,12650
2017-04-21,13.0,14.0,12652
2017-04-22,-9.0,56.0,12653
2017-05-01,13.0,42.0,12651
2017-05-05,13.0,14.0,12655
2017-05-09,11.0,28.0,12654
2017-05-17,12.0,42.0,12656
2017-05-17,7.0,14.0,12657
2017-05-19,-8.0,14.0,12658
2017-05-24,-11.0,14.0,12660
2017-05-30,13.0,252.0,12659
2017-06-01,6.0,42.0,12661
2017-06-22,14.0,42.0,12663
2017-06-25,13.0,14.0,12662
2017-07-03,18.0,28.0,12664
2017-07-15,12.0,14.0,12667
2017-07-17,15.0,14.0,12666
2017-07-18,-6.0,630.0,12665
2017-07-26,3.0,14.0,12668
2017-07-31,18.0,14.0,12669
2017-08-14,-7.0,154.0,12670
2017-08-28,13.0,98.0,12671
2017-09-02,8.0,84.0,12672
2017-09-04,19.0,14.0,12677
2017-09-06,-7.0,14.0,12675
2017-09-06,-9.0,42.0,12676
2017-09-06,11.0,14.0,12678
2017-09-09,15.0,14.0,12679
2017-09-10,-9.0,742.0,12673
2017-09-12,16.0,42.0,12674
2017-09-21,-12.0,84.0,12681
2017-09-23,7.0,84.0,12680
2017-09-25,-9.0,252.0,12682
2017-09-26,11.0,364.0,12683
2018-01-08,20.0,14.0,12693
2018-01-11,-32.0,14.0,12694
2018-01-12,-8.0,14.0,12695
2018-01-20,-12.0,14.0,12696
2018-01-31,-10.0,14.0,12697
2018-02-03,-3.0,14.0,12698
2018-02-17,-8.0,56.0,12699
2018-03-16,-12.0,14.0,12701
2018-03-18,21.0,14.0,12702
2018-03-31,-8.0,14.0,12703
2018-04-13,10.0,42.0,12704
2018-04-20,4.0,28.0,12706
2018-04-22,-10.0,14.0,12707
2018-05-05,-9.0,42.0,12708
2018-05-09,5.0,14.0,12709
2018-05-22,16.0,28.0,12710
2018-05-28,5.0,14.0,12711
2018-06-05,14.0,14.0,12712
2018-06-22,8.0,14.0,12714
2018-06-24,5.0,98.0,12713
2018-06-27,7.0,28.0,12715
2018-07-22,16.0,14.0,12716
2018-08-02,-7.0,14.0,12717
2018-08-16,-7.0,14.0,12718
2018-08-27,-6.0,14.0,12719
2018-08-29,7.0,14.0,12720
2018-09-10,10.0,14.0,12721
2018-09-12,-7.0,14.0,12722
2018-09-30,-8.0,14.0,12723
2019-01-07,9.0,14.0,12732
2019-01-31,4.0,126.0,12733
2019-03-13,8.0,14.0,12734
2019-03-22,2.0,14.0,12735
2019-03-25,8.0,84.0,12736
2019-04-01,12.0,14.0,12737
2019-04-20,6.0,350.0,12738
2019-04-21,6.0,14.0,12739
2019-05-04,12.0,364.0,12740
2019-05-19,5.0,196.0,12741
2019-06-25,4.0,14.0,12742
2019-06-28,3.0,14.0,12743
2019-07-08,-27.0,28.0,12744
2019-07-23,2.0,0.0,12745
2019-08-06,-5.0,14.0,12746
2019-08-07,6.0,0.0,12747
2019-09-02,14.0,14.0,12748
2020-01-03,-35.0,28.0,12755
2020-01-11,23.0,14.0,12756
2020-02-02,3.0,14.0,12757
2020-03-09,-29.0,28.0,12758
2020-04-01,28.0,14.0,12759
2020-04-26,-7.0,14.0,12760
2020-05-01,23.0,14.0,12762
2020-05-01,32.0,14.0,12763
2020-06-02,35.0,0.0,12764
2020-06-16,-26.0,14.0,12765
2020-07-11,5.0,14.0,12766
2020-07-29,25.0,14.0,12768
2020-08-03,-22.0,70.0,12767
2020-08-03,26.0,14.0,12769
2020-08-04,21.0,84.0,12770
2020-08-13,-18.0,14.0,12771
2020-08-21,17.0,14.0,12772
2020-09-24,28.0,14.0,12773
2021-01-03,-16.0,168.0,12794
2021-01-03,-18.0,0.0,12795
2021-01-18,-21.0,14.0,12796
2021-01-18,-18.0,126.0,12797
2021-01-21,-17.0,84.0,12798
2021-01-27,23.0,0.0,12799
2021-01-28,19.0,14.0,12800
2021-02-04,30.0,0.0,12801
2021-02-19,19.0,21.0,12802
2021-02-20,21.0,42.0,12803
2021-02-25,-22.0,42.0,12805
2021-03-01,18.0,168.0,12804
2021-03-09,-31.0,28.0,12806
2021-03-10,-18.0,14.0,12807
2021-03-10,19.0,28.0,12808
2021-03-16,-22.0,14.0,12809
2021-03-17,17.0,42.0,12810
2021-03-22,21.0,14.0,12811
2021-03-24,21.0,42.0,12812
2021-04-07,20.0,0.0,12813
2021-04-17,-21.0,14.0,12815
2021-04-18,-22.0,14.0,12814
2021-04-23,18.0,196.0,12817
2021-04-25,24.0,14.0,12819
2021-04-26,-22.0,14.0,12816
2021-05-01,-22.0,28.0,12820
2021-05-01,-21.0,42.0,12821
2021-05-02,-16.0,14.0,12818
2021-05-11,-21.0,56.0,12823
2021-05-20,18.0,56.0,12822
2021-05-24,16.0,14.0,12825
2021-05-29,23.0,392.0,12826
2021-05-30,18.0,168.0,12824
2021-05-31,-32.0,14.0,12828
2021-06-08,12.0,70.0,12827
2021-06-08,24.0,14.0,12831
2021-06-09,-25.0,56.0,12830
2021-06-11,-20.0,14.0,12829
2021-06-14,14.0,0.0,12832
2021-06-19,20.0,14.0,12834
2021-06-26,24.0,98.0,12833
2021-06-29,17.0,28.0,12837
2021-07-04,-26.0,14.0,12836
2021-07-04,24.0,42.0,12838
2021-07-05,19.0,42.0,12839
2021-07-07,-18.0,420.0,12835
2021-07-09,27.0,14.0,12840
2021-07-10,-18.0,28.0,12841
2021-07-17,-43.0,28.0,12844
2021-07-18,-18.0,14.0,12843
2021-07-20,25.0,42.0,12846
2021-07-21,-29.0,28.0,12847
2021-07-22,20.0,14.0,12848
2021-07-22,-18.0,0.0,12849
2021-07-23,25.0,112.0,12842
2021-07-23,-16.0,56.0,12845
2021-08-06,-30.0,14.0,12850
2021-08-06,15.0,14.0,12851
2021-08-06,-11.0,14.0,12852
2021-08-12,-21.0,14.0,12854
2021-08-12,13.0,14.0,12855
2021-08-15,22.0,14.0,12853
2021-08-16,14.0,14.0,12856
2021-08-20,14.0,14.0,12857
2021-08-22,13.0,14.0,12858
2021-08-27,15.0,14.0,12861
2021-08-29,-28.0,14.0,12862
2021-09-02,18.0,14.0,12859
2021-09-03,-29.0,308.0,12860
2021-09-05,22.0,14.0,12865
2021-09-05,-18.0,14.0,12867
2021-09-10,-31.0,14.0,12870
2021-09-12,-17.0,42.0,12863
2021-09-12,24.0,70.0,12864
2021-09-13,-34.0,14.0,12869
2021-09-14,-20.0,140.0,12868
2021-09-15,-18.0,84.0,12866
2021-09-19,-28.0,42.0,12871
2021-09-21,17.0,42.0,12872
2021-09-23,-25.0,14.0,12874
2021-09-25,25.0,14.0,12873
2021-09-25,-33.0,14.0,12875
2021-09-25,-22.0,14.0,12876
2021-09-27,-23.0,42.0,12878
2021-09-29,30.0,14.0,12880
2021-09-30,-16.0,182.0,12877
2021-09-30,16.0,14.0,12881
2022-01-01,-12.0,14.0,12919
2022-01-01,-17.0,42.0,12922
2022-01-02,22.0,14.0,12918
2022-01-02,-30.0,28.0,12923
2022-01-04,-16.0,196.0,12916
2022-01-15,-21.0,28.0,12928
2022-01-16,-31.0,252.0,12924
2022-01-16,19.0,14.0,12926
2022-01-16,32.0,28.0,12932
2022-01-18,-35.0,14.0,12925
2022-01-18,13.0,14.0,12931
2022-01-21,-21.0,1.4,12927
2022-01-21,8.0,112.0,12929
2022-01-21,22.0,140.0,12930
2022-01-24,-20.0,70.0,12933
2022-01-30,-20.0,28.0,12937
2022-02-01,27.0,14.0,12935
2022-02-02,-23.0,168.0,12934
2022-02-06,17.0,630.0,12936
2022-02-07,19.0,42.0,12938
2022-02-09,-11.0,14.0,12942
2022-02-12,-16.0,168.0,12939
2022-02-12,17.0,42.0,12940
2022-02-12,-25.0,28.0,12944
2022-02-12,-9.0,126.0,12946
2022-02-14,-21.0,28.0,12945
2022-02-15,-27.0,112.0,12948
2022-02-17,25.0,210.0,12941
2022-02-17,15.0,14.0,12947
2022-02-17,19.0,28.0,12950
2022-02-18,-21.0,28.0,12943
2022-02-18,24.0,14.0,12949
2022-02-18,-24.0,14.0,12951
2022-02-18,-24.0,28.0,12952
2022-02-20,18.0,14.0,12953
2022-03-01,16.0,14.0,12958
2022-03-03,25.0,14.0,12956
2022-03-04,-19.0,14.0,12959
2022-03-05,18.0,70.0,12954
2022-03-06,14.0,84.0,12955
2022-03-07,26.0,42.0,12962
2022-03-08,-13.0,14.0,12961
2022-03-09,-18.0,14.0,12963
2022-03-12,-16.0,42.0,12957
2022-03-13,-27.0,84.0,12964
2022-03-13,-23.0,14.0,12966
2022-03-13,17.0,42.0,12967
2022-03-14,-21.0,14.0,12968
2022-03-15,-19.0,0.0,12969
2022-03-15,-23.0,14.0,12970
2022-03-16,-20.0,210.0,12960
2022-03-18,17.0,28.0,12971
2022-03-21,26.0,56.0,12965
2022-03-21,19.0,56.0,12973
2022-03-23,-27.0,56.0,12972
2022-03-23,-17.0,84.0,12974
2022-03-29,-21.0,28.0,12979
2022-03-30,18.0,14.0,12977
2022-03-31,4.0,14.0,12980
2022-04-02,-19.0,28.0,12982
2022-04-04,15.0,364.0,12975
2022-04-04,12.0,42.0,12984
2022-04-04,-20.0,42.0,12985
2022-04-05,14.0,392.0,12976
2022-04-06,16.0,14.0,12986
2022-04-08,-30.0,14.0,12987
2022-04-09,-23.0,28.0,12981
2022-04-10,-17.0,84.0,12978
2022-04-12,20.0,14.0,12983
2022-04-12,15.0,14.0,12988
2022-04-13,19.0,14.0,12989
2022-04-14,16.0,28.0,12990
2022-04-19,-28.0,420.0,12992
2022-04-21,23.0,70.0,12996
2022-04-24,14.0,14.0,12997
2022-04-24,-19.0,168.0,12998
2022-04-25,-23.0,14.0,12991
2022-04-27,-16.0,70.0,13000
2022-04-29,20.0,112.0,12993
2022-04-29,13.0,14.0,13002
2022-04-30,15.0,42.0,12994
2022-04-30,-23.0,28.0,13003
2022-05-02,15.0,126.0,12995
2022-05-06,-21.0,98.0,12999
2022-05-10,-32.0,84.0,13001
2022-05-10,-13.0,252.0,13004
2022-05-10,20.0,0.0,13005
2022-05-12,16.0,14.0,13008
2022-05-13,14.0,42.0,13009
2022-05-14,-19.0,14.0,13012
2022-05-15,-28.0,14.0,13013
2022-05-16,-31.0,14.0,13006
2022-05-16,14.0,84.0,13015
2022-05-17,-18.0,140.0,13016
2022-05-18,-12.0,28.0,13018
2022-05-20,11.0,28.0,13019
2022-05-21,-22.0,28.0,13007
2022-05-23,-20.0,28.0,13020
2022-05-23,14.0,28.0,13021
2022-05-25,-17.0,0.0,13010
2022-05-25,18.0,14.0,13011
2022-05-25,-8.0,14.0,13022
2022-05-27,22.0,378.0,13014
2022-05-28,12.0,14.0,13017
2022-06-01,27.0,168.0,13025
2022-06-05,14.0,14.0,13028
2022-06-05,-18.0,14.0,13029
2022-06-06,15.0,112.0,13026
2022-06-07,-14.0,84.0,13023
2022-06-07,-34.0,56.0,13024
2022-06-08,-17.0,28.0,13027
2022-06-13,17.0,42.0,13033
2022-06-17,-12.0,84.0,13036
2022-06-19,13.0,28.0,13039
2022-06-20,-19.0,42.0,13037
2022-06-21,-26.0,42.0,13031
2022-06-22,18.0,308.0,13030
2022-06-23,20.0,70.0,13032
2022-06-25,1.0,112.0,13034
2022-06-25,-17.0,14.0,13035
2022-06-27,16.0,266.0,13038
2022-06-29,15.0,28.0,13041
2022-06-29,-13.0,14.0,13043
2022-06-29,-19.0,14.0,13044
2022-07-01,-2.0,14.0,13042
2022-07-01,-12.0,14.0,13045
2022-07-03,-13.0,168.0,13040
2022-07-03,-8.0,28.0,13048
2022-07-04,-12.0,14.0,13049
2022-07-05,18.0,28.0,13050
2022-07-06,15.0,42.0,13052
2022-07-07,-20.0,42.0,13047
2022-07-08,21.0,14.0,13054
2022-07-12,16.0,14.0,13046
2022-07-12,26.0,14.0,13051
2022-07-15,15.0,322.0,13058
2022-07-18,17.0,84.0,13053
2022-07-19,-17.0,140.0,13055
2022-07-20,22.0,14.0,13061
2022-07-22,-14.0,28.0,13056
2022-07-24,17.0,140.0,13057
2022-07-26,12.0,28.0,13060
2022-07-26,11.0,0.0,13063
2022-07-27,-7.0,84.0,13059
2022-07-27,9.0,0.0,13064
2022-07-27,20.0,98.0,13067
2022-07-28,-21.0,14.0,13065
2022-07-30,-16.0,14.0,13066
2022-08-01,-25.0,84.0,13062
2022-08-01,-18.0,14.0,13069
2022-08-02,15.0,0.0,13070
2022-08-08,-15.0,126.0,13068
2022-08-08,-23.0,42.0,13072
2022-08-08,16.0,154.0,13076
2022-08-09,-34.0,98.0,13073
2022-08-14,-18.0,14.0,13077
2022-08-14,20.0,14.0,13080
2022-08-15,-18.0,168.0,13071
2022-08-17,-17.0,42.0,13074
2022-08-17,16.0,28.0,13075
2022-08-17,27.0,14.0,13082
2022-08-18,-6.0,112.0,13079
2022-08-20,-24.0,14.0,13083
2022-08-21,-24.0,42.0,13078
2022-08-22,-11.0,14.0,13084
2022-08-23,13.0,168.0,13081
2022-08-24,-15.0,56.0,13087
2022-08-26,14.0,14.0,13090
2022-08-29,-27.0,308.0,13088
2022-08-30,31.0,84.0,13085
2022-09-02,-22.0,14.0,13086
2022-09-02,14.0,14.0,13091
2022-09-03,-26.0,28.0,13093
2022-09-03,22.0,168.0,13094
2022-09-06,-23.0,728.0,13089
2022-09-06,-14.0,28.0,13095
2022-09-07,18.0,42.0,13096
2022-09-11,12.0,28.0,13099
2022-09-13,28.0,126.0,13101
2022-09-14,-10.0,42.0,13092
2022-09-14,-11.0,0.0,13097
2022-09-17,18.0,756.0,13098
2022-09-18,-16.0,28.0,13103
2022-09-20,-11.0,14.0,13104
2022-09-20,-18.0,70.0,13105
2022-09-21,-24.0,112.0,13100
2022-09-21,-10.0,14.0,13106
2022-09-22,-24.0,168.0,13107
2022-09-24,16.0,224.0,13110
2022-09-25,-26.0,140.0,13102
2022-09-27,10.0,14.0,13109
2022-09-28,-13.0,14.0,13108
2022-09-28,27.0,140.0,13111
2023-01-03,24.0,14.0,13173
2023-01-05,14.0,112.0,13179
2023-01-07,19.0,42.0,13176
2023-01-09,-18.0,14.0,13177
2023-01-11,17.0,70.0,13180
2023-01-11,13.0,14.0,13187
2023-01-12,-16.0,70.0,13183
2023-01-13,-23.0,28.0,13188
2023-01-14,-21.0,126.0,13181
2023-01-14,12.0,126.0,13191
2023-01-15,19.0,42.0,13185
2023-01-15,23.0,14.0,13189
2023-01-18,-17.0,0.0,13182
2023-01-19,-22.0,14.0,13193
2023-01-20,24.0,14.0,13197
2023-01-21,21.0,14.0,13195
2023-01-22,-12.0,28.0,13184
2023-01-22,24.0,84.0,13186
2023-01-23,21.0,56.0,13200
2023-01-25,-24.0,168.0,13194
2023-01-26,-14.0,952.0,13190
2023-01-26,15.0,98.0,13192
2023-01-26,16.0,14.0,13203
2023-01-28,17.0,28.0,13196
2023-01-28,11.0,56.0,13202
2023-01-30,26.0,14.0,13198
2023-01-30,16.0,14.0,13199
2023-01-30,-22.0,14.0,13206
2023-01-31,-13.0,42.0,13207
2023-02-02,24.0,112.0,13204
2023-02-02,-23.0,84.0,13205
2023-02-03,26.0,28.0,13201
2023-02-04,18.0,56.0,13209
2023-02-07,21.0,14.0,13215
2023-02-08,-16.0,14.0,13212
2023-02-09,-14.0,14.0,13210
2023-02-09,-16.0,70.0,13211
2023-02-09,15.0,84.0,13218
2023-02-10,-17.0,14.0,13219
2023-02-10,14.0,112.0,13221
2023-02-12,19.0,14.0,13223
2023-02-13,8.0,42.0,13208
2023-02-13,30.0,56.0,13222
2023-02-14,51.0,14.0,13224
2023-02-14,-3.0,0.0,13227
2023-02-14,-25.0,14.0,13228
2023-02-15,28.0,196.0,13213
2023-02-16,13.0,448.0,13214
2023-02-19,23.0,84.0,13216
2023-02-20,-21.0,126.0,13225
2023-02-21,-12.0,182.0,13217
2023-02-21,10.0,14.0,13232
2023-02-21,24.0,112.0,13234
2023-02-22,14.0,0.0,13233
2023-02-23,-13.0,42.0,13220
2023-02-23,12.0,112.0,13226
2023-02-23,20.0,28.0,13231
2023-02-28,26.0,56.0,13229
2023-02-28,19.0,14.0,13235
2023-03-01,-8.0,0.0,13237
2023-03-02,-23.0,0.0,13230
2023-03-02,-16.0,14.0,13240
2023-03-03,-26.0,14.0,13236
2023-03-06,23.0,84.0,13246
2023-03-08,18.0,112.0,13243
2023-03-08,-12.0,168.0,13249
2023-03-09,-22.0,42.0,13244
2023-03-10,9.0,14.0,13238
2023-03-10,15.0,28.0,13248
2023-03-11,16.0,28.0,13252
2023-03-13,32.0,98.0,13239
2023-03-13,28.0,14.0,13241
2023-03-13,-30.0,14.0,13253
2023-03-14,13.0,112.0,13242
2023-03-15,-5.0,14.0,13255
2023-03-16,-22.0,196.0,13245
2023-03-17,-18.0,14.0,13250
2023-03-18,-24.0,14.0,13247
2023-03-18,-24.0,42.0,13254
2023-03-19,-27.0,56.0,13257
2023-03-20,-16.0,28.0,13259
2023-03-21,-13.0,14.0,13251
2023-03-23,-22.0,14.0,13261
2023-03-29,25.0,42.0,13258
2023-03-30,-18.0,14.0,13267
2023-03-30,-24.0,14.0,13268
2023-03-31,-22.0,168.0,13256
2023-03-31,18.0,14.0,13263
2023-04-01,24.0,154.0,13260
2023-04-01,21.0,84.0,13265
2023-04-03,-25.0,14.0,13269
2023-04-04,-16.0,210.0,13262
2023-04-05,17.0,0.0,13264
2023-04-05,-17.0,0.0,13271
2023-04-06,11.0,42.0,13266
2023-04-09,-24.0,112.0,13270
2023-04-11,-7.0,14.0,13274
2023-04-11,-22.0,28.0,13276
2023-04-12,10.0,14.0,13277
2023-04-14,12.0,14.0,13278
2023-04-14,-23.0,308.0,13281
2023-04-17,8.0,14.0,13273
2023-04-18,-8.0,224.0,13280
2023-04-18,-8.0,42.0,13284
2023-04-19,-21.0,14.0,13272
2023-04-22,13.0,14.0,13275
2023-04-25,-19.0,14.0,13279
2023-04-25,12.0,378.0,13282
2023-04-25,-23.0,14.0,13283
2023-04-25,-25.0,14.0,13287
2023-04-26,20.0,126.0,13289
2023-04-28,24.0,14.0,13290
2023-04-28,14.0,14.0,13292
2023-05-01,-11.0,14.0,13286
2023-05-03,7.0,14.0,13291
2023-05-04,-17.0,42.0,13285
2023-05-04,-22.0,168.0,13288
2023-05-05,16.0,14.0,13295
2023-05-05,-16.0,14.0,13298
2023-05-05,-6.0,42.0,13299
2023-05-10,11.0,168.0,13301
2023-05-10,-10.0,42.0,13303
2023-05-13,10.0,14.0,13293
2023-05-14,15.0,182.0,13296
2023-05-14,9.0,14.0,13300
2023-05-15,-7.0,14.0,13294
2023-05-15,9.0,56.0,13297
2023-05-16,-9.0,14.0,13307
2023-05-17,20.0,14.0,13304
2023-05-17,-18.0,14.0,13306
2023-05-20,-18.0,14.0,13309
2023-05-20,-25.0,56.0,13312
2023-05-22,18.0,42.0,13302
2023-05-22,12.0,294.0,13305
2023-05-24,12.0,70.0,13308
2023-05-30,-20.0,294.0,13310
2023-05-30,14.0,126.0,13314
2023-05-31,21.0,70.0,13311
2023-06-02,21.0,42.0,13313
2023-06-02,9.0,14.0,13316
2023-06-02,27.0,14.0,13317
2023-06-03,-17.0,224.0,13315
2023-06-03,24.0,126.0,13318
2023-06-03,16.0,0.0,13322
2023-06-05,-14.0,140.0,13327
2023-06-06,-22.0,84.0,13319
2023-06-06,11.0,14.0,13328
2023-06-08,15.0,56.0,13324
2023-06-08,12.0,14.0,13325
2023-06-10,10.0,14.0,13320
2023-06-12,-15.0,126.0,13321
2023-06-13,-7.0,14.0,13323
2023-06-13,18.0,0.0,13330
2023-06-14,17.0,126.0,13334
2023-06-15,25.0,70.0,13326
2023-06-15,-20.0,224.0,13336
2023-06-16,24.0,56.0,13329
2023-06-19,-23.0,70.0,13331
2023-06-20,-9.0,14.0,13332
2023-06-20,16.0,14.0,13343
2023-06-22,-21.0,280.0,13342
2023-06-23,-11.0,42.0,13333
2023-06-24,24.0,14.0,13344
2023-06-24,-31.0,28.0,13348
2023-06-24,9.0,28.0,13349
2023-06-24,-11.0,14.0,13350
2023-06-24,22.0,28.0,13351
2023-06-26,-15.0,280.0,13335
2023-06-26,8.0,14.0,13346
2023-06-26,9.0,14.0,13352
2023-06-26,-18.0,14.0,13353
2023-06-27,9.0,14.0,13338
2023-06-27,-19.0,14.0,13347
2023-06-28,15.0,14.0,13337
2023-06-30,-19.0,42.0,13339
2023-06-30,23.0,112.0,13340
2023-07-01,6.0,14.0,13345
2023-07-01,-8.0,14.0,13356
2023-07-02,-16.0,14.0,13341
2023-07-02,-12.0,126.0,13358
2023-07-05,16.0,1582.0,13354
2023-07-06,-10.0,98.0,13362
2023-07-07,-7.0,14.0,13357
2023-07-07,23.0,28.0,13364
2023-07-09,-14.0,14.0,13355
2023-07-10,-36.0,14.0,13365
2023-07-11,-21.0,14.0,13359
2023-07-11,-15.0,42.0,13370
2023-07-12,-15.0,28.0,13371
2023-07-13,23.0,0.0,13360
2023-07-13,-11.0,126.0,13366
2023-07-13,-17.0,112.0,13368
2023-07-13,-18.0,0.0,13369
2023-07-15,24.0,56.0,13361
2023-07-15,-9.0,42.0,13374
2023-07-16,10.0,112.0,13367
2023-07-19,-21.0,532.0,13363
2023-07-20,13.0,0.0,13375
2023-07-25,24.0,168.0,13372
2023-07-25,14.0,7.0,13383
2023-07-26,8.0,210.0,13373
2023-07-26,-18.0,14.0,13381
2023-07-26,-14.0,14.0,13384
2023-07-27,-28.0,70.0,13378
2023-07-28,22.0,196.0,13376
2023-07-28,19.0,14.0,13382
2023-07-29,-18.0,28.0,13390
2023-07-30,-8.0,196.0,13377
2023-07-31,-15.0,14.0,13385
2023-08-01,13.0,140.0,13379
2023-08-05,-11.0,350.0,13380
2023-08-05,17.0,14.0,13393
2023-08-07,11.0,350.0,13386
2023-08-07,-23.0,14.0,13388
2023-08-09,18.0,126.0,13387
2023-08-09,-16.0,0.0,13389
2023-08-09,19.0,7.0,13396
2023-08-10,-21.0,14.0,13398
2023-08-10,-15.0,28.0,13399
2023-08-11,9.0,42.0,13392
2023-08-12,22.0,42.0,13391
2023-08-12,-14.0,14.0,13400
2023-08-12,25.0,14.0,13401
2023-08-13,-18.0,14.0,13402
2023-08-15,-24.0,210.0,13394
2023-08-16,12.0,14.0,13395
2023-08-17,-18.0,14.0,13406
2023-08-18,17.0,28.0,13397
2023-08-18,-18.0,14.0,13408
2023-08-20,-30.0,14.0,13410
2023-08-21,22.0,14.0,13409
2023-08-22,26.0,154.0,13403
2023-08-22,-9.0,28.0,13414
2023-08-24,-17.0,42.0,13407
2023-08-25,-9.0,28.0,13404
2023-08-26,-19.0,42.0,13416
2023-08-27,10.0,84.0,13405
2023-08-28,14.0,56.0,13411
2023-08-31,30.0,42.0,13412
2023-09-03,10.0,210.0,13413
2023-09-04,-9.0,168.0,13415
2023-09-05,13.0,42.0,13422
2023-09-06,24.0,14.0,13419
2023-09-06,16.0,14.0,13424
2023-09-07,-22.0,14.0,13420
2023-09-08,-16.0,14.0,13426
2023-09-09,-8.0,14.0,13417
2023-09-10,-28.0,14.0,13427
2023-09-11,-8.0,42.0,13431
2023-09-12,20.0,28.0,13418
2023-09-12,15.0,14.0,13421
2023-09-12,14.0,7.0,13428
2023-09-13,-22.0,14.0,13432
2023-09-16,16.0,308.0,13423
2023-09-17,-17.0,42.0,13430
2023-09-17,8.0,14.0,13434
2023-09-19,11.0,42.0,13438
2023-09-19,-23.0,84.0,13439
2023-09-19,17.0,84.0,13440
2023-09-20,24.0,84.0,13425
2023-09-21,12.0,140.0,13429
2023-09-21,-11.0,70.0,13442
2023-09-22,23.0,140.0,13436
2023-09-22,24.0,14.0,13444
2023-09-23,23.0,14.0,13446
2023-09-24,-19.0,42.0,13437
2023-09-25,28.0,56.0,13433
2023-09-26,14.0,56.0,13448
2023-09-27,6.0,28.0,13441
2023-09-27,26.0,336.0,13443
2023-09-27,15.0,42.0,13449
2023-09-28,-18.0,42.0,13450
2023-09-30,10.0,70.0,13435
2023-09-30,-14.0,84.0,13445
2023-09-30,-22.0,126.0,13447
2024-01-01,14.0,28.0,13533
2024-01-01,5.0,112.0,13536
2024-01-02,-19.0,84.0,13531
2024-01-03,-8.0,14.0,13535
2024-01-08,-12.0,112.0,13534
2024-01-08,19.0,42.0,13544
2024-01-10,18.0,14.0,13542
2024-01-10,-24.0,98.0,13546
2024-01-11,18.0,42.0,13537
2024-01-11,20.0,280.0,13538
2024-01-12,-6.0,70.0,13543
2024-01-13,12.0,126.0,13548
2024-01-13,-16.0,14.0,13550
2024-01-13,25.0,14.0,13551
2024-01-14,13.0,154.0,13539
2024-01-14,5.0,168.0,13553
2024-01-15,18.0,14.0,13547
2024-01-16,7.0,98.0,13554
2024-01-17,-20.0,112.0,13540
2024-01-17,-22.0,84.0,13541
2024-01-17,16.0,98.0,13556
2024-01-17,-13.0,14.0,13557
2024-01-18,-24.0,140.0,13552
2024-01-18,-11.0,70.0,13558
2024-01-22,-6.0,168.0,13545
2024-01-24,-22.0,238.0,13549
2024-01-27,-26.0,196.0,13555
2024-01-27,-17.0,252.0,13561
2024-01-27,-8.0,14.0,13562
2024-01-27,-6.0,14.0,13563
2024-01-30,26.0,252.0,13559
2024-01-30,-11.0,70.0,13560
2024-01-31,20.0,294.0,13567
2024-02-01,-10.0,42.0,13568
2024-02-01,-12.0,14.0,13569
2024-02-02,-13.0,14.0,13566
2024-02-02,-4.0,28.0,13570
2024-02-02,15.0,126.0,13574
2024-02-04,-17.0,280.0,13576
2024-02-06,-3.0,7.0,13578
2024-02-07,21.0,14.0,13573
2024-02-08,-13.0,56.0,13564
2024-02-08,5.0,14.0,13565
2024-02-08,-37.0,350.0,13575
2024-02-08,-14.0,70.0,13579
2024-02-09,-12.0,28.0,13572
2024-02-10,22.0,14.0,13577
2024-02-11,21.0,14.0,13580
2024-02-11,-15.0,28.0,13584
2024-02-13,-17.0,42.0,13571
2024-02-14,14.0,70.0,13585
2024-02-16,-21.0,28.0,13587
2024-02-16,-3.0,14.0,13588
2024-02-18,6.0,42.0,13582
2024-02-18,-7.0,14.0,13589
2024-02-20,8.0,238.0,13583
2024-02-21,-21.0,14.0,13581
2024-02-24,-10.0,112.0,13592
2024-02-24,-7.0,14.0,13593
2024-02-24,6.0,42.0,13594
2024-02-27,27.0,112.0,13586
2024-02-27,17.0,70.0,13596
2024-02-29,7.0,14.0,13597
2024-03-02,18.0,952.0,13590
2024-03-03,-18.0,112.0,13600
2024-03-05,14.0,14.0,13603
2024-03-06,-11.0,14.0,13598
2024-03-06,14.0,14.0,13601
2024-03-06,8.0,98.0,13604
2024-03-07,21.0,168.0,13595
2024-03-08,-37.0,42.0,13591
2024-03-12,16.0,14.0,13602
2024-03-13,8.0,56.0,13606
2024-03-14,-13.0,14.0,13605
2024-03-14,7.0,14.0,13609
2024-03-14,-16.0,14.0,13610
2024-03-15,-13.0,98.0,13599
2024-03-15,26.0,42.0,13611
2024-03-18,22.0,14.0,13612
2024-03-22,-24.0,98.0,13613
2024-03-23,-18.0,210.0,13607
2024-03-23,11.0,14.0,13608
2024-03-23,3.0,14.0,13616
2024-03-23,-10.0,42.0,13620
2024-03-24,-18.0,168.0,13618
2024-03-25,19.0,84.0,13622
2024-03-27,-19.0,14.0,13623
2024-03-28,15.0,42.0,13621
2024-03-30,17.0,70.0,13614
2024-03-31,-13.0,1190.0,13615
2024-03-31,16.0,14.0,13624
2024-04-01,-13.0,14.0,13617
2024-04-02,18.0,42.0,13619
2024-04-03,10.0,98.0,13625
2024-04-03,9.0,7.0,13627
2024-04-05,11.0,42.0,13626
2024-04-06,26.0,56.0,13632
2024-04-08,-11.0,7.0,13630
2024-04-09,11.0,14.0,13631
2024-04-10,5.0,14.0,13629
2024-04-12,-21.0,42.0,13636
2024-04-14,-11.0,28.0,13637
2024-04-15,21.0,14.0,13640
2024-04-16,5.0,84.0,13628
2024-04-17,18.0,14.0,13642
2024-04-19,-8.0,112.0,13633
2024-04-19,28.0,308.0,13634
2024-04-20,22.0,14.0,13635
2024-04-20,13.0,14.0,13651
2024-04-22,10.0,14.0,13641
2024-04-22,3.0,14.0,13653
2024-04-22,-12.0,28.0,13656
2024-04-24,16.0,28.0,13649
2024-04-25,-17.0,42.0,13638
2024-04-25,-11.0,14.0,13650
2024-04-26,-12.0,28.0,13643
2024-04-26,-8.0,308.0,13645
2024-04-26,-13.0,168.0,13647
2024-04-26,-13.0,14.0,13659
2024-04-27,30.0,14.0,13639
2024-04-28,18.0,14.0,13648
2024-04-28,10.0,42.0,13660
2024-04-29,13.0,14.0,13644
2024-04-29,22.0,14.0,13646
2024-04-29,-14.0,14.0,13657
2024-04-29,-22.0,70.0,13658
2024-04-30,14.0,70.0,13652
2024-04-30,24.0,42.0,13661
2024-05-03,-7.0,336.0,13654
2024-05-03,-26.0,28.0,13655
2024-05-03,-5.0,14.0,13665
2024-05-06,-17.0,56.0,13668
2024-05-06,-8.0,14.0,13669
2024-05-07,27.0,14.0,13662
2024-05-11,27.0,420.0,13663
2024-05-11,8.0,70.0,13666
2024-05-12,-9.0,42.0,13673
2024-05-13,-2.0,14.0,13677
2024-05-13,8.0,14.0,13678
2024-05-14,-19.0,1638.0,13664
2024-05-14,17.0,42.0,13680
2024-05-14,-7.0,14.0,13681
2024-05-15,15.0,182.0,13682
2024-05-16,-14.0,28.0,13675
2024-05-17,28.0,70.0,13667
2024-05-18,21.0,14.0,13670
2024-05-18,21.0,14.0,13671
2024-05-20,19.0,14.0,13672
2024-05-20,-21.0,14.0,13676
2024-05-22,-23.0,98.0,13683
2024-05-22,-12.0,14.0,13688
2024-05-22,-8.0,42.0,13689
2024-05-23,-14.0,112.0,13674
2024-05-24,17.0,14.0,13687
2024-05-24,17.0,42.0,13690
2024-05-25,-8.0,504.0,13679
2024-05-26,-6.0,70.0,13684
2024-05-27,-12.0,14.0,13694
2024-05-27,9.0,14.0,13696
2024-05-29,-13.0,154.0,13685
2024-05-30,-9.0,28.0,13686
2024-05-31,-8.0,14.0,13692
2024-06-02,4.0,14.0,13693
2024-06-04,-18.0,28.0,13704
2024-06-05,-11.0,14.0,13706
2024-06-06,24.0,42.0,13691
2024-06-06,26.0,14.0,13695
2024-06-06,-5.0,154.0,13700
2024-06-06,21.0,7.0,13705
2024-06-07,3.0,14.0,13699
2024-06-07,-15.0,56.0,13707
2024-06-09,22.0,182.0,13698
2024-06-10,-19.0,378.0,13697
2024-06-10,-6.0,14.0,13701
2024-06-11,-16.0,28.0,13710
2024-06-12,-7.0,42.0,13703
2024-06-13,14.0,14.0,13714
2024-06-13,17.0,14.0,13715
2024-06-15,17.0,42.0,13702
2024-06-18,7.0,14.0,13717
2024-06-19,-21.0,56.0,13708
2024-06-19,-8.0,14.0,13709
2024-06-20,-11.0,14.0,13711
2024-06-20,15.0,28.0,13718
2024-06-20,-4.0,42.0,13720
2024-06-24,-25.0,308.0,13712
2024-06-24,-18.0,210.0,13723
2024-06-24,18.0,126.0,13725
2024-06-24,-2.0,42.0,13726
2024-06-25,-14.0,504.0,13713
2024-06-25,9.0,280.0,13716
2024-06-26,-25.0,14.0,13728
2024-06-29,-16.0,14.0,13731
2024-06-30,8.0,84.0,13734
2024-06-30,17.0,28.0,13735
2024-07-02,-17.0,126.0,13719
2024-07-03,26.0,28.0,13721
2024-07-04,-11.0,56.0,13722
2024-07-04,-15.0,42.0,13724
2024-07-04,-18.0,14.0,13730
2024-07-04,-20.0,14.0,13732
2024-07-06,-13.0,140.0,13737
2024-07-07,-18.0,42.0,13727
2024-07-08,-5.0,56.0,13729
2024-07-08,5.0,210.0,13733
2024-07-08,9.0,14.0,13741
2024-07-11,4.0,14.0,13739
2024-07-12,-18.0,14.0,13740
2024-07-12,23.0,14.0,13746
2024-07-13,15.0,42.0,13748
2024-07-14,-32.0,70.0,13749
2024-07-14,-20.0,154.0,13750
2024-07-15,-20.0,14.0,13736
2024-07-15,22.0,42.0,13752
2024-07-16,23.0,42.0,13754
2024-07-17,9.0,630.0,13738
2024-07-17,17.0,42.0,13757
2024-07-20,-16.0,14.0,13742
2024-07-20,-11.0,14.0,13743
2024-07-20,12.0,112.0,13753
2024-07-20,-7.0,14.0,13758
2024-07-22,15.0,112.0,13744
2024-07-22,-23.0,42.0,13745
2024-07-22,-25.0,70.0,13747
2024-07-23,20.0,14.0,13760
2024-07-24,-4.0,154.0,13759
2024-07-26,-8.0,70.0,13751
2024-07-26,2.0,14.0,13755
2024-07-27,-9.0,140.0,13761
2024-07-29,-17.0,42.0,13756
2024-07-31,1.0,14.0,13771
2024-08-01,-11.0,252.0,13762
2024-08-02,-16.0,700.0,13768
2024-08-02,-6.0,28.0,13773
2024-08-02,10.0,42.0,13776
2024-08-03,-18.0,14.0,13778
2024-08-04,5.0,84.0,13763
2024-08-04,-3.0,56.0,13764
2024-08-04,-7.0,224.0,13766
2024-08-05,-13.0,84.0,13765
2024-08-05,-9.0,112.0,13767
2024-08-05,8.0,182.0,13770
2024-08-08,23.0,126.0,13769
2024-08-08,-13.0,7.0,13779
2024-08-08,2.0,140.0,13782
2024-08-11,-24.0,140.0,13772
2024-08-11,-6.0,238.0,13774
2024-08-11,18.0,14.0,13775
2024-08-14,-9.0,350.0,13777
2024-08-14,17.0,14.0,13787
2024-08-16,11.0,14.0,13783
2024-08-17,-8.0,238.0,13780
2024-08-17,15.0,70.0,13781
2024-08-17,-20.0,28.0,13791
2024-08-18,-22.0,126.0,13786
2024-08-19,4.0,14.0,13795
2024-08-20,6.0,70.0,13798
2024-08-21,16.0,434.0,13784
2024-08-22,-12.0,14.0,13785
2024-08-22,27.0,84.0,13789
2024-08-22,-4.0,14.0,13797
2024-08-23,-8.0,70.0,13788
2024-08-26,22.0,14.0,13793
2024-08-27,-13.0,490.0,13790
2024-08-27,19.0,42.0,13794
2024-08-27,12.0,70.0,13803
2024-08-27,-25.0,42.0,13804
2024-08-28,-18.0,392.0,13792
2024-08-28,13.0,14.0,13802
2024-08-28,8.0,14.0,13805
2024-08-29,-4.0,42.0,13796
2024-09-01,-28.0,308.0,13800
2024-09-01,-20.0,28.0,13809
2024-09-01,16.0,14.0,13810
2024-09-02,-11.0,308.0,13799
2024-09-03,9.0,14.0,13801
2024-09-03,14.0,14.0,13812
2024-09-06,-15.0,462.0,13807
2024-09-08,-14.0,7.0,13817
2024-09-09,-9.0,84.0,13808
2024-09-10,-11.0,98.0,13806
2024-09-10,-13.0,7.0,13818
2024-09-11,14.0,84.0,13821
2024-09-12,-27.0,14.0,13819
2024-09-13,-13.0,210.0,13811
2024-09-13,-21.0,14.0,13820
2024-09-13,-19.0,70.0,13823
2024-09-14,-24.0,42.0,13813
2024-09-15,-24.0,168.0,13815
2024-09-15,-8.0,14.0,13816
2024-09-17,17.0,182.0,13814
2024-09-18,14.0,14.0,13822
2024-09-18,-26.0,14.0,13826
2024-09-19,12.0,14.0,13830
2024-09-20,-4.0,112.0,13824
2024-09-20,12.0,14.0,13829
2024-09-21,-14.0,154.0,13834
2024-09-22,13.0,28.0,13832
2024-09-23,-22.0,42.0,13835
2024-09-24,-12.0,112.0,13836
2024-09-25,-17.0,84.0,13825
2024-09-27,15.0,28.0,13831
2024-09-27,22.0,98.0,13833
2024-09-27,16.0,42.0,13838
2024-09-27,-14.0,28.0,13839
2024-09-28,-28.0,42.0,13827
2024-09-28,16.0,14.0,13840
2024-09-29,-12.0,14.0,13828
2024-09-29,14.0,56.0,13841
2024-09-29,-14.0,308.0,13842
2024-09-30,-11.0,14.0,13837
2024-09-30,-7.0,84.0,13843
2025-01-01,-15.0,14.0,13932
2025-01-01,-15.0,126.0,13943
2025-01-02,13.0,476.0,13936
2025-01-02,-12.0,14.0,13937
2025-01-02,-10.0,238.0,13945
2025-01-04,-18.0,84.0,13935
2025-01-05,19.0,70.0,13938
2025-01-06,-10.0,168.0,13946
2025-01-07,-17.0,84.0,13939
2025-01-07,-6.0,84.0,13941
2025-01-07,-9.0,14.0,13949
2025-01-09,-13.0,14.0,13944
2025-01-09,19.0,14.0,13952
2025-01-10,-15.0,56.0,13951
2025-01-10,24.0,42.0,13954
2025-01-12,14.0,14.0,13948
2025-01-12,-30.0,14.0,13955
2025-01-13,-6.0,7.0,13958
2025-01-14,21.0,126.0,13953
2025-01-15,11.0,280.0,13947
2025-01-15,-18.0,14.0,13950
2025-01-15,-11.0,42.0,13960
2025-01-16,19.0,14.0,13957
2025-01-16,24.0,28.0,13963
2025-01-18,4.0,14.0,13966
2025-01-19,4.0,28.0,13956
2025-01-20,-6.0,28.0,13969
2025-01-21,-18.0,98.0,13968
2025-01-21,16.0,14.0,13970
2025-01-22,6.0,336.0,13964
2025-01-25,18.0,224.0,13959
2025-01-27,-10.0,448.0,13961
2025-01-27,18.0,42.0,13962
2025-01-28,13.0,14.0,13965
2025-01-28,13.0,238.0,13971
2025-01-28,13.0,175.0,13976
2025-01-30,-17.0,42.0,13967
2025-01-30,-19.0,56.0,13972
2025-01-30,15.0,14.0,13975
2025-01-31,-10.0,14.0,13980
2025-02-01,13.0,14.0,13973
2025-02-03,22.0,42.0,13982
2025-02-04,-10.0,14.0,13979
2025-02-07,-9.0,42.0,13987
2025-02-08,-15.0,14.0,13974
2025-02-09,18.0,14.0,13977
2025-02-10,10.0,70.0,13984
2025-02-10,23.0,7.0,13985
2025-02-11,11.0,42.0,13978
2025-02-11,7.0,266.0,13981
2025-02-12,-18.0,14.0,13988
2025-02-14,6.0,14.0,13983
2025-02-16,3.0,42.0,13997
2025-02-18,6.0,112.0,13986
2025-02-19,-6.0,126.0,13992
2025-02-19,-21.0,42.0,13995
2025-02-21,-19.0,7.0,13994
2025-02-22,19.0,350.0,13989
2025-02-23,-9.0,168.0,13990
2025-02-23,10.0,14.0,14003
2025-02-23,-15.0,42.0,14004
2025-02-23,-5.0,14.0,14005
2025-02-24,-9.0,14.0,13991
2025-02-24,24.0,70.0,14001
2025-02-26,15.0,168.0,13993
2025-02-26,11.0,14.0,13999
2025-02-26,5.0,28.0,14008
2025-02-27,-16.0,196.0,13996
2025-02-28,-14.0,448.0,13998
2025-02-28,17.0,140.0,14000
2025-03-01,24.0,28.0,14010
2025-03-03,16.0,28.0,14002
2025-03-03,-19.0,28.0,14011
2025-03-03,-4.0,14.0,14013
2025-03-05,-25.0,0.0,14016
2025-03-06,18.0,14.0,14006
2025-03-06,-5.0,14.0,14017
2025-03-07,-11.0,252.0,14007
2025-03-07,17.0,14.0,14014
2025-03-07,27.0,28.0,14015
2025-03-08,12.0,14.0,14009
2025-03-12,25.0,42.0,14023
2025-03-13,-14.0,112.0,14012
2025-03-14,5.0,14.0,14024
2025-03-15,11.0,14.0,14027
2025-03-16,-14.0,14.0,14029
2025-03-16,27.0,14.0,14032
2025-03-16,24.0,14.0,14033
2025-03-17,-16.0,14.0,14034
2025-03-19,-19.0,42.0,14018
2025-03-19,4.0,56.0,14019
2025-03-20,19.0,14.0,14020
2025-03-21,5.0,14.0,14022
2025-03-22,9.0,168.0,14025
2025-03-22,-20.0,42.0,14026
2025-03-22,-15.0,14.0,14038
2025-03-22,9.0,42.0,14039
2025-03-23,-6.0,140.0,14021
2025-03-23,17.0,112.0,14031
2025-03-23,19.0,14.0,14037
2025-03-23,-8.0,42.0,14040
2025-03-23,16.0,14.0,14041
2025-03-23,-12.0,14.0,14042
2025-03-25,-16.0,14.0,14028
2025-03-27,-15.0,14.0,14030
2025-03-27,8.0,420.0,14036
2025-03-28,16.0,28.0,14035
2025-03-28,-16.0,42.0,14045
2025-04-03,-15.0,14.0,14047
2025-04-05,18.0,70.0,14043
2025-04-06,-8.0,14.0,14051
2025-04-06,-21.0,14.0,14052
2025-04-06,-9.0,14.0,14053
2025-04-07,21.0,154.0,14044
2025-04-07,27.0,42.0,14050
2025-04-08,7.0,14.0,14057
2025-04-09,-31.0,14.0,14049
2025-04-10,7.0,154.0,14046
2025-04-10,11.0,14.0,14059
2025-04-12,-18.0,28.0,14048
2025-04-13,-15.0,126.0,14054
2025-04-15,7.0,1148.0,14055
2025-04-15,16.0,56.0,14058
2025-04-16,18.0,14.0,14061
2025-04-18,-5.0,56.0,14066
2025-04-19,-7.0,42.0,14056
2025-04-19,-2.0,70.0,14067
2025-04-22,8.0,28.0,14060
2025-04-22,-26.0,84.0,14068
2025-04-23,5.0,14.0,14063
2025-04-24,-13.0,14.0,14071
2025-04-24,-18.0,112.0,14072
2025-04-25,12.0,42.0,14073
2025-04-26,-11.0,14.0,14075
2025-04-26,-17.0,70.0,14077
2025-04-27,-1.0,28.0,14062
2025-04-27,-20.0,28.0,14074
2025-04-29,11.0,140.0,14064
2025-04-29,-7.0,14.0,14069
2025-04-30,-31.0,28.0,14065
2025-05-01,15.0,14.0,14078
2025-05-02,-12.0,14.0,14070
2025-05-05,-12.0,14.0,14080
2025-05-06,18.0,14.0,14083
2025-05-07,8.0,84.0,14076
2025-05-09,-20.0,56.0,14084
2025-05-12,8.0,196.0,14079
2025-05-12,7.0,28.0,14081
2025-05-14,7.0,84.0,14086
2025-05-15,3.0,14.0,14085
2025-05-16,-9.0,28.0,14082
2025-05-17,9.0,14.0,14088
2025-05-17,18.0,42.0,14089
2025-05-18,-13.0,28.0,14091
2025-05-21,-6.0,42.0,14093
2025-05-23,-13.0,28.0,14097
2025-05-24,-6.0,28.0,14095
2025-05-25,13.0,168.0,14087
2025-05-28,-13.0,14.0,14090
2025-05-28,-4.0,140.0,14098
2025-05-30,20.0,14.0,14094
2025-05-30,-22.0,14.0,14102
2025-05-30,-17.0,14.0,14103
2025-05-31,-13.0,168.0,14092
2025-05-31,6.0,112.0,14104
2025-06-03,6.0,42.0,14096
2025-06-06,4.0,14.0,14101
2025-06-07,-13.0,70.0,14099
2025-06-08,9.0,98.0,14100
2025-06-09,13.0,14.0,14106
2025-06-11,-9.0,14.0,14112
2025-06-12,-21.0,14.0,14108
2025-06-12,12.0,28.0,14113
2025-06-15,-15.0,126.0,14107
2025-06-16,-14.0,336.0,14105
2025-06-17,-17.0,28.0,14109
2025-06-17,5.0,112.0,14110
2025-06-22,17.0,42.0,14111
2025-06-23,-10.0,28.0,14116
2025-06-24,20.0,126.0,14114
2025-06-25,21.0,42.0,14115
2025-06-25,-25.0,7.0,14119
2025-06-28,-14.0,14.0,14124
2025-06-30,-14.0,84.0,14117
2025-06-30,-11.0,14.0,14121
2025-07-01,-13.0,14.0,14118
2025-07-01,6.0,70.0,14120
2025-07-01,-12.0,7.0,14130
2025-07-02,-18.0,28.0,14132
2025-07-03,7.0,42.0,14126
2025-07-03,-17.0,7.0,14133
2025-07-04,8.0,14.0,14131
2025-07-05,-28.0,28.0,14123
2025-07-07,12.0,70.0,14122
2025-07-09,-19.0,126.0,14127
2025-07-09,-5.0,14.0,14128
2025-07-09,4.0,14.0,14129
2025-07-10,23.0,28.0,14125
2025-07-11,-21.0,14.0,14134
2025-07-12,-15.0,42.0,14140
2025-07-15,19.0,42.0,14137
2025-07-15,-13.0,28.0,14141
2025-07-16,-15.0,42.0,14144
2025-07-17,29.0,70.0,14138
2025-07-17,6.0,28.0,14147
2025-07-19,-8.0,28.0,14135
2025-07-19,20.0,14.0,14146
2025-07-20,-24.0,14.0,14145
2025-07-21,21.0,140.0,14139
2025-07-22,19.0,294.0,14136
2025-07-22,-7.0,14.0,14148
2025-07-22,9.0,14.0,14152
2025-07-23,24.0,308.0,14143
2025-07-23,11.0,14.0,14151
2025-07-25,4.0,84.0,14142
2025-07-25,11.0,28.0,14156
2025-07-27,-15.0,28.0,14158
2025-07-27,-8.0,28.0,14159
2025-07-27,-8.0,28.0,14160
2025-07-29,17.0,14.0,14162
2025-07-29,24.0,14.0,14163
2025-07-30,-21.0,14.0,14164
2025-07-31,-15.0,42.0,14150
2025-08-01,16.0,98.0,14149
2025-08-02,-27.0,98.0,14153
2025-08-03,25.0,28.0,14166
2025-08-04,-15.0,84.0,14154
2025-08-04,-8.0,14.0,14155
2025-08-04,-21.0,14.0,14157
2025-08-07,11.0,350.0,14167
2025-08-09,-15.0,84.0,14161
2025-08-09,-16.0,112.0,14170
2025-08-09,12.0,28.0,14175
2025-08-09,26.0,28.0,14176
2025-08-09,5.0,28.0,14177
2025-08-11,-18.0,28.0,14173
2025-08-12,11.0,168.0,14165
2025-08-12,5.0,98.0,14168
2025-08-12,-11.0,70.0,14179
2025-08-13,-8.0,98.0,14174
2025-08-13,-4.0,70.0,14180
2025-08-14,8.0,42.0,14182
2025-08-15,9.0,154.0,14178
2025-08-16,-11.0,14.0,14181
2025-08-16,-2.0,14.0,14183
2025-08-16,-19.0,28.0,14184
2025-08-16,17.0,14.0,14185
2025-08-17,22.0,42.0,14169
2025-08-17,8.0,252.0,14172
2025-08-19,18.0,14.0,14171
2025-08-19,6.0,56.0,14186
2025-08-19,-9.0,56.0,14188
2025-08-20,7.0,14.0,14189
2025-08-21,18.0,14.0,14190
2025-08-23,-19.0,28.0,14187
2025-08-23,28.0,14.0,14192
2025-08-24,-17.0,28.0,14195
2025-08-25,-27.0,14.0,14193
2025-08-25,-11.0,14.0,14196
2025-08-26,10.0,28.0,14198
2025-08-28,3.0,14.0,14194
2025-08-28,12.0,84.0,14203
2025-08-28,3.0,14.0,14204
2025-08-29,18.0,56.0,14205
2025-09-03,11.0,364.0,14191
2025-09-03,-9.0,84.0,14200
2025-09-03,18.0,42.0,14208
2025-09-03,18.0,14.0,14209
2025-09-06,-18.0,392.0,14197
2025-09-07,5.0,112.0,14199
2025-09-07,-21.0,14.0,14201
2025-09-07,-15.0,70.0,14202
2025-09-10,9.0,14.0,14212
2025-09-11,8.0,42.0,14206
2025-09-12,28.0,112.0,14207
2025-09-13,5.0,14.0,14214
2025-09-13,24.0,14.0,14215
2025-09-15,-14.0,112.0,14211
2025-09-15,-14.0,126.0,14213
2025-09-16,14.0,84.0,14218
2025-09-17,13.0,14.0,14222
2025-09-17,-17.0,28.0,14223
2025-09-21,24.0,14.0,14219
2025-09-21,-11.0,42.0,14226
2025-09-21,-17.0,42.0,14227
2025-09-22,4.0,14.0,14228
2025-09-24,11.0,70.0,14216
2025-09-24,-11.0,84.0,14230
2025-09-25,-17.0,210.0,14220
2025-09-26,4.0,140.0,14221
2025-09-27,-18.0,98.0,14217
2025-09-27,-14.0,84.0,14224
2025-09-27,2.0,14.0,14232
2025-09-28,-4.0,42.0,14229
2025-09-28,-7.0,42.0,14231
2025-09-28,17.0,14.0,14233
2025-09-28,-23.0,14.0,14234
2025-09-28,30.0,14.0,14235
2025-09-29,11.0,42.0,14236
2025-09-30,8.0,168.0,14225
2025-09-30,16.0,14.0,14237
2025-09-30,-13.0,14.0,14238
2025-09-30,-9.0,63.0,14239
2026-01-01,-25.0,28.0,14331
2026-01-01,14.0,14.0,14332
2026-01-02,11.0,42.0,14317
2026-01-03,-15.0,112.0,14334
2026-01-04,-13.0,14.0,14328
2026-01-05,-22.0,14.0,14335
2026-01-08,-17.0,154.0,14323
2026-01-08,-9.0,168.0,14325
2026-01-09,25.0,168.0,14324
2026-01-09,-5.0,14.0,14338
2026-01-10,-11.0,14.0,14333
2026-01-12,28.0,42.0,14337
2026-01-12,-13.0,14.0,14339
2026-01-12,15.0,42.0,14340
2026-01-16,19.0,14.0,14344
2026-01-16,-15.0,28.0,14346
2026-01-17,-9.0,238.0,14336
2026-01-20,20.0,28.0,14350
2026-01-21,-2.0,14.0,14352
2026-01-23,-12.0,28.0,14343
2026-01-24,-17.0,28.0,14348
2026-01-25,-14.0,14.0,14355
2026-01-26,-11.0,14.0,14354
2026-01-27,-10.0,84.0,14341
2026-01-27,16.0,126.0,14342
2026-01-27,-17.0,112.0,14345
2026-01-28,-12.0,14.0,14356
2026-01-29,11.0,70.0,14347
2026-01-29,-15.0,42.0,14360
2026-01-29,19.0,14.0,14361
2026-01-30,-4.0,28.0,14351
2026-01-30,18.0,14.0,14353
2026-01-30,-17.0,42.0,14362
2026-01-30,-23.0,28.0,14363
2026-01-31,28.0,14.0,14365
2026-02-01,-14.0,56.0,14349
2026-02-02,-13.0,14.0,14357
2026-02-02,22.0,14.0,14359
2026-02-03,-18.0,42.0,14370
2026-02-03,-22.0,28.0,14371
2026-02-05,-23.0,14.0,14372
2026-02-08,17.0,14.0,14358
2026-02-11,14.0,1120.0,14366
2026-02-12,16.0,84.0,14375
2026-02-13,9.0,14.0,14367
2026-02-13,-9.0,70.0,14368
2026-02-14,-3.0,70.0,14369
2026-02-15,13.0,14.0,14376
2026-02-15,9.0,84.0,14377
2026-02-18,9.0,154.0,14373
2026-02-22,10.0,168.0,14374
2026-02-26,-16.0,56.0,14379
2026-02-27,-20.0,196.0,14380
2026-03-02,22.0,28.0,14382
2026-03-04,15.0,14.0,14383
2026-03-05,-8.0,14.0,14385
2026-03-08,17.0,14.0,14386
2026-03-09,9.0,70.0,14387
2026-03-10,17.0,168.0,14378
2026-03-11,13.0,84.0,14389
2026-03-12,9.0,112.0,14381
2026-03-12,26.0,28.0,14390
2026-03-12,14.0,56.0,14393
2026-03-14,-14.0,14.0,14388
2026-03-15,10.0,322.0,14384
2026-03-15,-12.0,14.0,14394
2026-03-15,-4.0,14.0,14395
2026-03-16,20.0,14.0,14396
2026-03-19,7.0,14.0,14391
2026-03-19,17.0,42.0,14397
2026-03-25,-17.0,126.0,14392
2026-03-28,-17.0,14.0,14398
2026-03-28,-12.0,70.0,14400
2026-03-29,17.0,56.0,14407
2026-04-03,25.0,98.0,14401
2026-04-03,18.0,14.0,14402
2026-04-03,10.0,70.0,14410
2026-04-04,-16.0,70.0,14399
2026-04-04,-5.0,14.0,14411
2026-04-06,15.0,14.0,14403
2026-04-08,13.0,70.0,14404
2026-04-08,10.0,14.0,14412
2026-04-08,12.0,42.0,14414
2026-04-09,-28.0,140.0,14405
2026-04-09,7.0,42.0,14406
2026-04-10,8.0,42.0,14408
2026-04-10,1.0,238.0,14409
2026-04-10,7.0,28.0,14413
2026-04-13,-8.0,42.0,14417
2026-04-14,-11.0,28.0,14418
2026-04-19,22.0,126.0,14416
2026-04-21,-18.0,84.0,14415
2026-04-22,-9.0,70.0,14421
2026-04-25,15.0,322.0,14419
2026-04-25,8.0,21.0,14422
2026-04-27,12.0,7.0,14426
2026-04-27,-30.0,14.0,14427
2026-05-02,16.0,84.0,14420
2026-05-03,-10.0,14.0,14423
2026-05-04,17.0,14.0,14430
2026-05-05,17.0,154.0,14424
2026-05-05,12.0,14.0,14434
2026-05-07,5.0,252.0,14425
2026-05-07,-23.0,196.0,14428
2026-05-07,-5.0,14.0,14429
2026-05-12,-16.0,84.0,14431
2026-05-13,14.0,910.0,14432
2026-05-15,-17.0,14.0,14433
2026-05-17,22.0,98.0,14435
2026-05-17,6.0,70.0,14439
2026-05-17,17.0,28.0,14440
2026-05-18,20.0,84.0,14438
2026-05-18,-16.0,28.0,14442
2026-05-22,18.0,140.0,14436
2026-05-24,7.0,28.0,14445
2026-05-25,8.0,196.0,14441
2026-05-26,-7.0,105.0,14448
2026-05-26,-10.0,112.0,14449
2026-05-26,10.0,14.0,14450
2026-05-26,-16.0,42.0,14451
2026-05-28,-15.0,14.0,14454
2026-05-29,-17.0,14.0,14443
2026-05-29,12.0,7.0,14453
2026-06-02,-17.0,84.0,14447
2026-06-02,10.0,14.0,14452
2026-06-02,14.0,14.0,14459
2026-06-03,-22.0,84.0,14444
2026-06-03,-20.0,98.0,14461
2026-06-03,17.0,98.0,14462
2026-06-05,-14.0,182.0,14446
2026-06-05,-22.0,126.0,14460
2026-06-06,-9.0,56.0,14457
2026-06-09,15.0,154.0,14455
2026-06-10,-6.0,84.0,14458
2026-06-11,18.0,84.0,14456
2026-06-13,6.0,28.0,14466
2026-06-15,10.0,28.0,14468
2026-06-16,-16.0,14.0,14469
2026-06-17,17.0,28.0,14463
2026-06-17,-14.0,84.0,14464
2026-06-17,7.0,56.0,14470
2026-06-20,-13.0,112.0,14472
2026-06-21,8.0,84.0,14465
2026-06-21,19.0,14.0,14471
2026-06-21,-8.0,378.0,14473
2026-06-24,3.0,28.0,14474
2026-06-24,-13.0,14.0,14477
2026-06-25,-6.0,490.0,14478
2026-06-29,8.0,14.0,14476
2026-07-02,-9.0,28.0,14475
2026-07-04,14.0,42.0,14481
2026-07-05,16.0,770.0,14479
2026-07-05,-18.0,70.0,14480
2026-07-05,-8.0,28.0,14482
